[2026-09-21 06:08:45] local.ERROR: View [Xin chao laravel 12] not found. {"exception":"[object] (InvalidArgumentException(code: 0): View [Xin chao laravel 12] not found. at D:\\1LuuDuLieuSV\\2001240399_TrinhHuuKienQuoc\\phplab\\buoi6\\Lab01_Framework\\vendor\\laravel\\framework\\src\\Illuminate\\View\\FileViewFinder.php:137)
[stacktrace]
#0 D:\\1LuuDuLieuSV\\2001240399_TrinhHuuKienQuoc\\phplab\\buoi6\\Lab01_Framework\\vendor\\laravel\\framework\\src\\Illuminate\\View\\FileViewFinder.php(79): Illuminate\\View\\FileViewFinder->findInPaths('Xin chao larave...', Array)
#1 D:\\1LuuDuLieuSV\\2001240399_TrinhHuuKienQuoc\\phplab\\buoi6\\Lab01_Framework\\vendor\\laravel\\framework\\src\\Illuminate\\View\\Factory.php(138): Illuminate\\View\\FileViewFinder->find('Xin chao larave...')
#2 D:\\1LuuDuLieuSV\\2001240399_TrinhHuuKienQuoc\\phplab\\buoi6\\Lab01_Framework\\vendor\\laravel\\framework\\src\\Illuminate\\Foundation\\helpers.php(932): Illuminate\\View\\Factory->make('Xin chao larave...', Array, Array)
#3 D:\\1LuuDuLieuSV\\2001240399_TrinhHuuKienQuoc\\phplab\\buoi6\\Lab01_Framework\\routes\\web.php(21): view('Xin chao larave...')
#4 D:\\1LuuDuLieuSV\\2001240399_TrinhHuuKienQuoc\\phplab\\buoi6\\Lab01_Framework\\vendor\\laravel\\framework\\src\\Illuminate\\Routing\\Route.php(238): Illuminate\\Routing\\RouteFileRegistrar->{closure}()
#5 D:\\1LuuDuLieuSV\\2001240399_TrinhHuuKienQuoc\\phplab\\buoi6\\Lab01_Framework\\vendor\\laravel\\framework\\src\\Illuminate\\Routing\\Route.php(208): Illuminate\\Routing\\Route->runCallable()
#6 D:\\1LuuDuLieuSV\\2001240399_TrinhHuuKienQuoc\\phplab\\buoi6\\Lab01_Framework\\vendor\\laravel\\framework\\src\\Illuminate\\Routing\\Router.php(721): Illuminate\\Routing\\Route->run()
#7 D:\\1LuuDuLieuSV\\2001240399_TrinhHuuKienQuoc\\phplab\\buoi6\\Lab01_Framework\\vendor\\laravel\\framework\\src\\Illuminate\\Pipeline\\Pipeline.php(128): Illuminate\\Routing\\Router->Illuminate\\Routing\\{closure}(Object(Illuminate\\Http\\Request))
#8 D:\\1LuuDuLieuSV\\2001240399_TrinhHuuKienQuoc\\phplab\\buoi6\\Lab01_Framework\\vendor\\laravel\\framework\\src\\Illuminate\\Routing\\Middleware\\SubstituteBindings.php(50): Illuminate\\Pipeline\\Pipeline->Illuminate\\Pipeline\\{closure}(Object(Illuminate\\Http\\Request))
#9 D:\\1LuuDuLieuSV\\2001240399_TrinhHuuKienQuoc\\phplab\\buoi6\\Lab01_Framework\\vendor\\laravel\\framework\\src\\Illuminate\\Pipeline\\Pipeline.php(167): Illuminate\\Routing\\Middleware\\SubstituteBindings->handle(Object(Illuminate\\Http\\Request), Object(Closure))
#10 D:\\1LuuDuLieuSV\\2001240399_TrinhHuuKienQuoc\\phplab\\buoi6\\Lab01_Framework\\vendor\\laravel\\framework\\src\\Illuminate\\Foundation\\Http\\Middleware\\VerifyCsrfToken.php(78): Illuminate\\Pipeline\\Pipeline->Illuminate\\Pipeline\\{closure}(Object(Illuminate\\Http\\Request))
#11 D:\\1LuuDuLieuSV\\2001240399_TrinhHuuKienQuoc\\phplab\\buoi6\\Lab01_Framework\\vendor\\laravel\\framework\\src\\Illuminate\\Pipeline\\Pipeline.php(167): Illuminate\\Foundation\\Http\\Middleware\\VerifyCsrfToken->handle(Object(Illuminate\\Http\\Request), Object(Closure))
#12 D:\\1LuuDuLieuSV\\2001240399_TrinhHuuKienQuoc\\phplab\\buoi6\\Lab01_Framework\\vendor\\laravel\\framework\\src\\Illuminate\\View\\Middleware\\ShareErrorsFromSession.php(49): Illuminate\\Pipeline\\Pipeline->Illuminate\\Pipeline\\{closure}(Object(Illuminate\\Http\\Request))
#13 D:\\1LuuDuLieuSV\\2001240399_TrinhHuuKienQuoc\\phplab\\buoi6\\Lab01_Framework\\vendor\\laravel\\framework\\src\\Illuminate\\Pipeline\\Pipeline.php(167): Illuminate\\View\\Middleware\\ShareErrorsFromSession->handle(Object(Illuminate\\Http\\Request), Object(Closure))
#14 D:\\1LuuDuLieuSV\\2001240399_TrinhHuuKienQuoc\\phplab\\buoi6\\Lab01_Framework\\vendor\\laravel\\framework\\src\\Illuminate\\Session\\Middleware\\StartSession.php(121): Illuminate\\Pipeline\\Pipeline->Illuminate\\Pipeline\\{closure}(Object(Illuminate\\Http\\Request))
#15 D:\\1LuuDuLieuSV\\2001240399_TrinhHuuKienQuoc\\phplab\\buoi6\\Lab01_Framework\\vendor\\laravel\\framework\\src\\Illuminate\\Session\\Middleware\\StartSession.php(64): Illuminate\\Session\\Middleware\\StartSession->handleStatefulRequest(Object(Illuminate\\Http\\Request), Object(Illuminate\\Session\\Store), Object(Closure))
#16 D:\\1LuuDuLieuSV\\2001240399_TrinhHuuKienQuoc\\phplab\\buoi6\\Lab01_Framework\\vendor\\laravel\\framework\\src\\Illuminate\\Pipeline\\Pipeline.php(167): Illuminate\\Session\\Middleware\\StartSession->handle(Object(Illuminate\\Http\\Request), Object(Closure))
#17 D:\\1LuuDuLieuSV\\2001240399_TrinhHuuKienQuoc\\phplab\\buoi6\\Lab01_Framework\\vendor\\laravel\\framework\\src\\Illuminate\\Cookie\\Middleware\\AddQueuedCookiesToResponse.php(37): Illuminate\\Pipeline\\Pipeline->Illuminate\\Pipeline\\{closure}(Object(Illuminate\\Http\\Request))
#18 D:\\1LuuDuLieuSV\\2001240399_TrinhHuuKienQuoc\\phplab\\buoi6\\Lab01_Framework\\vendor\\laravel\\framework\\src\\Illuminate\\Pipeline\\Pipeline.php(167): Illuminate\\Cookie\\Middleware\\AddQueuedCookiesToResponse->handle(Object(Illuminate\\Http\\Request), Object(Closure))
#19 D:\\1LuuDuLieuSV\\2001240399_TrinhHuuKienQuoc\\phplab\\buoi6\\Lab01_Framework\\vendor\\laravel\\framework\\src\\Illuminate\\Cookie\\Middleware\\EncryptCookies.php(67): Illuminate\\Pipeline\\Pipeline->Illuminate\\Pipeline\\{closure}(Object(Illuminate\\Http\\Request))
#20 D:\\1LuuDuLieuSV\\2001240399_TrinhHuuKienQuoc\\phplab\\buoi6\\Lab01_Framework\\vendor\\laravel\\framework\\src\\Illuminate\\Pipeline\\Pipeline.php(167): Illuminate\\Cookie\\Middleware\\EncryptCookies->handle(Object(Illuminate\\Http\\Request), Object(Closure))
#21 D:\\1LuuDuLieuSV\\2001240399_TrinhHuuKienQuoc\\phplab\\buoi6\\Lab01_Framework\\vendor\\laravel\\framework\\src\\Illuminate\\Pipeline\\Pipeline.php(103): Illuminate\\Pipeline\\Pipeline->Illuminate\\Pipeline\\{closure}(Object(Illuminate\\Http\\Request))
#22 D:\\1LuuDuLieuSV\\2001240399_TrinhHuuKienQuoc\\phplab\\buoi6\\Lab01_Framework\\vendor\\laravel\\framework\\src\\Illuminate\\Routing\\Router.php(723): Illuminate\\Pipeline\\Pipeline->then(Object(Closure))
#23 D:\\1LuuDuLieuSV\\2001240399_TrinhHuuKienQuoc\\phplab\\buoi6\\Lab01_Framework\\vendor\\laravel\\framework\\src\\Illuminate\\Routing\\Router.php(698): Illuminate\\Routing\\Router->runRouteWithinStack(Object(Illuminate\\Routing\\Route), Object(Illuminate\\Http\\Request))
#24 D:\\1LuuDuLieuSV\\2001240399_TrinhHuuKienQuoc\\phplab\\buoi6\\Lab01_Framework\\vendor\\laravel\\framework\\src\\Illuminate\\Routing\\Router.php(662): Illuminate\\Routing\\Router->runRoute(Object(Illuminate\\Http\\Request), Object(Illuminate\\Routing\\Route))
#25 D:\\1LuuDuLieuSV\\2001240399_TrinhHuuKienQuoc\\phplab\\buoi6\\Lab01_Framework\\vendor\\laravel\\framework\\src\\Illuminate\\Routing\\Router.php(651): Illuminate\\Routing\\Router->dispatchToRoute(Object(Illuminate\\Http\\Request))
#26 D:\\1LuuDuLieuSV\\2001240399_TrinhHuuKienQuoc\\phplab\\buoi6\\Lab01_Framework\\vendor\\laravel\\framework\\src\\Illuminate\\Foundation\\Http\\Kernel.php(167): Illuminate\\Routing\\Router->dispatch(Object(Illuminate\\Http\\Request))
#27 D:\\1LuuDuLieuSV\\2001240399_TrinhHuuKienQuoc\\phplab\\buoi6\\Lab01_Framework\\vendor\\laravel\\framework\\src\\Illuminate\\Pipeline\\Pipeline.php(128): Illuminate\\Foundation\\Http\\Kernel->Illuminate\\Foundation\\Http\\{closure}(Object(Illuminate\\Http\\Request))
#28 D:\\1LuuDuLieuSV\\2001240399_TrinhHuuKienQuoc\\phplab\\buoi6\\Lab01_Framework\\vendor\\laravel\\framework\\src\\Illuminate\\Foundation\\Http\\Middleware\\TransformsRequest.php(21): Illuminate\\Pipeline\\Pipeline->Illuminate\\Pipeline\\{closure}(Object(Illuminate\\Http\\Request))
#29 D:\\1LuuDuLieuSV\\2001240399_TrinhHuuKienQuoc\\phplab\\buoi6\\Lab01_Framework\\vendor\\laravel\\framework\\src\\Illuminate\\Foundation\\Http\\Middleware\\ConvertEmptyStringsToNull.php(31): Illuminate\\Foundation\\Http\\Middleware\\TransformsRequest->handle(Object(Illuminate\\Http\\Request), Object(Closure))
#30 D:\\1LuuDuLieuSV\\2001240399_TrinhHuuKienQuoc\\phplab\\buoi6\\Lab01_Framework\\vendor\\laravel\\framework\\src\\Illuminate\\Pipeline\\Pipeline.php(167): Illuminate\\Foundation\\Http\\Middleware\\ConvertEmptyStringsToNull->handle(Object(Illuminate\\Http\\Request), Object(Closure))
#31 D:\\1LuuDuLieuSV\\2001240399_TrinhHuuKienQuoc\\phplab\\buoi6\\Lab01_Framework\\vendor\\laravel\\framework\\src\\Illuminate\\Foundation\\Http\\Middleware\\TransformsRequest.php(21): Illuminate\\Pipeline\\Pipeline->Illuminate\\Pipeline\\{closure}(Object(Illuminate\\Http\\Request))
#32 D:\\1LuuDuLieuSV\\2001240399_TrinhHuuKienQuoc\\phplab\\buoi6\\Lab01_Framework\\vendor\\laravel\\framework\\src\\Illuminate\\Foundation\\Http\\Middleware\\TrimStrings.php(40): Illuminate\\Foundation\\Http\\Middleware\\TransformsRequest->handle(Object(Illuminate\\Http\\Request), Object(Closure))
#33 D:\\1LuuDuLieuSV\\2001240399_TrinhHuuKienQuoc\\phplab\\buoi6\\Lab01_Framework\\vendor\\laravel\\framework\\src\\Illuminate\\Pipeline\\Pipeline.php(167): Illuminate\\Foundation\\Http\\Middleware\\TrimStrings->handle(Object(Illuminate\\Http\\Request), Object(Closure))
#34 D:\\1LuuDuLieuSV\\2001240399_TrinhHuuKienQuoc\\phplab\\buoi6\\Lab01_Framework\\vendor\\laravel\\framework\\src\\Illuminate\\Foundation\\Http\\Middleware\\ValidatePostSize.php(27): Illuminate\\Pipeline\\Pipeline->Illuminate\\Pipeline\\{closure}(Object(Illuminate\\Http\\Request))
#35 D:\\1LuuDuLieuSV\\2001240399_TrinhHuuKienQuoc\\phplab\\buoi6\\Lab01_Framework\\vendor\\laravel\\framework\\src\\Illuminate\\Pipeline\\Pipeline.php(167): Illuminate\\Foundation\\Http\\Middleware\\ValidatePostSize->handle(Object(Illuminate\\Http\\Request), Object(Closure))
#36 D:\\1LuuDuLieuSV\\2001240399_TrinhHuuKienQuoc\\phplab\\buoi6\\Lab01_Framework\\vendor\\laravel\\framework\\src\\Illuminate\\Foundation\\Http\\Middleware\\PreventRequestsDuringMaintenance.php(86): Illuminate\\Pipeline\\Pipeline->Illuminate\\Pipeline\\{closure}(Object(Illuminate\\Http\\Request))
#37 D:\\1LuuDuLieuSV\\2001240399_TrinhHuuKienQuoc\\phplab\\buoi6\\Lab01_Framework\\vendor\\laravel\\framework\\src\\Illuminate\\Pipeline\\Pipeline.php(167): Illuminate\\Foundation\\Http\\Middleware\\PreventRequestsDuringMaintenance->handle(Object(Illuminate\\Http\\Request), Object(Closure))
#38 D:\\1LuuDuLieuSV\\2001240399_TrinhHuuKienQuoc\\phplab\\buoi6\\Lab01_Framework\\vendor\\fruitcake\\laravel-cors\\src\\HandleCors.php(38): Illuminate\\Pipeline\\Pipeline->Illuminate\\Pipeline\\{closure}(Object(Illuminate\\Http\\Request))
#39 D:\\1LuuDuLieuSV\\2001240399_TrinhHuuKienQuoc\\phplab\\buoi6\\Lab01_Framework\\vendor\\laravel\\framework\\src\\Illuminate\\Pipeline\\Pipeline.php(167): Fruitcake\\Cors\\HandleCors->handle(Object(Illuminate\\Http\\Request), Object(Closure))
#40 D:\\1LuuDuLieuSV\\2001240399_TrinhHuuKienQuoc\\phplab\\buoi6\\Lab01_Framework\\vendor\\laravel\\framework\\src\\Illuminate\\Http\\Middleware\\TrustProxies.php(39): Illuminate\\Pipeline\\Pipeline->Illuminate\\Pipeline\\{closure}(Object(Illuminate\\Http\\Request))
#41 D:\\1LuuDuLieuSV\\2001240399_TrinhHuuKienQuoc\\phplab\\buoi6\\Lab01_Framework\\vendor\\laravel\\framework\\src\\Illuminate\\Pipeline\\Pipeline.php(167): Illuminate\\Http\\Middleware\\TrustProxies->handle(Object(Illuminate\\Http\\Request), Object(Closure))
#42 D:\\1LuuDuLieuSV\\2001240399_TrinhHuuKienQuoc\\phplab\\buoi6\\Lab01_Framework\\vendor\\laravel\\framework\\src\\Illuminate\\Pipeline\\Pipeline.php(103): Illuminate\\Pipeline\\Pipeline->Illuminate\\Pipeline\\{closure}(Object(Illuminate\\Http\\Request))
#43 D:\\1LuuDuLieuSV\\2001240399_TrinhHuuKienQuoc\\phplab\\buoi6\\Lab01_Framework\\vendor\\laravel\\framework\\src\\Illuminate\\Foundation\\Http\\Kernel.php(142): Illuminate\\Pipeline\\Pipeline->then(Object(Closure))
#44 D:\\1LuuDuLieuSV\\2001240399_TrinhHuuKienQuoc\\phplab\\buoi6\\Lab01_Framework\\vendor\\laravel\\framework\\src\\Illuminate\\Foundation\\Http\\Kernel.php(111): Illuminate\\Foundation\\Http\\Kernel->sendRequestThroughRouter(Object(Illuminate\\Http\\Request))
#45 D:\\1LuuDuLieuSV\\2001240399_TrinhHuuKienQuoc\\phplab\\buoi6\\Lab01_Framework\\public\\index.php(52): Illuminate\\Foundation\\Http\\Kernel->handle(Object(Illuminate\\Http\\Request))
#46 D:\\1LuuDuLieuSV\\2001240399_TrinhHuuKienQuoc\\phplab\\buoi6\\Lab01_Framework\\server.php(21): require_once('D:\\\\1LuuDuLieuSV...')
#47 {main}
"} 
[2026-09-21 06:09:12] local.ERROR: View [Xin chao laravel 12] not found. {"exception":"[object] (InvalidArgumentException(code: 0): View [Xin chao laravel 12] not found. at D:\\1LuuDuLieuSV\\2001240399_TrinhHuuKienQuoc\\phplab\\buoi6\\Lab01_Framework\\vendor\\laravel\\framework\\src\\Illuminate\\View\\FileViewFinder.php:137)
[stacktrace]
#0 D:\\1LuuDuLieuSV\\2001240399_TrinhHuuKienQuoc\\phplab\\buoi6\\Lab01_Framework\\vendor\\laravel\\framework\\src\\Illuminate\\View\\FileViewFinder.php(79): Illuminate\\View\\FileViewFinder->findInPaths('Xin chao larave...', Array)
#1 D:\\1LuuDuLieuSV\\2001240399_TrinhHuuKienQuoc\\phplab\\buoi6\\Lab01_Framework\\vendor\\laravel\\framework\\src\\Illuminate\\View\\Factory.php(138): Illuminate\\View\\FileViewFinder->find('Xin chao larave...')
#2 D:\\1LuuDuLieuSV\\2001240399_TrinhHuuKienQuoc\\phplab\\buoi6\\Lab01_Framework\\vendor\\laravel\\framework\\src\\Illuminate\\Foundation\\helpers.php(932): Illuminate\\View\\Factory->make('Xin chao larave...', Array, Array)
#3 D:\\1LuuDuLieuSV\\2001240399_TrinhHuuKienQuoc\\phplab\\buoi6\\Lab01_Framework\\routes\\web.php(21): view('Xin chao larave...')
#4 D:\\1LuuDuLieuSV\\2001240399_TrinhHuuKienQuoc\\phplab\\buoi6\\Lab01_Framework\\vendor\\laravel\\framework\\src\\Illuminate\\Routing\\Route.php(238): Illuminate\\Routing\\RouteFileRegistrar->{closure}()
#5 D:\\1LuuDuLieuSV\\2001240399_TrinhHuuKienQuoc\\phplab\\buoi6\\Lab01_Framework\\vendor\\laravel\\framework\\src\\Illuminate\\Routing\\Route.php(208): Illuminate\\Routing\\Route->runCallable()
#6 D:\\1LuuDuLieuSV\\2001240399_TrinhHuuKienQuoc\\phplab\\buoi6\\Lab01_Framework\\vendor\\laravel\\framework\\src\\Illuminate\\Routing\\Router.php(721): Illuminate\\Routing\\Route->run()
#7 D:\\1LuuDuLieuSV\\2001240399_TrinhHuuKienQuoc\\phplab\\buoi6\\Lab01_Framework\\vendor\\laravel\\framework\\src\\Illuminate\\Pipeline\\Pipeline.php(128): Illuminate\\Routing\\Router->Illuminate\\Routing\\{closure}(Object(Illuminate\\Http\\Request))
#8 D:\\1LuuDuLieuSV\\2001240399_TrinhHuuKienQuoc\\phplab\\buoi6\\Lab01_Framework\\vendor\\laravel\\framework\\src\\Illuminate\\Routing\\Middleware\\SubstituteBindings.php(50): Illuminate\\Pipeline\\Pipeline->Illuminate\\Pipeline\\{closure}(Object(Illuminate\\Http\\Request))
#9 D:\\1LuuDuLieuSV\\2001240399_TrinhHuuKienQuoc\\phplab\\buoi6\\Lab01_Framework\\vendor\\laravel\\framework\\src\\Illuminate\\Pipeline\\Pipeline.php(167): Illuminate\\Routing\\Middleware\\SubstituteBindings->handle(Object(Illuminate\\Http\\Request), Object(Closure))
#10 D:\\1LuuDuLieuSV\\2001240399_TrinhHuuKienQuoc\\phplab\\buoi6\\Lab01_Framework\\vendor\\laravel\\framework\\src\\Illuminate\\Foundation\\Http\\Middleware\\VerifyCsrfToken.php(78): Illuminate\\Pipeline\\Pipeline->Illuminate\\Pipeline\\{closure}(Object(Illuminate\\Http\\Request))
#11 D:\\1LuuDuLieuSV\\2001240399_TrinhHuuKienQuoc\\phplab\\buoi6\\Lab01_Framework\\vendor\\laravel\\framework\\src\\Illuminate\\Pipeline\\Pipeline.php(167): Illuminate\\Foundation\\Http\\Middleware\\VerifyCsrfToken->handle(Object(Illuminate\\Http\\Request), Object(Closure))
#12 D:\\1LuuDuLieuSV\\2001240399_TrinhHuuKienQuoc\\phplab\\buoi6\\Lab01_Framework\\vendor\\laravel\\framework\\src\\Illuminate\\View\\Middleware\\ShareErrorsFromSession.php(49): Illuminate\\Pipeline\\Pipeline->Illuminate\\Pipeline\\{closure}(Object(Illuminate\\Http\\Request))
#13 D:\\1LuuDuLieuSV\\2001240399_TrinhHuuKienQuoc\\phplab\\buoi6\\Lab01_Framework\\vendor\\laravel\\framework\\src\\Illuminate\\Pipeline\\Pipeline.php(167): Illuminate\\View\\Middleware\\ShareErrorsFromSession->handle(Object(Illuminate\\Http\\Request), Object(Closure))
#14 D:\\1LuuDuLieuSV\\2001240399_TrinhHuuKienQuoc\\phplab\\buoi6\\Lab01_Framework\\vendor\\laravel\\framework\\src\\Illuminate\\Session\\Middleware\\StartSession.php(121): Illuminate\\Pipeline\\Pipeline->Illuminate\\Pipeline\\{closure}(Object(Illuminate\\Http\\Request))
#15 D:\\1LuuDuLieuSV\\2001240399_TrinhHuuKienQuoc\\phplab\\buoi6\\Lab01_Framework\\vendor\\laravel\\framework\\src\\Illuminate\\Session\\Middleware\\StartSession.php(64): Illuminate\\Session\\Middleware\\StartSession->handleStatefulRequest(Object(Illuminate\\Http\\Request), Object(Illuminate\\Session\\Store), Object(Closure))
#16 D:\\1LuuDuLieuSV\\2001240399_TrinhHuuKienQuoc\\phplab\\buoi6\\Lab01_Framework\\vendor\\laravel\\framework\\src\\Illuminate\\Pipeline\\Pipeline.php(167): Illuminate\\Session\\Middleware\\StartSession->handle(Object(Illuminate\\Http\\Request), Object(Closure))
#17 D:\\1LuuDuLieuSV\\2001240399_TrinhHuuKienQuoc\\phplab\\buoi6\\Lab01_Framework\\vendor\\laravel\\framework\\src\\Illuminate\\Cookie\\Middleware\\AddQueuedCookiesToResponse.php(37): Illuminate\\Pipeline\\Pipeline->Illuminate\\Pipeline\\{closure}(Object(Illuminate\\Http\\Request))
#18 D:\\1LuuDuLieuSV\\2001240399_TrinhHuuKienQuoc\\phplab\\buoi6\\Lab01_Framework\\vendor\\laravel\\framework\\src\\Illuminate\\Pipeline\\Pipeline.php(167): Illuminate\\Cookie\\Middleware\\AddQueuedCookiesToResponse->handle(Object(Illuminate\\Http\\Request), Object(Closure))
#19 D:\\1LuuDuLieuSV\\2001240399_TrinhHuuKienQuoc\\phplab\\buoi6\\Lab01_Framework\\vendor\\laravel\\framework\\src\\Illuminate\\Cookie\\Middleware\\EncryptCookies.php(67): Illuminate\\Pipeline\\Pipeline->Illuminate\\Pipeline\\{closure}(Object(Illuminate\\Http\\Request))
#20 D:\\1LuuDuLieuSV\\2001240399_TrinhHuuKienQuoc\\phplab\\buoi6\\Lab01_Framework\\vendor\\laravel\\framework\\src\\Illuminate\\Pipeline\\Pipeline.php(167): Illuminate\\Cookie\\Middleware\\EncryptCookies->handle(Object(Illuminate\\Http\\Request), Object(Closure))
#21 D:\\1LuuDuLieuSV\\2001240399_TrinhHuuKienQuoc\\phplab\\buoi6\\Lab01_Framework\\vendor\\laravel\\framework\\src\\Illuminate\\Pipeline\\Pipeline.php(103): Illuminate\\Pipeline\\Pipeline->Illuminate\\Pipeline\\{closure}(Object(Illuminate\\Http\\Request))
#22 D:\\1LuuDuLieuSV\\2001240399_TrinhHuuKienQuoc\\phplab\\buoi6\\Lab01_Framework\\vendor\\laravel\\framework\\src\\Illuminate\\Routing\\Router.php(723): Illuminate\\Pipeline\\Pipeline->then(Object(Closure))
#23 D:\\1LuuDuLieuSV\\2001240399_TrinhHuuKienQuoc\\phplab\\buoi6\\Lab01_Framework\\vendor\\laravel\\framework\\src\\Illuminate\\Routing\\Router.php(698): Illuminate\\Routing\\Router->runRouteWithinStack(Object(Illuminate\\Routing\\Route), Object(Illuminate\\Http\\Request))
#24 D:\\1LuuDuLieuSV\\2001240399_TrinhHuuKienQuoc\\phplab\\buoi6\\Lab01_Framework\\vendor\\laravel\\framework\\src\\Illuminate\\Routing\\Router.php(662): Illuminate\\Routing\\Router->runRoute(Object(Illuminate\\Http\\Request), Object(Illuminate\\Routing\\Route))
#25 D:\\1LuuDuLieuSV\\2001240399_TrinhHuuKienQuoc\\phplab\\buoi6\\Lab01_Framework\\vendor\\laravel\\framework\\src\\Illuminate\\Routing\\Router.php(651): Illuminate\\Routing\\Router->dispatchToRoute(Object(Illuminate\\Http\\Request))
#26 D:\\1LuuDuLieuSV\\2001240399_TrinhHuuKienQuoc\\phplab\\buoi6\\Lab01_Framework\\vendor\\laravel\\framework\\src\\Illuminate\\Foundation\\Http\\Kernel.php(167): Illuminate\\Routing\\Router->dispatch(Object(Illuminate\\Http\\Request))
#27 D:\\1LuuDuLieuSV\\2001240399_TrinhHuuKienQuoc\\phplab\\buoi6\\Lab01_Framework\\vendor\\laravel\\framework\\src\\Illuminate\\Pipeline\\Pipeline.php(128): Illuminate\\Foundation\\Http\\Kernel->Illuminate\\Foundation\\Http\\{closure}(Object(Illuminate\\Http\\Request))
#28 D:\\1LuuDuLieuSV\\2001240399_TrinhHuuKienQuoc\\phplab\\buoi6\\Lab01_Framework\\vendor\\laravel\\framework\\src\\Illuminate\\Foundation\\Http\\Middleware\\TransformsRequest.php(21): Illuminate\\Pipeline\\Pipeline->Illuminate\\Pipeline\\{closure}(Object(Illuminate\\Http\\Request))
#29 D:\\1LuuDuLieuSV\\2001240399_TrinhHuuKienQuoc\\phplab\\buoi6\\Lab01_Framework\\vendor\\laravel\\framework\\src\\Illuminate\\Foundation\\Http\\Middleware\\ConvertEmptyStringsToNull.php(31): Illuminate\\Foundation\\Http\\Middleware\\TransformsRequest->handle(Object(Illuminate\\Http\\Request), Object(Closure))
#30 D:\\1LuuDuLieuSV\\2001240399_TrinhHuuKienQuoc\\phplab\\buoi6\\Lab01_Framework\\vendor\\laravel\\framework\\src\\Illuminate\\Pipeline\\Pipeline.php(167): Illuminate\\Foundation\\Http\\Middleware\\ConvertEmptyStringsToNull->handle(Object(Illuminate\\Http\\Request), Object(Closure))
#31 D:\\1LuuDuLieuSV\\2001240399_TrinhHuuKienQuoc\\phplab\\buoi6\\Lab01_Framework\\vendor\\laravel\\framework\\src\\Illuminate\\Foundation\\Http\\Middleware\\TransformsRequest.php(21): Illuminate\\Pipeline\\Pipeline->Illuminate\\Pipeline\\{closure}(Object(Illuminate\\Http\\Request))
#32 D:\\1LuuDuLieuSV\\2001240399_TrinhHuuKienQuoc\\phplab\\buoi6\\Lab01_Framework\\vendor\\laravel\\framework\\src\\Illuminate\\Foundation\\Http\\Middleware\\TrimStrings.php(40): Illuminate\\Foundation\\Http\\Middleware\\TransformsRequest->handle(Object(Illuminate\\Http\\Request), Object(Closure))
#33 D:\\1LuuDuLieuSV\\2001240399_TrinhHuuKienQuoc\\phplab\\buoi6\\Lab01_Framework\\vendor\\laravel\\framework\\src\\Illuminate\\Pipeline\\Pipeline.php(167): Illuminate\\Foundation\\Http\\Middleware\\TrimStrings->handle(Object(Illuminate\\Http\\Request), Object(Closure))
#34 D:\\1LuuDuLieuSV\\2001240399_TrinhHuuKienQuoc\\phplab\\buoi6\\Lab01_Framework\\vendor\\laravel\\framework\\src\\Illuminate\\Foundation\\Http\\Middleware\\ValidatePostSize.php(27): Illuminate\\Pipeline\\Pipeline->Illuminate\\Pipeline\\{closure}(Object(Illuminate\\Http\\Request))
#35 D:\\1LuuDuLieuSV\\2001240399_TrinhHuuKienQuoc\\phplab\\buoi6\\Lab01_Framework\\vendor\\laravel\\framework\\src\\Illuminate\\Pipeline\\Pipeline.php(167): Illuminate\\Foundation\\Http\\Middleware\\ValidatePostSize->handle(Object(Illuminate\\Http\\Request), Object(Closure))
#36 D:\\1LuuDuLieuSV\\2001240399_TrinhHuuKienQuoc\\phplab\\buoi6\\Lab01_Framework\\vendor\\laravel\\framework\\src\\Illuminate\\Foundation\\Http\\Middleware\\PreventRequestsDuringMaintenance.php(86): Illuminate\\Pipeline\\Pipeline->Illuminate\\Pipeline\\{closure}(Object(Illuminate\\Http\\Request))
#37 D:\\1LuuDuLieuSV\\2001240399_TrinhHuuKienQuoc\\phplab\\buoi6\\Lab01_Framework\\vendor\\laravel\\framework\\src\\Illuminate\\Pipeline\\Pipeline.php(167): Illuminate\\Foundation\\Http\\Middleware\\PreventRequestsDuringMaintenance->handle(Object(Illuminate\\Http\\Request), Object(Closure))
#38 D:\\1LuuDuLieuSV\\2001240399_TrinhHuuKienQuoc\\phplab\\buoi6\\Lab01_Framework\\vendor\\fruitcake\\laravel-cors\\src\\HandleCors.php(38): Illuminate\\Pipeline\\Pipeline->Illuminate\\Pipeline\\{closure}(Object(Illuminate\\Http\\Request))
#39 D:\\1LuuDuLieuSV\\2001240399_TrinhHuuKienQuoc\\phplab\\buoi6\\Lab01_Framework\\vendor\\laravel\\framework\\src\\Illuminate\\Pipeline\\Pipeline.php(167): Fruitcake\\Cors\\HandleCors->handle(Object(Illuminate\\Http\\Request), Object(Closure))
#40 D:\\1LuuDuLieuSV\\2001240399_TrinhHuuKienQuoc\\phplab\\buoi6\\Lab01_Framework\\vendor\\laravel\\framework\\src\\Illuminate\\Http\\Middleware\\TrustProxies.php(39): Illuminate\\Pipeline\\Pipeline->Illuminate\\Pipeline\\{closure}(Object(Illuminate\\Http\\Request))
#41 D:\\1LuuDuLieuSV\\2001240399_TrinhHuuKienQuoc\\phplab\\buoi6\\Lab01_Framework\\vendor\\laravel\\framework\\src\\Illuminate\\Pipeline\\Pipeline.php(167): Illuminate\\Http\\Middleware\\TrustProxies->handle(Object(Illuminate\\Http\\Request), Object(Closure))
#42 D:\\1LuuDuLieuSV\\2001240399_TrinhHuuKienQuoc\\phplab\\buoi6\\Lab01_Framework\\vendor\\laravel\\framework\\src\\Illuminate\\Pipeline\\Pipeline.php(103): Illuminate\\Pipeline\\Pipeline->Illuminate\\Pipeline\\{closure}(Object(Illuminate\\Http\\Request))
#43 D:\\1LuuDuLieuSV\\2001240399_TrinhHuuKienQuoc\\phplab\\buoi6\\Lab01_Framework\\vendor\\laravel\\framework\\src\\Illuminate\\Foundation\\Http\\Kernel.php(142): Illuminate\\Pipeline\\Pipeline->then(Object(Closure))
#44 D:\\1LuuDuLieuSV\\2001240399_TrinhHuuKienQuoc\\phplab\\buoi6\\Lab01_Framework\\vendor\\laravel\\framework\\src\\Illuminate\\Foundation\\Http\\Kernel.php(111): Illuminate\\Foundation\\Http\\Kernel->sendRequestThroughRouter(Object(Illuminate\\Http\\Request))
#45 D:\\1LuuDuLieuSV\\2001240399_TrinhHuuKienQuoc\\phplab\\buoi6\\Lab01_Framework\\public\\index.php(52): Illuminate\\Foundation\\Http\\Kernel->handle(Object(Illuminate\\Http\\Request))
#46 D:\\1LuuDuLieuSV\\2001240399_TrinhHuuKienQuoc\\phplab\\buoi6\\Lab01_Framework\\server.php(21): require_once('D:\\\\1LuuDuLieuSV...')
#47 {main}
"} 
[2026-09-21 07:01:16] local.ERROR: View [artocles.create] not found. {"exception":"[object] (InvalidArgumentException(code: 0): View [artocles.create] not found. at D:\\1LuuDuLieuSV\\2001240399_TrinhHuuKienQuoc\\phplab\\buoi6\\Lab01_Framework\\vendor\\laravel\\framework\\src\\Illuminate\\View\\FileViewFinder.php:137)
[stacktrace]
#0 D:\\1LuuDuLieuSV\\2001240399_TrinhHuuKienQuoc\\phplab\\buoi6\\Lab01_Framework\\vendor\\laravel\\framework\\src\\Illuminate\\View\\FileViewFinder.php(79): Illuminate\\View\\FileViewFinder->findInPaths('artocles.create', Array)
#1 D:\\1LuuDuLieuSV\\2001240399_TrinhHuuKienQuoc\\phplab\\buoi6\\Lab01_Framework\\vendor\\laravel\\framework\\src\\Illuminate\\View\\Factory.php(138): Illuminate\\View\\FileViewFinder->find('artocles.create')
#2 D:\\1LuuDuLieuSV\\2001240399_TrinhHuuKienQuoc\\phplab\\buoi6\\Lab01_Framework\\vendor\\laravel\\framework\\src\\Illuminate\\Foundation\\helpers.php(932): Illuminate\\View\\Factory->make('artocles.create', Array, Array)
#3 D:\\1LuuDuLieuSV\\2001240399_TrinhHuuKienQuoc\\phplab\\buoi6\\Lab01_Framework\\app\\Http\\Controllers\\ArticleController.php(31): view('artocles.create')
#4 D:\\1LuuDuLieuSV\\2001240399_TrinhHuuKienQuoc\\phplab\\buoi6\\Lab01_Framework\\vendor\\laravel\\framework\\src\\Illuminate\\Routing\\Controller.php(54): App\\Http\\Controllers\\ArticleController->create()
#5 D:\\1LuuDuLieuSV\\2001240399_TrinhHuuKienQuoc\\phplab\\buoi6\\Lab01_Framework\\vendor\\laravel\\framework\\src\\Illuminate\\Routing\\ControllerDispatcher.php(45): Illuminate\\Routing\\Controller->callAction('create', Array)
#6 D:\\1LuuDuLieuSV\\2001240399_TrinhHuuKienQuoc\\phplab\\buoi6\\Lab01_Framework\\vendor\\laravel\\framework\\src\\Illuminate\\Routing\\Route.php(262): Illuminate\\Routing\\ControllerDispatcher->dispatch(Object(Illuminate\\Routing\\Route), Object(App\\Http\\Controllers\\ArticleController), 'create')
#7 D:\\1LuuDuLieuSV\\2001240399_TrinhHuuKienQuoc\\phplab\\buoi6\\Lab01_Framework\\vendor\\laravel\\framework\\src\\Illuminate\\Routing\\Route.php(205): Illuminate\\Routing\\Route->runController()
#8 D:\\1LuuDuLieuSV\\2001240399_TrinhHuuKienQuoc\\phplab\\buoi6\\Lab01_Framework\\vendor\\laravel\\framework\\src\\Illuminate\\Routing\\Router.php(721): Illuminate\\Routing\\Route->run()
#9 D:\\1LuuDuLieuSV\\2001240399_TrinhHuuKienQuoc\\phplab\\buoi6\\Lab01_Framework\\vendor\\laravel\\framework\\src\\Illuminate\\Pipeline\\Pipeline.php(128): Illuminate\\Routing\\Router->Illuminate\\Routing\\{closure}(Object(Illuminate\\Http\\Request))
#10 D:\\1LuuDuLieuSV\\2001240399_TrinhHuuKienQuoc\\phplab\\buoi6\\Lab01_Framework\\vendor\\laravel\\framework\\src\\Illuminate\\Routing\\Middleware\\SubstituteBindings.php(50): Illuminate\\Pipeline\\Pipeline->Illuminate\\Pipeline\\{closure}(Object(Illuminate\\Http\\Request))
#11 D:\\1LuuDuLieuSV\\2001240399_TrinhHuuKienQuoc\\phplab\\buoi6\\Lab01_Framework\\vendor\\laravel\\framework\\src\\Illuminate\\Pipeline\\Pipeline.php(167): Illuminate\\Routing\\Middleware\\SubstituteBindings->handle(Object(Illuminate\\Http\\Request), Object(Closure))
#12 D:\\1LuuDuLieuSV\\2001240399_TrinhHuuKienQuoc\\phplab\\buoi6\\Lab01_Framework\\vendor\\laravel\\framework\\src\\Illuminate\\Foundation\\Http\\Middleware\\VerifyCsrfToken.php(78): Illuminate\\Pipeline\\Pipeline->Illuminate\\Pipeline\\{closure}(Object(Illuminate\\Http\\Request))
#13 D:\\1LuuDuLieuSV\\2001240399_TrinhHuuKienQuoc\\phplab\\buoi6\\Lab01_Framework\\vendor\\laravel\\framework\\src\\Illuminate\\Pipeline\\Pipeline.php(167): Illuminate\\Foundation\\Http\\Middleware\\VerifyCsrfToken->handle(Object(Illuminate\\Http\\Request), Object(Closure))
#14 D:\\1LuuDuLieuSV\\2001240399_TrinhHuuKienQuoc\\phplab\\buoi6\\Lab01_Framework\\vendor\\laravel\\framework\\src\\Illuminate\\View\\Middleware\\ShareErrorsFromSession.php(49): Illuminate\\Pipeline\\Pipeline->Illuminate\\Pipeline\\{closure}(Object(Illuminate\\Http\\Request))
#15 D:\\1LuuDuLieuSV\\2001240399_TrinhHuuKienQuoc\\phplab\\buoi6\\Lab01_Framework\\vendor\\laravel\\framework\\src\\Illuminate\\Pipeline\\Pipeline.php(167): Illuminate\\View\\Middleware\\ShareErrorsFromSession->handle(Object(Illuminate\\Http\\Request), Object(Closure))
#16 D:\\1LuuDuLieuSV\\2001240399_TrinhHuuKienQuoc\\phplab\\buoi6\\Lab01_Framework\\vendor\\laravel\\framework\\src\\Illuminate\\Session\\Middleware\\StartSession.php(121): Illuminate\\Pipeline\\Pipeline->Illuminate\\Pipeline\\{closure}(Object(Illuminate\\Http\\Request))
#17 D:\\1LuuDuLieuSV\\2001240399_TrinhHuuKienQuoc\\phplab\\buoi6\\Lab01_Framework\\vendor\\laravel\\framework\\src\\Illuminate\\Session\\Middleware\\StartSession.php(64): Illuminate\\Session\\Middleware\\StartSession->handleStatefulRequest(Object(Illuminate\\Http\\Request), Object(Illuminate\\Session\\Store), Object(Closure))
#18 D:\\1LuuDuLieuSV\\2001240399_TrinhHuuKienQuoc\\phplab\\buoi6\\Lab01_Framework\\vendor\\laravel\\framework\\src\\Illuminate\\Pipeline\\Pipeline.php(167): Illuminate\\Session\\Middleware\\StartSession->handle(Object(Illuminate\\Http\\Request), Object(Closure))
#19 D:\\1LuuDuLieuSV\\2001240399_TrinhHuuKienQuoc\\phplab\\buoi6\\Lab01_Framework\\vendor\\laravel\\framework\\src\\Illuminate\\Cookie\\Middleware\\AddQueuedCookiesToResponse.php(37): Illuminate\\Pipeline\\Pipeline->Illuminate\\Pipeline\\{closure}(Object(Illuminate\\Http\\Request))
#20 D:\\1LuuDuLieuSV\\2001240399_TrinhHuuKienQuoc\\phplab\\buoi6\\Lab01_Framework\\vendor\\laravel\\framework\\src\\Illuminate\\Pipeline\\Pipeline.php(167): Illuminate\\Cookie\\Middleware\\AddQueuedCookiesToResponse->handle(Object(Illuminate\\Http\\Request), Object(Closure))
#21 D:\\1LuuDuLieuSV\\2001240399_TrinhHuuKienQuoc\\phplab\\buoi6\\Lab01_Framework\\vendor\\laravel\\framework\\src\\Illuminate\\Cookie\\Middleware\\EncryptCookies.php(67): Illuminate\\Pipeline\\Pipeline->Illuminate\\Pipeline\\{closure}(Object(Illuminate\\Http\\Request))
#22 D:\\1LuuDuLieuSV\\2001240399_TrinhHuuKienQuoc\\phplab\\buoi6\\Lab01_Framework\\vendor\\laravel\\framework\\src\\Illuminate\\Pipeline\\Pipeline.php(167): Illuminate\\Cookie\\Middleware\\EncryptCookies->handle(Object(Illuminate\\Http\\Request), Object(Closure))
#23 D:\\1LuuDuLieuSV\\2001240399_TrinhHuuKienQuoc\\phplab\\buoi6\\Lab01_Framework\\vendor\\laravel\\framework\\src\\Illuminate\\Pipeline\\Pipeline.php(103): Illuminate\\Pipeline\\Pipeline->Illuminate\\Pipeline\\{closure}(Object(Illuminate\\Http\\Request))
#24 D:\\1LuuDuLieuSV\\2001240399_TrinhHuuKienQuoc\\phplab\\buoi6\\Lab01_Framework\\vendor\\laravel\\framework\\src\\Illuminate\\Routing\\Router.php(723): Illuminate\\Pipeline\\Pipeline->then(Object(Closure))
#25 D:\\1LuuDuLieuSV\\2001240399_TrinhHuuKienQuoc\\phplab\\buoi6\\Lab01_Framework\\vendor\\laravel\\framework\\src\\Illuminate\\Routing\\Router.php(698): Illuminate\\Routing\\Router->runRouteWithinStack(Object(Illuminate\\Routing\\Route), Object(Illuminate\\Http\\Request))
#26 D:\\1LuuDuLieuSV\\2001240399_TrinhHuuKienQuoc\\phplab\\buoi6\\Lab01_Framework\\vendor\\laravel\\framework\\src\\Illuminate\\Routing\\Router.php(662): Illuminate\\Routing\\Router->runRoute(Object(Illuminate\\Http\\Request), Object(Illuminate\\Routing\\Route))
#27 D:\\1LuuDuLieuSV\\2001240399_TrinhHuuKienQuoc\\phplab\\buoi6\\Lab01_Framework\\vendor\\laravel\\framework\\src\\Illuminate\\Routing\\Router.php(651): Illuminate\\Routing\\Router->dispatchToRoute(Object(Illuminate\\Http\\Request))
#28 D:\\1LuuDuLieuSV\\2001240399_TrinhHuuKienQuoc\\phplab\\buoi6\\Lab01_Framework\\vendor\\laravel\\framework\\src\\Illuminate\\Foundation\\Http\\Kernel.php(167): Illuminate\\Routing\\Router->dispatch(Object(Illuminate\\Http\\Request))
#29 D:\\1LuuDuLieuSV\\2001240399_TrinhHuuKienQuoc\\phplab\\buoi6\\Lab01_Framework\\vendor\\laravel\\framework\\src\\Illuminate\\Pipeline\\Pipeline.php(128): Illuminate\\Foundation\\Http\\Kernel->Illuminate\\Foundation\\Http\\{closure}(Object(Illuminate\\Http\\Request))
#30 D:\\1LuuDuLieuSV\\2001240399_TrinhHuuKienQuoc\\phplab\\buoi6\\Lab01_Framework\\vendor\\laravel\\framework\\src\\Illuminate\\Foundation\\Http\\Middleware\\TransformsRequest.php(21): Illuminate\\Pipeline\\Pipeline->Illuminate\\Pipeline\\{closure}(Object(Illuminate\\Http\\Request))
#31 D:\\1LuuDuLieuSV\\2001240399_TrinhHuuKienQuoc\\phplab\\buoi6\\Lab01_Framework\\vendor\\laravel\\framework\\src\\Illuminate\\Foundation\\Http\\Middleware\\ConvertEmptyStringsToNull.php(31): Illuminate\\Foundation\\Http\\Middleware\\TransformsRequest->handle(Object(Illuminate\\Http\\Request), Object(Closure))
#32 D:\\1LuuDuLieuSV\\2001240399_TrinhHuuKienQuoc\\phplab\\buoi6\\Lab01_Framework\\vendor\\laravel\\framework\\src\\Illuminate\\Pipeline\\Pipeline.php(167): Illuminate\\Foundation\\Http\\Middleware\\ConvertEmptyStringsToNull->handle(Object(Illuminate\\Http\\Request), Object(Closure))
#33 D:\\1LuuDuLieuSV\\2001240399_TrinhHuuKienQuoc\\phplab\\buoi6\\Lab01_Framework\\vendor\\laravel\\framework\\src\\Illuminate\\Foundation\\Http\\Middleware\\TransformsRequest.php(21): Illuminate\\Pipeline\\Pipeline->Illuminate\\Pipeline\\{closure}(Object(Illuminate\\Http\\Request))
#34 D:\\1LuuDuLieuSV\\2001240399_TrinhHuuKienQuoc\\phplab\\buoi6\\Lab01_Framework\\vendor\\laravel\\framework\\src\\Illuminate\\Foundation\\Http\\Middleware\\TrimStrings.php(40): Illuminate\\Foundation\\Http\\Middleware\\TransformsRequest->handle(Object(Illuminate\\Http\\Request), Object(Closure))
#35 D:\\1LuuDuLieuSV\\2001240399_TrinhHuuKienQuoc\\phplab\\buoi6\\Lab01_Framework\\vendor\\laravel\\framework\\src\\Illuminate\\Pipeline\\Pipeline.php(167): Illuminate\\Foundation\\Http\\Middleware\\TrimStrings->handle(Object(Illuminate\\Http\\Request), Object(Closure))
#36 D:\\1LuuDuLieuSV\\2001240399_TrinhHuuKienQuoc\\phplab\\buoi6\\Lab01_Framework\\vendor\\laravel\\framework\\src\\Illuminate\\Foundation\\Http\\Middleware\\ValidatePostSize.php(27): Illuminate\\Pipeline\\Pipeline->Illuminate\\Pipeline\\{closure}(Object(Illuminate\\Http\\Request))
#37 D:\\1LuuDuLieuSV\\2001240399_TrinhHuuKienQuoc\\phplab\\buoi6\\Lab01_Framework\\vendor\\laravel\\framework\\src\\Illuminate\\Pipeline\\Pipeline.php(167): Illuminate\\Foundation\\Http\\Middleware\\ValidatePostSize->handle(Object(Illuminate\\Http\\Request), Object(Closure))
#38 D:\\1LuuDuLieuSV\\2001240399_TrinhHuuKienQuoc\\phplab\\buoi6\\Lab01_Framework\\vendor\\laravel\\framework\\src\\Illuminate\\Foundation\\Http\\Middleware\\PreventRequestsDuringMaintenance.php(86): Illuminate\\Pipeline\\Pipeline->Illuminate\\Pipeline\\{closure}(Object(Illuminate\\Http\\Request))
#39 D:\\1LuuDuLieuSV\\2001240399_TrinhHuuKienQuoc\\phplab\\buoi6\\Lab01_Framework\\vendor\\laravel\\framework\\src\\Illuminate\\Pipeline\\Pipeline.php(167): Illuminate\\Foundation\\Http\\Middleware\\PreventRequestsDuringMaintenance->handle(Object(Illuminate\\Http\\Request), Object(Closure))
#40 D:\\1LuuDuLieuSV\\2001240399_TrinhHuuKienQuoc\\phplab\\buoi6\\Lab01_Framework\\vendor\\fruitcake\\laravel-cors\\src\\HandleCors.php(38): Illuminate\\Pipeline\\Pipeline->Illuminate\\Pipeline\\{closure}(Object(Illuminate\\Http\\Request))
#41 D:\\1LuuDuLieuSV\\2001240399_TrinhHuuKienQuoc\\phplab\\buoi6\\Lab01_Framework\\vendor\\laravel\\framework\\src\\Illuminate\\Pipeline\\Pipeline.php(167): Fruitcake\\Cors\\HandleCors->handle(Object(Illuminate\\Http\\Request), Object(Closure))
#42 D:\\1LuuDuLieuSV\\2001240399_TrinhHuuKienQuoc\\phplab\\buoi6\\Lab01_Framework\\vendor\\laravel\\framework\\src\\Illuminate\\Http\\Middleware\\TrustProxies.php(39): Illuminate\\Pipeline\\Pipeline->Illuminate\\Pipeline\\{closure}(Object(Illuminate\\Http\\Request))
#43 D:\\1LuuDuLieuSV\\2001240399_TrinhHuuKienQuoc\\phplab\\buoi6\\Lab01_Framework\\vendor\\laravel\\framework\\src\\Illuminate\\Pipeline\\Pipeline.php(167): Illuminate\\Http\\Middleware\\TrustProxies->handle(Object(Illuminate\\Http\\Request), Object(Closure))
#44 D:\\1LuuDuLieuSV\\2001240399_TrinhHuuKienQuoc\\phplab\\buoi6\\Lab01_Framework\\vendor\\laravel\\framework\\src\\Illuminate\\Pipeline\\Pipeline.php(103): Illuminate\\Pipeline\\Pipeline->Illuminate\\Pipeline\\{closure}(Object(Illuminate\\Http\\Request))
#45 D:\\1LuuDuLieuSV\\2001240399_TrinhHuuKienQuoc\\phplab\\buoi6\\Lab01_Framework\\vendor\\laravel\\framework\\src\\Illuminate\\Foundation\\Http\\Kernel.php(142): Illuminate\\Pipeline\\Pipeline->then(Object(Closure))
#46 D:\\1LuuDuLieuSV\\2001240399_TrinhHuuKienQuoc\\phplab\\buoi6\\Lab01_Framework\\vendor\\laravel\\framework\\src\\Illuminate\\Foundation\\Http\\Kernel.php(111): Illuminate\\Foundation\\Http\\Kernel->sendRequestThroughRouter(Object(Illuminate\\Http\\Request))
#47 D:\\1LuuDuLieuSV\\2001240399_TrinhHuuKienQuoc\\phplab\\buoi6\\Lab01_Framework\\public\\index.php(52): Illuminate\\Foundation\\Http\\Kernel->handle(Object(Illuminate\\Http\\Request))
#48 D:\\1LuuDuLieuSV\\2001240399_TrinhHuuKienQuoc\\phplab\\buoi6\\Lab01_Framework\\server.php(21): require_once('D:\\\\1LuuDuLieuSV...')
#49 {main}
"} 
[2026-09-21 07:01:38] local.ERROR: View [artocles.create] not found. {"exception":"[object] (InvalidArgumentException(code: 0): View [artocles.create] not found. at D:\\1LuuDuLieuSV\\2001240399_TrinhHuuKienQuoc\\phplab\\buoi6\\Lab01_Framework\\vendor\\laravel\\framework\\src\\Illuminate\\View\\FileViewFinder.php:137)
[stacktrace]
#0 D:\\1LuuDuLieuSV\\2001240399_TrinhHuuKienQuoc\\phplab\\buoi6\\Lab01_Framework\\vendor\\laravel\\framework\\src\\Illuminate\\View\\FileViewFinder.php(79): Illuminate\\View\\FileViewFinder->findInPaths('artocles.create', Array)
#1 D:\\1LuuDuLieuSV\\2001240399_TrinhHuuKienQuoc\\phplab\\buoi6\\Lab01_Framework\\vendor\\laravel\\framework\\src\\Illuminate\\View\\Factory.php(138): Illuminate\\View\\FileViewFinder->find('artocles.create')
#2 D:\\1LuuDuLieuSV\\2001240399_TrinhHuuKienQuoc\\phplab\\buoi6\\Lab01_Framework\\vendor\\laravel\\framework\\src\\Illuminate\\Foundation\\helpers.php(932): Illuminate\\View\\Factory->make('artocles.create', Array, Array)
#3 D:\\1LuuDuLieuSV\\2001240399_TrinhHuuKienQuoc\\phplab\\buoi6\\Lab01_Framework\\app\\Http\\Controllers\\ArticleController.php(31): view('artocles.create')
#4 D:\\1LuuDuLieuSV\\2001240399_TrinhHuuKienQuoc\\phplab\\buoi6\\Lab01_Framework\\vendor\\laravel\\framework\\src\\Illuminate\\Routing\\Controller.php(54): App\\Http\\Controllers\\ArticleController->create()
#5 D:\\1LuuDuLieuSV\\2001240399_TrinhHuuKienQuoc\\phplab\\buoi6\\Lab01_Framework\\vendor\\laravel\\framework\\src\\Illuminate\\Routing\\ControllerDispatcher.php(45): Illuminate\\Routing\\Controller->callAction('create', Array)
#6 D:\\1LuuDuLieuSV\\2001240399_TrinhHuuKienQuoc\\phplab\\buoi6\\Lab01_Framework\\vendor\\laravel\\framework\\src\\Illuminate\\Routing\\Route.php(262): Illuminate\\Routing\\ControllerDispatcher->dispatch(Object(Illuminate\\Routing\\Route), Object(App\\Http\\Controllers\\ArticleController), 'create')
#7 D:\\1LuuDuLieuSV\\2001240399_TrinhHuuKienQuoc\\phplab\\buoi6\\Lab01_Framework\\vendor\\laravel\\framework\\src\\Illuminate\\Routing\\Route.php(205): Illuminate\\Routing\\Route->runController()
#8 D:\\1LuuDuLieuSV\\2001240399_TrinhHuuKienQuoc\\phplab\\buoi6\\Lab01_Framework\\vendor\\laravel\\framework\\src\\Illuminate\\Routing\\Router.php(721): Illuminate\\Routing\\Route->run()
#9 D:\\1LuuDuLieuSV\\2001240399_TrinhHuuKienQuoc\\phplab\\buoi6\\Lab01_Framework\\vendor\\laravel\\framework\\src\\Illuminate\\Pipeline\\Pipeline.php(128): Illuminate\\Routing\\Router->Illuminate\\Routing\\{closure}(Object(Illuminate\\Http\\Request))
#10 D:\\1LuuDuLieuSV\\2001240399_TrinhHuuKienQuoc\\phplab\\buoi6\\Lab01_Framework\\vendor\\laravel\\framework\\src\\Illuminate\\Routing\\Middleware\\SubstituteBindings.php(50): Illuminate\\Pipeline\\Pipeline->Illuminate\\Pipeline\\{closure}(Object(Illuminate\\Http\\Request))
#11 D:\\1LuuDuLieuSV\\2001240399_TrinhHuuKienQuoc\\phplab\\buoi6\\Lab01_Framework\\vendor\\laravel\\framework\\src\\Illuminate\\Pipeline\\Pipeline.php(167): Illuminate\\Routing\\Middleware\\SubstituteBindings->handle(Object(Illuminate\\Http\\Request), Object(Closure))
#12 D:\\1LuuDuLieuSV\\2001240399_TrinhHuuKienQuoc\\phplab\\buoi6\\Lab01_Framework\\vendor\\laravel\\framework\\src\\Illuminate\\Foundation\\Http\\Middleware\\VerifyCsrfToken.php(78): Illuminate\\Pipeline\\Pipeline->Illuminate\\Pipeline\\{closure}(Object(Illuminate\\Http\\Request))
#13 D:\\1LuuDuLieuSV\\2001240399_TrinhHuuKienQuoc\\phplab\\buoi6\\Lab01_Framework\\vendor\\laravel\\framework\\src\\Illuminate\\Pipeline\\Pipeline.php(167): Illuminate\\Foundation\\Http\\Middleware\\VerifyCsrfToken->handle(Object(Illuminate\\Http\\Request), Object(Closure))
#14 D:\\1LuuDuLieuSV\\2001240399_TrinhHuuKienQuoc\\phplab\\buoi6\\Lab01_Framework\\vendor\\laravel\\framework\\src\\Illuminate\\View\\Middleware\\ShareErrorsFromSession.php(49): Illuminate\\Pipeline\\Pipeline->Illuminate\\Pipeline\\{closure}(Object(Illuminate\\Http\\Request))
#15 D:\\1LuuDuLieuSV\\2001240399_TrinhHuuKienQuoc\\phplab\\buoi6\\Lab01_Framework\\vendor\\laravel\\framework\\src\\Illuminate\\Pipeline\\Pipeline.php(167): Illuminate\\View\\Middleware\\ShareErrorsFromSession->handle(Object(Illuminate\\Http\\Request), Object(Closure))
#16 D:\\1LuuDuLieuSV\\2001240399_TrinhHuuKienQuoc\\phplab\\buoi6\\Lab01_Framework\\vendor\\laravel\\framework\\src\\Illuminate\\Session\\Middleware\\StartSession.php(121): Illuminate\\Pipeline\\Pipeline->Illuminate\\Pipeline\\{closure}(Object(Illuminate\\Http\\Request))
#17 D:\\1LuuDuLieuSV\\2001240399_TrinhHuuKienQuoc\\phplab\\buoi6\\Lab01_Framework\\vendor\\laravel\\framework\\src\\Illuminate\\Session\\Middleware\\StartSession.php(64): Illuminate\\Session\\Middleware\\StartSession->handleStatefulRequest(Object(Illuminate\\Http\\Request), Object(Illuminate\\Session\\Store), Object(Closure))
#18 D:\\1LuuDuLieuSV\\2001240399_TrinhHuuKienQuoc\\phplab\\buoi6\\Lab01_Framework\\vendor\\laravel\\framework\\src\\Illuminate\\Pipeline\\Pipeline.php(167): Illuminate\\Session\\Middleware\\StartSession->handle(Object(Illuminate\\Http\\Request), Object(Closure))
#19 D:\\1LuuDuLieuSV\\2001240399_TrinhHuuKienQuoc\\phplab\\buoi6\\Lab01_Framework\\vendor\\laravel\\framework\\src\\Illuminate\\Cookie\\Middleware\\AddQueuedCookiesToResponse.php(37): Illuminate\\Pipeline\\Pipeline->Illuminate\\Pipeline\\{closure}(Object(Illuminate\\Http\\Request))
#20 D:\\1LuuDuLieuSV\\2001240399_TrinhHuuKienQuoc\\phplab\\buoi6\\Lab01_Framework\\vendor\\laravel\\framework\\src\\Illuminate\\Pipeline\\Pipeline.php(167): Illuminate\\Cookie\\Middleware\\AddQueuedCookiesToResponse->handle(Object(Illuminate\\Http\\Request), Object(Closure))
#21 D:\\1LuuDuLieuSV\\2001240399_TrinhHuuKienQuoc\\phplab\\buoi6\\Lab01_Framework\\vendor\\laravel\\framework\\src\\Illuminate\\Cookie\\Middleware\\EncryptCookies.php(67): Illuminate\\Pipeline\\Pipeline->Illuminate\\Pipeline\\{closure}(Object(Illuminate\\Http\\Request))
#22 D:\\1LuuDuLieuSV\\2001240399_TrinhHuuKienQuoc\\phplab\\buoi6\\Lab01_Framework\\vendor\\laravel\\framework\\src\\Illuminate\\Pipeline\\Pipeline.php(167): Illuminate\\Cookie\\Middleware\\EncryptCookies->handle(Object(Illuminate\\Http\\Request), Object(Closure))
#23 D:\\1LuuDuLieuSV\\2001240399_TrinhHuuKienQuoc\\phplab\\buoi6\\Lab01_Framework\\vendor\\laravel\\framework\\src\\Illuminate\\Pipeline\\Pipeline.php(103): Illuminate\\Pipeline\\Pipeline->Illuminate\\Pipeline\\{closure}(Object(Illuminate\\Http\\Request))
#24 D:\\1LuuDuLieuSV\\2001240399_TrinhHuuKienQuoc\\phplab\\buoi6\\Lab01_Framework\\vendor\\laravel\\framework\\src\\Illuminate\\Routing\\Router.php(723): Illuminate\\Pipeline\\Pipeline->then(Object(Closure))
#25 D:\\1LuuDuLieuSV\\2001240399_TrinhHuuKienQuoc\\phplab\\buoi6\\Lab01_Framework\\vendor\\laravel\\framework\\src\\Illuminate\\Routing\\Router.php(698): Illuminate\\Routing\\Router->runRouteWithinStack(Object(Illuminate\\Routing\\Route), Object(Illuminate\\Http\\Request))
#26 D:\\1LuuDuLieuSV\\2001240399_TrinhHuuKienQuoc\\phplab\\buoi6\\Lab01_Framework\\vendor\\laravel\\framework\\src\\Illuminate\\Routing\\Router.php(662): Illuminate\\Routing\\Router->runRoute(Object(Illuminate\\Http\\Request), Object(Illuminate\\Routing\\Route))
#27 D:\\1LuuDuLieuSV\\2001240399_TrinhHuuKienQuoc\\phplab\\buoi6\\Lab01_Framework\\vendor\\laravel\\framework\\src\\Illuminate\\Routing\\Router.php(651): Illuminate\\Routing\\Router->dispatchToRoute(Object(Illuminate\\Http\\Request))
#28 D:\\1LuuDuLieuSV\\2001240399_TrinhHuuKienQuoc\\phplab\\buoi6\\Lab01_Framework\\vendor\\laravel\\framework\\src\\Illuminate\\Foundation\\Http\\Kernel.php(167): Illuminate\\Routing\\Router->dispatch(Object(Illuminate\\Http\\Request))
#29 D:\\1LuuDuLieuSV\\2001240399_TrinhHuuKienQuoc\\phplab\\buoi6\\Lab01_Framework\\vendor\\laravel\\framework\\src\\Illuminate\\Pipeline\\Pipeline.php(128): Illuminate\\Foundation\\Http\\Kernel->Illuminate\\Foundation\\Http\\{closure}(Object(Illuminate\\Http\\Request))
#30 D:\\1LuuDuLieuSV\\2001240399_TrinhHuuKienQuoc\\phplab\\buoi6\\Lab01_Framework\\vendor\\laravel\\framework\\src\\Illuminate\\Foundation\\Http\\Middleware\\TransformsRequest.php(21): Illuminate\\Pipeline\\Pipeline->Illuminate\\Pipeline\\{closure}(Object(Illuminate\\Http\\Request))
#31 D:\\1LuuDuLieuSV\\2001240399_TrinhHuuKienQuoc\\phplab\\buoi6\\Lab01_Framework\\vendor\\laravel\\framework\\src\\Illuminate\\Foundation\\Http\\Middleware\\ConvertEmptyStringsToNull.php(31): Illuminate\\Foundation\\Http\\Middleware\\TransformsRequest->handle(Object(Illuminate\\Http\\Request), Object(Closure))
#32 D:\\1LuuDuLieuSV\\2001240399_TrinhHuuKienQuoc\\phplab\\buoi6\\Lab01_Framework\\vendor\\laravel\\framework\\src\\Illuminate\\Pipeline\\Pipeline.php(167): Illuminate\\Foundation\\Http\\Middleware\\ConvertEmptyStringsToNull->handle(Object(Illuminate\\Http\\Request), Object(Closure))
#33 D:\\1LuuDuLieuSV\\2001240399_TrinhHuuKienQuoc\\phplab\\buoi6\\Lab01_Framework\\vendor\\laravel\\framework\\src\\Illuminate\\Foundation\\Http\\Middleware\\TransformsRequest.php(21): Illuminate\\Pipeline\\Pipeline->Illuminate\\Pipeline\\{closure}(Object(Illuminate\\Http\\Request))
#34 D:\\1LuuDuLieuSV\\2001240399_TrinhHuuKienQuoc\\phplab\\buoi6\\Lab01_Framework\\vendor\\laravel\\framework\\src\\Illuminate\\Foundation\\Http\\Middleware\\TrimStrings.php(40): Illuminate\\Foundation\\Http\\Middleware\\TransformsRequest->handle(Object(Illuminate\\Http\\Request), Object(Closure))
#35 D:\\1LuuDuLieuSV\\2001240399_TrinhHuuKienQuoc\\phplab\\buoi6\\Lab01_Framework\\vendor\\laravel\\framework\\src\\Illuminate\\Pipeline\\Pipeline.php(167): Illuminate\\Foundation\\Http\\Middleware\\TrimStrings->handle(Object(Illuminate\\Http\\Request), Object(Closure))
#36 D:\\1LuuDuLieuSV\\2001240399_TrinhHuuKienQuoc\\phplab\\buoi6\\Lab01_Framework\\vendor\\laravel\\framework\\src\\Illuminate\\Foundation\\Http\\Middleware\\ValidatePostSize.php(27): Illuminate\\Pipeline\\Pipeline->Illuminate\\Pipeline\\{closure}(Object(Illuminate\\Http\\Request))
#37 D:\\1LuuDuLieuSV\\2001240399_TrinhHuuKienQuoc\\phplab\\buoi6\\Lab01_Framework\\vendor\\laravel\\framework\\src\\Illuminate\\Pipeline\\Pipeline.php(167): Illuminate\\Foundation\\Http\\Middleware\\ValidatePostSize->handle(Object(Illuminate\\Http\\Request), Object(Closure))
#38 D:\\1LuuDuLieuSV\\2001240399_TrinhHuuKienQuoc\\phplab\\buoi6\\Lab01_Framework\\vendor\\laravel\\framework\\src\\Illuminate\\Foundation\\Http\\Middleware\\PreventRequestsDuringMaintenance.php(86): Illuminate\\Pipeline\\Pipeline->Illuminate\\Pipeline\\{closure}(Object(Illuminate\\Http\\Request))
#39 D:\\1LuuDuLieuSV\\2001240399_TrinhHuuKienQuoc\\phplab\\buoi6\\Lab01_Framework\\vendor\\laravel\\framework\\src\\Illuminate\\Pipeline\\Pipeline.php(167): Illuminate\\Foundation\\Http\\Middleware\\PreventRequestsDuringMaintenance->handle(Object(Illuminate\\Http\\Request), Object(Closure))
#40 D:\\1LuuDuLieuSV\\2001240399_TrinhHuuKienQuoc\\phplab\\buoi6\\Lab01_Framework\\vendor\\fruitcake\\laravel-cors\\src\\HandleCors.php(38): Illuminate\\Pipeline\\Pipeline->Illuminate\\Pipeline\\{closure}(Object(Illuminate\\Http\\Request))
#41 D:\\1LuuDuLieuSV\\2001240399_TrinhHuuKienQuoc\\phplab\\buoi6\\Lab01_Framework\\vendor\\laravel\\framework\\src\\Illuminate\\Pipeline\\Pipeline.php(167): Fruitcake\\Cors\\HandleCors->handle(Object(Illuminate\\Http\\Request), Object(Closure))
#42 D:\\1LuuDuLieuSV\\2001240399_TrinhHuuKienQuoc\\phplab\\buoi6\\Lab01_Framework\\vendor\\laravel\\framework\\src\\Illuminate\\Http\\Middleware\\TrustProxies.php(39): Illuminate\\Pipeline\\Pipeline->Illuminate\\Pipeline\\{closure}(Object(Illuminate\\Http\\Request))
#43 D:\\1LuuDuLieuSV\\2001240399_TrinhHuuKienQuoc\\phplab\\buoi6\\Lab01_Framework\\vendor\\laravel\\framework\\src\\Illuminate\\Pipeline\\Pipeline.php(167): Illuminate\\Http\\Middleware\\TrustProxies->handle(Object(Illuminate\\Http\\Request), Object(Closure))
#44 D:\\1LuuDuLieuSV\\2001240399_TrinhHuuKienQuoc\\phplab\\buoi6\\Lab01_Framework\\vendor\\laravel\\framework\\src\\Illuminate\\Pipeline\\Pipeline.php(103): Illuminate\\Pipeline\\Pipeline->Illuminate\\Pipeline\\{closure}(Object(Illuminate\\Http\\Request))
#45 D:\\1LuuDuLieuSV\\2001240399_TrinhHuuKienQuoc\\phplab\\buoi6\\Lab01_Framework\\vendor\\laravel\\framework\\src\\Illuminate\\Foundation\\Http\\Kernel.php(142): Illuminate\\Pipeline\\Pipeline->then(Object(Closure))
#46 D:\\1LuuDuLieuSV\\2001240399_TrinhHuuKienQuoc\\phplab\\buoi6\\Lab01_Framework\\vendor\\laravel\\framework\\src\\Illuminate\\Foundation\\Http\\Kernel.php(111): Illuminate\\Foundation\\Http\\Kernel->sendRequestThroughRouter(Object(Illuminate\\Http\\Request))
#47 D:\\1LuuDuLieuSV\\2001240399_TrinhHuuKienQuoc\\phplab\\buoi6\\Lab01_Framework\\public\\index.php(52): Illuminate\\Foundation\\Http\\Kernel->handle(Object(Illuminate\\Http\\Request))
#48 D:\\1LuuDuLieuSV\\2001240399_TrinhHuuKienQuoc\\phplab\\buoi6\\Lab01_Framework\\server.php(21): require_once('D:\\\\1LuuDuLieuSV...')
#49 {main}
"} 
[2026-09-21 07:01:45] local.ERROR: View [artocles.create] not found. {"exception":"[object] (InvalidArgumentException(code: 0): View [artocles.create] not found. at D:\\1LuuDuLieuSV\\2001240399_TrinhHuuKienQuoc\\phplab\\buoi6\\Lab01_Framework\\vendor\\laravel\\framework\\src\\Illuminate\\View\\FileViewFinder.php:137)
[stacktrace]
#0 D:\\1LuuDuLieuSV\\2001240399_TrinhHuuKienQuoc\\phplab\\buoi6\\Lab01_Framework\\vendor\\laravel\\framework\\src\\Illuminate\\View\\FileViewFinder.php(79): Illuminate\\View\\FileViewFinder->findInPaths('artocles.create', Array)
#1 D:\\1LuuDuLieuSV\\2001240399_TrinhHuuKienQuoc\\phplab\\buoi6\\Lab01_Framework\\vendor\\laravel\\framework\\src\\Illuminate\\View\\Factory.php(138): Illuminate\\View\\FileViewFinder->find('artocles.create')
#2 D:\\1LuuDuLieuSV\\2001240399_TrinhHuuKienQuoc\\phplab\\buoi6\\Lab01_Framework\\vendor\\laravel\\framework\\src\\Illuminate\\Foundation\\helpers.php(932): Illuminate\\View\\Factory->make('artocles.create', Array, Array)
#3 D:\\1LuuDuLieuSV\\2001240399_TrinhHuuKienQuoc\\phplab\\buoi6\\Lab01_Framework\\app\\Http\\Controllers\\ArticleController.php(31): view('artocles.create')
#4 D:\\1LuuDuLieuSV\\2001240399_TrinhHuuKienQuoc\\phplab\\buoi6\\Lab01_Framework\\vendor\\laravel\\framework\\src\\Illuminate\\Routing\\Controller.php(54): App\\Http\\Controllers\\ArticleController->create()
#5 D:\\1LuuDuLieuSV\\2001240399_TrinhHuuKienQuoc\\phplab\\buoi6\\Lab01_Framework\\vendor\\laravel\\framework\\src\\Illuminate\\Routing\\ControllerDispatcher.php(45): Illuminate\\Routing\\Controller->callAction('create', Array)
#6 D:\\1LuuDuLieuSV\\2001240399_TrinhHuuKienQuoc\\phplab\\buoi6\\Lab01_Framework\\vendor\\laravel\\framework\\src\\Illuminate\\Routing\\Route.php(262): Illuminate\\Routing\\ControllerDispatcher->dispatch(Object(Illuminate\\Routing\\Route), Object(App\\Http\\Controllers\\ArticleController), 'create')
#7 D:\\1LuuDuLieuSV\\2001240399_TrinhHuuKienQuoc\\phplab\\buoi6\\Lab01_Framework\\vendor\\laravel\\framework\\src\\Illuminate\\Routing\\Route.php(205): Illuminate\\Routing\\Route->runController()
#8 D:\\1LuuDuLieuSV\\2001240399_TrinhHuuKienQuoc\\phplab\\buoi6\\Lab01_Framework\\vendor\\laravel\\framework\\src\\Illuminate\\Routing\\Router.php(721): Illuminate\\Routing\\Route->run()
#9 D:\\1LuuDuLieuSV\\2001240399_TrinhHuuKienQuoc\\phplab\\buoi6\\Lab01_Framework\\vendor\\laravel\\framework\\src\\Illuminate\\Pipeline\\Pipeline.php(128): Illuminate\\Routing\\Router->Illuminate\\Routing\\{closure}(Object(Illuminate\\Http\\Request))
#10 D:\\1LuuDuLieuSV\\2001240399_TrinhHuuKienQuoc\\phplab\\buoi6\\Lab01_Framework\\vendor\\laravel\\framework\\src\\Illuminate\\Routing\\Middleware\\SubstituteBindings.php(50): Illuminate\\Pipeline\\Pipeline->Illuminate\\Pipeline\\{closure}(Object(Illuminate\\Http\\Request))
#11 D:\\1LuuDuLieuSV\\2001240399_TrinhHuuKienQuoc\\phplab\\buoi6\\Lab01_Framework\\vendor\\laravel\\framework\\src\\Illuminate\\Pipeline\\Pipeline.php(167): Illuminate\\Routing\\Middleware\\SubstituteBindings->handle(Object(Illuminate\\Http\\Request), Object(Closure))
#12 D:\\1LuuDuLieuSV\\2001240399_TrinhHuuKienQuoc\\phplab\\buoi6\\Lab01_Framework\\vendor\\laravel\\framework\\src\\Illuminate\\Foundation\\Http\\Middleware\\VerifyCsrfToken.php(78): Illuminate\\Pipeline\\Pipeline->Illuminate\\Pipeline\\{closure}(Object(Illuminate\\Http\\Request))
#13 D:\\1LuuDuLieuSV\\2001240399_TrinhHuuKienQuoc\\phplab\\buoi6\\Lab01_Framework\\vendor\\laravel\\framework\\src\\Illuminate\\Pipeline\\Pipeline.php(167): Illuminate\\Foundation\\Http\\Middleware\\VerifyCsrfToken->handle(Object(Illuminate\\Http\\Request), Object(Closure))
#14 D:\\1LuuDuLieuSV\\2001240399_TrinhHuuKienQuoc\\phplab\\buoi6\\Lab01_Framework\\vendor\\laravel\\framework\\src\\Illuminate\\View\\Middleware\\ShareErrorsFromSession.php(49): Illuminate\\Pipeline\\Pipeline->Illuminate\\Pipeline\\{closure}(Object(Illuminate\\Http\\Request))
#15 D:\\1LuuDuLieuSV\\2001240399_TrinhHuuKienQuoc\\phplab\\buoi6\\Lab01_Framework\\vendor\\laravel\\framework\\src\\Illuminate\\Pipeline\\Pipeline.php(167): Illuminate\\View\\Middleware\\ShareErrorsFromSession->handle(Object(Illuminate\\Http\\Request), Object(Closure))
#16 D:\\1LuuDuLieuSV\\2001240399_TrinhHuuKienQuoc\\phplab\\buoi6\\Lab01_Framework\\vendor\\laravel\\framework\\src\\Illuminate\\Session\\Middleware\\StartSession.php(121): Illuminate\\Pipeline\\Pipeline->Illuminate\\Pipeline\\{closure}(Object(Illuminate\\Http\\Request))
#17 D:\\1LuuDuLieuSV\\2001240399_TrinhHuuKienQuoc\\phplab\\buoi6\\Lab01_Framework\\vendor\\laravel\\framework\\src\\Illuminate\\Session\\Middleware\\StartSession.php(64): Illuminate\\Session\\Middleware\\StartSession->handleStatefulRequest(Object(Illuminate\\Http\\Request), Object(Illuminate\\Session\\Store), Object(Closure))
#18 D:\\1LuuDuLieuSV\\2001240399_TrinhHuuKienQuoc\\phplab\\buoi6\\Lab01_Framework\\vendor\\laravel\\framework\\src\\Illuminate\\Pipeline\\Pipeline.php(167): Illuminate\\Session\\Middleware\\StartSession->handle(Object(Illuminate\\Http\\Request), Object(Closure))
#19 D:\\1LuuDuLieuSV\\2001240399_TrinhHuuKienQuoc\\phplab\\buoi6\\Lab01_Framework\\vendor\\laravel\\framework\\src\\Illuminate\\Cookie\\Middleware\\AddQueuedCookiesToResponse.php(37): Illuminate\\Pipeline\\Pipeline->Illuminate\\Pipeline\\{closure}(Object(Illuminate\\Http\\Request))
#20 D:\\1LuuDuLieuSV\\2001240399_TrinhHuuKienQuoc\\phplab\\buoi6\\Lab01_Framework\\vendor\\laravel\\framework\\src\\Illuminate\\Pipeline\\Pipeline.php(167): Illuminate\\Cookie\\Middleware\\AddQueuedCookiesToResponse->handle(Object(Illuminate\\Http\\Request), Object(Closure))
#21 D:\\1LuuDuLieuSV\\2001240399_TrinhHuuKienQuoc\\phplab\\buoi6\\Lab01_Framework\\vendor\\laravel\\framework\\src\\Illuminate\\Cookie\\Middleware\\EncryptCookies.php(67): Illuminate\\Pipeline\\Pipeline->Illuminate\\Pipeline\\{closure}(Object(Illuminate\\Http\\Request))
#22 D:\\1LuuDuLieuSV\\2001240399_TrinhHuuKienQuoc\\phplab\\buoi6\\Lab01_Framework\\vendor\\laravel\\framework\\src\\Illuminate\\Pipeline\\Pipeline.php(167): Illuminate\\Cookie\\Middleware\\EncryptCookies->handle(Object(Illuminate\\Http\\Request), Object(Closure))
#23 D:\\1LuuDuLieuSV\\2001240399_TrinhHuuKienQuoc\\phplab\\buoi6\\Lab01_Framework\\vendor\\laravel\\framework\\src\\Illuminate\\Pipeline\\Pipeline.php(103): Illuminate\\Pipeline\\Pipeline->Illuminate\\Pipeline\\{closure}(Object(Illuminate\\Http\\Request))
#24 D:\\1LuuDuLieuSV\\2001240399_TrinhHuuKienQuoc\\phplab\\buoi6\\Lab01_Framework\\vendor\\laravel\\framework\\src\\Illuminate\\Routing\\Router.php(723): Illuminate\\Pipeline\\Pipeline->then(Object(Closure))
#25 D:\\1LuuDuLieuSV\\2001240399_TrinhHuuKienQuoc\\phplab\\buoi6\\Lab01_Framework\\vendor\\laravel\\framework\\src\\Illuminate\\Routing\\Router.php(698): Illuminate\\Routing\\Router->runRouteWithinStack(Object(Illuminate\\Routing\\Route), Object(Illuminate\\Http\\Request))
#26 D:\\1LuuDuLieuSV\\2001240399_TrinhHuuKienQuoc\\phplab\\buoi6\\Lab01_Framework\\vendor\\laravel\\framework\\src\\Illuminate\\Routing\\Router.php(662): Illuminate\\Routing\\Router->runRoute(Object(Illuminate\\Http\\Request), Object(Illuminate\\Routing\\Route))
#27 D:\\1LuuDuLieuSV\\2001240399_TrinhHuuKienQuoc\\phplab\\buoi6\\Lab01_Framework\\vendor\\laravel\\framework\\src\\Illuminate\\Routing\\Router.php(651): Illuminate\\Routing\\Router->dispatchToRoute(Object(Illuminate\\Http\\Request))
#28 D:\\1LuuDuLieuSV\\2001240399_TrinhHuuKienQuoc\\phplab\\buoi6\\Lab01_Framework\\vendor\\laravel\\framework\\src\\Illuminate\\Foundation\\Http\\Kernel.php(167): Illuminate\\Routing\\Router->dispatch(Object(Illuminate\\Http\\Request))
#29 D:\\1LuuDuLieuSV\\2001240399_TrinhHuuKienQuoc\\phplab\\buoi6\\Lab01_Framework\\vendor\\laravel\\framework\\src\\Illuminate\\Pipeline\\Pipeline.php(128): Illuminate\\Foundation\\Http\\Kernel->Illuminate\\Foundation\\Http\\{closure}(Object(Illuminate\\Http\\Request))
#30 D:\\1LuuDuLieuSV\\2001240399_TrinhHuuKienQuoc\\phplab\\buoi6\\Lab01_Framework\\vendor\\laravel\\framework\\src\\Illuminate\\Foundation\\Http\\Middleware\\TransformsRequest.php(21): Illuminate\\Pipeline\\Pipeline->Illuminate\\Pipeline\\{closure}(Object(Illuminate\\Http\\Request))
#31 D:\\1LuuDuLieuSV\\2001240399_TrinhHuuKienQuoc\\phplab\\buoi6\\Lab01_Framework\\vendor\\laravel\\framework\\src\\Illuminate\\Foundation\\Http\\Middleware\\ConvertEmptyStringsToNull.php(31): Illuminate\\Foundation\\Http\\Middleware\\TransformsRequest->handle(Object(Illuminate\\Http\\Request), Object(Closure))
#32 D:\\1LuuDuLieuSV\\2001240399_TrinhHuuKienQuoc\\phplab\\buoi6\\Lab01_Framework\\vendor\\laravel\\framework\\src\\Illuminate\\Pipeline\\Pipeline.php(167): Illuminate\\Foundation\\Http\\Middleware\\ConvertEmptyStringsToNull->handle(Object(Illuminate\\Http\\Request), Object(Closure))
#33 D:\\1LuuDuLieuSV\\2001240399_TrinhHuuKienQuoc\\phplab\\buoi6\\Lab01_Framework\\vendor\\laravel\\framework\\src\\Illuminate\\Foundation\\Http\\Middleware\\TransformsRequest.php(21): Illuminate\\Pipeline\\Pipeline->Illuminate\\Pipeline\\{closure}(Object(Illuminate\\Http\\Request))
#34 D:\\1LuuDuLieuSV\\2001240399_TrinhHuuKienQuoc\\phplab\\buoi6\\Lab01_Framework\\vendor\\laravel\\framework\\src\\Illuminate\\Foundation\\Http\\Middleware\\TrimStrings.php(40): Illuminate\\Foundation\\Http\\Middleware\\TransformsRequest->handle(Object(Illuminate\\Http\\Request), Object(Closure))
#35 D:\\1LuuDuLieuSV\\2001240399_TrinhHuuKienQuoc\\phplab\\buoi6\\Lab01_Framework\\vendor\\laravel\\framework\\src\\Illuminate\\Pipeline\\Pipeline.php(167): Illuminate\\Foundation\\Http\\Middleware\\TrimStrings->handle(Object(Illuminate\\Http\\Request), Object(Closure))
#36 D:\\1LuuDuLieuSV\\2001240399_TrinhHuuKienQuoc\\phplab\\buoi6\\Lab01_Framework\\vendor\\laravel\\framework\\src\\Illuminate\\Foundation\\Http\\Middleware\\ValidatePostSize.php(27): Illuminate\\Pipeline\\Pipeline->Illuminate\\Pipeline\\{closure}(Object(Illuminate\\Http\\Request))
#37 D:\\1LuuDuLieuSV\\2001240399_TrinhHuuKienQuoc\\phplab\\buoi6\\Lab01_Framework\\vendor\\laravel\\framework\\src\\Illuminate\\Pipeline\\Pipeline.php(167): Illuminate\\Foundation\\Http\\Middleware\\ValidatePostSize->handle(Object(Illuminate\\Http\\Request), Object(Closure))
#38 D:\\1LuuDuLieuSV\\2001240399_TrinhHuuKienQuoc\\phplab\\buoi6\\Lab01_Framework\\vendor\\laravel\\framework\\src\\Illuminate\\Foundation\\Http\\Middleware\\PreventRequestsDuringMaintenance.php(86): Illuminate\\Pipeline\\Pipeline->Illuminate\\Pipeline\\{closure}(Object(Illuminate\\Http\\Request))
#39 D:\\1LuuDuLieuSV\\2001240399_TrinhHuuKienQuoc\\phplab\\buoi6\\Lab01_Framework\\vendor\\laravel\\framework\\src\\Illuminate\\Pipeline\\Pipeline.php(167): Illuminate\\Foundation\\Http\\Middleware\\PreventRequestsDuringMaintenance->handle(Object(Illuminate\\Http\\Request), Object(Closure))
#40 D:\\1LuuDuLieuSV\\2001240399_TrinhHuuKienQuoc\\phplab\\buoi6\\Lab01_Framework\\vendor\\fruitcake\\laravel-cors\\src\\HandleCors.php(38): Illuminate\\Pipeline\\Pipeline->Illuminate\\Pipeline\\{closure}(Object(Illuminate\\Http\\Request))
#41 D:\\1LuuDuLieuSV\\2001240399_TrinhHuuKienQuoc\\phplab\\buoi6\\Lab01_Framework\\vendor\\laravel\\framework\\src\\Illuminate\\Pipeline\\Pipeline.php(167): Fruitcake\\Cors\\HandleCors->handle(Object(Illuminate\\Http\\Request), Object(Closure))
#42 D:\\1LuuDuLieuSV\\2001240399_TrinhHuuKienQuoc\\phplab\\buoi6\\Lab01_Framework\\vendor\\laravel\\framework\\src\\Illuminate\\Http\\Middleware\\TrustProxies.php(39): Illuminate\\Pipeline\\Pipeline->Illuminate\\Pipeline\\{closure}(Object(Illuminate\\Http\\Request))
#43 D:\\1LuuDuLieuSV\\2001240399_TrinhHuuKienQuoc\\phplab\\buoi6\\Lab01_Framework\\vendor\\laravel\\framework\\src\\Illuminate\\Pipeline\\Pipeline.php(167): Illuminate\\Http\\Middleware\\TrustProxies->handle(Object(Illuminate\\Http\\Request), Object(Closure))
#44 D:\\1LuuDuLieuSV\\2001240399_TrinhHuuKienQuoc\\phplab\\buoi6\\Lab01_Framework\\vendor\\laravel\\framework\\src\\Illuminate\\Pipeline\\Pipeline.php(103): Illuminate\\Pipeline\\Pipeline->Illuminate\\Pipeline\\{closure}(Object(Illuminate\\Http\\Request))
#45 D:\\1LuuDuLieuSV\\2001240399_TrinhHuuKienQuoc\\phplab\\buoi6\\Lab01_Framework\\vendor\\laravel\\framework\\src\\Illuminate\\Foundation\\Http\\Kernel.php(142): Illuminate\\Pipeline\\Pipeline->then(Object(Closure))
#46 D:\\1LuuDuLieuSV\\2001240399_TrinhHuuKienQuoc\\phplab\\buoi6\\Lab01_Framework\\vendor\\laravel\\framework\\src\\Illuminate\\Foundation\\Http\\Kernel.php(111): Illuminate\\Foundation\\Http\\Kernel->sendRequestThroughRouter(Object(Illuminate\\Http\\Request))
#47 D:\\1LuuDuLieuSV\\2001240399_TrinhHuuKienQuoc\\phplab\\buoi6\\Lab01_Framework\\public\\index.php(52): Illuminate\\Foundation\\Http\\Kernel->handle(Object(Illuminate\\Http\\Request))
#48 D:\\1LuuDuLieuSV\\2001240399_TrinhHuuKienQuoc\\phplab\\buoi6\\Lab01_Framework\\server.php(21): require_once('D:\\\\1LuuDuLieuSV...')
#49 {main}
"} 
[2026-09-21 07:06:03] local.ERROR: View [artocles.create] not found. {"exception":"[object] (InvalidArgumentException(code: 0): View [artocles.create] not found. at D:\\1LuuDuLieuSV\\2001240399_TrinhHuuKienQuoc\\phplab\\buoi6\\Lab01_Framework\\vendor\\laravel\\framework\\src\\Illuminate\\View\\FileViewFinder.php:137)
[stacktrace]
#0 D:\\1LuuDuLieuSV\\2001240399_TrinhHuuKienQuoc\\phplab\\buoi6\\Lab01_Framework\\vendor\\laravel\\framework\\src\\Illuminate\\View\\FileViewFinder.php(79): Illuminate\\View\\FileViewFinder->findInPaths('artocles.create', Array)
#1 D:\\1LuuDuLieuSV\\2001240399_TrinhHuuKienQuoc\\phplab\\buoi6\\Lab01_Framework\\vendor\\laravel\\framework\\src\\Illuminate\\View\\Factory.php(138): Illuminate\\View\\FileViewFinder->find('artocles.create')
#2 D:\\1LuuDuLieuSV\\2001240399_TrinhHuuKienQuoc\\phplab\\buoi6\\Lab01_Framework\\vendor\\laravel\\framework\\src\\Illuminate\\Foundation\\helpers.php(932): Illuminate\\View\\Factory->make('artocles.create', Array, Array)
#3 D:\\1LuuDuLieuSV\\2001240399_TrinhHuuKienQuoc\\phplab\\buoi6\\Lab01_Framework\\app\\Http\\Controllers\\ArticleController.php(31): view('artocles.create')
#4 D:\\1LuuDuLieuSV\\2001240399_TrinhHuuKienQuoc\\phplab\\buoi6\\Lab01_Framework\\vendor\\laravel\\framework\\src\\Illuminate\\Routing\\Controller.php(54): App\\Http\\Controllers\\ArticleController->create()
#5 D:\\1LuuDuLieuSV\\2001240399_TrinhHuuKienQuoc\\phplab\\buoi6\\Lab01_Framework\\vendor\\laravel\\framework\\src\\Illuminate\\Routing\\ControllerDispatcher.php(45): Illuminate\\Routing\\Controller->callAction('create', Array)
#6 D:\\1LuuDuLieuSV\\2001240399_TrinhHuuKienQuoc\\phplab\\buoi6\\Lab01_Framework\\vendor\\laravel\\framework\\src\\Illuminate\\Routing\\Route.php(262): Illuminate\\Routing\\ControllerDispatcher->dispatch(Object(Illuminate\\Routing\\Route), Object(App\\Http\\Controllers\\ArticleController), 'create')
#7 D:\\1LuuDuLieuSV\\2001240399_TrinhHuuKienQuoc\\phplab\\buoi6\\Lab01_Framework\\vendor\\laravel\\framework\\src\\Illuminate\\Routing\\Route.php(205): Illuminate\\Routing\\Route->runController()
#8 D:\\1LuuDuLieuSV\\2001240399_TrinhHuuKienQuoc\\phplab\\buoi6\\Lab01_Framework\\vendor\\laravel\\framework\\src\\Illuminate\\Routing\\Router.php(721): Illuminate\\Routing\\Route->run()
#9 D:\\1LuuDuLieuSV\\2001240399_TrinhHuuKienQuoc\\phplab\\buoi6\\Lab01_Framework\\vendor\\laravel\\framework\\src\\Illuminate\\Pipeline\\Pipeline.php(128): Illuminate\\Routing\\Router->Illuminate\\Routing\\{closure}(Object(Illuminate\\Http\\Request))
#10 D:\\1LuuDuLieuSV\\2001240399_TrinhHuuKienQuoc\\phplab\\buoi6\\Lab01_Framework\\vendor\\laravel\\framework\\src\\Illuminate\\Routing\\Middleware\\SubstituteBindings.php(50): Illuminate\\Pipeline\\Pipeline->Illuminate\\Pipeline\\{closure}(Object(Illuminate\\Http\\Request))
#11 D:\\1LuuDuLieuSV\\2001240399_TrinhHuuKienQuoc\\phplab\\buoi6\\Lab01_Framework\\vendor\\laravel\\framework\\src\\Illuminate\\Pipeline\\Pipeline.php(167): Illuminate\\Routing\\Middleware\\SubstituteBindings->handle(Object(Illuminate\\Http\\Request), Object(Closure))
#12 D:\\1LuuDuLieuSV\\2001240399_TrinhHuuKienQuoc\\phplab\\buoi6\\Lab01_Framework\\vendor\\laravel\\framework\\src\\Illuminate\\Foundation\\Http\\Middleware\\VerifyCsrfToken.php(78): Illuminate\\Pipeline\\Pipeline->Illuminate\\Pipeline\\{closure}(Object(Illuminate\\Http\\Request))
#13 D:\\1LuuDuLieuSV\\2001240399_TrinhHuuKienQuoc\\phplab\\buoi6\\Lab01_Framework\\vendor\\laravel\\framework\\src\\Illuminate\\Pipeline\\Pipeline.php(167): Illuminate\\Foundation\\Http\\Middleware\\VerifyCsrfToken->handle(Object(Illuminate\\Http\\Request), Object(Closure))
#14 D:\\1LuuDuLieuSV\\2001240399_TrinhHuuKienQuoc\\phplab\\buoi6\\Lab01_Framework\\vendor\\laravel\\framework\\src\\Illuminate\\View\\Middleware\\ShareErrorsFromSession.php(49): Illuminate\\Pipeline\\Pipeline->Illuminate\\Pipeline\\{closure}(Object(Illuminate\\Http\\Request))
#15 D:\\1LuuDuLieuSV\\2001240399_TrinhHuuKienQuoc\\phplab\\buoi6\\Lab01_Framework\\vendor\\laravel\\framework\\src\\Illuminate\\Pipeline\\Pipeline.php(167): Illuminate\\View\\Middleware\\ShareErrorsFromSession->handle(Object(Illuminate\\Http\\Request), Object(Closure))
#16 D:\\1LuuDuLieuSV\\2001240399_TrinhHuuKienQuoc\\phplab\\buoi6\\Lab01_Framework\\vendor\\laravel\\framework\\src\\Illuminate\\Session\\Middleware\\StartSession.php(121): Illuminate\\Pipeline\\Pipeline->Illuminate\\Pipeline\\{closure}(Object(Illuminate\\Http\\Request))
#17 D:\\1LuuDuLieuSV\\2001240399_TrinhHuuKienQuoc\\phplab\\buoi6\\Lab01_Framework\\vendor\\laravel\\framework\\src\\Illuminate\\Session\\Middleware\\StartSession.php(64): Illuminate\\Session\\Middleware\\StartSession->handleStatefulRequest(Object(Illuminate\\Http\\Request), Object(Illuminate\\Session\\Store), Object(Closure))
#18 D:\\1LuuDuLieuSV\\2001240399_TrinhHuuKienQuoc\\phplab\\buoi6\\Lab01_Framework\\vendor\\laravel\\framework\\src\\Illuminate\\Pipeline\\Pipeline.php(167): Illuminate\\Session\\Middleware\\StartSession->handle(Object(Illuminate\\Http\\Request), Object(Closure))
#19 D:\\1LuuDuLieuSV\\2001240399_TrinhHuuKienQuoc\\phplab\\buoi6\\Lab01_Framework\\vendor\\laravel\\framework\\src\\Illuminate\\Cookie\\Middleware\\AddQueuedCookiesToResponse.php(37): Illuminate\\Pipeline\\Pipeline->Illuminate\\Pipeline\\{closure}(Object(Illuminate\\Http\\Request))
#20 D:\\1LuuDuLieuSV\\2001240399_TrinhHuuKienQuoc\\phplab\\buoi6\\Lab01_Framework\\vendor\\laravel\\framework\\src\\Illuminate\\Pipeline\\Pipeline.php(167): Illuminate\\Cookie\\Middleware\\AddQueuedCookiesToResponse->handle(Object(Illuminate\\Http\\Request), Object(Closure))
#21 D:\\1LuuDuLieuSV\\2001240399_TrinhHuuKienQuoc\\phplab\\buoi6\\Lab01_Framework\\vendor\\laravel\\framework\\src\\Illuminate\\Cookie\\Middleware\\EncryptCookies.php(67): Illuminate\\Pipeline\\Pipeline->Illuminate\\Pipeline\\{closure}(Object(Illuminate\\Http\\Request))
#22 D:\\1LuuDuLieuSV\\2001240399_TrinhHuuKienQuoc\\phplab\\buoi6\\Lab01_Framework\\vendor\\laravel\\framework\\src\\Illuminate\\Pipeline\\Pipeline.php(167): Illuminate\\Cookie\\Middleware\\EncryptCookies->handle(Object(Illuminate\\Http\\Request), Object(Closure))
#23 D:\\1LuuDuLieuSV\\2001240399_TrinhHuuKienQuoc\\phplab\\buoi6\\Lab01_Framework\\vendor\\laravel\\framework\\src\\Illuminate\\Pipeline\\Pipeline.php(103): Illuminate\\Pipeline\\Pipeline->Illuminate\\Pipeline\\{closure}(Object(Illuminate\\Http\\Request))
#24 D:\\1LuuDuLieuSV\\2001240399_TrinhHuuKienQuoc\\phplab\\buoi6\\Lab01_Framework\\vendor\\laravel\\framework\\src\\Illuminate\\Routing\\Router.php(723): Illuminate\\Pipeline\\Pipeline->then(Object(Closure))
#25 D:\\1LuuDuLieuSV\\2001240399_TrinhHuuKienQuoc\\phplab\\buoi6\\Lab01_Framework\\vendor\\laravel\\framework\\src\\Illuminate\\Routing\\Router.php(698): Illuminate\\Routing\\Router->runRouteWithinStack(Object(Illuminate\\Routing\\Route), Object(Illuminate\\Http\\Request))
#26 D:\\1LuuDuLieuSV\\2001240399_TrinhHuuKienQuoc\\phplab\\buoi6\\Lab01_Framework\\vendor\\laravel\\framework\\src\\Illuminate\\Routing\\Router.php(662): Illuminate\\Routing\\Router->runRoute(Object(Illuminate\\Http\\Request), Object(Illuminate\\Routing\\Route))
#27 D:\\1LuuDuLieuSV\\2001240399_TrinhHuuKienQuoc\\phplab\\buoi6\\Lab01_Framework\\vendor\\laravel\\framework\\src\\Illuminate\\Routing\\Router.php(651): Illuminate\\Routing\\Router->dispatchToRoute(Object(Illuminate\\Http\\Request))
#28 D:\\1LuuDuLieuSV\\2001240399_TrinhHuuKienQuoc\\phplab\\buoi6\\Lab01_Framework\\vendor\\laravel\\framework\\src\\Illuminate\\Foundation\\Http\\Kernel.php(167): Illuminate\\Routing\\Router->dispatch(Object(Illuminate\\Http\\Request))
#29 D:\\1LuuDuLieuSV\\2001240399_TrinhHuuKienQuoc\\phplab\\buoi6\\Lab01_Framework\\vendor\\laravel\\framework\\src\\Illuminate\\Pipeline\\Pipeline.php(128): Illuminate\\Foundation\\Http\\Kernel->Illuminate\\Foundation\\Http\\{closure}(Object(Illuminate\\Http\\Request))
#30 D:\\1LuuDuLieuSV\\2001240399_TrinhHuuKienQuoc\\phplab\\buoi6\\Lab01_Framework\\vendor\\laravel\\framework\\src\\Illuminate\\Foundation\\Http\\Middleware\\TransformsRequest.php(21): Illuminate\\Pipeline\\Pipeline->Illuminate\\Pipeline\\{closure}(Object(Illuminate\\Http\\Request))
#31 D:\\1LuuDuLieuSV\\2001240399_TrinhHuuKienQuoc\\phplab\\buoi6\\Lab01_Framework\\vendor\\laravel\\framework\\src\\Illuminate\\Foundation\\Http\\Middleware\\ConvertEmptyStringsToNull.php(31): Illuminate\\Foundation\\Http\\Middleware\\TransformsRequest->handle(Object(Illuminate\\Http\\Request), Object(Closure))
#32 D:\\1LuuDuLieuSV\\2001240399_TrinhHuuKienQuoc\\phplab\\buoi6\\Lab01_Framework\\vendor\\laravel\\framework\\src\\Illuminate\\Pipeline\\Pipeline.php(167): Illuminate\\Foundation\\Http\\Middleware\\ConvertEmptyStringsToNull->handle(Object(Illuminate\\Http\\Request), Object(Closure))
#33 D:\\1LuuDuLieuSV\\2001240399_TrinhHuuKienQuoc\\phplab\\buoi6\\Lab01_Framework\\vendor\\laravel\\framework\\src\\Illuminate\\Foundation\\Http\\Middleware\\TransformsRequest.php(21): Illuminate\\Pipeline\\Pipeline->Illuminate\\Pipeline\\{closure}(Object(Illuminate\\Http\\Request))
#34 D:\\1LuuDuLieuSV\\2001240399_TrinhHuuKienQuoc\\phplab\\buoi6\\Lab01_Framework\\vendor\\laravel\\framework\\src\\Illuminate\\Foundation\\Http\\Middleware\\TrimStrings.php(40): Illuminate\\Foundation\\Http\\Middleware\\TransformsRequest->handle(Object(Illuminate\\Http\\Request), Object(Closure))
#35 D:\\1LuuDuLieuSV\\2001240399_TrinhHuuKienQuoc\\phplab\\buoi6\\Lab01_Framework\\vendor\\laravel\\framework\\src\\Illuminate\\Pipeline\\Pipeline.php(167): Illuminate\\Foundation\\Http\\Middleware\\TrimStrings->handle(Object(Illuminate\\Http\\Request), Object(Closure))
#36 D:\\1LuuDuLieuSV\\2001240399_TrinhHuuKienQuoc\\phplab\\buoi6\\Lab01_Framework\\vendor\\laravel\\framework\\src\\Illuminate\\Foundation\\Http\\Middleware\\ValidatePostSize.php(27): Illuminate\\Pipeline\\Pipeline->Illuminate\\Pipeline\\{closure}(Object(Illuminate\\Http\\Request))
#37 D:\\1LuuDuLieuSV\\2001240399_TrinhHuuKienQuoc\\phplab\\buoi6\\Lab01_Framework\\vendor\\laravel\\framework\\src\\Illuminate\\Pipeline\\Pipeline.php(167): Illuminate\\Foundation\\Http\\Middleware\\ValidatePostSize->handle(Object(Illuminate\\Http\\Request), Object(Closure))
#38 D:\\1LuuDuLieuSV\\2001240399_TrinhHuuKienQuoc\\phplab\\buoi6\\Lab01_Framework\\vendor\\laravel\\framework\\src\\Illuminate\\Foundation\\Http\\Middleware\\PreventRequestsDuringMaintenance.php(86): Illuminate\\Pipeline\\Pipeline->Illuminate\\Pipeline\\{closure}(Object(Illuminate\\Http\\Request))
#39 D:\\1LuuDuLieuSV\\2001240399_TrinhHuuKienQuoc\\phplab\\buoi6\\Lab01_Framework\\vendor\\laravel\\framework\\src\\Illuminate\\Pipeline\\Pipeline.php(167): Illuminate\\Foundation\\Http\\Middleware\\PreventRequestsDuringMaintenance->handle(Object(Illuminate\\Http\\Request), Object(Closure))
#40 D:\\1LuuDuLieuSV\\2001240399_TrinhHuuKienQuoc\\phplab\\buoi6\\Lab01_Framework\\vendor\\fruitcake\\laravel-cors\\src\\HandleCors.php(38): Illuminate\\Pipeline\\Pipeline->Illuminate\\Pipeline\\{closure}(Object(Illuminate\\Http\\Request))
#41 D:\\1LuuDuLieuSV\\2001240399_TrinhHuuKienQuoc\\phplab\\buoi6\\Lab01_Framework\\vendor\\laravel\\framework\\src\\Illuminate\\Pipeline\\Pipeline.php(167): Fruitcake\\Cors\\HandleCors->handle(Object(Illuminate\\Http\\Request), Object(Closure))
#42 D:\\1LuuDuLieuSV\\2001240399_TrinhHuuKienQuoc\\phplab\\buoi6\\Lab01_Framework\\vendor\\laravel\\framework\\src\\Illuminate\\Http\\Middleware\\TrustProxies.php(39): Illuminate\\Pipeline\\Pipeline->Illuminate\\Pipeline\\{closure}(Object(Illuminate\\Http\\Request))
#43 D:\\1LuuDuLieuSV\\2001240399_TrinhHuuKienQuoc\\phplab\\buoi6\\Lab01_Framework\\vendor\\laravel\\framework\\src\\Illuminate\\Pipeline\\Pipeline.php(167): Illuminate\\Http\\Middleware\\TrustProxies->handle(Object(Illuminate\\Http\\Request), Object(Closure))
#44 D:\\1LuuDuLieuSV\\2001240399_TrinhHuuKienQuoc\\phplab\\buoi6\\Lab01_Framework\\vendor\\laravel\\framework\\src\\Illuminate\\Pipeline\\Pipeline.php(103): Illuminate\\Pipeline\\Pipeline->Illuminate\\Pipeline\\{closure}(Object(Illuminate\\Http\\Request))
#45 D:\\1LuuDuLieuSV\\2001240399_TrinhHuuKienQuoc\\phplab\\buoi6\\Lab01_Framework\\vendor\\laravel\\framework\\src\\Illuminate\\Foundation\\Http\\Kernel.php(142): Illuminate\\Pipeline\\Pipeline->then(Object(Closure))
#46 D:\\1LuuDuLieuSV\\2001240399_TrinhHuuKienQuoc\\phplab\\buoi6\\Lab01_Framework\\vendor\\laravel\\framework\\src\\Illuminate\\Foundation\\Http\\Kernel.php(111): Illuminate\\Foundation\\Http\\Kernel->sendRequestThroughRouter(Object(Illuminate\\Http\\Request))
#47 D:\\1LuuDuLieuSV\\2001240399_TrinhHuuKienQuoc\\phplab\\buoi6\\Lab01_Framework\\public\\index.php(52): Illuminate\\Foundation\\Http\\Kernel->handle(Object(Illuminate\\Http\\Request))
#48 D:\\1LuuDuLieuSV\\2001240399_TrinhHuuKienQuoc\\phplab\\buoi6\\Lab01_Framework\\server.php(21): require_once('D:\\\\1LuuDuLieuSV...')
#49 {main}
"} 
[2026-09-21 07:06:28] local.ERROR: View [artocles.create] not found. {"exception":"[object] (InvalidArgumentException(code: 0): View [artocles.create] not found. at D:\\1LuuDuLieuSV\\2001240399_TrinhHuuKienQuoc\\phplab\\buoi6\\Lab01_Framework\\vendor\\laravel\\framework\\src\\Illuminate\\View\\FileViewFinder.php:137)
[stacktrace]
#0 D:\\1LuuDuLieuSV\\2001240399_TrinhHuuKienQuoc\\phplab\\buoi6\\Lab01_Framework\\vendor\\laravel\\framework\\src\\Illuminate\\View\\FileViewFinder.php(79): Illuminate\\View\\FileViewFinder->findInPaths('artocles.create', Array)
#1 D:\\1LuuDuLieuSV\\2001240399_TrinhHuuKienQuoc\\phplab\\buoi6\\Lab01_Framework\\vendor\\laravel\\framework\\src\\Illuminate\\View\\Factory.php(138): Illuminate\\View\\FileViewFinder->find('artocles.create')
#2 D:\\1LuuDuLieuSV\\2001240399_TrinhHuuKienQuoc\\phplab\\buoi6\\Lab01_Framework\\vendor\\laravel\\framework\\src\\Illuminate\\Foundation\\helpers.php(932): Illuminate\\View\\Factory->make('artocles.create', Array, Array)
#3 D:\\1LuuDuLieuSV\\2001240399_TrinhHuuKienQuoc\\phplab\\buoi6\\Lab01_Framework\\app\\Http\\Controllers\\ArticleController.php(31): view('artocles.create')
#4 D:\\1LuuDuLieuSV\\2001240399_TrinhHuuKienQuoc\\phplab\\buoi6\\Lab01_Framework\\vendor\\laravel\\framework\\src\\Illuminate\\Routing\\Controller.php(54): App\\Http\\Controllers\\ArticleController->create()
#5 D:\\1LuuDuLieuSV\\2001240399_TrinhHuuKienQuoc\\phplab\\buoi6\\Lab01_Framework\\vendor\\laravel\\framework\\src\\Illuminate\\Routing\\ControllerDispatcher.php(45): Illuminate\\Routing\\Controller->callAction('create', Array)
#6 D:\\1LuuDuLieuSV\\2001240399_TrinhHuuKienQuoc\\phplab\\buoi6\\Lab01_Framework\\vendor\\laravel\\framework\\src\\Illuminate\\Routing\\Route.php(262): Illuminate\\Routing\\ControllerDispatcher->dispatch(Object(Illuminate\\Routing\\Route), Object(App\\Http\\Controllers\\ArticleController), 'create')
#7 D:\\1LuuDuLieuSV\\2001240399_TrinhHuuKienQuoc\\phplab\\buoi6\\Lab01_Framework\\vendor\\laravel\\framework\\src\\Illuminate\\Routing\\Route.php(205): Illuminate\\Routing\\Route->runController()
#8 D:\\1LuuDuLieuSV\\2001240399_TrinhHuuKienQuoc\\phplab\\buoi6\\Lab01_Framework\\vendor\\laravel\\framework\\src\\Illuminate\\Routing\\Router.php(721): Illuminate\\Routing\\Route->run()
#9 D:\\1LuuDuLieuSV\\2001240399_TrinhHuuKienQuoc\\phplab\\buoi6\\Lab01_Framework\\vendor\\laravel\\framework\\src\\Illuminate\\Pipeline\\Pipeline.php(128): Illuminate\\Routing\\Router->Illuminate\\Routing\\{closure}(Object(Illuminate\\Http\\Request))
#10 D:\\1LuuDuLieuSV\\2001240399_TrinhHuuKienQuoc\\phplab\\buoi6\\Lab01_Framework\\vendor\\laravel\\framework\\src\\Illuminate\\Routing\\Middleware\\SubstituteBindings.php(50): Illuminate\\Pipeline\\Pipeline->Illuminate\\Pipeline\\{closure}(Object(Illuminate\\Http\\Request))
#11 D:\\1LuuDuLieuSV\\2001240399_TrinhHuuKienQuoc\\phplab\\buoi6\\Lab01_Framework\\vendor\\laravel\\framework\\src\\Illuminate\\Pipeline\\Pipeline.php(167): Illuminate\\Routing\\Middleware\\SubstituteBindings->handle(Object(Illuminate\\Http\\Request), Object(Closure))
#12 D:\\1LuuDuLieuSV\\2001240399_TrinhHuuKienQuoc\\phplab\\buoi6\\Lab01_Framework\\vendor\\laravel\\framework\\src\\Illuminate\\Foundation\\Http\\Middleware\\VerifyCsrfToken.php(78): Illuminate\\Pipeline\\Pipeline->Illuminate\\Pipeline\\{closure}(Object(Illuminate\\Http\\Request))
#13 D:\\1LuuDuLieuSV\\2001240399_TrinhHuuKienQuoc\\phplab\\buoi6\\Lab01_Framework\\vendor\\laravel\\framework\\src\\Illuminate\\Pipeline\\Pipeline.php(167): Illuminate\\Foundation\\Http\\Middleware\\VerifyCsrfToken->handle(Object(Illuminate\\Http\\Request), Object(Closure))
#14 D:\\1LuuDuLieuSV\\2001240399_TrinhHuuKienQuoc\\phplab\\buoi6\\Lab01_Framework\\vendor\\laravel\\framework\\src\\Illuminate\\View\\Middleware\\ShareErrorsFromSession.php(49): Illuminate\\Pipeline\\Pipeline->Illuminate\\Pipeline\\{closure}(Object(Illuminate\\Http\\Request))
#15 D:\\1LuuDuLieuSV\\2001240399_TrinhHuuKienQuoc\\phplab\\buoi6\\Lab01_Framework\\vendor\\laravel\\framework\\src\\Illuminate\\Pipeline\\Pipeline.php(167): Illuminate\\View\\Middleware\\ShareErrorsFromSession->handle(Object(Illuminate\\Http\\Request), Object(Closure))
#16 D:\\1LuuDuLieuSV\\2001240399_TrinhHuuKienQuoc\\phplab\\buoi6\\Lab01_Framework\\vendor\\laravel\\framework\\src\\Illuminate\\Session\\Middleware\\StartSession.php(121): Illuminate\\Pipeline\\Pipeline->Illuminate\\Pipeline\\{closure}(Object(Illuminate\\Http\\Request))
#17 D:\\1LuuDuLieuSV\\2001240399_TrinhHuuKienQuoc\\phplab\\buoi6\\Lab01_Framework\\vendor\\laravel\\framework\\src\\Illuminate\\Session\\Middleware\\StartSession.php(64): Illuminate\\Session\\Middleware\\StartSession->handleStatefulRequest(Object(Illuminate\\Http\\Request), Object(Illuminate\\Session\\Store), Object(Closure))
#18 D:\\1LuuDuLieuSV\\2001240399_TrinhHuuKienQuoc\\phplab\\buoi6\\Lab01_Framework\\vendor\\laravel\\framework\\src\\Illuminate\\Pipeline\\Pipeline.php(167): Illuminate\\Session\\Middleware\\StartSession->handle(Object(Illuminate\\Http\\Request), Object(Closure))
#19 D:\\1LuuDuLieuSV\\2001240399_TrinhHuuKienQuoc\\phplab\\buoi6\\Lab01_Framework\\vendor\\laravel\\framework\\src\\Illuminate\\Cookie\\Middleware\\AddQueuedCookiesToResponse.php(37): Illuminate\\Pipeline\\Pipeline->Illuminate\\Pipeline\\{closure}(Object(Illuminate\\Http\\Request))
#20 D:\\1LuuDuLieuSV\\2001240399_TrinhHuuKienQuoc\\phplab\\buoi6\\Lab01_Framework\\vendor\\laravel\\framework\\src\\Illuminate\\Pipeline\\Pipeline.php(167): Illuminate\\Cookie\\Middleware\\AddQueuedCookiesToResponse->handle(Object(Illuminate\\Http\\Request), Object(Closure))
#21 D:\\1LuuDuLieuSV\\2001240399_TrinhHuuKienQuoc\\phplab\\buoi6\\Lab01_Framework\\vendor\\laravel\\framework\\src\\Illuminate\\Cookie\\Middleware\\EncryptCookies.php(67): Illuminate\\Pipeline\\Pipeline->Illuminate\\Pipeline\\{closure}(Object(Illuminate\\Http\\Request))
#22 D:\\1LuuDuLieuSV\\2001240399_TrinhHuuKienQuoc\\phplab\\buoi6\\Lab01_Framework\\vendor\\laravel\\framework\\src\\Illuminate\\Pipeline\\Pipeline.php(167): Illuminate\\Cookie\\Middleware\\EncryptCookies->handle(Object(Illuminate\\Http\\Request), Object(Closure))
#23 D:\\1LuuDuLieuSV\\2001240399_TrinhHuuKienQuoc\\phplab\\buoi6\\Lab01_Framework\\vendor\\laravel\\framework\\src\\Illuminate\\Pipeline\\Pipeline.php(103): Illuminate\\Pipeline\\Pipeline->Illuminate\\Pipeline\\{closure}(Object(Illuminate\\Http\\Request))
#24 D:\\1LuuDuLieuSV\\2001240399_TrinhHuuKienQuoc\\phplab\\buoi6\\Lab01_Framework\\vendor\\laravel\\framework\\src\\Illuminate\\Routing\\Router.php(723): Illuminate\\Pipeline\\Pipeline->then(Object(Closure))
#25 D:\\1LuuDuLieuSV\\2001240399_TrinhHuuKienQuoc\\phplab\\buoi6\\Lab01_Framework\\vendor\\laravel\\framework\\src\\Illuminate\\Routing\\Router.php(698): Illuminate\\Routing\\Router->runRouteWithinStack(Object(Illuminate\\Routing\\Route), Object(Illuminate\\Http\\Request))
#26 D:\\1LuuDuLieuSV\\2001240399_TrinhHuuKienQuoc\\phplab\\buoi6\\Lab01_Framework\\vendor\\laravel\\framework\\src\\Illuminate\\Routing\\Router.php(662): Illuminate\\Routing\\Router->runRoute(Object(Illuminate\\Http\\Request), Object(Illuminate\\Routing\\Route))
#27 D:\\1LuuDuLieuSV\\2001240399_TrinhHuuKienQuoc\\phplab\\buoi6\\Lab01_Framework\\vendor\\laravel\\framework\\src\\Illuminate\\Routing\\Router.php(651): Illuminate\\Routing\\Router->dispatchToRoute(Object(Illuminate\\Http\\Request))
#28 D:\\1LuuDuLieuSV\\2001240399_TrinhHuuKienQuoc\\phplab\\buoi6\\Lab01_Framework\\vendor\\laravel\\framework\\src\\Illuminate\\Foundation\\Http\\Kernel.php(167): Illuminate\\Routing\\Router->dispatch(Object(Illuminate\\Http\\Request))
#29 D:\\1LuuDuLieuSV\\2001240399_TrinhHuuKienQuoc\\phplab\\buoi6\\Lab01_Framework\\vendor\\laravel\\framework\\src\\Illuminate\\Pipeline\\Pipeline.php(128): Illuminate\\Foundation\\Http\\Kernel->Illuminate\\Foundation\\Http\\{closure}(Object(Illuminate\\Http\\Request))
#30 D:\\1LuuDuLieuSV\\2001240399_TrinhHuuKienQuoc\\phplab\\buoi6\\Lab01_Framework\\vendor\\laravel\\framework\\src\\Illuminate\\Foundation\\Http\\Middleware\\TransformsRequest.php(21): Illuminate\\Pipeline\\Pipeline->Illuminate\\Pipeline\\{closure}(Object(Illuminate\\Http\\Request))
#31 D:\\1LuuDuLieuSV\\2001240399_TrinhHuuKienQuoc\\phplab\\buoi6\\Lab01_Framework\\vendor\\laravel\\framework\\src\\Illuminate\\Foundation\\Http\\Middleware\\ConvertEmptyStringsToNull.php(31): Illuminate\\Foundation\\Http\\Middleware\\TransformsRequest->handle(Object(Illuminate\\Http\\Request), Object(Closure))
#32 D:\\1LuuDuLieuSV\\2001240399_TrinhHuuKienQuoc\\phplab\\buoi6\\Lab01_Framework\\vendor\\laravel\\framework\\src\\Illuminate\\Pipeline\\Pipeline.php(167): Illuminate\\Foundation\\Http\\Middleware\\ConvertEmptyStringsToNull->handle(Object(Illuminate\\Http\\Request), Object(Closure))
#33 D:\\1LuuDuLieuSV\\2001240399_TrinhHuuKienQuoc\\phplab\\buoi6\\Lab01_Framework\\vendor\\laravel\\framework\\src\\Illuminate\\Foundation\\Http\\Middleware\\TransformsRequest.php(21): Illuminate\\Pipeline\\Pipeline->Illuminate\\Pipeline\\{closure}(Object(Illuminate\\Http\\Request))
#34 D:\\1LuuDuLieuSV\\2001240399_TrinhHuuKienQuoc\\phplab\\buoi6\\Lab01_Framework\\vendor\\laravel\\framework\\src\\Illuminate\\Foundation\\Http\\Middleware\\TrimStrings.php(40): Illuminate\\Foundation\\Http\\Middleware\\TransformsRequest->handle(Object(Illuminate\\Http\\Request), Object(Closure))
#35 D:\\1LuuDuLieuSV\\2001240399_TrinhHuuKienQuoc\\phplab\\buoi6\\Lab01_Framework\\vendor\\laravel\\framework\\src\\Illuminate\\Pipeline\\Pipeline.php(167): Illuminate\\Foundation\\Http\\Middleware\\TrimStrings->handle(Object(Illuminate\\Http\\Request), Object(Closure))
#36 D:\\1LuuDuLieuSV\\2001240399_TrinhHuuKienQuoc\\phplab\\buoi6\\Lab01_Framework\\vendor\\laravel\\framework\\src\\Illuminate\\Foundation\\Http\\Middleware\\ValidatePostSize.php(27): Illuminate\\Pipeline\\Pipeline->Illuminate\\Pipeline\\{closure}(Object(Illuminate\\Http\\Request))
#37 D:\\1LuuDuLieuSV\\2001240399_TrinhHuuKienQuoc\\phplab\\buoi6\\Lab01_Framework\\vendor\\laravel\\framework\\src\\Illuminate\\Pipeline\\Pipeline.php(167): Illuminate\\Foundation\\Http\\Middleware\\ValidatePostSize->handle(Object(Illuminate\\Http\\Request), Object(Closure))
#38 D:\\1LuuDuLieuSV\\2001240399_TrinhHuuKienQuoc\\phplab\\buoi6\\Lab01_Framework\\vendor\\laravel\\framework\\src\\Illuminate\\Foundation\\Http\\Middleware\\PreventRequestsDuringMaintenance.php(86): Illuminate\\Pipeline\\Pipeline->Illuminate\\Pipeline\\{closure}(Object(Illuminate\\Http\\Request))
#39 D:\\1LuuDuLieuSV\\2001240399_TrinhHuuKienQuoc\\phplab\\buoi6\\Lab01_Framework\\vendor\\laravel\\framework\\src\\Illuminate\\Pipeline\\Pipeline.php(167): Illuminate\\Foundation\\Http\\Middleware\\PreventRequestsDuringMaintenance->handle(Object(Illuminate\\Http\\Request), Object(Closure))
#40 D:\\1LuuDuLieuSV\\2001240399_TrinhHuuKienQuoc\\phplab\\buoi6\\Lab01_Framework\\vendor\\fruitcake\\laravel-cors\\src\\HandleCors.php(38): Illuminate\\Pipeline\\Pipeline->Illuminate\\Pipeline\\{closure}(Object(Illuminate\\Http\\Request))
#41 D:\\1LuuDuLieuSV\\2001240399_TrinhHuuKienQuoc\\phplab\\buoi6\\Lab01_Framework\\vendor\\laravel\\framework\\src\\Illuminate\\Pipeline\\Pipeline.php(167): Fruitcake\\Cors\\HandleCors->handle(Object(Illuminate\\Http\\Request), Object(Closure))
#42 D:\\1LuuDuLieuSV\\2001240399_TrinhHuuKienQuoc\\phplab\\buoi6\\Lab01_Framework\\vendor\\laravel\\framework\\src\\Illuminate\\Http\\Middleware\\TrustProxies.php(39): Illuminate\\Pipeline\\Pipeline->Illuminate\\Pipeline\\{closure}(Object(Illuminate\\Http\\Request))
#43 D:\\1LuuDuLieuSV\\2001240399_TrinhHuuKienQuoc\\phplab\\buoi6\\Lab01_Framework\\vendor\\laravel\\framework\\src\\Illuminate\\Pipeline\\Pipeline.php(167): Illuminate\\Http\\Middleware\\TrustProxies->handle(Object(Illuminate\\Http\\Request), Object(Closure))
#44 D:\\1LuuDuLieuSV\\2001240399_TrinhHuuKienQuoc\\phplab\\buoi6\\Lab01_Framework\\vendor\\laravel\\framework\\src\\Illuminate\\Pipeline\\Pipeline.php(103): Illuminate\\Pipeline\\Pipeline->Illuminate\\Pipeline\\{closure}(Object(Illuminate\\Http\\Request))
#45 D:\\1LuuDuLieuSV\\2001240399_TrinhHuuKienQuoc\\phplab\\buoi6\\Lab01_Framework\\vendor\\laravel\\framework\\src\\Illuminate\\Foundation\\Http\\Kernel.php(142): Illuminate\\Pipeline\\Pipeline->then(Object(Closure))
#46 D:\\1LuuDuLieuSV\\2001240399_TrinhHuuKienQuoc\\phplab\\buoi6\\Lab01_Framework\\vendor\\laravel\\framework\\src\\Illuminate\\Foundation\\Http\\Kernel.php(111): Illuminate\\Foundation\\Http\\Kernel->sendRequestThroughRouter(Object(Illuminate\\Http\\Request))
#47 D:\\1LuuDuLieuSV\\2001240399_TrinhHuuKienQuoc\\phplab\\buoi6\\Lab01_Framework\\public\\index.php(52): Illuminate\\Foundation\\Http\\Kernel->handle(Object(Illuminate\\Http\\Request))
#48 D:\\1LuuDuLieuSV\\2001240399_TrinhHuuKienQuoc\\phplab\\buoi6\\Lab01_Framework\\server.php(21): require_once('D:\\\\1LuuDuLieuSV...')
#49 {main}
"} 
[2026-09-21 07:06:29] local.ERROR: View [artocles.create] not found. {"exception":"[object] (InvalidArgumentException(code: 0): View [artocles.create] not found. at D:\\1LuuDuLieuSV\\2001240399_TrinhHuuKienQuoc\\phplab\\buoi6\\Lab01_Framework\\vendor\\laravel\\framework\\src\\Illuminate\\View\\FileViewFinder.php:137)
[stacktrace]
#0 D:\\1LuuDuLieuSV\\2001240399_TrinhHuuKienQuoc\\phplab\\buoi6\\Lab01_Framework\\vendor\\laravel\\framework\\src\\Illuminate\\View\\FileViewFinder.php(79): Illuminate\\View\\FileViewFinder->findInPaths('artocles.create', Array)
#1 D:\\1LuuDuLieuSV\\2001240399_TrinhHuuKienQuoc\\phplab\\buoi6\\Lab01_Framework\\vendor\\laravel\\framework\\src\\Illuminate\\View\\Factory.php(138): Illuminate\\View\\FileViewFinder->find('artocles.create')
#2 D:\\1LuuDuLieuSV\\2001240399_TrinhHuuKienQuoc\\phplab\\buoi6\\Lab01_Framework\\vendor\\laravel\\framework\\src\\Illuminate\\Foundation\\helpers.php(932): Illuminate\\View\\Factory->make('artocles.create', Array, Array)
#3 D:\\1LuuDuLieuSV\\2001240399_TrinhHuuKienQuoc\\phplab\\buoi6\\Lab01_Framework\\app\\Http\\Controllers\\ArticleController.php(31): view('artocles.create')
#4 D:\\1LuuDuLieuSV\\2001240399_TrinhHuuKienQuoc\\phplab\\buoi6\\Lab01_Framework\\vendor\\laravel\\framework\\src\\Illuminate\\Routing\\Controller.php(54): App\\Http\\Controllers\\ArticleController->create()
#5 D:\\1LuuDuLieuSV\\2001240399_TrinhHuuKienQuoc\\phplab\\buoi6\\Lab01_Framework\\vendor\\laravel\\framework\\src\\Illuminate\\Routing\\ControllerDispatcher.php(45): Illuminate\\Routing\\Controller->callAction('create', Array)
#6 D:\\1LuuDuLieuSV\\2001240399_TrinhHuuKienQuoc\\phplab\\buoi6\\Lab01_Framework\\vendor\\laravel\\framework\\src\\Illuminate\\Routing\\Route.php(262): Illuminate\\Routing\\ControllerDispatcher->dispatch(Object(Illuminate\\Routing\\Route), Object(App\\Http\\Controllers\\ArticleController), 'create')
#7 D:\\1LuuDuLieuSV\\2001240399_TrinhHuuKienQuoc\\phplab\\buoi6\\Lab01_Framework\\vendor\\laravel\\framework\\src\\Illuminate\\Routing\\Route.php(205): Illuminate\\Routing\\Route->runController()
#8 D:\\1LuuDuLieuSV\\2001240399_TrinhHuuKienQuoc\\phplab\\buoi6\\Lab01_Framework\\vendor\\laravel\\framework\\src\\Illuminate\\Routing\\Router.php(721): Illuminate\\Routing\\Route->run()
#9 D:\\1LuuDuLieuSV\\2001240399_TrinhHuuKienQuoc\\phplab\\buoi6\\Lab01_Framework\\vendor\\laravel\\framework\\src\\Illuminate\\Pipeline\\Pipeline.php(128): Illuminate\\Routing\\Router->Illuminate\\Routing\\{closure}(Object(Illuminate\\Http\\Request))
#10 D:\\1LuuDuLieuSV\\2001240399_TrinhHuuKienQuoc\\phplab\\buoi6\\Lab01_Framework\\vendor\\laravel\\framework\\src\\Illuminate\\Routing\\Middleware\\SubstituteBindings.php(50): Illuminate\\Pipeline\\Pipeline->Illuminate\\Pipeline\\{closure}(Object(Illuminate\\Http\\Request))
#11 D:\\1LuuDuLieuSV\\2001240399_TrinhHuuKienQuoc\\phplab\\buoi6\\Lab01_Framework\\vendor\\laravel\\framework\\src\\Illuminate\\Pipeline\\Pipeline.php(167): Illuminate\\Routing\\Middleware\\SubstituteBindings->handle(Object(Illuminate\\Http\\Request), Object(Closure))
#12 D:\\1LuuDuLieuSV\\2001240399_TrinhHuuKienQuoc\\phplab\\buoi6\\Lab01_Framework\\vendor\\laravel\\framework\\src\\Illuminate\\Foundation\\Http\\Middleware\\VerifyCsrfToken.php(78): Illuminate\\Pipeline\\Pipeline->Illuminate\\Pipeline\\{closure}(Object(Illuminate\\Http\\Request))
#13 D:\\1LuuDuLieuSV\\2001240399_TrinhHuuKienQuoc\\phplab\\buoi6\\Lab01_Framework\\vendor\\laravel\\framework\\src\\Illuminate\\Pipeline\\Pipeline.php(167): Illuminate\\Foundation\\Http\\Middleware\\VerifyCsrfToken->handle(Object(Illuminate\\Http\\Request), Object(Closure))
#14 D:\\1LuuDuLieuSV\\2001240399_TrinhHuuKienQuoc\\phplab\\buoi6\\Lab01_Framework\\vendor\\laravel\\framework\\src\\Illuminate\\View\\Middleware\\ShareErrorsFromSession.php(49): Illuminate\\Pipeline\\Pipeline->Illuminate\\Pipeline\\{closure}(Object(Illuminate\\Http\\Request))
#15 D:\\1LuuDuLieuSV\\2001240399_TrinhHuuKienQuoc\\phplab\\buoi6\\Lab01_Framework\\vendor\\laravel\\framework\\src\\Illuminate\\Pipeline\\Pipeline.php(167): Illuminate\\View\\Middleware\\ShareErrorsFromSession->handle(Object(Illuminate\\Http\\Request), Object(Closure))
#16 D:\\1LuuDuLieuSV\\2001240399_TrinhHuuKienQuoc\\phplab\\buoi6\\Lab01_Framework\\vendor\\laravel\\framework\\src\\Illuminate\\Session\\Middleware\\StartSession.php(121): Illuminate\\Pipeline\\Pipeline->Illuminate\\Pipeline\\{closure}(Object(Illuminate\\Http\\Request))
#17 D:\\1LuuDuLieuSV\\2001240399_TrinhHuuKienQuoc\\phplab\\buoi6\\Lab01_Framework\\vendor\\laravel\\framework\\src\\Illuminate\\Session\\Middleware\\StartSession.php(64): Illuminate\\Session\\Middleware\\StartSession->handleStatefulRequest(Object(Illuminate\\Http\\Request), Object(Illuminate\\Session\\Store), Object(Closure))
#18 D:\\1LuuDuLieuSV\\2001240399_TrinhHuuKienQuoc\\phplab\\buoi6\\Lab01_Framework\\vendor\\laravel\\framework\\src\\Illuminate\\Pipeline\\Pipeline.php(167): Illuminate\\Session\\Middleware\\StartSession->handle(Object(Illuminate\\Http\\Request), Object(Closure))
#19 D:\\1LuuDuLieuSV\\2001240399_TrinhHuuKienQuoc\\phplab\\buoi6\\Lab01_Framework\\vendor\\laravel\\framework\\src\\Illuminate\\Cookie\\Middleware\\AddQueuedCookiesToResponse.php(37): Illuminate\\Pipeline\\Pipeline->Illuminate\\Pipeline\\{closure}(Object(Illuminate\\Http\\Request))
#20 D:\\1LuuDuLieuSV\\2001240399_TrinhHuuKienQuoc\\phplab\\buoi6\\Lab01_Framework\\vendor\\laravel\\framework\\src\\Illuminate\\Pipeline\\Pipeline.php(167): Illuminate\\Cookie\\Middleware\\AddQueuedCookiesToResponse->handle(Object(Illuminate\\Http\\Request), Object(Closure))
#21 D:\\1LuuDuLieuSV\\2001240399_TrinhHuuKienQuoc\\phplab\\buoi6\\Lab01_Framework\\vendor\\laravel\\framework\\src\\Illuminate\\Cookie\\Middleware\\EncryptCookies.php(67): Illuminate\\Pipeline\\Pipeline->Illuminate\\Pipeline\\{closure}(Object(Illuminate\\Http\\Request))
#22 D:\\1LuuDuLieuSV\\2001240399_TrinhHuuKienQuoc\\phplab\\buoi6\\Lab01_Framework\\vendor\\laravel\\framework\\src\\Illuminate\\Pipeline\\Pipeline.php(167): Illuminate\\Cookie\\Middleware\\EncryptCookies->handle(Object(Illuminate\\Http\\Request), Object(Closure))
#23 D:\\1LuuDuLieuSV\\2001240399_TrinhHuuKienQuoc\\phplab\\buoi6\\Lab01_Framework\\vendor\\laravel\\framework\\src\\Illuminate\\Pipeline\\Pipeline.php(103): Illuminate\\Pipeline\\Pipeline->Illuminate\\Pipeline\\{closure}(Object(Illuminate\\Http\\Request))
#24 D:\\1LuuDuLieuSV\\2001240399_TrinhHuuKienQuoc\\phplab\\buoi6\\Lab01_Framework\\vendor\\laravel\\framework\\src\\Illuminate\\Routing\\Router.php(723): Illuminate\\Pipeline\\Pipeline->then(Object(Closure))
#25 D:\\1LuuDuLieuSV\\2001240399_TrinhHuuKienQuoc\\phplab\\buoi6\\Lab01_Framework\\vendor\\laravel\\framework\\src\\Illuminate\\Routing\\Router.php(698): Illuminate\\Routing\\Router->runRouteWithinStack(Object(Illuminate\\Routing\\Route), Object(Illuminate\\Http\\Request))
#26 D:\\1LuuDuLieuSV\\2001240399_TrinhHuuKienQuoc\\phplab\\buoi6\\Lab01_Framework\\vendor\\laravel\\framework\\src\\Illuminate\\Routing\\Router.php(662): Illuminate\\Routing\\Router->runRoute(Object(Illuminate\\Http\\Request), Object(Illuminate\\Routing\\Route))
#27 D:\\1LuuDuLieuSV\\2001240399_TrinhHuuKienQuoc\\phplab\\buoi6\\Lab01_Framework\\vendor\\laravel\\framework\\src\\Illuminate\\Routing\\Router.php(651): Illuminate\\Routing\\Router->dispatchToRoute(Object(Illuminate\\Http\\Request))
#28 D:\\1LuuDuLieuSV\\2001240399_TrinhHuuKienQuoc\\phplab\\buoi6\\Lab01_Framework\\vendor\\laravel\\framework\\src\\Illuminate\\Foundation\\Http\\Kernel.php(167): Illuminate\\Routing\\Router->dispatch(Object(Illuminate\\Http\\Request))
#29 D:\\1LuuDuLieuSV\\2001240399_TrinhHuuKienQuoc\\phplab\\buoi6\\Lab01_Framework\\vendor\\laravel\\framework\\src\\Illuminate\\Pipeline\\Pipeline.php(128): Illuminate\\Foundation\\Http\\Kernel->Illuminate\\Foundation\\Http\\{closure}(Object(Illuminate\\Http\\Request))
#30 D:\\1LuuDuLieuSV\\2001240399_TrinhHuuKienQuoc\\phplab\\buoi6\\Lab01_Framework\\vendor\\laravel\\framework\\src\\Illuminate\\Foundation\\Http\\Middleware\\TransformsRequest.php(21): Illuminate\\Pipeline\\Pipeline->Illuminate\\Pipeline\\{closure}(Object(Illuminate\\Http\\Request))
#31 D:\\1LuuDuLieuSV\\2001240399_TrinhHuuKienQuoc\\phplab\\buoi6\\Lab01_Framework\\vendor\\laravel\\framework\\src\\Illuminate\\Foundation\\Http\\Middleware\\ConvertEmptyStringsToNull.php(31): Illuminate\\Foundation\\Http\\Middleware\\TransformsRequest->handle(Object(Illuminate\\Http\\Request), Object(Closure))
#32 D:\\1LuuDuLieuSV\\2001240399_TrinhHuuKienQuoc\\phplab\\buoi6\\Lab01_Framework\\vendor\\laravel\\framework\\src\\Illuminate\\Pipeline\\Pipeline.php(167): Illuminate\\Foundation\\Http\\Middleware\\ConvertEmptyStringsToNull->handle(Object(Illuminate\\Http\\Request), Object(Closure))
#33 D:\\1LuuDuLieuSV\\2001240399_TrinhHuuKienQuoc\\phplab\\buoi6\\Lab01_Framework\\vendor\\laravel\\framework\\src\\Illuminate\\Foundation\\Http\\Middleware\\TransformsRequest.php(21): Illuminate\\Pipeline\\Pipeline->Illuminate\\Pipeline\\{closure}(Object(Illuminate\\Http\\Request))
#34 D:\\1LuuDuLieuSV\\2001240399_TrinhHuuKienQuoc\\phplab\\buoi6\\Lab01_Framework\\vendor\\laravel\\framework\\src\\Illuminate\\Foundation\\Http\\Middleware\\TrimStrings.php(40): Illuminate\\Foundation\\Http\\Middleware\\TransformsRequest->handle(Object(Illuminate\\Http\\Request), Object(Closure))
#35 D:\\1LuuDuLieuSV\\2001240399_TrinhHuuKienQuoc\\phplab\\buoi6\\Lab01_Framework\\vendor\\laravel\\framework\\src\\Illuminate\\Pipeline\\Pipeline.php(167): Illuminate\\Foundation\\Http\\Middleware\\TrimStrings->handle(Object(Illuminate\\Http\\Request), Object(Closure))
#36 D:\\1LuuDuLieuSV\\2001240399_TrinhHuuKienQuoc\\phplab\\buoi6\\Lab01_Framework\\vendor\\laravel\\framework\\src\\Illuminate\\Foundation\\Http\\Middleware\\ValidatePostSize.php(27): Illuminate\\Pipeline\\Pipeline->Illuminate\\Pipeline\\{closure}(Object(Illuminate\\Http\\Request))
#37 D:\\1LuuDuLieuSV\\2001240399_TrinhHuuKienQuoc\\phplab\\buoi6\\Lab01_Framework\\vendor\\laravel\\framework\\src\\Illuminate\\Pipeline\\Pipeline.php(167): Illuminate\\Foundation\\Http\\Middleware\\ValidatePostSize->handle(Object(Illuminate\\Http\\Request), Object(Closure))
#38 D:\\1LuuDuLieuSV\\2001240399_TrinhHuuKienQuoc\\phplab\\buoi6\\Lab01_Framework\\vendor\\laravel\\framework\\src\\Illuminate\\Foundation\\Http\\Middleware\\PreventRequestsDuringMaintenance.php(86): Illuminate\\Pipeline\\Pipeline->Illuminate\\Pipeline\\{closure}(Object(Illuminate\\Http\\Request))
#39 D:\\1LuuDuLieuSV\\2001240399_TrinhHuuKienQuoc\\phplab\\buoi6\\Lab01_Framework\\vendor\\laravel\\framework\\src\\Illuminate\\Pipeline\\Pipeline.php(167): Illuminate\\Foundation\\Http\\Middleware\\PreventRequestsDuringMaintenance->handle(Object(Illuminate\\Http\\Request), Object(Closure))
#40 D:\\1LuuDuLieuSV\\2001240399_TrinhHuuKienQuoc\\phplab\\buoi6\\Lab01_Framework\\vendor\\fruitcake\\laravel-cors\\src\\HandleCors.php(38): Illuminate\\Pipeline\\Pipeline->Illuminate\\Pipeline\\{closure}(Object(Illuminate\\Http\\Request))
#41 D:\\1LuuDuLieuSV\\2001240399_TrinhHuuKienQuoc\\phplab\\buoi6\\Lab01_Framework\\vendor\\laravel\\framework\\src\\Illuminate\\Pipeline\\Pipeline.php(167): Fruitcake\\Cors\\HandleCors->handle(Object(Illuminate\\Http\\Request), Object(Closure))
#42 D:\\1LuuDuLieuSV\\2001240399_TrinhHuuKienQuoc\\phplab\\buoi6\\Lab01_Framework\\vendor\\laravel\\framework\\src\\Illuminate\\Http\\Middleware\\TrustProxies.php(39): Illuminate\\Pipeline\\Pipeline->Illuminate\\Pipeline\\{closure}(Object(Illuminate\\Http\\Request))
#43 D:\\1LuuDuLieuSV\\2001240399_TrinhHuuKienQuoc\\phplab\\buoi6\\Lab01_Framework\\vendor\\laravel\\framework\\src\\Illuminate\\Pipeline\\Pipeline.php(167): Illuminate\\Http\\Middleware\\TrustProxies->handle(Object(Illuminate\\Http\\Request), Object(Closure))
#44 D:\\1LuuDuLieuSV\\2001240399_TrinhHuuKienQuoc\\phplab\\buoi6\\Lab01_Framework\\vendor\\laravel\\framework\\src\\Illuminate\\Pipeline\\Pipeline.php(103): Illuminate\\Pipeline\\Pipeline->Illuminate\\Pipeline\\{closure}(Object(Illuminate\\Http\\Request))
#45 D:\\1LuuDuLieuSV\\2001240399_TrinhHuuKienQuoc\\phplab\\buoi6\\Lab01_Framework\\vendor\\laravel\\framework\\src\\Illuminate\\Foundation\\Http\\Kernel.php(142): Illuminate\\Pipeline\\Pipeline->then(Object(Closure))
#46 D:\\1LuuDuLieuSV\\2001240399_TrinhHuuKienQuoc\\phplab\\buoi6\\Lab01_Framework\\vendor\\laravel\\framework\\src\\Illuminate\\Foundation\\Http\\Kernel.php(111): Illuminate\\Foundation\\Http\\Kernel->sendRequestThroughRouter(Object(Illuminate\\Http\\Request))
#47 D:\\1LuuDuLieuSV\\2001240399_TrinhHuuKienQuoc\\phplab\\buoi6\\Lab01_Framework\\public\\index.php(52): Illuminate\\Foundation\\Http\\Kernel->handle(Object(Illuminate\\Http\\Request))
#48 D:\\1LuuDuLieuSV\\2001240399_TrinhHuuKienQuoc\\phplab\\buoi6\\Lab01_Framework\\server.php(21): require_once('D:\\\\1LuuDuLieuSV...')
#49 {main}
"} 
[2026-09-21 07:06:29] local.ERROR: View [artocles.create] not found. {"exception":"[object] (InvalidArgumentException(code: 0): View [artocles.create] not found. at D:\\1LuuDuLieuSV\\2001240399_TrinhHuuKienQuoc\\phplab\\buoi6\\Lab01_Framework\\vendor\\laravel\\framework\\src\\Illuminate\\View\\FileViewFinder.php:137)
[stacktrace]
#0 D:\\1LuuDuLieuSV\\2001240399_TrinhHuuKienQuoc\\phplab\\buoi6\\Lab01_Framework\\vendor\\laravel\\framework\\src\\Illuminate\\View\\FileViewFinder.php(79): Illuminate\\View\\FileViewFinder->findInPaths('artocles.create', Array)
#1 D:\\1LuuDuLieuSV\\2001240399_TrinhHuuKienQuoc\\phplab\\buoi6\\Lab01_Framework\\vendor\\laravel\\framework\\src\\Illuminate\\View\\Factory.php(138): Illuminate\\View\\FileViewFinder->find('artocles.create')
#2 D:\\1LuuDuLieuSV\\2001240399_TrinhHuuKienQuoc\\phplab\\buoi6\\Lab01_Framework\\vendor\\laravel\\framework\\src\\Illuminate\\Foundation\\helpers.php(932): Illuminate\\View\\Factory->make('artocles.create', Array, Array)
#3 D:\\1LuuDuLieuSV\\2001240399_TrinhHuuKienQuoc\\phplab\\buoi6\\Lab01_Framework\\app\\Http\\Controllers\\ArticleController.php(31): view('artocles.create')
#4 D:\\1LuuDuLieuSV\\2001240399_TrinhHuuKienQuoc\\phplab\\buoi6\\Lab01_Framework\\vendor\\laravel\\framework\\src\\Illuminate\\Routing\\Controller.php(54): App\\Http\\Controllers\\ArticleController->create()
#5 D:\\1LuuDuLieuSV\\2001240399_TrinhHuuKienQuoc\\phplab\\buoi6\\Lab01_Framework\\vendor\\laravel\\framework\\src\\Illuminate\\Routing\\ControllerDispatcher.php(45): Illuminate\\Routing\\Controller->callAction('create', Array)
#6 D:\\1LuuDuLieuSV\\2001240399_TrinhHuuKienQuoc\\phplab\\buoi6\\Lab01_Framework\\vendor\\laravel\\framework\\src\\Illuminate\\Routing\\Route.php(262): Illuminate\\Routing\\ControllerDispatcher->dispatch(Object(Illuminate\\Routing\\Route), Object(App\\Http\\Controllers\\ArticleController), 'create')
#7 D:\\1LuuDuLieuSV\\2001240399_TrinhHuuKienQuoc\\phplab\\buoi6\\Lab01_Framework\\vendor\\laravel\\framework\\src\\Illuminate\\Routing\\Route.php(205): Illuminate\\Routing\\Route->runController()
#8 D:\\1LuuDuLieuSV\\2001240399_TrinhHuuKienQuoc\\phplab\\buoi6\\Lab01_Framework\\vendor\\laravel\\framework\\src\\Illuminate\\Routing\\Router.php(721): Illuminate\\Routing\\Route->run()
#9 D:\\1LuuDuLieuSV\\2001240399_TrinhHuuKienQuoc\\phplab\\buoi6\\Lab01_Framework\\vendor\\laravel\\framework\\src\\Illuminate\\Pipeline\\Pipeline.php(128): Illuminate\\Routing\\Router->Illuminate\\Routing\\{closure}(Object(Illuminate\\Http\\Request))
#10 D:\\1LuuDuLieuSV\\2001240399_TrinhHuuKienQuoc\\phplab\\buoi6\\Lab01_Framework\\vendor\\laravel\\framework\\src\\Illuminate\\Routing\\Middleware\\SubstituteBindings.php(50): Illuminate\\Pipeline\\Pipeline->Illuminate\\Pipeline\\{closure}(Object(Illuminate\\Http\\Request))
#11 D:\\1LuuDuLieuSV\\2001240399_TrinhHuuKienQuoc\\phplab\\buoi6\\Lab01_Framework\\vendor\\laravel\\framework\\src\\Illuminate\\Pipeline\\Pipeline.php(167): Illuminate\\Routing\\Middleware\\SubstituteBindings->handle(Object(Illuminate\\Http\\Request), Object(Closure))
#12 D:\\1LuuDuLieuSV\\2001240399_TrinhHuuKienQuoc\\phplab\\buoi6\\Lab01_Framework\\vendor\\laravel\\framework\\src\\Illuminate\\Foundation\\Http\\Middleware\\VerifyCsrfToken.php(78): Illuminate\\Pipeline\\Pipeline->Illuminate\\Pipeline\\{closure}(Object(Illuminate\\Http\\Request))
#13 D:\\1LuuDuLieuSV\\2001240399_TrinhHuuKienQuoc\\phplab\\buoi6\\Lab01_Framework\\vendor\\laravel\\framework\\src\\Illuminate\\Pipeline\\Pipeline.php(167): Illuminate\\Foundation\\Http\\Middleware\\VerifyCsrfToken->handle(Object(Illuminate\\Http\\Request), Object(Closure))
#14 D:\\1LuuDuLieuSV\\2001240399_TrinhHuuKienQuoc\\phplab\\buoi6\\Lab01_Framework\\vendor\\laravel\\framework\\src\\Illuminate\\View\\Middleware\\ShareErrorsFromSession.php(49): Illuminate\\Pipeline\\Pipeline->Illuminate\\Pipeline\\{closure}(Object(Illuminate\\Http\\Request))
#15 D:\\1LuuDuLieuSV\\2001240399_TrinhHuuKienQuoc\\phplab\\buoi6\\Lab01_Framework\\vendor\\laravel\\framework\\src\\Illuminate\\Pipeline\\Pipeline.php(167): Illuminate\\View\\Middleware\\ShareErrorsFromSession->handle(Object(Illuminate\\Http\\Request), Object(Closure))
#16 D:\\1LuuDuLieuSV\\2001240399_TrinhHuuKienQuoc\\phplab\\buoi6\\Lab01_Framework\\vendor\\laravel\\framework\\src\\Illuminate\\Session\\Middleware\\StartSession.php(121): Illuminate\\Pipeline\\Pipeline->Illuminate\\Pipeline\\{closure}(Object(Illuminate\\Http\\Request))
#17 D:\\1LuuDuLieuSV\\2001240399_TrinhHuuKienQuoc\\phplab\\buoi6\\Lab01_Framework\\vendor\\laravel\\framework\\src\\Illuminate\\Session\\Middleware\\StartSession.php(64): Illuminate\\Session\\Middleware\\StartSession->handleStatefulRequest(Object(Illuminate\\Http\\Request), Object(Illuminate\\Session\\Store), Object(Closure))
#18 D:\\1LuuDuLieuSV\\2001240399_TrinhHuuKienQuoc\\phplab\\buoi6\\Lab01_Framework\\vendor\\laravel\\framework\\src\\Illuminate\\Pipeline\\Pipeline.php(167): Illuminate\\Session\\Middleware\\StartSession->handle(Object(Illuminate\\Http\\Request), Object(Closure))
#19 D:\\1LuuDuLieuSV\\2001240399_TrinhHuuKienQuoc\\phplab\\buoi6\\Lab01_Framework\\vendor\\laravel\\framework\\src\\Illuminate\\Cookie\\Middleware\\AddQueuedCookiesToResponse.php(37): Illuminate\\Pipeline\\Pipeline->Illuminate\\Pipeline\\{closure}(Object(Illuminate\\Http\\Request))
#20 D:\\1LuuDuLieuSV\\2001240399_TrinhHuuKienQuoc\\phplab\\buoi6\\Lab01_Framework\\vendor\\laravel\\framework\\src\\Illuminate\\Pipeline\\Pipeline.php(167): Illuminate\\Cookie\\Middleware\\AddQueuedCookiesToResponse->handle(Object(Illuminate\\Http\\Request), Object(Closure))
#21 D:\\1LuuDuLieuSV\\2001240399_TrinhHuuKienQuoc\\phplab\\buoi6\\Lab01_Framework\\vendor\\laravel\\framework\\src\\Illuminate\\Cookie\\Middleware\\EncryptCookies.php(67): Illuminate\\Pipeline\\Pipeline->Illuminate\\Pipeline\\{closure}(Object(Illuminate\\Http\\Request))
#22 D:\\1LuuDuLieuSV\\2001240399_TrinhHuuKienQuoc\\phplab\\buoi6\\Lab01_Framework\\vendor\\laravel\\framework\\src\\Illuminate\\Pipeline\\Pipeline.php(167): Illuminate\\Cookie\\Middleware\\EncryptCookies->handle(Object(Illuminate\\Http\\Request), Object(Closure))
#23 D:\\1LuuDuLieuSV\\2001240399_TrinhHuuKienQuoc\\phplab\\buoi6\\Lab01_Framework\\vendor\\laravel\\framework\\src\\Illuminate\\Pipeline\\Pipeline.php(103): Illuminate\\Pipeline\\Pipeline->Illuminate\\Pipeline\\{closure}(Object(Illuminate\\Http\\Request))
#24 D:\\1LuuDuLieuSV\\2001240399_TrinhHuuKienQuoc\\phplab\\buoi6\\Lab01_Framework\\vendor\\laravel\\framework\\src\\Illuminate\\Routing\\Router.php(723): Illuminate\\Pipeline\\Pipeline->then(Object(Closure))
#25 D:\\1LuuDuLieuSV\\2001240399_TrinhHuuKienQuoc\\phplab\\buoi6\\Lab01_Framework\\vendor\\laravel\\framework\\src\\Illuminate\\Routing\\Router.php(698): Illuminate\\Routing\\Router->runRouteWithinStack(Object(Illuminate\\Routing\\Route), Object(Illuminate\\Http\\Request))
#26 D:\\1LuuDuLieuSV\\2001240399_TrinhHuuKienQuoc\\phplab\\buoi6\\Lab01_Framework\\vendor\\laravel\\framework\\src\\Illuminate\\Routing\\Router.php(662): Illuminate\\Routing\\Router->runRoute(Object(Illuminate\\Http\\Request), Object(Illuminate\\Routing\\Route))
#27 D:\\1LuuDuLieuSV\\2001240399_TrinhHuuKienQuoc\\phplab\\buoi6\\Lab01_Framework\\vendor\\laravel\\framework\\src\\Illuminate\\Routing\\Router.php(651): Illuminate\\Routing\\Router->dispatchToRoute(Object(Illuminate\\Http\\Request))
#28 D:\\1LuuDuLieuSV\\2001240399_TrinhHuuKienQuoc\\phplab\\buoi6\\Lab01_Framework\\vendor\\laravel\\framework\\src\\Illuminate\\Foundation\\Http\\Kernel.php(167): Illuminate\\Routing\\Router->dispatch(Object(Illuminate\\Http\\Request))
#29 D:\\1LuuDuLieuSV\\2001240399_TrinhHuuKienQuoc\\phplab\\buoi6\\Lab01_Framework\\vendor\\laravel\\framework\\src\\Illuminate\\Pipeline\\Pipeline.php(128): Illuminate\\Foundation\\Http\\Kernel->Illuminate\\Foundation\\Http\\{closure}(Object(Illuminate\\Http\\Request))
#30 D:\\1LuuDuLieuSV\\2001240399_TrinhHuuKienQuoc\\phplab\\buoi6\\Lab01_Framework\\vendor\\laravel\\framework\\src\\Illuminate\\Foundation\\Http\\Middleware\\TransformsRequest.php(21): Illuminate\\Pipeline\\Pipeline->Illuminate\\Pipeline\\{closure}(Object(Illuminate\\Http\\Request))
#31 D:\\1LuuDuLieuSV\\2001240399_TrinhHuuKienQuoc\\phplab\\buoi6\\Lab01_Framework\\vendor\\laravel\\framework\\src\\Illuminate\\Foundation\\Http\\Middleware\\ConvertEmptyStringsToNull.php(31): Illuminate\\Foundation\\Http\\Middleware\\TransformsRequest->handle(Object(Illuminate\\Http\\Request), Object(Closure))
#32 D:\\1LuuDuLieuSV\\2001240399_TrinhHuuKienQuoc\\phplab\\buoi6\\Lab01_Framework\\vendor\\laravel\\framework\\src\\Illuminate\\Pipeline\\Pipeline.php(167): Illuminate\\Foundation\\Http\\Middleware\\ConvertEmptyStringsToNull->handle(Object(Illuminate\\Http\\Request), Object(Closure))
#33 D:\\1LuuDuLieuSV\\2001240399_TrinhHuuKienQuoc\\phplab\\buoi6\\Lab01_Framework\\vendor\\laravel\\framework\\src\\Illuminate\\Foundation\\Http\\Middleware\\TransformsRequest.php(21): Illuminate\\Pipeline\\Pipeline->Illuminate\\Pipeline\\{closure}(Object(Illuminate\\Http\\Request))
#34 D:\\1LuuDuLieuSV\\2001240399_TrinhHuuKienQuoc\\phplab\\buoi6\\Lab01_Framework\\vendor\\laravel\\framework\\src\\Illuminate\\Foundation\\Http\\Middleware\\TrimStrings.php(40): Illuminate\\Foundation\\Http\\Middleware\\TransformsRequest->handle(Object(Illuminate\\Http\\Request), Object(Closure))
#35 D:\\1LuuDuLieuSV\\2001240399_TrinhHuuKienQuoc\\phplab\\buoi6\\Lab01_Framework\\vendor\\laravel\\framework\\src\\Illuminate\\Pipeline\\Pipeline.php(167): Illuminate\\Foundation\\Http\\Middleware\\TrimStrings->handle(Object(Illuminate\\Http\\Request), Object(Closure))
#36 D:\\1LuuDuLieuSV\\2001240399_TrinhHuuKienQuoc\\phplab\\buoi6\\Lab01_Framework\\vendor\\laravel\\framework\\src\\Illuminate\\Foundation\\Http\\Middleware\\ValidatePostSize.php(27): Illuminate\\Pipeline\\Pipeline->Illuminate\\Pipeline\\{closure}(Object(Illuminate\\Http\\Request))
#37 D:\\1LuuDuLieuSV\\2001240399_TrinhHuuKienQuoc\\phplab\\buoi6\\Lab01_Framework\\vendor\\laravel\\framework\\src\\Illuminate\\Pipeline\\Pipeline.php(167): Illuminate\\Foundation\\Http\\Middleware\\ValidatePostSize->handle(Object(Illuminate\\Http\\Request), Object(Closure))
#38 D:\\1LuuDuLieuSV\\2001240399_TrinhHuuKienQuoc\\phplab\\buoi6\\Lab01_Framework\\vendor\\laravel\\framework\\src\\Illuminate\\Foundation\\Http\\Middleware\\PreventRequestsDuringMaintenance.php(86): Illuminate\\Pipeline\\Pipeline->Illuminate\\Pipeline\\{closure}(Object(Illuminate\\Http\\Request))
#39 D:\\1LuuDuLieuSV\\2001240399_TrinhHuuKienQuoc\\phplab\\buoi6\\Lab01_Framework\\vendor\\laravel\\framework\\src\\Illuminate\\Pipeline\\Pipeline.php(167): Illuminate\\Foundation\\Http\\Middleware\\PreventRequestsDuringMaintenance->handle(Object(Illuminate\\Http\\Request), Object(Closure))
#40 D:\\1LuuDuLieuSV\\2001240399_TrinhHuuKienQuoc\\phplab\\buoi6\\Lab01_Framework\\vendor\\fruitcake\\laravel-cors\\src\\HandleCors.php(38): Illuminate\\Pipeline\\Pipeline->Illuminate\\Pipeline\\{closure}(Object(Illuminate\\Http\\Request))
#41 D:\\1LuuDuLieuSV\\2001240399_TrinhHuuKienQuoc\\phplab\\buoi6\\Lab01_Framework\\vendor\\laravel\\framework\\src\\Illuminate\\Pipeline\\Pipeline.php(167): Fruitcake\\Cors\\HandleCors->handle(Object(Illuminate\\Http\\Request), Object(Closure))
#42 D:\\1LuuDuLieuSV\\2001240399_TrinhHuuKienQuoc\\phplab\\buoi6\\Lab01_Framework\\vendor\\laravel\\framework\\src\\Illuminate\\Http\\Middleware\\TrustProxies.php(39): Illuminate\\Pipeline\\Pipeline->Illuminate\\Pipeline\\{closure}(Object(Illuminate\\Http\\Request))
#43 D:\\1LuuDuLieuSV\\2001240399_TrinhHuuKienQuoc\\phplab\\buoi6\\Lab01_Framework\\vendor\\laravel\\framework\\src\\Illuminate\\Pipeline\\Pipeline.php(167): Illuminate\\Http\\Middleware\\TrustProxies->handle(Object(Illuminate\\Http\\Request), Object(Closure))
#44 D:\\1LuuDuLieuSV\\2001240399_TrinhHuuKienQuoc\\phplab\\buoi6\\Lab01_Framework\\vendor\\laravel\\framework\\src\\Illuminate\\Pipeline\\Pipeline.php(103): Illuminate\\Pipeline\\Pipeline->Illuminate\\Pipeline\\{closure}(Object(Illuminate\\Http\\Request))
#45 D:\\1LuuDuLieuSV\\2001240399_TrinhHuuKienQuoc\\phplab\\buoi6\\Lab01_Framework\\vendor\\laravel\\framework\\src\\Illuminate\\Foundation\\Http\\Kernel.php(142): Illuminate\\Pipeline\\Pipeline->then(Object(Closure))
#46 D:\\1LuuDuLieuSV\\2001240399_TrinhHuuKienQuoc\\phplab\\buoi6\\Lab01_Framework\\vendor\\laravel\\framework\\src\\Illuminate\\Foundation\\Http\\Kernel.php(111): Illuminate\\Foundation\\Http\\Kernel->sendRequestThroughRouter(Object(Illuminate\\Http\\Request))
#47 D:\\1LuuDuLieuSV\\2001240399_TrinhHuuKienQuoc\\phplab\\buoi6\\Lab01_Framework\\public\\index.php(52): Illuminate\\Foundation\\Http\\Kernel->handle(Object(Illuminate\\Http\\Request))
#48 D:\\1LuuDuLieuSV\\2001240399_TrinhHuuKienQuoc\\phplab\\buoi6\\Lab01_Framework\\server.php(21): require_once('D:\\\\1LuuDuLieuSV...')
#49 {main}
"} 
[2026-09-21 07:07:47] local.ERROR: View [artocles.create] not found. {"exception":"[object] (InvalidArgumentException(code: 0): View [artocles.create] not found. at D:\\1LuuDuLieuSV\\2001240399_TrinhHuuKienQuoc\\phplab\\buoi6\\Lab01_Framework\\vendor\\laravel\\framework\\src\\Illuminate\\View\\FileViewFinder.php:137)
[stacktrace]
#0 D:\\1LuuDuLieuSV\\2001240399_TrinhHuuKienQuoc\\phplab\\buoi6\\Lab01_Framework\\vendor\\laravel\\framework\\src\\Illuminate\\View\\FileViewFinder.php(79): Illuminate\\View\\FileViewFinder->findInPaths('artocles.create', Array)
#1 D:\\1LuuDuLieuSV\\2001240399_TrinhHuuKienQuoc\\phplab\\buoi6\\Lab01_Framework\\vendor\\laravel\\framework\\src\\Illuminate\\View\\Factory.php(138): Illuminate\\View\\FileViewFinder->find('artocles.create')
#2 D:\\1LuuDuLieuSV\\2001240399_TrinhHuuKienQuoc\\phplab\\buoi6\\Lab01_Framework\\vendor\\laravel\\framework\\src\\Illuminate\\Foundation\\helpers.php(932): Illuminate\\View\\Factory->make('artocles.create', Array, Array)
#3 D:\\1LuuDuLieuSV\\2001240399_TrinhHuuKienQuoc\\phplab\\buoi6\\Lab01_Framework\\app\\Http\\Controllers\\ArticleController.php(31): view('artocles.create')
#4 D:\\1LuuDuLieuSV\\2001240399_TrinhHuuKienQuoc\\phplab\\buoi6\\Lab01_Framework\\vendor\\laravel\\framework\\src\\Illuminate\\Routing\\Controller.php(54): App\\Http\\Controllers\\ArticleController->create()
#5 D:\\1LuuDuLieuSV\\2001240399_TrinhHuuKienQuoc\\phplab\\buoi6\\Lab01_Framework\\vendor\\laravel\\framework\\src\\Illuminate\\Routing\\ControllerDispatcher.php(45): Illuminate\\Routing\\Controller->callAction('create', Array)
#6 D:\\1LuuDuLieuSV\\2001240399_TrinhHuuKienQuoc\\phplab\\buoi6\\Lab01_Framework\\vendor\\laravel\\framework\\src\\Illuminate\\Routing\\Route.php(262): Illuminate\\Routing\\ControllerDispatcher->dispatch(Object(Illuminate\\Routing\\Route), Object(App\\Http\\Controllers\\ArticleController), 'create')
#7 D:\\1LuuDuLieuSV\\2001240399_TrinhHuuKienQuoc\\phplab\\buoi6\\Lab01_Framework\\vendor\\laravel\\framework\\src\\Illuminate\\Routing\\Route.php(205): Illuminate\\Routing\\Route->runController()
#8 D:\\1LuuDuLieuSV\\2001240399_TrinhHuuKienQuoc\\phplab\\buoi6\\Lab01_Framework\\vendor\\laravel\\framework\\src\\Illuminate\\Routing\\Router.php(721): Illuminate\\Routing\\Route->run()
#9 D:\\1LuuDuLieuSV\\2001240399_TrinhHuuKienQuoc\\phplab\\buoi6\\Lab01_Framework\\vendor\\laravel\\framework\\src\\Illuminate\\Pipeline\\Pipeline.php(128): Illuminate\\Routing\\Router->Illuminate\\Routing\\{closure}(Object(Illuminate\\Http\\Request))
#10 D:\\1LuuDuLieuSV\\2001240399_TrinhHuuKienQuoc\\phplab\\buoi6\\Lab01_Framework\\vendor\\laravel\\framework\\src\\Illuminate\\Routing\\Middleware\\SubstituteBindings.php(50): Illuminate\\Pipeline\\Pipeline->Illuminate\\Pipeline\\{closure}(Object(Illuminate\\Http\\Request))
#11 D:\\1LuuDuLieuSV\\2001240399_TrinhHuuKienQuoc\\phplab\\buoi6\\Lab01_Framework\\vendor\\laravel\\framework\\src\\Illuminate\\Pipeline\\Pipeline.php(167): Illuminate\\Routing\\Middleware\\SubstituteBindings->handle(Object(Illuminate\\Http\\Request), Object(Closure))
#12 D:\\1LuuDuLieuSV\\2001240399_TrinhHuuKienQuoc\\phplab\\buoi6\\Lab01_Framework\\vendor\\laravel\\framework\\src\\Illuminate\\Foundation\\Http\\Middleware\\VerifyCsrfToken.php(78): Illuminate\\Pipeline\\Pipeline->Illuminate\\Pipeline\\{closure}(Object(Illuminate\\Http\\Request))
#13 D:\\1LuuDuLieuSV\\2001240399_TrinhHuuKienQuoc\\phplab\\buoi6\\Lab01_Framework\\vendor\\laravel\\framework\\src\\Illuminate\\Pipeline\\Pipeline.php(167): Illuminate\\Foundation\\Http\\Middleware\\VerifyCsrfToken->handle(Object(Illuminate\\Http\\Request), Object(Closure))
#14 D:\\1LuuDuLieuSV\\2001240399_TrinhHuuKienQuoc\\phplab\\buoi6\\Lab01_Framework\\vendor\\laravel\\framework\\src\\Illuminate\\View\\Middleware\\ShareErrorsFromSession.php(49): Illuminate\\Pipeline\\Pipeline->Illuminate\\Pipeline\\{closure}(Object(Illuminate\\Http\\Request))
#15 D:\\1LuuDuLieuSV\\2001240399_TrinhHuuKienQuoc\\phplab\\buoi6\\Lab01_Framework\\vendor\\laravel\\framework\\src\\Illuminate\\Pipeline\\Pipeline.php(167): Illuminate\\View\\Middleware\\ShareErrorsFromSession->handle(Object(Illuminate\\Http\\Request), Object(Closure))
#16 D:\\1LuuDuLieuSV\\2001240399_TrinhHuuKienQuoc\\phplab\\buoi6\\Lab01_Framework\\vendor\\laravel\\framework\\src\\Illuminate\\Session\\Middleware\\StartSession.php(121): Illuminate\\Pipeline\\Pipeline->Illuminate\\Pipeline\\{closure}(Object(Illuminate\\Http\\Request))
#17 D:\\1LuuDuLieuSV\\2001240399_TrinhHuuKienQuoc\\phplab\\buoi6\\Lab01_Framework\\vendor\\laravel\\framework\\src\\Illuminate\\Session\\Middleware\\StartSession.php(64): Illuminate\\Session\\Middleware\\StartSession->handleStatefulRequest(Object(Illuminate\\Http\\Request), Object(Illuminate\\Session\\Store), Object(Closure))
#18 D:\\1LuuDuLieuSV\\2001240399_TrinhHuuKienQuoc\\phplab\\buoi6\\Lab01_Framework\\vendor\\laravel\\framework\\src\\Illuminate\\Pipeline\\Pipeline.php(167): Illuminate\\Session\\Middleware\\StartSession->handle(Object(Illuminate\\Http\\Request), Object(Closure))
#19 D:\\1LuuDuLieuSV\\2001240399_TrinhHuuKienQuoc\\phplab\\buoi6\\Lab01_Framework\\vendor\\laravel\\framework\\src\\Illuminate\\Cookie\\Middleware\\AddQueuedCookiesToResponse.php(37): Illuminate\\Pipeline\\Pipeline->Illuminate\\Pipeline\\{closure}(Object(Illuminate\\Http\\Request))
#20 D:\\1LuuDuLieuSV\\2001240399_TrinhHuuKienQuoc\\phplab\\buoi6\\Lab01_Framework\\vendor\\laravel\\framework\\src\\Illuminate\\Pipeline\\Pipeline.php(167): Illuminate\\Cookie\\Middleware\\AddQueuedCookiesToResponse->handle(Object(Illuminate\\Http\\Request), Object(Closure))
#21 D:\\1LuuDuLieuSV\\2001240399_TrinhHuuKienQuoc\\phplab\\buoi6\\Lab01_Framework\\vendor\\laravel\\framework\\src\\Illuminate\\Cookie\\Middleware\\EncryptCookies.php(67): Illuminate\\Pipeline\\Pipeline->Illuminate\\Pipeline\\{closure}(Object(Illuminate\\Http\\Request))
#22 D:\\1LuuDuLieuSV\\2001240399_TrinhHuuKienQuoc\\phplab\\buoi6\\Lab01_Framework\\vendor\\laravel\\framework\\src\\Illuminate\\Pipeline\\Pipeline.php(167): Illuminate\\Cookie\\Middleware\\EncryptCookies->handle(Object(Illuminate\\Http\\Request), Object(Closure))
#23 D:\\1LuuDuLieuSV\\2001240399_TrinhHuuKienQuoc\\phplab\\buoi6\\Lab01_Framework\\vendor\\laravel\\framework\\src\\Illuminate\\Pipeline\\Pipeline.php(103): Illuminate\\Pipeline\\Pipeline->Illuminate\\Pipeline\\{closure}(Object(Illuminate\\Http\\Request))
#24 D:\\1LuuDuLieuSV\\2001240399_TrinhHuuKienQuoc\\phplab\\buoi6\\Lab01_Framework\\vendor\\laravel\\framework\\src\\Illuminate\\Routing\\Router.php(723): Illuminate\\Pipeline\\Pipeline->then(Object(Closure))
#25 D:\\1LuuDuLieuSV\\2001240399_TrinhHuuKienQuoc\\phplab\\buoi6\\Lab01_Framework\\vendor\\laravel\\framework\\src\\Illuminate\\Routing\\Router.php(698): Illuminate\\Routing\\Router->runRouteWithinStack(Object(Illuminate\\Routing\\Route), Object(Illuminate\\Http\\Request))
#26 D:\\1LuuDuLieuSV\\2001240399_TrinhHuuKienQuoc\\phplab\\buoi6\\Lab01_Framework\\vendor\\laravel\\framework\\src\\Illuminate\\Routing\\Router.php(662): Illuminate\\Routing\\Router->runRoute(Object(Illuminate\\Http\\Request), Object(Illuminate\\Routing\\Route))
#27 D:\\1LuuDuLieuSV\\2001240399_TrinhHuuKienQuoc\\phplab\\buoi6\\Lab01_Framework\\vendor\\laravel\\framework\\src\\Illuminate\\Routing\\Router.php(651): Illuminate\\Routing\\Router->dispatchToRoute(Object(Illuminate\\Http\\Request))
#28 D:\\1LuuDuLieuSV\\2001240399_TrinhHuuKienQuoc\\phplab\\buoi6\\Lab01_Framework\\vendor\\laravel\\framework\\src\\Illuminate\\Foundation\\Http\\Kernel.php(167): Illuminate\\Routing\\Router->dispatch(Object(Illuminate\\Http\\Request))
#29 D:\\1LuuDuLieuSV\\2001240399_TrinhHuuKienQuoc\\phplab\\buoi6\\Lab01_Framework\\vendor\\laravel\\framework\\src\\Illuminate\\Pipeline\\Pipeline.php(128): Illuminate\\Foundation\\Http\\Kernel->Illuminate\\Foundation\\Http\\{closure}(Object(Illuminate\\Http\\Request))
#30 D:\\1LuuDuLieuSV\\2001240399_TrinhHuuKienQuoc\\phplab\\buoi6\\Lab01_Framework\\vendor\\laravel\\framework\\src\\Illuminate\\Foundation\\Http\\Middleware\\TransformsRequest.php(21): Illuminate\\Pipeline\\Pipeline->Illuminate\\Pipeline\\{closure}(Object(Illuminate\\Http\\Request))
#31 D:\\1LuuDuLieuSV\\2001240399_TrinhHuuKienQuoc\\phplab\\buoi6\\Lab01_Framework\\vendor\\laravel\\framework\\src\\Illuminate\\Foundation\\Http\\Middleware\\ConvertEmptyStringsToNull.php(31): Illuminate\\Foundation\\Http\\Middleware\\TransformsRequest->handle(Object(Illuminate\\Http\\Request), Object(Closure))
#32 D:\\1LuuDuLieuSV\\2001240399_TrinhHuuKienQuoc\\phplab\\buoi6\\Lab01_Framework\\vendor\\laravel\\framework\\src\\Illuminate\\Pipeline\\Pipeline.php(167): Illuminate\\Foundation\\Http\\Middleware\\ConvertEmptyStringsToNull->handle(Object(Illuminate\\Http\\Request), Object(Closure))
#33 D:\\1LuuDuLieuSV\\2001240399_TrinhHuuKienQuoc\\phplab\\buoi6\\Lab01_Framework\\vendor\\laravel\\framework\\src\\Illuminate\\Foundation\\Http\\Middleware\\TransformsRequest.php(21): Illuminate\\Pipeline\\Pipeline->Illuminate\\Pipeline\\{closure}(Object(Illuminate\\Http\\Request))
#34 D:\\1LuuDuLieuSV\\2001240399_TrinhHuuKienQuoc\\phplab\\buoi6\\Lab01_Framework\\vendor\\laravel\\framework\\src\\Illuminate\\Foundation\\Http\\Middleware\\TrimStrings.php(40): Illuminate\\Foundation\\Http\\Middleware\\TransformsRequest->handle(Object(Illuminate\\Http\\Request), Object(Closure))
#35 D:\\1LuuDuLieuSV\\2001240399_TrinhHuuKienQuoc\\phplab\\buoi6\\Lab01_Framework\\vendor\\laravel\\framework\\src\\Illuminate\\Pipeline\\Pipeline.php(167): Illuminate\\Foundation\\Http\\Middleware\\TrimStrings->handle(Object(Illuminate\\Http\\Request), Object(Closure))
#36 D:\\1LuuDuLieuSV\\2001240399_TrinhHuuKienQuoc\\phplab\\buoi6\\Lab01_Framework\\vendor\\laravel\\framework\\src\\Illuminate\\Foundation\\Http\\Middleware\\ValidatePostSize.php(27): Illuminate\\Pipeline\\Pipeline->Illuminate\\Pipeline\\{closure}(Object(Illuminate\\Http\\Request))
#37 D:\\1LuuDuLieuSV\\2001240399_TrinhHuuKienQuoc\\phplab\\buoi6\\Lab01_Framework\\vendor\\laravel\\framework\\src\\Illuminate\\Pipeline\\Pipeline.php(167): Illuminate\\Foundation\\Http\\Middleware\\ValidatePostSize->handle(Object(Illuminate\\Http\\Request), Object(Closure))
#38 D:\\1LuuDuLieuSV\\2001240399_TrinhHuuKienQuoc\\phplab\\buoi6\\Lab01_Framework\\vendor\\laravel\\framework\\src\\Illuminate\\Foundation\\Http\\Middleware\\PreventRequestsDuringMaintenance.php(86): Illuminate\\Pipeline\\Pipeline->Illuminate\\Pipeline\\{closure}(Object(Illuminate\\Http\\Request))
#39 D:\\1LuuDuLieuSV\\2001240399_TrinhHuuKienQuoc\\phplab\\buoi6\\Lab01_Framework\\vendor\\laravel\\framework\\src\\Illuminate\\Pipeline\\Pipeline.php(167): Illuminate\\Foundation\\Http\\Middleware\\PreventRequestsDuringMaintenance->handle(Object(Illuminate\\Http\\Request), Object(Closure))
#40 D:\\1LuuDuLieuSV\\2001240399_TrinhHuuKienQuoc\\phplab\\buoi6\\Lab01_Framework\\vendor\\fruitcake\\laravel-cors\\src\\HandleCors.php(38): Illuminate\\Pipeline\\Pipeline->Illuminate\\Pipeline\\{closure}(Object(Illuminate\\Http\\Request))
#41 D:\\1LuuDuLieuSV\\2001240399_TrinhHuuKienQuoc\\phplab\\buoi6\\Lab01_Framework\\vendor\\laravel\\framework\\src\\Illuminate\\Pipeline\\Pipeline.php(167): Fruitcake\\Cors\\HandleCors->handle(Object(Illuminate\\Http\\Request), Object(Closure))
#42 D:\\1LuuDuLieuSV\\2001240399_TrinhHuuKienQuoc\\phplab\\buoi6\\Lab01_Framework\\vendor\\laravel\\framework\\src\\Illuminate\\Http\\Middleware\\TrustProxies.php(39): Illuminate\\Pipeline\\Pipeline->Illuminate\\Pipeline\\{closure}(Object(Illuminate\\Http\\Request))
#43 D:\\1LuuDuLieuSV\\2001240399_TrinhHuuKienQuoc\\phplab\\buoi6\\Lab01_Framework\\vendor\\laravel\\framework\\src\\Illuminate\\Pipeline\\Pipeline.php(167): Illuminate\\Http\\Middleware\\TrustProxies->handle(Object(Illuminate\\Http\\Request), Object(Closure))
#44 D:\\1LuuDuLieuSV\\2001240399_TrinhHuuKienQuoc\\phplab\\buoi6\\Lab01_Framework\\vendor\\laravel\\framework\\src\\Illuminate\\Pipeline\\Pipeline.php(103): Illuminate\\Pipeline\\Pipeline->Illuminate\\Pipeline\\{closure}(Object(Illuminate\\Http\\Request))
#45 D:\\1LuuDuLieuSV\\2001240399_TrinhHuuKienQuoc\\phplab\\buoi6\\Lab01_Framework\\vendor\\laravel\\framework\\src\\Illuminate\\Foundation\\Http\\Kernel.php(142): Illuminate\\Pipeline\\Pipeline->then(Object(Closure))
#46 D:\\1LuuDuLieuSV\\2001240399_TrinhHuuKienQuoc\\phplab\\buoi6\\Lab01_Framework\\vendor\\laravel\\framework\\src\\Illuminate\\Foundation\\Http\\Kernel.php(111): Illuminate\\Foundation\\Http\\Kernel->sendRequestThroughRouter(Object(Illuminate\\Http\\Request))
#47 D:\\1LuuDuLieuSV\\2001240399_TrinhHuuKienQuoc\\phplab\\buoi6\\Lab01_Framework\\public\\index.php(52): Illuminate\\Foundation\\Http\\Kernel->handle(Object(Illuminate\\Http\\Request))
#48 D:\\1LuuDuLieuSV\\2001240399_TrinhHuuKienQuoc\\phplab\\buoi6\\Lab01_Framework\\server.php(21): require_once('D:\\\\1LuuDuLieuSV...')
#49 {main}
"} 
[2026-09-21 07:11:22] local.ERROR: View [artocles.create] not found. {"exception":"[object] (InvalidArgumentException(code: 0): View [artocles.create] not found. at D:\\1LuuDuLieuSV\\2001240399_TrinhHuuKienQuoc\\phplab\\buoi6\\Lab01_Framework\\vendor\\laravel\\framework\\src\\Illuminate\\View\\FileViewFinder.php:137)
[stacktrace]
#0 D:\\1LuuDuLieuSV\\2001240399_TrinhHuuKienQuoc\\phplab\\buoi6\\Lab01_Framework\\vendor\\laravel\\framework\\src\\Illuminate\\View\\FileViewFinder.php(79): Illuminate\\View\\FileViewFinder->findInPaths('artocles.create', Array)
#1 D:\\1LuuDuLieuSV\\2001240399_TrinhHuuKienQuoc\\phplab\\buoi6\\Lab01_Framework\\vendor\\laravel\\framework\\src\\Illuminate\\View\\Factory.php(138): Illuminate\\View\\FileViewFinder->find('artocles.create')
#2 D:\\1LuuDuLieuSV\\2001240399_TrinhHuuKienQuoc\\phplab\\buoi6\\Lab01_Framework\\vendor\\laravel\\framework\\src\\Illuminate\\Foundation\\helpers.php(932): Illuminate\\View\\Factory->make('artocles.create', Array, Array)
#3 D:\\1LuuDuLieuSV\\2001240399_TrinhHuuKienQuoc\\phplab\\buoi6\\Lab01_Framework\\app\\Http\\Controllers\\ArticleController.php(31): view('artocles.create')
#4 D:\\1LuuDuLieuSV\\2001240399_TrinhHuuKienQuoc\\phplab\\buoi6\\Lab01_Framework\\vendor\\laravel\\framework\\src\\Illuminate\\Routing\\Controller.php(54): App\\Http\\Controllers\\ArticleController->create()
#5 D:\\1LuuDuLieuSV\\2001240399_TrinhHuuKienQuoc\\phplab\\buoi6\\Lab01_Framework\\vendor\\laravel\\framework\\src\\Illuminate\\Routing\\ControllerDispatcher.php(45): Illuminate\\Routing\\Controller->callAction('create', Array)
#6 D:\\1LuuDuLieuSV\\2001240399_TrinhHuuKienQuoc\\phplab\\buoi6\\Lab01_Framework\\vendor\\laravel\\framework\\src\\Illuminate\\Routing\\Route.php(262): Illuminate\\Routing\\ControllerDispatcher->dispatch(Object(Illuminate\\Routing\\Route), Object(App\\Http\\Controllers\\ArticleController), 'create')
#7 D:\\1LuuDuLieuSV\\2001240399_TrinhHuuKienQuoc\\phplab\\buoi6\\Lab01_Framework\\vendor\\laravel\\framework\\src\\Illuminate\\Routing\\Route.php(205): Illuminate\\Routing\\Route->runController()
#8 D:\\1LuuDuLieuSV\\2001240399_TrinhHuuKienQuoc\\phplab\\buoi6\\Lab01_Framework\\vendor\\laravel\\framework\\src\\Illuminate\\Routing\\Router.php(721): Illuminate\\Routing\\Route->run()
#9 D:\\1LuuDuLieuSV\\2001240399_TrinhHuuKienQuoc\\phplab\\buoi6\\Lab01_Framework\\vendor\\laravel\\framework\\src\\Illuminate\\Pipeline\\Pipeline.php(128): Illuminate\\Routing\\Router->Illuminate\\Routing\\{closure}(Object(Illuminate\\Http\\Request))
#10 D:\\1LuuDuLieuSV\\2001240399_TrinhHuuKienQuoc\\phplab\\buoi6\\Lab01_Framework\\vendor\\laravel\\framework\\src\\Illuminate\\Routing\\Middleware\\SubstituteBindings.php(50): Illuminate\\Pipeline\\Pipeline->Illuminate\\Pipeline\\{closure}(Object(Illuminate\\Http\\Request))
#11 D:\\1LuuDuLieuSV\\2001240399_TrinhHuuKienQuoc\\phplab\\buoi6\\Lab01_Framework\\vendor\\laravel\\framework\\src\\Illuminate\\Pipeline\\Pipeline.php(167): Illuminate\\Routing\\Middleware\\SubstituteBindings->handle(Object(Illuminate\\Http\\Request), Object(Closure))
#12 D:\\1LuuDuLieuSV\\2001240399_TrinhHuuKienQuoc\\phplab\\buoi6\\Lab01_Framework\\vendor\\laravel\\framework\\src\\Illuminate\\Foundation\\Http\\Middleware\\VerifyCsrfToken.php(78): Illuminate\\Pipeline\\Pipeline->Illuminate\\Pipeline\\{closure}(Object(Illuminate\\Http\\Request))
#13 D:\\1LuuDuLieuSV\\2001240399_TrinhHuuKienQuoc\\phplab\\buoi6\\Lab01_Framework\\vendor\\laravel\\framework\\src\\Illuminate\\Pipeline\\Pipeline.php(167): Illuminate\\Foundation\\Http\\Middleware\\VerifyCsrfToken->handle(Object(Illuminate\\Http\\Request), Object(Closure))
#14 D:\\1LuuDuLieuSV\\2001240399_TrinhHuuKienQuoc\\phplab\\buoi6\\Lab01_Framework\\vendor\\laravel\\framework\\src\\Illuminate\\View\\Middleware\\ShareErrorsFromSession.php(49): Illuminate\\Pipeline\\Pipeline->Illuminate\\Pipeline\\{closure}(Object(Illuminate\\Http\\Request))
#15 D:\\1LuuDuLieuSV\\2001240399_TrinhHuuKienQuoc\\phplab\\buoi6\\Lab01_Framework\\vendor\\laravel\\framework\\src\\Illuminate\\Pipeline\\Pipeline.php(167): Illuminate\\View\\Middleware\\ShareErrorsFromSession->handle(Object(Illuminate\\Http\\Request), Object(Closure))
#16 D:\\1LuuDuLieuSV\\2001240399_TrinhHuuKienQuoc\\phplab\\buoi6\\Lab01_Framework\\vendor\\laravel\\framework\\src\\Illuminate\\Session\\Middleware\\StartSession.php(121): Illuminate\\Pipeline\\Pipeline->Illuminate\\Pipeline\\{closure}(Object(Illuminate\\Http\\Request))
#17 D:\\1LuuDuLieuSV\\2001240399_TrinhHuuKienQuoc\\phplab\\buoi6\\Lab01_Framework\\vendor\\laravel\\framework\\src\\Illuminate\\Session\\Middleware\\StartSession.php(64): Illuminate\\Session\\Middleware\\StartSession->handleStatefulRequest(Object(Illuminate\\Http\\Request), Object(Illuminate\\Session\\Store), Object(Closure))
#18 D:\\1LuuDuLieuSV\\2001240399_TrinhHuuKienQuoc\\phplab\\buoi6\\Lab01_Framework\\vendor\\laravel\\framework\\src\\Illuminate\\Pipeline\\Pipeline.php(167): Illuminate\\Session\\Middleware\\StartSession->handle(Object(Illuminate\\Http\\Request), Object(Closure))
#19 D:\\1LuuDuLieuSV\\2001240399_TrinhHuuKienQuoc\\phplab\\buoi6\\Lab01_Framework\\vendor\\laravel\\framework\\src\\Illuminate\\Cookie\\Middleware\\AddQueuedCookiesToResponse.php(37): Illuminate\\Pipeline\\Pipeline->Illuminate\\Pipeline\\{closure}(Object(Illuminate\\Http\\Request))
#20 D:\\1LuuDuLieuSV\\2001240399_TrinhHuuKienQuoc\\phplab\\buoi6\\Lab01_Framework\\vendor\\laravel\\framework\\src\\Illuminate\\Pipeline\\Pipeline.php(167): Illuminate\\Cookie\\Middleware\\AddQueuedCookiesToResponse->handle(Object(Illuminate\\Http\\Request), Object(Closure))
#21 D:\\1LuuDuLieuSV\\2001240399_TrinhHuuKienQuoc\\phplab\\buoi6\\Lab01_Framework\\vendor\\laravel\\framework\\src\\Illuminate\\Cookie\\Middleware\\EncryptCookies.php(67): Illuminate\\Pipeline\\Pipeline->Illuminate\\Pipeline\\{closure}(Object(Illuminate\\Http\\Request))
#22 D:\\1LuuDuLieuSV\\2001240399_TrinhHuuKienQuoc\\phplab\\buoi6\\Lab01_Framework\\vendor\\laravel\\framework\\src\\Illuminate\\Pipeline\\Pipeline.php(167): Illuminate\\Cookie\\Middleware\\EncryptCookies->handle(Object(Illuminate\\Http\\Request), Object(Closure))
#23 D:\\1LuuDuLieuSV\\2001240399_TrinhHuuKienQuoc\\phplab\\buoi6\\Lab01_Framework\\vendor\\laravel\\framework\\src\\Illuminate\\Pipeline\\Pipeline.php(103): Illuminate\\Pipeline\\Pipeline->Illuminate\\Pipeline\\{closure}(Object(Illuminate\\Http\\Request))
#24 D:\\1LuuDuLieuSV\\2001240399_TrinhHuuKienQuoc\\phplab\\buoi6\\Lab01_Framework\\vendor\\laravel\\framework\\src\\Illuminate\\Routing\\Router.php(723): Illuminate\\Pipeline\\Pipeline->then(Object(Closure))
#25 D:\\1LuuDuLieuSV\\2001240399_TrinhHuuKienQuoc\\phplab\\buoi6\\Lab01_Framework\\vendor\\laravel\\framework\\src\\Illuminate\\Routing\\Router.php(698): Illuminate\\Routing\\Router->runRouteWithinStack(Object(Illuminate\\Routing\\Route), Object(Illuminate\\Http\\Request))
#26 D:\\1LuuDuLieuSV\\2001240399_TrinhHuuKienQuoc\\phplab\\buoi6\\Lab01_Framework\\vendor\\laravel\\framework\\src\\Illuminate\\Routing\\Router.php(662): Illuminate\\Routing\\Router->runRoute(Object(Illuminate\\Http\\Request), Object(Illuminate\\Routing\\Route))
#27 D:\\1LuuDuLieuSV\\2001240399_TrinhHuuKienQuoc\\phplab\\buoi6\\Lab01_Framework\\vendor\\laravel\\framework\\src\\Illuminate\\Routing\\Router.php(651): Illuminate\\Routing\\Router->dispatchToRoute(Object(Illuminate\\Http\\Request))
#28 D:\\1LuuDuLieuSV\\2001240399_TrinhHuuKienQuoc\\phplab\\buoi6\\Lab01_Framework\\vendor\\laravel\\framework\\src\\Illuminate\\Foundation\\Http\\Kernel.php(167): Illuminate\\Routing\\Router->dispatch(Object(Illuminate\\Http\\Request))
#29 D:\\1LuuDuLieuSV\\2001240399_TrinhHuuKienQuoc\\phplab\\buoi6\\Lab01_Framework\\vendor\\laravel\\framework\\src\\Illuminate\\Pipeline\\Pipeline.php(128): Illuminate\\Foundation\\Http\\Kernel->Illuminate\\Foundation\\Http\\{closure}(Object(Illuminate\\Http\\Request))
#30 D:\\1LuuDuLieuSV\\2001240399_TrinhHuuKienQuoc\\phplab\\buoi6\\Lab01_Framework\\vendor\\laravel\\framework\\src\\Illuminate\\Foundation\\Http\\Middleware\\TransformsRequest.php(21): Illuminate\\Pipeline\\Pipeline->Illuminate\\Pipeline\\{closure}(Object(Illuminate\\Http\\Request))
#31 D:\\1LuuDuLieuSV\\2001240399_TrinhHuuKienQuoc\\phplab\\buoi6\\Lab01_Framework\\vendor\\laravel\\framework\\src\\Illuminate\\Foundation\\Http\\Middleware\\ConvertEmptyStringsToNull.php(31): Illuminate\\Foundation\\Http\\Middleware\\TransformsRequest->handle(Object(Illuminate\\Http\\Request), Object(Closure))
#32 D:\\1LuuDuLieuSV\\2001240399_TrinhHuuKienQuoc\\phplab\\buoi6\\Lab01_Framework\\vendor\\laravel\\framework\\src\\Illuminate\\Pipeline\\Pipeline.php(167): Illuminate\\Foundation\\Http\\Middleware\\ConvertEmptyStringsToNull->handle(Object(Illuminate\\Http\\Request), Object(Closure))
#33 D:\\1LuuDuLieuSV\\2001240399_TrinhHuuKienQuoc\\phplab\\buoi6\\Lab01_Framework\\vendor\\laravel\\framework\\src\\Illuminate\\Foundation\\Http\\Middleware\\TransformsRequest.php(21): Illuminate\\Pipeline\\Pipeline->Illuminate\\Pipeline\\{closure}(Object(Illuminate\\Http\\Request))
#34 D:\\1LuuDuLieuSV\\2001240399_TrinhHuuKienQuoc\\phplab\\buoi6\\Lab01_Framework\\vendor\\laravel\\framework\\src\\Illuminate\\Foundation\\Http\\Middleware\\TrimStrings.php(40): Illuminate\\Foundation\\Http\\Middleware\\TransformsRequest->handle(Object(Illuminate\\Http\\Request), Object(Closure))
#35 D:\\1LuuDuLieuSV\\2001240399_TrinhHuuKienQuoc\\phplab\\buoi6\\Lab01_Framework\\vendor\\laravel\\framework\\src\\Illuminate\\Pipeline\\Pipeline.php(167): Illuminate\\Foundation\\Http\\Middleware\\TrimStrings->handle(Object(Illuminate\\Http\\Request), Object(Closure))
#36 D:\\1LuuDuLieuSV\\2001240399_TrinhHuuKienQuoc\\phplab\\buoi6\\Lab01_Framework\\vendor\\laravel\\framework\\src\\Illuminate\\Foundation\\Http\\Middleware\\ValidatePostSize.php(27): Illuminate\\Pipeline\\Pipeline->Illuminate\\Pipeline\\{closure}(Object(Illuminate\\Http\\Request))
#37 D:\\1LuuDuLieuSV\\2001240399_TrinhHuuKienQuoc\\phplab\\buoi6\\Lab01_Framework\\vendor\\laravel\\framework\\src\\Illuminate\\Pipeline\\Pipeline.php(167): Illuminate\\Foundation\\Http\\Middleware\\ValidatePostSize->handle(Object(Illuminate\\Http\\Request), Object(Closure))
#38 D:\\1LuuDuLieuSV\\2001240399_TrinhHuuKienQuoc\\phplab\\buoi6\\Lab01_Framework\\vendor\\laravel\\framework\\src\\Illuminate\\Foundation\\Http\\Middleware\\PreventRequestsDuringMaintenance.php(86): Illuminate\\Pipeline\\Pipeline->Illuminate\\Pipeline\\{closure}(Object(Illuminate\\Http\\Request))
#39 D:\\1LuuDuLieuSV\\2001240399_TrinhHuuKienQuoc\\phplab\\buoi6\\Lab01_Framework\\vendor\\laravel\\framework\\src\\Illuminate\\Pipeline\\Pipeline.php(167): Illuminate\\Foundation\\Http\\Middleware\\PreventRequestsDuringMaintenance->handle(Object(Illuminate\\Http\\Request), Object(Closure))
#40 D:\\1LuuDuLieuSV\\2001240399_TrinhHuuKienQuoc\\phplab\\buoi6\\Lab01_Framework\\vendor\\fruitcake\\laravel-cors\\src\\HandleCors.php(38): Illuminate\\Pipeline\\Pipeline->Illuminate\\Pipeline\\{closure}(Object(Illuminate\\Http\\Request))
#41 D:\\1LuuDuLieuSV\\2001240399_TrinhHuuKienQuoc\\phplab\\buoi6\\Lab01_Framework\\vendor\\laravel\\framework\\src\\Illuminate\\Pipeline\\Pipeline.php(167): Fruitcake\\Cors\\HandleCors->handle(Object(Illuminate\\Http\\Request), Object(Closure))
#42 D:\\1LuuDuLieuSV\\2001240399_TrinhHuuKienQuoc\\phplab\\buoi6\\Lab01_Framework\\vendor\\laravel\\framework\\src\\Illuminate\\Http\\Middleware\\TrustProxies.php(39): Illuminate\\Pipeline\\Pipeline->Illuminate\\Pipeline\\{closure}(Object(Illuminate\\Http\\Request))
#43 D:\\1LuuDuLieuSV\\2001240399_TrinhHuuKienQuoc\\phplab\\buoi6\\Lab01_Framework\\vendor\\laravel\\framework\\src\\Illuminate\\Pipeline\\Pipeline.php(167): Illuminate\\Http\\Middleware\\TrustProxies->handle(Object(Illuminate\\Http\\Request), Object(Closure))
#44 D:\\1LuuDuLieuSV\\2001240399_TrinhHuuKienQuoc\\phplab\\buoi6\\Lab01_Framework\\vendor\\laravel\\framework\\src\\Illuminate\\Pipeline\\Pipeline.php(103): Illuminate\\Pipeline\\Pipeline->Illuminate\\Pipeline\\{closure}(Object(Illuminate\\Http\\Request))
#45 D:\\1LuuDuLieuSV\\2001240399_TrinhHuuKienQuoc\\phplab\\buoi6\\Lab01_Framework\\vendor\\laravel\\framework\\src\\Illuminate\\Foundation\\Http\\Kernel.php(142): Illuminate\\Pipeline\\Pipeline->then(Object(Closure))
#46 D:\\1LuuDuLieuSV\\2001240399_TrinhHuuKienQuoc\\phplab\\buoi6\\Lab01_Framework\\vendor\\laravel\\framework\\src\\Illuminate\\Foundation\\Http\\Kernel.php(111): Illuminate\\Foundation\\Http\\Kernel->sendRequestThroughRouter(Object(Illuminate\\Http\\Request))
#47 D:\\1LuuDuLieuSV\\2001240399_TrinhHuuKienQuoc\\phplab\\buoi6\\Lab01_Framework\\public\\index.php(52): Illuminate\\Foundation\\Http\\Kernel->handle(Object(Illuminate\\Http\\Request))
#48 D:\\1LuuDuLieuSV\\2001240399_TrinhHuuKienQuoc\\phplab\\buoi6\\Lab01_Framework\\server.php(21): require_once('D:\\\\1LuuDuLieuSV...')
#49 {main}
"} 
[2026-09-21 08:09:19] local.ERROR: compact(): Undefined variable: articles {"exception":"[object] (ErrorException(code: 0): compact(): Undefined variable: articles at D:\\1LuuDuLieuSV\\2001240399_TrinhHuuKienQuoc\\phplab\\buoi6\\Lab01_Framework\\app\\Http\\Controllers\\ArticleController.php:17)
[stacktrace]
#0 [internal function]: Illuminate\\Foundation\\Bootstrap\\HandleExceptions->handleError(8, 'compact(): Unde...', 'D:\\\\1LuuDuLieuSV...', 17, Array)
#1 D:\\1LuuDuLieuSV\\2001240399_TrinhHuuKienQuoc\\phplab\\buoi6\\Lab01_Framework\\app\\Http\\Controllers\\ArticleController.php(17): compact('articles')
#2 D:\\1LuuDuLieuSV\\2001240399_TrinhHuuKienQuoc\\phplab\\buoi6\\Lab01_Framework\\vendor\\laravel\\framework\\src\\Illuminate\\Routing\\Controller.php(54): App\\Http\\Controllers\\ArticleController->index()
#3 D:\\1LuuDuLieuSV\\2001240399_TrinhHuuKienQuoc\\phplab\\buoi6\\Lab01_Framework\\vendor\\laravel\\framework\\src\\Illuminate\\Routing\\ControllerDispatcher.php(45): Illuminate\\Routing\\Controller->callAction('index', Array)
#4 D:\\1LuuDuLieuSV\\2001240399_TrinhHuuKienQuoc\\phplab\\buoi6\\Lab01_Framework\\vendor\\laravel\\framework\\src\\Illuminate\\Routing\\Route.php(262): Illuminate\\Routing\\ControllerDispatcher->dispatch(Object(Illuminate\\Routing\\Route), Object(App\\Http\\Controllers\\ArticleController), 'index')
#5 D:\\1LuuDuLieuSV\\2001240399_TrinhHuuKienQuoc\\phplab\\buoi6\\Lab01_Framework\\vendor\\laravel\\framework\\src\\Illuminate\\Routing\\Route.php(205): Illuminate\\Routing\\Route->runController()
#6 D:\\1LuuDuLieuSV\\2001240399_TrinhHuuKienQuoc\\phplab\\buoi6\\Lab01_Framework\\vendor\\laravel\\framework\\src\\Illuminate\\Routing\\Router.php(721): Illuminate\\Routing\\Route->run()
#7 D:\\1LuuDuLieuSV\\2001240399_TrinhHuuKienQuoc\\phplab\\buoi6\\Lab01_Framework\\vendor\\laravel\\framework\\src\\Illuminate\\Pipeline\\Pipeline.php(128): Illuminate\\Routing\\Router->Illuminate\\Routing\\{closure}(Object(Illuminate\\Http\\Request))
#8 D:\\1LuuDuLieuSV\\2001240399_TrinhHuuKienQuoc\\phplab\\buoi6\\Lab01_Framework\\vendor\\laravel\\framework\\src\\Illuminate\\Routing\\Middleware\\SubstituteBindings.php(50): Illuminate\\Pipeline\\Pipeline->Illuminate\\Pipeline\\{closure}(Object(Illuminate\\Http\\Request))
#9 D:\\1LuuDuLieuSV\\2001240399_TrinhHuuKienQuoc\\phplab\\buoi6\\Lab01_Framework\\vendor\\laravel\\framework\\src\\Illuminate\\Pipeline\\Pipeline.php(167): Illuminate\\Routing\\Middleware\\SubstituteBindings->handle(Object(Illuminate\\Http\\Request), Object(Closure))
#10 D:\\1LuuDuLieuSV\\2001240399_TrinhHuuKienQuoc\\phplab\\buoi6\\Lab01_Framework\\vendor\\laravel\\framework\\src\\Illuminate\\Foundation\\Http\\Middleware\\VerifyCsrfToken.php(78): Illuminate\\Pipeline\\Pipeline->Illuminate\\Pipeline\\{closure}(Object(Illuminate\\Http\\Request))
#11 D:\\1LuuDuLieuSV\\2001240399_TrinhHuuKienQuoc\\phplab\\buoi6\\Lab01_Framework\\vendor\\laravel\\framework\\src\\Illuminate\\Pipeline\\Pipeline.php(167): Illuminate\\Foundation\\Http\\Middleware\\VerifyCsrfToken->handle(Object(Illuminate\\Http\\Request), Object(Closure))
#12 D:\\1LuuDuLieuSV\\2001240399_TrinhHuuKienQuoc\\phplab\\buoi6\\Lab01_Framework\\vendor\\laravel\\framework\\src\\Illuminate\\View\\Middleware\\ShareErrorsFromSession.php(49): Illuminate\\Pipeline\\Pipeline->Illuminate\\Pipeline\\{closure}(Object(Illuminate\\Http\\Request))
#13 D:\\1LuuDuLieuSV\\2001240399_TrinhHuuKienQuoc\\phplab\\buoi6\\Lab01_Framework\\vendor\\laravel\\framework\\src\\Illuminate\\Pipeline\\Pipeline.php(167): Illuminate\\View\\Middleware\\ShareErrorsFromSession->handle(Object(Illuminate\\Http\\Request), Object(Closure))
#14 D:\\1LuuDuLieuSV\\2001240399_TrinhHuuKienQuoc\\phplab\\buoi6\\Lab01_Framework\\vendor\\laravel\\framework\\src\\Illuminate\\Session\\Middleware\\StartSession.php(121): Illuminate\\Pipeline\\Pipeline->Illuminate\\Pipeline\\{closure}(Object(Illuminate\\Http\\Request))
#15 D:\\1LuuDuLieuSV\\2001240399_TrinhHuuKienQuoc\\phplab\\buoi6\\Lab01_Framework\\vendor\\laravel\\framework\\src\\Illuminate\\Session\\Middleware\\StartSession.php(64): Illuminate\\Session\\Middleware\\StartSession->handleStatefulRequest(Object(Illuminate\\Http\\Request), Object(Illuminate\\Session\\Store), Object(Closure))
#16 D:\\1LuuDuLieuSV\\2001240399_TrinhHuuKienQuoc\\phplab\\buoi6\\Lab01_Framework\\vendor\\laravel\\framework\\src\\Illuminate\\Pipeline\\Pipeline.php(167): Illuminate\\Session\\Middleware\\StartSession->handle(Object(Illuminate\\Http\\Request), Object(Closure))
#17 D:\\1LuuDuLieuSV\\2001240399_TrinhHuuKienQuoc\\phplab\\buoi6\\Lab01_Framework\\vendor\\laravel\\framework\\src\\Illuminate\\Cookie\\Middleware\\AddQueuedCookiesToResponse.php(37): Illuminate\\Pipeline\\Pipeline->Illuminate\\Pipeline\\{closure}(Object(Illuminate\\Http\\Request))
#18 D:\\1LuuDuLieuSV\\2001240399_TrinhHuuKienQuoc\\phplab\\buoi6\\Lab01_Framework\\vendor\\laravel\\framework\\src\\Illuminate\\Pipeline\\Pipeline.php(167): Illuminate\\Cookie\\Middleware\\AddQueuedCookiesToResponse->handle(Object(Illuminate\\Http\\Request), Object(Closure))
#19 D:\\1LuuDuLieuSV\\2001240399_TrinhHuuKienQuoc\\phplab\\buoi6\\Lab01_Framework\\vendor\\laravel\\framework\\src\\Illuminate\\Cookie\\Middleware\\EncryptCookies.php(67): Illuminate\\Pipeline\\Pipeline->Illuminate\\Pipeline\\{closure}(Object(Illuminate\\Http\\Request))
#20 D:\\1LuuDuLieuSV\\2001240399_TrinhHuuKienQuoc\\phplab\\buoi6\\Lab01_Framework\\vendor\\laravel\\framework\\src\\Illuminate\\Pipeline\\Pipeline.php(167): Illuminate\\Cookie\\Middleware\\EncryptCookies->handle(Object(Illuminate\\Http\\Request), Object(Closure))
#21 D:\\1LuuDuLieuSV\\2001240399_TrinhHuuKienQuoc\\phplab\\buoi6\\Lab01_Framework\\vendor\\laravel\\framework\\src\\Illuminate\\Pipeline\\Pipeline.php(103): Illuminate\\Pipeline\\Pipeline->Illuminate\\Pipeline\\{closure}(Object(Illuminate\\Http\\Request))
#22 D:\\1LuuDuLieuSV\\2001240399_TrinhHuuKienQuoc\\phplab\\buoi6\\Lab01_Framework\\vendor\\laravel\\framework\\src\\Illuminate\\Routing\\Router.php(723): Illuminate\\Pipeline\\Pipeline->then(Object(Closure))
#23 D:\\1LuuDuLieuSV\\2001240399_TrinhHuuKienQuoc\\phplab\\buoi6\\Lab01_Framework\\vendor\\laravel\\framework\\src\\Illuminate\\Routing\\Router.php(698): Illuminate\\Routing\\Router->runRouteWithinStack(Object(Illuminate\\Routing\\Route), Object(Illuminate\\Http\\Request))
#24 D:\\1LuuDuLieuSV\\2001240399_TrinhHuuKienQuoc\\phplab\\buoi6\\Lab01_Framework\\vendor\\laravel\\framework\\src\\Illuminate\\Routing\\Router.php(662): Illuminate\\Routing\\Router->runRoute(Object(Illuminate\\Http\\Request), Object(Illuminate\\Routing\\Route))
#25 D:\\1LuuDuLieuSV\\2001240399_TrinhHuuKienQuoc\\phplab\\buoi6\\Lab01_Framework\\vendor\\laravel\\framework\\src\\Illuminate\\Routing\\Router.php(651): Illuminate\\Routing\\Router->dispatchToRoute(Object(Illuminate\\Http\\Request))
#26 D:\\1LuuDuLieuSV\\2001240399_TrinhHuuKienQuoc\\phplab\\buoi6\\Lab01_Framework\\vendor\\laravel\\framework\\src\\Illuminate\\Foundation\\Http\\Kernel.php(167): Illuminate\\Routing\\Router->dispatch(Object(Illuminate\\Http\\Request))
#27 D:\\1LuuDuLieuSV\\2001240399_TrinhHuuKienQuoc\\phplab\\buoi6\\Lab01_Framework\\vendor\\laravel\\framework\\src\\Illuminate\\Pipeline\\Pipeline.php(128): Illuminate\\Foundation\\Http\\Kernel->Illuminate\\Foundation\\Http\\{closure}(Object(Illuminate\\Http\\Request))
#28 D:\\1LuuDuLieuSV\\2001240399_TrinhHuuKienQuoc\\phplab\\buoi6\\Lab01_Framework\\vendor\\laravel\\framework\\src\\Illuminate\\Foundation\\Http\\Middleware\\TransformsRequest.php(21): Illuminate\\Pipeline\\Pipeline->Illuminate\\Pipeline\\{closure}(Object(Illuminate\\Http\\Request))
#29 D:\\1LuuDuLieuSV\\2001240399_TrinhHuuKienQuoc\\phplab\\buoi6\\Lab01_Framework\\vendor\\laravel\\framework\\src\\Illuminate\\Foundation\\Http\\Middleware\\ConvertEmptyStringsToNull.php(31): Illuminate\\Foundation\\Http\\Middleware\\TransformsRequest->handle(Object(Illuminate\\Http\\Request), Object(Closure))
#30 D:\\1LuuDuLieuSV\\2001240399_TrinhHuuKienQuoc\\phplab\\buoi6\\Lab01_Framework\\vendor\\laravel\\framework\\src\\Illuminate\\Pipeline\\Pipeline.php(167): Illuminate\\Foundation\\Http\\Middleware\\ConvertEmptyStringsToNull->handle(Object(Illuminate\\Http\\Request), Object(Closure))
#31 D:\\1LuuDuLieuSV\\2001240399_TrinhHuuKienQuoc\\phplab\\buoi6\\Lab01_Framework\\vendor\\laravel\\framework\\src\\Illuminate\\Foundation\\Http\\Middleware\\TransformsRequest.php(21): Illuminate\\Pipeline\\Pipeline->Illuminate\\Pipeline\\{closure}(Object(Illuminate\\Http\\Request))
#32 D:\\1LuuDuLieuSV\\2001240399_TrinhHuuKienQuoc\\phplab\\buoi6\\Lab01_Framework\\vendor\\laravel\\framework\\src\\Illuminate\\Foundation\\Http\\Middleware\\TrimStrings.php(40): Illuminate\\Foundation\\Http\\Middleware\\TransformsRequest->handle(Object(Illuminate\\Http\\Request), Object(Closure))
#33 D:\\1LuuDuLieuSV\\2001240399_TrinhHuuKienQuoc\\phplab\\buoi6\\Lab01_Framework\\vendor\\laravel\\framework\\src\\Illuminate\\Pipeline\\Pipeline.php(167): Illuminate\\Foundation\\Http\\Middleware\\TrimStrings->handle(Object(Illuminate\\Http\\Request), Object(Closure))
#34 D:\\1LuuDuLieuSV\\2001240399_TrinhHuuKienQuoc\\phplab\\buoi6\\Lab01_Framework\\vendor\\laravel\\framework\\src\\Illuminate\\Foundation\\Http\\Middleware\\ValidatePostSize.php(27): Illuminate\\Pipeline\\Pipeline->Illuminate\\Pipeline\\{closure}(Object(Illuminate\\Http\\Request))
#35 D:\\1LuuDuLieuSV\\2001240399_TrinhHuuKienQuoc\\phplab\\buoi6\\Lab01_Framework\\vendor\\laravel\\framework\\src\\Illuminate\\Pipeline\\Pipeline.php(167): Illuminate\\Foundation\\Http\\Middleware\\ValidatePostSize->handle(Object(Illuminate\\Http\\Request), Object(Closure))
#36 D:\\1LuuDuLieuSV\\2001240399_TrinhHuuKienQuoc\\phplab\\buoi6\\Lab01_Framework\\vendor\\laravel\\framework\\src\\Illuminate\\Foundation\\Http\\Middleware\\PreventRequestsDuringMaintenance.php(86): Illuminate\\Pipeline\\Pipeline->Illuminate\\Pipeline\\{closure}(Object(Illuminate\\Http\\Request))
#37 D:\\1LuuDuLieuSV\\2001240399_TrinhHuuKienQuoc\\phplab\\buoi6\\Lab01_Framework\\vendor\\laravel\\framework\\src\\Illuminate\\Pipeline\\Pipeline.php(167): Illuminate\\Foundation\\Http\\Middleware\\PreventRequestsDuringMaintenance->handle(Object(Illuminate\\Http\\Request), Object(Closure))
#38 D:\\1LuuDuLieuSV\\2001240399_TrinhHuuKienQuoc\\phplab\\buoi6\\Lab01_Framework\\vendor\\fruitcake\\laravel-cors\\src\\HandleCors.php(38): Illuminate\\Pipeline\\Pipeline->Illuminate\\Pipeline\\{closure}(Object(Illuminate\\Http\\Request))
#39 D:\\1LuuDuLieuSV\\2001240399_TrinhHuuKienQuoc\\phplab\\buoi6\\Lab01_Framework\\vendor\\laravel\\framework\\src\\Illuminate\\Pipeline\\Pipeline.php(167): Fruitcake\\Cors\\HandleCors->handle(Object(Illuminate\\Http\\Request), Object(Closure))
#40 D:\\1LuuDuLieuSV\\2001240399_TrinhHuuKienQuoc\\phplab\\buoi6\\Lab01_Framework\\vendor\\laravel\\framework\\src\\Illuminate\\Http\\Middleware\\TrustProxies.php(39): Illuminate\\Pipeline\\Pipeline->Illuminate\\Pipeline\\{closure}(Object(Illuminate\\Http\\Request))
#41 D:\\1LuuDuLieuSV\\2001240399_TrinhHuuKienQuoc\\phplab\\buoi6\\Lab01_Framework\\vendor\\laravel\\framework\\src\\Illuminate\\Pipeline\\Pipeline.php(167): Illuminate\\Http\\Middleware\\TrustProxies->handle(Object(Illuminate\\Http\\Request), Object(Closure))
#42 D:\\1LuuDuLieuSV\\2001240399_TrinhHuuKienQuoc\\phplab\\buoi6\\Lab01_Framework\\vendor\\laravel\\framework\\src\\Illuminate\\Pipeline\\Pipeline.php(103): Illuminate\\Pipeline\\Pipeline->Illuminate\\Pipeline\\{closure}(Object(Illuminate\\Http\\Request))
#43 D:\\1LuuDuLieuSV\\2001240399_TrinhHuuKienQuoc\\phplab\\buoi6\\Lab01_Framework\\vendor\\laravel\\framework\\src\\Illuminate\\Foundation\\Http\\Kernel.php(142): Illuminate\\Pipeline\\Pipeline->then(Object(Closure))
#44 D:\\1LuuDuLieuSV\\2001240399_TrinhHuuKienQuoc\\phplab\\buoi6\\Lab01_Framework\\vendor\\laravel\\framework\\src\\Illuminate\\Foundation\\Http\\Kernel.php(111): Illuminate\\Foundation\\Http\\Kernel->sendRequestThroughRouter(Object(Illuminate\\Http\\Request))
#45 D:\\1LuuDuLieuSV\\2001240399_TrinhHuuKienQuoc\\phplab\\buoi6\\Lab01_Framework\\public\\index.php(52): Illuminate\\Foundation\\Http\\Kernel->handle(Object(Illuminate\\Http\\Request))
#46 D:\\1LuuDuLieuSV\\2001240399_TrinhHuuKienQuoc\\phplab\\buoi6\\Lab01_Framework\\server.php(21): require_once('D:\\\\1LuuDuLieuSV...')
#47 {main}
"} 
[2026-09-21 08:09:20] local.ERROR: compact(): Undefined variable: articles {"exception":"[object] (ErrorException(code: 0): compact(): Undefined variable: articles at D:\\1LuuDuLieuSV\\2001240399_TrinhHuuKienQuoc\\phplab\\buoi6\\Lab01_Framework\\app\\Http\\Controllers\\ArticleController.php:17)
[stacktrace]
#0 [internal function]: Illuminate\\Foundation\\Bootstrap\\HandleExceptions->handleError(8, 'compact(): Unde...', 'D:\\\\1LuuDuLieuSV...', 17, Array)
#1 D:\\1LuuDuLieuSV\\2001240399_TrinhHuuKienQuoc\\phplab\\buoi6\\Lab01_Framework\\app\\Http\\Controllers\\ArticleController.php(17): compact('articles')
#2 D:\\1LuuDuLieuSV\\2001240399_TrinhHuuKienQuoc\\phplab\\buoi6\\Lab01_Framework\\vendor\\laravel\\framework\\src\\Illuminate\\Routing\\Controller.php(54): App\\Http\\Controllers\\ArticleController->index()
#3 D:\\1LuuDuLieuSV\\2001240399_TrinhHuuKienQuoc\\phplab\\buoi6\\Lab01_Framework\\vendor\\laravel\\framework\\src\\Illuminate\\Routing\\ControllerDispatcher.php(45): Illuminate\\Routing\\Controller->callAction('index', Array)
#4 D:\\1LuuDuLieuSV\\2001240399_TrinhHuuKienQuoc\\phplab\\buoi6\\Lab01_Framework\\vendor\\laravel\\framework\\src\\Illuminate\\Routing\\Route.php(262): Illuminate\\Routing\\ControllerDispatcher->dispatch(Object(Illuminate\\Routing\\Route), Object(App\\Http\\Controllers\\ArticleController), 'index')
#5 D:\\1LuuDuLieuSV\\2001240399_TrinhHuuKienQuoc\\phplab\\buoi6\\Lab01_Framework\\vendor\\laravel\\framework\\src\\Illuminate\\Routing\\Route.php(205): Illuminate\\Routing\\Route->runController()
#6 D:\\1LuuDuLieuSV\\2001240399_TrinhHuuKienQuoc\\phplab\\buoi6\\Lab01_Framework\\vendor\\laravel\\framework\\src\\Illuminate\\Routing\\Router.php(721): Illuminate\\Routing\\Route->run()
#7 D:\\1LuuDuLieuSV\\2001240399_TrinhHuuKienQuoc\\phplab\\buoi6\\Lab01_Framework\\vendor\\laravel\\framework\\src\\Illuminate\\Pipeline\\Pipeline.php(128): Illuminate\\Routing\\Router->Illuminate\\Routing\\{closure}(Object(Illuminate\\Http\\Request))
#8 D:\\1LuuDuLieuSV\\2001240399_TrinhHuuKienQuoc\\phplab\\buoi6\\Lab01_Framework\\vendor\\laravel\\framework\\src\\Illuminate\\Routing\\Middleware\\SubstituteBindings.php(50): Illuminate\\Pipeline\\Pipeline->Illuminate\\Pipeline\\{closure}(Object(Illuminate\\Http\\Request))
#9 D:\\1LuuDuLieuSV\\2001240399_TrinhHuuKienQuoc\\phplab\\buoi6\\Lab01_Framework\\vendor\\laravel\\framework\\src\\Illuminate\\Pipeline\\Pipeline.php(167): Illuminate\\Routing\\Middleware\\SubstituteBindings->handle(Object(Illuminate\\Http\\Request), Object(Closure))
#10 D:\\1LuuDuLieuSV\\2001240399_TrinhHuuKienQuoc\\phplab\\buoi6\\Lab01_Framework\\vendor\\laravel\\framework\\src\\Illuminate\\Foundation\\Http\\Middleware\\VerifyCsrfToken.php(78): Illuminate\\Pipeline\\Pipeline->Illuminate\\Pipeline\\{closure}(Object(Illuminate\\Http\\Request))
#11 D:\\1LuuDuLieuSV\\2001240399_TrinhHuuKienQuoc\\phplab\\buoi6\\Lab01_Framework\\vendor\\laravel\\framework\\src\\Illuminate\\Pipeline\\Pipeline.php(167): Illuminate\\Foundation\\Http\\Middleware\\VerifyCsrfToken->handle(Object(Illuminate\\Http\\Request), Object(Closure))
#12 D:\\1LuuDuLieuSV\\2001240399_TrinhHuuKienQuoc\\phplab\\buoi6\\Lab01_Framework\\vendor\\laravel\\framework\\src\\Illuminate\\View\\Middleware\\ShareErrorsFromSession.php(49): Illuminate\\Pipeline\\Pipeline->Illuminate\\Pipeline\\{closure}(Object(Illuminate\\Http\\Request))
#13 D:\\1LuuDuLieuSV\\2001240399_TrinhHuuKienQuoc\\phplab\\buoi6\\Lab01_Framework\\vendor\\laravel\\framework\\src\\Illuminate\\Pipeline\\Pipeline.php(167): Illuminate\\View\\Middleware\\ShareErrorsFromSession->handle(Object(Illuminate\\Http\\Request), Object(Closure))
#14 D:\\1LuuDuLieuSV\\2001240399_TrinhHuuKienQuoc\\phplab\\buoi6\\Lab01_Framework\\vendor\\laravel\\framework\\src\\Illuminate\\Session\\Middleware\\StartSession.php(121): Illuminate\\Pipeline\\Pipeline->Illuminate\\Pipeline\\{closure}(Object(Illuminate\\Http\\Request))
#15 D:\\1LuuDuLieuSV\\2001240399_TrinhHuuKienQuoc\\phplab\\buoi6\\Lab01_Framework\\vendor\\laravel\\framework\\src\\Illuminate\\Session\\Middleware\\StartSession.php(64): Illuminate\\Session\\Middleware\\StartSession->handleStatefulRequest(Object(Illuminate\\Http\\Request), Object(Illuminate\\Session\\Store), Object(Closure))
#16 D:\\1LuuDuLieuSV\\2001240399_TrinhHuuKienQuoc\\phplab\\buoi6\\Lab01_Framework\\vendor\\laravel\\framework\\src\\Illuminate\\Pipeline\\Pipeline.php(167): Illuminate\\Session\\Middleware\\StartSession->handle(Object(Illuminate\\Http\\Request), Object(Closure))
#17 D:\\1LuuDuLieuSV\\2001240399_TrinhHuuKienQuoc\\phplab\\buoi6\\Lab01_Framework\\vendor\\laravel\\framework\\src\\Illuminate\\Cookie\\Middleware\\AddQueuedCookiesToResponse.php(37): Illuminate\\Pipeline\\Pipeline->Illuminate\\Pipeline\\{closure}(Object(Illuminate\\Http\\Request))
#18 D:\\1LuuDuLieuSV\\2001240399_TrinhHuuKienQuoc\\phplab\\buoi6\\Lab01_Framework\\vendor\\laravel\\framework\\src\\Illuminate\\Pipeline\\Pipeline.php(167): Illuminate\\Cookie\\Middleware\\AddQueuedCookiesToResponse->handle(Object(Illuminate\\Http\\Request), Object(Closure))
#19 D:\\1LuuDuLieuSV\\2001240399_TrinhHuuKienQuoc\\phplab\\buoi6\\Lab01_Framework\\vendor\\laravel\\framework\\src\\Illuminate\\Cookie\\Middleware\\EncryptCookies.php(67): Illuminate\\Pipeline\\Pipeline->Illuminate\\Pipeline\\{closure}(Object(Illuminate\\Http\\Request))
#20 D:\\1LuuDuLieuSV\\2001240399_TrinhHuuKienQuoc\\phplab\\buoi6\\Lab01_Framework\\vendor\\laravel\\framework\\src\\Illuminate\\Pipeline\\Pipeline.php(167): Illuminate\\Cookie\\Middleware\\EncryptCookies->handle(Object(Illuminate\\Http\\Request), Object(Closure))
#21 D:\\1LuuDuLieuSV\\2001240399_TrinhHuuKienQuoc\\phplab\\buoi6\\Lab01_Framework\\vendor\\laravel\\framework\\src\\Illuminate\\Pipeline\\Pipeline.php(103): Illuminate\\Pipeline\\Pipeline->Illuminate\\Pipeline\\{closure}(Object(Illuminate\\Http\\Request))
#22 D:\\1LuuDuLieuSV\\2001240399_TrinhHuuKienQuoc\\phplab\\buoi6\\Lab01_Framework\\vendor\\laravel\\framework\\src\\Illuminate\\Routing\\Router.php(723): Illuminate\\Pipeline\\Pipeline->then(Object(Closure))
#23 D:\\1LuuDuLieuSV\\2001240399_TrinhHuuKienQuoc\\phplab\\buoi6\\Lab01_Framework\\vendor\\laravel\\framework\\src\\Illuminate\\Routing\\Router.php(698): Illuminate\\Routing\\Router->runRouteWithinStack(Object(Illuminate\\Routing\\Route), Object(Illuminate\\Http\\Request))
#24 D:\\1LuuDuLieuSV\\2001240399_TrinhHuuKienQuoc\\phplab\\buoi6\\Lab01_Framework\\vendor\\laravel\\framework\\src\\Illuminate\\Routing\\Router.php(662): Illuminate\\Routing\\Router->runRoute(Object(Illuminate\\Http\\Request), Object(Illuminate\\Routing\\Route))
#25 D:\\1LuuDuLieuSV\\2001240399_TrinhHuuKienQuoc\\phplab\\buoi6\\Lab01_Framework\\vendor\\laravel\\framework\\src\\Illuminate\\Routing\\Router.php(651): Illuminate\\Routing\\Router->dispatchToRoute(Object(Illuminate\\Http\\Request))
#26 D:\\1LuuDuLieuSV\\2001240399_TrinhHuuKienQuoc\\phplab\\buoi6\\Lab01_Framework\\vendor\\laravel\\framework\\src\\Illuminate\\Foundation\\Http\\Kernel.php(167): Illuminate\\Routing\\Router->dispatch(Object(Illuminate\\Http\\Request))
#27 D:\\1LuuDuLieuSV\\2001240399_TrinhHuuKienQuoc\\phplab\\buoi6\\Lab01_Framework\\vendor\\laravel\\framework\\src\\Illuminate\\Pipeline\\Pipeline.php(128): Illuminate\\Foundation\\Http\\Kernel->Illuminate\\Foundation\\Http\\{closure}(Object(Illuminate\\Http\\Request))
#28 D:\\1LuuDuLieuSV\\2001240399_TrinhHuuKienQuoc\\phplab\\buoi6\\Lab01_Framework\\vendor\\laravel\\framework\\src\\Illuminate\\Foundation\\Http\\Middleware\\TransformsRequest.php(21): Illuminate\\Pipeline\\Pipeline->Illuminate\\Pipeline\\{closure}(Object(Illuminate\\Http\\Request))
#29 D:\\1LuuDuLieuSV\\2001240399_TrinhHuuKienQuoc\\phplab\\buoi6\\Lab01_Framework\\vendor\\laravel\\framework\\src\\Illuminate\\Foundation\\Http\\Middleware\\ConvertEmptyStringsToNull.php(31): Illuminate\\Foundation\\Http\\Middleware\\TransformsRequest->handle(Object(Illuminate\\Http\\Request), Object(Closure))
#30 D:\\1LuuDuLieuSV\\2001240399_TrinhHuuKienQuoc\\phplab\\buoi6\\Lab01_Framework\\vendor\\laravel\\framework\\src\\Illuminate\\Pipeline\\Pipeline.php(167): Illuminate\\Foundation\\Http\\Middleware\\ConvertEmptyStringsToNull->handle(Object(Illuminate\\Http\\Request), Object(Closure))
#31 D:\\1LuuDuLieuSV\\2001240399_TrinhHuuKienQuoc\\phplab\\buoi6\\Lab01_Framework\\vendor\\laravel\\framework\\src\\Illuminate\\Foundation\\Http\\Middleware\\TransformsRequest.php(21): Illuminate\\Pipeline\\Pipeline->Illuminate\\Pipeline\\{closure}(Object(Illuminate\\Http\\Request))
#32 D:\\1LuuDuLieuSV\\2001240399_TrinhHuuKienQuoc\\phplab\\buoi6\\Lab01_Framework\\vendor\\laravel\\framework\\src\\Illuminate\\Foundation\\Http\\Middleware\\TrimStrings.php(40): Illuminate\\Foundation\\Http\\Middleware\\TransformsRequest->handle(Object(Illuminate\\Http\\Request), Object(Closure))
#33 D:\\1LuuDuLieuSV\\2001240399_TrinhHuuKienQuoc\\phplab\\buoi6\\Lab01_Framework\\vendor\\laravel\\framework\\src\\Illuminate\\Pipeline\\Pipeline.php(167): Illuminate\\Foundation\\Http\\Middleware\\TrimStrings->handle(Object(Illuminate\\Http\\Request), Object(Closure))
#34 D:\\1LuuDuLieuSV\\2001240399_TrinhHuuKienQuoc\\phplab\\buoi6\\Lab01_Framework\\vendor\\laravel\\framework\\src\\Illuminate\\Foundation\\Http\\Middleware\\ValidatePostSize.php(27): Illuminate\\Pipeline\\Pipeline->Illuminate\\Pipeline\\{closure}(Object(Illuminate\\Http\\Request))
#35 D:\\1LuuDuLieuSV\\2001240399_TrinhHuuKienQuoc\\phplab\\buoi6\\Lab01_Framework\\vendor\\laravel\\framework\\src\\Illuminate\\Pipeline\\Pipeline.php(167): Illuminate\\Foundation\\Http\\Middleware\\ValidatePostSize->handle(Object(Illuminate\\Http\\Request), Object(Closure))
#36 D:\\1LuuDuLieuSV\\2001240399_TrinhHuuKienQuoc\\phplab\\buoi6\\Lab01_Framework\\vendor\\laravel\\framework\\src\\Illuminate\\Foundation\\Http\\Middleware\\PreventRequestsDuringMaintenance.php(86): Illuminate\\Pipeline\\Pipeline->Illuminate\\Pipeline\\{closure}(Object(Illuminate\\Http\\Request))
#37 D:\\1LuuDuLieuSV\\2001240399_TrinhHuuKienQuoc\\phplab\\buoi6\\Lab01_Framework\\vendor\\laravel\\framework\\src\\Illuminate\\Pipeline\\Pipeline.php(167): Illuminate\\Foundation\\Http\\Middleware\\PreventRequestsDuringMaintenance->handle(Object(Illuminate\\Http\\Request), Object(Closure))
#38 D:\\1LuuDuLieuSV\\2001240399_TrinhHuuKienQuoc\\phplab\\buoi6\\Lab01_Framework\\vendor\\fruitcake\\laravel-cors\\src\\HandleCors.php(38): Illuminate\\Pipeline\\Pipeline->Illuminate\\Pipeline\\{closure}(Object(Illuminate\\Http\\Request))
#39 D:\\1LuuDuLieuSV\\2001240399_TrinhHuuKienQuoc\\phplab\\buoi6\\Lab01_Framework\\vendor\\laravel\\framework\\src\\Illuminate\\Pipeline\\Pipeline.php(167): Fruitcake\\Cors\\HandleCors->handle(Object(Illuminate\\Http\\Request), Object(Closure))
#40 D:\\1LuuDuLieuSV\\2001240399_TrinhHuuKienQuoc\\phplab\\buoi6\\Lab01_Framework\\vendor\\laravel\\framework\\src\\Illuminate\\Http\\Middleware\\TrustProxies.php(39): Illuminate\\Pipeline\\Pipeline->Illuminate\\Pipeline\\{closure}(Object(Illuminate\\Http\\Request))
#41 D:\\1LuuDuLieuSV\\2001240399_TrinhHuuKienQuoc\\phplab\\buoi6\\Lab01_Framework\\vendor\\laravel\\framework\\src\\Illuminate\\Pipeline\\Pipeline.php(167): Illuminate\\Http\\Middleware\\TrustProxies->handle(Object(Illuminate\\Http\\Request), Object(Closure))
#42 D:\\1LuuDuLieuSV\\2001240399_TrinhHuuKienQuoc\\phplab\\buoi6\\Lab01_Framework\\vendor\\laravel\\framework\\src\\Illuminate\\Pipeline\\Pipeline.php(103): Illuminate\\Pipeline\\Pipeline->Illuminate\\Pipeline\\{closure}(Object(Illuminate\\Http\\Request))
#43 D:\\1LuuDuLieuSV\\2001240399_TrinhHuuKienQuoc\\phplab\\buoi6\\Lab01_Framework\\vendor\\laravel\\framework\\src\\Illuminate\\Foundation\\Http\\Kernel.php(142): Illuminate\\Pipeline\\Pipeline->then(Object(Closure))
#44 D:\\1LuuDuLieuSV\\2001240399_TrinhHuuKienQuoc\\phplab\\buoi6\\Lab01_Framework\\vendor\\laravel\\framework\\src\\Illuminate\\Foundation\\Http\\Kernel.php(111): Illuminate\\Foundation\\Http\\Kernel->sendRequestThroughRouter(Object(Illuminate\\Http\\Request))
#45 D:\\1LuuDuLieuSV\\2001240399_TrinhHuuKienQuoc\\phplab\\buoi6\\Lab01_Framework\\public\\index.php(52): Illuminate\\Foundation\\Http\\Kernel->handle(Object(Illuminate\\Http\\Request))
#46 D:\\1LuuDuLieuSV\\2001240399_TrinhHuuKienQuoc\\phplab\\buoi6\\Lab01_Framework\\server.php(21): require_once('D:\\\\1LuuDuLieuSV...')
#47 {main}
"} 
[2026-09-21 08:20:30] local.ERROR: SQLSTATE[HY000] [2002] No connection could be made because the target machine actively refused it.
 (SQL: select * from `articles` where `articles`.`id` = 2 limit 1) {"exception":"[object] (Illuminate\\Database\\QueryException(code: 2002): SQLSTATE[HY000] [2002] No connection could be made because the target machine actively refused it.

 (SQL: select * from `articles` where `articles`.`id` = 2 limit 1) at D:\\1LuuDuLieuSV\\2001240399_TrinhHuuKienQuoc\\phplab\\buoi6\\Lab01_Framework\\vendor\\laravel\\framework\\src\\Illuminate\\Database\\Connection.php:712)
[stacktrace]
#0 D:\\1LuuDuLieuSV\\2001240399_TrinhHuuKienQuoc\\phplab\\buoi6\\Lab01_Framework\\vendor\\laravel\\framework\\src\\Illuminate\\Database\\Connection.php(672): Illuminate\\Database\\Connection->runQueryCallback('select * from `...', Array, Object(Closure))
#1 D:\\1LuuDuLieuSV\\2001240399_TrinhHuuKienQuoc\\phplab\\buoi6\\Lab01_Framework\\vendor\\laravel\\framework\\src\\Illuminate\\Database\\Connection.php(376): Illuminate\\Database\\Connection->run('select * from `...', Array, Object(Closure))
#2 D:\\1LuuDuLieuSV\\2001240399_TrinhHuuKienQuoc\\phplab\\buoi6\\Lab01_Framework\\vendor\\laravel\\framework\\src\\Illuminate\\Database\\Query\\Builder.php(2414): Illuminate\\Database\\Connection->select('select * from `...', Array, true)
#3 D:\\1LuuDuLieuSV\\2001240399_TrinhHuuKienQuoc\\phplab\\buoi6\\Lab01_Framework\\vendor\\laravel\\framework\\src\\Illuminate\\Database\\Query\\Builder.php(2402): Illuminate\\Database\\Query\\Builder->runSelect()
#4 D:\\1LuuDuLieuSV\\2001240399_TrinhHuuKienQuoc\\phplab\\buoi6\\Lab01_Framework\\vendor\\laravel\\framework\\src\\Illuminate\\Database\\Query\\Builder.php(2936): Illuminate\\Database\\Query\\Builder->Illuminate\\Database\\Query\\{closure}()
#5 D:\\1LuuDuLieuSV\\2001240399_TrinhHuuKienQuoc\\phplab\\buoi6\\Lab01_Framework\\vendor\\laravel\\framework\\src\\Illuminate\\Database\\Query\\Builder.php(2403): Illuminate\\Database\\Query\\Builder->onceWithColumns(Array, Object(Closure))
#6 D:\\1LuuDuLieuSV\\2001240399_TrinhHuuKienQuoc\\phplab\\buoi6\\Lab01_Framework\\vendor\\laravel\\framework\\src\\Illuminate\\Database\\Eloquent\\Builder.php(625): Illuminate\\Database\\Query\\Builder->get(Array)
#7 D:\\1LuuDuLieuSV\\2001240399_TrinhHuuKienQuoc\\phplab\\buoi6\\Lab01_Framework\\vendor\\laravel\\framework\\src\\Illuminate\\Database\\Eloquent\\Builder.php(609): Illuminate\\Database\\Eloquent\\Builder->getModels(Array)
#8 D:\\1LuuDuLieuSV\\2001240399_TrinhHuuKienQuoc\\phplab\\buoi6\\Lab01_Framework\\vendor\\laravel\\framework\\src\\Illuminate\\Database\\Concerns\\BuildsQueries.php(294): Illuminate\\Database\\Eloquent\\Builder->get(Array)
#9 D:\\1LuuDuLieuSV\\2001240399_TrinhHuuKienQuoc\\phplab\\buoi6\\Lab01_Framework\\vendor\\laravel\\framework\\src\\Illuminate\\Database\\Eloquent\\Builder.php(400): Illuminate\\Database\\Eloquent\\Builder->first(Array)
#10 D:\\1LuuDuLieuSV\\2001240399_TrinhHuuKienQuoc\\phplab\\buoi6\\Lab01_Framework\\vendor\\laravel\\framework\\src\\Illuminate\\Support\\Traits\\ForwardsCalls.php(23): Illuminate\\Database\\Eloquent\\Builder->find('2')
#11 D:\\1LuuDuLieuSV\\2001240399_TrinhHuuKienQuoc\\phplab\\buoi6\\Lab01_Framework\\vendor\\laravel\\framework\\src\\Illuminate\\Database\\Eloquent\\Model.php(2132): Illuminate\\Database\\Eloquent\\Model->forwardCallTo(Object(Illuminate\\Database\\Eloquent\\Builder), 'find', Array)
#12 D:\\1LuuDuLieuSV\\2001240399_TrinhHuuKienQuoc\\phplab\\buoi6\\Lab01_Framework\\vendor\\laravel\\framework\\src\\Illuminate\\Database\\Eloquent\\Model.php(2144): Illuminate\\Database\\Eloquent\\Model->__call('find', Array)
#13 D:\\1LuuDuLieuSV\\2001240399_TrinhHuuKienQuoc\\phplab\\buoi6\\Lab01_Framework\\app\\Http\\Controllers\\ArticleController.php(59): Illuminate\\Database\\Eloquent\\Model::__callStatic('find', Array)
#14 D:\\1LuuDuLieuSV\\2001240399_TrinhHuuKienQuoc\\phplab\\buoi6\\Lab01_Framework\\vendor\\laravel\\framework\\src\\Illuminate\\Routing\\Controller.php(54): App\\Http\\Controllers\\ArticleController->show('2')
#15 D:\\1LuuDuLieuSV\\2001240399_TrinhHuuKienQuoc\\phplab\\buoi6\\Lab01_Framework\\vendor\\laravel\\framework\\src\\Illuminate\\Routing\\ControllerDispatcher.php(45): Illuminate\\Routing\\Controller->callAction('show', Array)
#16 D:\\1LuuDuLieuSV\\2001240399_TrinhHuuKienQuoc\\phplab\\buoi6\\Lab01_Framework\\vendor\\laravel\\framework\\src\\Illuminate\\Routing\\Route.php(262): Illuminate\\Routing\\ControllerDispatcher->dispatch(Object(Illuminate\\Routing\\Route), Object(App\\Http\\Controllers\\ArticleController), 'show')
#17 D:\\1LuuDuLieuSV\\2001240399_TrinhHuuKienQuoc\\phplab\\buoi6\\Lab01_Framework\\vendor\\laravel\\framework\\src\\Illuminate\\Routing\\Route.php(205): Illuminate\\Routing\\Route->runController()
#18 D:\\1LuuDuLieuSV\\2001240399_TrinhHuuKienQuoc\\phplab\\buoi6\\Lab01_Framework\\vendor\\laravel\\framework\\src\\Illuminate\\Routing\\Router.php(721): Illuminate\\Routing\\Route->run()
#19 D:\\1LuuDuLieuSV\\2001240399_TrinhHuuKienQuoc\\phplab\\buoi6\\Lab01_Framework\\vendor\\laravel\\framework\\src\\Illuminate\\Pipeline\\Pipeline.php(128): Illuminate\\Routing\\Router->Illuminate\\Routing\\{closure}(Object(Illuminate\\Http\\Request))
#20 D:\\1LuuDuLieuSV\\2001240399_TrinhHuuKienQuoc\\phplab\\buoi6\\Lab01_Framework\\vendor\\laravel\\framework\\src\\Illuminate\\Routing\\Middleware\\SubstituteBindings.php(50): Illuminate\\Pipeline\\Pipeline->Illuminate\\Pipeline\\{closure}(Object(Illuminate\\Http\\Request))
#21 D:\\1LuuDuLieuSV\\2001240399_TrinhHuuKienQuoc\\phplab\\buoi6\\Lab01_Framework\\vendor\\laravel\\framework\\src\\Illuminate\\Pipeline\\Pipeline.php(167): Illuminate\\Routing\\Middleware\\SubstituteBindings->handle(Object(Illuminate\\Http\\Request), Object(Closure))
#22 D:\\1LuuDuLieuSV\\2001240399_TrinhHuuKienQuoc\\phplab\\buoi6\\Lab01_Framework\\vendor\\laravel\\framework\\src\\Illuminate\\Foundation\\Http\\Middleware\\VerifyCsrfToken.php(78): Illuminate\\Pipeline\\Pipeline->Illuminate\\Pipeline\\{closure}(Object(Illuminate\\Http\\Request))
#23 D:\\1LuuDuLieuSV\\2001240399_TrinhHuuKienQuoc\\phplab\\buoi6\\Lab01_Framework\\vendor\\laravel\\framework\\src\\Illuminate\\Pipeline\\Pipeline.php(167): Illuminate\\Foundation\\Http\\Middleware\\VerifyCsrfToken->handle(Object(Illuminate\\Http\\Request), Object(Closure))
#24 D:\\1LuuDuLieuSV\\2001240399_TrinhHuuKienQuoc\\phplab\\buoi6\\Lab01_Framework\\vendor\\laravel\\framework\\src\\Illuminate\\View\\Middleware\\ShareErrorsFromSession.php(49): Illuminate\\Pipeline\\Pipeline->Illuminate\\Pipeline\\{closure}(Object(Illuminate\\Http\\Request))
#25 D:\\1LuuDuLieuSV\\2001240399_TrinhHuuKienQuoc\\phplab\\buoi6\\Lab01_Framework\\vendor\\laravel\\framework\\src\\Illuminate\\Pipeline\\Pipeline.php(167): Illuminate\\View\\Middleware\\ShareErrorsFromSession->handle(Object(Illuminate\\Http\\Request), Object(Closure))
#26 D:\\1LuuDuLieuSV\\2001240399_TrinhHuuKienQuoc\\phplab\\buoi6\\Lab01_Framework\\vendor\\laravel\\framework\\src\\Illuminate\\Session\\Middleware\\StartSession.php(121): Illuminate\\Pipeline\\Pipeline->Illuminate\\Pipeline\\{closure}(Object(Illuminate\\Http\\Request))
#27 D:\\1LuuDuLieuSV\\2001240399_TrinhHuuKienQuoc\\phplab\\buoi6\\Lab01_Framework\\vendor\\laravel\\framework\\src\\Illuminate\\Session\\Middleware\\StartSession.php(64): Illuminate\\Session\\Middleware\\StartSession->handleStatefulRequest(Object(Illuminate\\Http\\Request), Object(Illuminate\\Session\\Store), Object(Closure))
#28 D:\\1LuuDuLieuSV\\2001240399_TrinhHuuKienQuoc\\phplab\\buoi6\\Lab01_Framework\\vendor\\laravel\\framework\\src\\Illuminate\\Pipeline\\Pipeline.php(167): Illuminate\\Session\\Middleware\\StartSession->handle(Object(Illuminate\\Http\\Request), Object(Closure))
#29 D:\\1LuuDuLieuSV\\2001240399_TrinhHuuKienQuoc\\phplab\\buoi6\\Lab01_Framework\\vendor\\laravel\\framework\\src\\Illuminate\\Cookie\\Middleware\\AddQueuedCookiesToResponse.php(37): Illuminate\\Pipeline\\Pipeline->Illuminate\\Pipeline\\{closure}(Object(Illuminate\\Http\\Request))
#30 D:\\1LuuDuLieuSV\\2001240399_TrinhHuuKienQuoc\\phplab\\buoi6\\Lab01_Framework\\vendor\\laravel\\framework\\src\\Illuminate\\Pipeline\\Pipeline.php(167): Illuminate\\Cookie\\Middleware\\AddQueuedCookiesToResponse->handle(Object(Illuminate\\Http\\Request), Object(Closure))
#31 D:\\1LuuDuLieuSV\\2001240399_TrinhHuuKienQuoc\\phplab\\buoi6\\Lab01_Framework\\vendor\\laravel\\framework\\src\\Illuminate\\Cookie\\Middleware\\EncryptCookies.php(67): Illuminate\\Pipeline\\Pipeline->Illuminate\\Pipeline\\{closure}(Object(Illuminate\\Http\\Request))
#32 D:\\1LuuDuLieuSV\\2001240399_TrinhHuuKienQuoc\\phplab\\buoi6\\Lab01_Framework\\vendor\\laravel\\framework\\src\\Illuminate\\Pipeline\\Pipeline.php(167): Illuminate\\Cookie\\Middleware\\EncryptCookies->handle(Object(Illuminate\\Http\\Request), Object(Closure))
#33 D:\\1LuuDuLieuSV\\2001240399_TrinhHuuKienQuoc\\phplab\\buoi6\\Lab01_Framework\\vendor\\laravel\\framework\\src\\Illuminate\\Pipeline\\Pipeline.php(103): Illuminate\\Pipeline\\Pipeline->Illuminate\\Pipeline\\{closure}(Object(Illuminate\\Http\\Request))
#34 D:\\1LuuDuLieuSV\\2001240399_TrinhHuuKienQuoc\\phplab\\buoi6\\Lab01_Framework\\vendor\\laravel\\framework\\src\\Illuminate\\Routing\\Router.php(723): Illuminate\\Pipeline\\Pipeline->then(Object(Closure))
#35 D:\\1LuuDuLieuSV\\2001240399_TrinhHuuKienQuoc\\phplab\\buoi6\\Lab01_Framework\\vendor\\laravel\\framework\\src\\Illuminate\\Routing\\Router.php(698): Illuminate\\Routing\\Router->runRouteWithinStack(Object(Illuminate\\Routing\\Route), Object(Illuminate\\Http\\Request))
#36 D:\\1LuuDuLieuSV\\2001240399_TrinhHuuKienQuoc\\phplab\\buoi6\\Lab01_Framework\\vendor\\laravel\\framework\\src\\Illuminate\\Routing\\Router.php(662): Illuminate\\Routing\\Router->runRoute(Object(Illuminate\\Http\\Request), Object(Illuminate\\Routing\\Route))
#37 D:\\1LuuDuLieuSV\\2001240399_TrinhHuuKienQuoc\\phplab\\buoi6\\Lab01_Framework\\vendor\\laravel\\framework\\src\\Illuminate\\Routing\\Router.php(651): Illuminate\\Routing\\Router->dispatchToRoute(Object(Illuminate\\Http\\Request))
#38 D:\\1LuuDuLieuSV\\2001240399_TrinhHuuKienQuoc\\phplab\\buoi6\\Lab01_Framework\\vendor\\laravel\\framework\\src\\Illuminate\\Foundation\\Http\\Kernel.php(167): Illuminate\\Routing\\Router->dispatch(Object(Illuminate\\Http\\Request))
#39 D:\\1LuuDuLieuSV\\2001240399_TrinhHuuKienQuoc\\phplab\\buoi6\\Lab01_Framework\\vendor\\laravel\\framework\\src\\Illuminate\\Pipeline\\Pipeline.php(128): Illuminate\\Foundation\\Http\\Kernel->Illuminate\\Foundation\\Http\\{closure}(Object(Illuminate\\Http\\Request))
#40 D:\\1LuuDuLieuSV\\2001240399_TrinhHuuKienQuoc\\phplab\\buoi6\\Lab01_Framework\\vendor\\laravel\\framework\\src\\Illuminate\\Foundation\\Http\\Middleware\\TransformsRequest.php(21): Illuminate\\Pipeline\\Pipeline->Illuminate\\Pipeline\\{closure}(Object(Illuminate\\Http\\Request))
#41 D:\\1LuuDuLieuSV\\2001240399_TrinhHuuKienQuoc\\phplab\\buoi6\\Lab01_Framework\\vendor\\laravel\\framework\\src\\Illuminate\\Foundation\\Http\\Middleware\\ConvertEmptyStringsToNull.php(31): Illuminate\\Foundation\\Http\\Middleware\\TransformsRequest->handle(Object(Illuminate\\Http\\Request), Object(Closure))
#42 D:\\1LuuDuLieuSV\\2001240399_TrinhHuuKienQuoc\\phplab\\buoi6\\Lab01_Framework\\vendor\\laravel\\framework\\src\\Illuminate\\Pipeline\\Pipeline.php(167): Illuminate\\Foundation\\Http\\Middleware\\ConvertEmptyStringsToNull->handle(Object(Illuminate\\Http\\Request), Object(Closure))
#43 D:\\1LuuDuLieuSV\\2001240399_TrinhHuuKienQuoc\\phplab\\buoi6\\Lab01_Framework\\vendor\\laravel\\framework\\src\\Illuminate\\Foundation\\Http\\Middleware\\TransformsRequest.php(21): Illuminate\\Pipeline\\Pipeline->Illuminate\\Pipeline\\{closure}(Object(Illuminate\\Http\\Request))
#44 D:\\1LuuDuLieuSV\\2001240399_TrinhHuuKienQuoc\\phplab\\buoi6\\Lab01_Framework\\vendor\\laravel\\framework\\src\\Illuminate\\Foundation\\Http\\Middleware\\TrimStrings.php(40): Illuminate\\Foundation\\Http\\Middleware\\TransformsRequest->handle(Object(Illuminate\\Http\\Request), Object(Closure))
#45 D:\\1LuuDuLieuSV\\2001240399_TrinhHuuKienQuoc\\phplab\\buoi6\\Lab01_Framework\\vendor\\laravel\\framework\\src\\Illuminate\\Pipeline\\Pipeline.php(167): Illuminate\\Foundation\\Http\\Middleware\\TrimStrings->handle(Object(Illuminate\\Http\\Request), Object(Closure))
#46 D:\\1LuuDuLieuSV\\2001240399_TrinhHuuKienQuoc\\phplab\\buoi6\\Lab01_Framework\\vendor\\laravel\\framework\\src\\Illuminate\\Foundation\\Http\\Middleware\\ValidatePostSize.php(27): Illuminate\\Pipeline\\Pipeline->Illuminate\\Pipeline\\{closure}(Object(Illuminate\\Http\\Request))
#47 D:\\1LuuDuLieuSV\\2001240399_TrinhHuuKienQuoc\\phplab\\buoi6\\Lab01_Framework\\vendor\\laravel\\framework\\src\\Illuminate\\Pipeline\\Pipeline.php(167): Illuminate\\Foundation\\Http\\Middleware\\ValidatePostSize->handle(Object(Illuminate\\Http\\Request), Object(Closure))
#48 D:\\1LuuDuLieuSV\\2001240399_TrinhHuuKienQuoc\\phplab\\buoi6\\Lab01_Framework\\vendor\\laravel\\framework\\src\\Illuminate\\Foundation\\Http\\Middleware\\PreventRequestsDuringMaintenance.php(86): Illuminate\\Pipeline\\Pipeline->Illuminate\\Pipeline\\{closure}(Object(Illuminate\\Http\\Request))
#49 D:\\1LuuDuLieuSV\\2001240399_TrinhHuuKienQuoc\\phplab\\buoi6\\Lab01_Framework\\vendor\\laravel\\framework\\src\\Illuminate\\Pipeline\\Pipeline.php(167): Illuminate\\Foundation\\Http\\Middleware\\PreventRequestsDuringMaintenance->handle(Object(Illuminate\\Http\\Request), Object(Closure))
#50 D:\\1LuuDuLieuSV\\2001240399_TrinhHuuKienQuoc\\phplab\\buoi6\\Lab01_Framework\\vendor\\fruitcake\\laravel-cors\\src\\HandleCors.php(38): Illuminate\\Pipeline\\Pipeline->Illuminate\\Pipeline\\{closure}(Object(Illuminate\\Http\\Request))
#51 D:\\1LuuDuLieuSV\\2001240399_TrinhHuuKienQuoc\\phplab\\buoi6\\Lab01_Framework\\vendor\\laravel\\framework\\src\\Illuminate\\Pipeline\\Pipeline.php(167): Fruitcake\\Cors\\HandleCors->handle(Object(Illuminate\\Http\\Request), Object(Closure))
#52 D:\\1LuuDuLieuSV\\2001240399_TrinhHuuKienQuoc\\phplab\\buoi6\\Lab01_Framework\\vendor\\laravel\\framework\\src\\Illuminate\\Http\\Middleware\\TrustProxies.php(39): Illuminate\\Pipeline\\Pipeline->Illuminate\\Pipeline\\{closure}(Object(Illuminate\\Http\\Request))
#53 D:\\1LuuDuLieuSV\\2001240399_TrinhHuuKienQuoc\\phplab\\buoi6\\Lab01_Framework\\vendor\\laravel\\framework\\src\\Illuminate\\Pipeline\\Pipeline.php(167): Illuminate\\Http\\Middleware\\TrustProxies->handle(Object(Illuminate\\Http\\Request), Object(Closure))
#54 D:\\1LuuDuLieuSV\\2001240399_TrinhHuuKienQuoc\\phplab\\buoi6\\Lab01_Framework\\vendor\\laravel\\framework\\src\\Illuminate\\Pipeline\\Pipeline.php(103): Illuminate\\Pipeline\\Pipeline->Illuminate\\Pipeline\\{closure}(Object(Illuminate\\Http\\Request))
#55 D:\\1LuuDuLieuSV\\2001240399_TrinhHuuKienQuoc\\phplab\\buoi6\\Lab01_Framework\\vendor\\laravel\\framework\\src\\Illuminate\\Foundation\\Http\\Kernel.php(142): Illuminate\\Pipeline\\Pipeline->then(Object(Closure))
#56 D:\\1LuuDuLieuSV\\2001240399_TrinhHuuKienQuoc\\phplab\\buoi6\\Lab01_Framework\\vendor\\laravel\\framework\\src\\Illuminate\\Foundation\\Http\\Kernel.php(111): Illuminate\\Foundation\\Http\\Kernel->sendRequestThroughRouter(Object(Illuminate\\Http\\Request))
#57 D:\\1LuuDuLieuSV\\2001240399_TrinhHuuKienQuoc\\phplab\\buoi6\\Lab01_Framework\\public\\index.php(52): Illuminate\\Foundation\\Http\\Kernel->handle(Object(Illuminate\\Http\\Request))
#58 D:\\1LuuDuLieuSV\\2001240399_TrinhHuuKienQuoc\\phplab\\buoi6\\Lab01_Framework\\server.php(21): require_once('D:\\\\1LuuDuLieuSV...')
#59 {main}

[previous exception] [object] (PDOException(code: 2002): SQLSTATE[HY000] [2002] No connection could be made because the target machine actively refused it.

 at D:\\1LuuDuLieuSV\\2001240399_TrinhHuuKienQuoc\\phplab\\buoi6\\Lab01_Framework\\vendor\\laravel\\framework\\src\\Illuminate\\Database\\Connectors\\Connector.php:70)
[stacktrace]
#0 D:\\1LuuDuLieuSV\\2001240399_TrinhHuuKienQuoc\\phplab\\buoi6\\Lab01_Framework\\vendor\\laravel\\framework\\src\\Illuminate\\Database\\Connectors\\Connector.php(70): PDO->__construct('mysql:host=127....', 'root', '', Array)
#1 D:\\1LuuDuLieuSV\\2001240399_TrinhHuuKienQuoc\\phplab\\buoi6\\Lab01_Framework\\vendor\\laravel\\framework\\src\\Illuminate\\Database\\Connectors\\Connector.php(46): Illuminate\\Database\\Connectors\\Connector->createPdoConnection('mysql:host=127....', 'root', '', Array)
#2 D:\\1LuuDuLieuSV\\2001240399_TrinhHuuKienQuoc\\phplab\\buoi6\\Lab01_Framework\\vendor\\laravel\\framework\\src\\Illuminate\\Database\\Connectors\\MySqlConnector.php(24): Illuminate\\Database\\Connectors\\Connector->createConnection('mysql:host=127....', Array, Array)
#3 D:\\1LuuDuLieuSV\\2001240399_TrinhHuuKienQuoc\\phplab\\buoi6\\Lab01_Framework\\vendor\\laravel\\framework\\src\\Illuminate\\Database\\Connectors\\ConnectionFactory.php(184): Illuminate\\Database\\Connectors\\MySqlConnector->connect(Array)
#4 [internal function]: Illuminate\\Database\\Connectors\\ConnectionFactory->Illuminate\\Database\\Connectors\\{closure}()
#5 D:\\1LuuDuLieuSV\\2001240399_TrinhHuuKienQuoc\\phplab\\buoi6\\Lab01_Framework\\vendor\\laravel\\framework\\src\\Illuminate\\Database\\Connection.php(1064): call_user_func(Object(Closure))
#6 D:\\1LuuDuLieuSV\\2001240399_TrinhHuuKienQuoc\\phplab\\buoi6\\Lab01_Framework\\vendor\\laravel\\framework\\src\\Illuminate\\Database\\Connection.php(1100): Illuminate\\Database\\Connection->getPdo()
#7 D:\\1LuuDuLieuSV\\2001240399_TrinhHuuKienQuoc\\phplab\\buoi6\\Lab01_Framework\\vendor\\laravel\\framework\\src\\Illuminate\\Database\\Connection.php(442): Illuminate\\Database\\Connection->getReadPdo()
#8 D:\\1LuuDuLieuSV\\2001240399_TrinhHuuKienQuoc\\phplab\\buoi6\\Lab01_Framework\\vendor\\laravel\\framework\\src\\Illuminate\\Database\\Connection.php(368): Illuminate\\Database\\Connection->getPdoForSelect(true)
#9 D:\\1LuuDuLieuSV\\2001240399_TrinhHuuKienQuoc\\phplab\\buoi6\\Lab01_Framework\\vendor\\laravel\\framework\\src\\Illuminate\\Database\\Connection.php(705): Illuminate\\Database\\Connection->Illuminate\\Database\\{closure}('select * from `...', Array)
#10 D:\\1LuuDuLieuSV\\2001240399_TrinhHuuKienQuoc\\phplab\\buoi6\\Lab01_Framework\\vendor\\laravel\\framework\\src\\Illuminate\\Database\\Connection.php(672): Illuminate\\Database\\Connection->runQueryCallback('select * from `...', Array, Object(Closure))
#11 D:\\1LuuDuLieuSV\\2001240399_TrinhHuuKienQuoc\\phplab\\buoi6\\Lab01_Framework\\vendor\\laravel\\framework\\src\\Illuminate\\Database\\Connection.php(376): Illuminate\\Database\\Connection->run('select * from `...', Array, Object(Closure))
#12 D:\\1LuuDuLieuSV\\2001240399_TrinhHuuKienQuoc\\phplab\\buoi6\\Lab01_Framework\\vendor\\laravel\\framework\\src\\Illuminate\\Database\\Query\\Builder.php(2414): Illuminate\\Database\\Connection->select('select * from `...', Array, true)
#13 D:\\1LuuDuLieuSV\\2001240399_TrinhHuuKienQuoc\\phplab\\buoi6\\Lab01_Framework\\vendor\\laravel\\framework\\src\\Illuminate\\Database\\Query\\Builder.php(2402): Illuminate\\Database\\Query\\Builder->runSelect()
#14 D:\\1LuuDuLieuSV\\2001240399_TrinhHuuKienQuoc\\phplab\\buoi6\\Lab01_Framework\\vendor\\laravel\\framework\\src\\Illuminate\\Database\\Query\\Builder.php(2936): Illuminate\\Database\\Query\\Builder->Illuminate\\Database\\Query\\{closure}()
#15 D:\\1LuuDuLieuSV\\2001240399_TrinhHuuKienQuoc\\phplab\\buoi6\\Lab01_Framework\\vendor\\laravel\\framework\\src\\Illuminate\\Database\\Query\\Builder.php(2403): Illuminate\\Database\\Query\\Builder->onceWithColumns(Array, Object(Closure))
#16 D:\\1LuuDuLieuSV\\2001240399_TrinhHuuKienQuoc\\phplab\\buoi6\\Lab01_Framework\\vendor\\laravel\\framework\\src\\Illuminate\\Database\\Eloquent\\Builder.php(625): Illuminate\\Database\\Query\\Builder->get(Array)
#17 D:\\1LuuDuLieuSV\\2001240399_TrinhHuuKienQuoc\\phplab\\buoi6\\Lab01_Framework\\vendor\\laravel\\framework\\src\\Illuminate\\Database\\Eloquent\\Builder.php(609): Illuminate\\Database\\Eloquent\\Builder->getModels(Array)
#18 D:\\1LuuDuLieuSV\\2001240399_TrinhHuuKienQuoc\\phplab\\buoi6\\Lab01_Framework\\vendor\\laravel\\framework\\src\\Illuminate\\Database\\Concerns\\BuildsQueries.php(294): Illuminate\\Database\\Eloquent\\Builder->get(Array)
#19 D:\\1LuuDuLieuSV\\2001240399_TrinhHuuKienQuoc\\phplab\\buoi6\\Lab01_Framework\\vendor\\laravel\\framework\\src\\Illuminate\\Database\\Eloquent\\Builder.php(400): Illuminate\\Database\\Eloquent\\Builder->first(Array)
#20 D:\\1LuuDuLieuSV\\2001240399_TrinhHuuKienQuoc\\phplab\\buoi6\\Lab01_Framework\\vendor\\laravel\\framework\\src\\Illuminate\\Support\\Traits\\ForwardsCalls.php(23): Illuminate\\Database\\Eloquent\\Builder->find('2')
#21 D:\\1LuuDuLieuSV\\2001240399_TrinhHuuKienQuoc\\phplab\\buoi6\\Lab01_Framework\\vendor\\laravel\\framework\\src\\Illuminate\\Database\\Eloquent\\Model.php(2132): Illuminate\\Database\\Eloquent\\Model->forwardCallTo(Object(Illuminate\\Database\\Eloquent\\Builder), 'find', Array)
#22 D:\\1LuuDuLieuSV\\2001240399_TrinhHuuKienQuoc\\phplab\\buoi6\\Lab01_Framework\\vendor\\laravel\\framework\\src\\Illuminate\\Database\\Eloquent\\Model.php(2144): Illuminate\\Database\\Eloquent\\Model->__call('find', Array)
#23 D:\\1LuuDuLieuSV\\2001240399_TrinhHuuKienQuoc\\phplab\\buoi6\\Lab01_Framework\\app\\Http\\Controllers\\ArticleController.php(59): Illuminate\\Database\\Eloquent\\Model::__callStatic('find', Array)
#24 D:\\1LuuDuLieuSV\\2001240399_TrinhHuuKienQuoc\\phplab\\buoi6\\Lab01_Framework\\vendor\\laravel\\framework\\src\\Illuminate\\Routing\\Controller.php(54): App\\Http\\Controllers\\ArticleController->show('2')
#25 D:\\1LuuDuLieuSV\\2001240399_TrinhHuuKienQuoc\\phplab\\buoi6\\Lab01_Framework\\vendor\\laravel\\framework\\src\\Illuminate\\Routing\\ControllerDispatcher.php(45): Illuminate\\Routing\\Controller->callAction('show', Array)
#26 D:\\1LuuDuLieuSV\\2001240399_TrinhHuuKienQuoc\\phplab\\buoi6\\Lab01_Framework\\vendor\\laravel\\framework\\src\\Illuminate\\Routing\\Route.php(262): Illuminate\\Routing\\ControllerDispatcher->dispatch(Object(Illuminate\\Routing\\Route), Object(App\\Http\\Controllers\\ArticleController), 'show')
#27 D:\\1LuuDuLieuSV\\2001240399_TrinhHuuKienQuoc\\phplab\\buoi6\\Lab01_Framework\\vendor\\laravel\\framework\\src\\Illuminate\\Routing\\Route.php(205): Illuminate\\Routing\\Route->runController()
#28 D:\\1LuuDuLieuSV\\2001240399_TrinhHuuKienQuoc\\phplab\\buoi6\\Lab01_Framework\\vendor\\laravel\\framework\\src\\Illuminate\\Routing\\Router.php(721): Illuminate\\Routing\\Route->run()
#29 D:\\1LuuDuLieuSV\\2001240399_TrinhHuuKienQuoc\\phplab\\buoi6\\Lab01_Framework\\vendor\\laravel\\framework\\src\\Illuminate\\Pipeline\\Pipeline.php(128): Illuminate\\Routing\\Router->Illuminate\\Routing\\{closure}(Object(Illuminate\\Http\\Request))
#30 D:\\1LuuDuLieuSV\\2001240399_TrinhHuuKienQuoc\\phplab\\buoi6\\Lab01_Framework\\vendor\\laravel\\framework\\src\\Illuminate\\Routing\\Middleware\\SubstituteBindings.php(50): Illuminate\\Pipeline\\Pipeline->Illuminate\\Pipeline\\{closure}(Object(Illuminate\\Http\\Request))
#31 D:\\1LuuDuLieuSV\\2001240399_TrinhHuuKienQuoc\\phplab\\buoi6\\Lab01_Framework\\vendor\\laravel\\framework\\src\\Illuminate\\Pipeline\\Pipeline.php(167): Illuminate\\Routing\\Middleware\\SubstituteBindings->handle(Object(Illuminate\\Http\\Request), Object(Closure))
#32 D:\\1LuuDuLieuSV\\2001240399_TrinhHuuKienQuoc\\phplab\\buoi6\\Lab01_Framework\\vendor\\laravel\\framework\\src\\Illuminate\\Foundation\\Http\\Middleware\\VerifyCsrfToken.php(78): Illuminate\\Pipeline\\Pipeline->Illuminate\\Pipeline\\{closure}(Object(Illuminate\\Http\\Request))
#33 D:\\1LuuDuLieuSV\\2001240399_TrinhHuuKienQuoc\\phplab\\buoi6\\Lab01_Framework\\vendor\\laravel\\framework\\src\\Illuminate\\Pipeline\\Pipeline.php(167): Illuminate\\Foundation\\Http\\Middleware\\VerifyCsrfToken->handle(Object(Illuminate\\Http\\Request), Object(Closure))
#34 D:\\1LuuDuLieuSV\\2001240399_TrinhHuuKienQuoc\\phplab\\buoi6\\Lab01_Framework\\vendor\\laravel\\framework\\src\\Illuminate\\View\\Middleware\\ShareErrorsFromSession.php(49): Illuminate\\Pipeline\\Pipeline->Illuminate\\Pipeline\\{closure}(Object(Illuminate\\Http\\Request))
#35 D:\\1LuuDuLieuSV\\2001240399_TrinhHuuKienQuoc\\phplab\\buoi6\\Lab01_Framework\\vendor\\laravel\\framework\\src\\Illuminate\\Pipeline\\Pipeline.php(167): Illuminate\\View\\Middleware\\ShareErrorsFromSession->handle(Object(Illuminate\\Http\\Request), Object(Closure))
#36 D:\\1LuuDuLieuSV\\2001240399_TrinhHuuKienQuoc\\phplab\\buoi6\\Lab01_Framework\\vendor\\laravel\\framework\\src\\Illuminate\\Session\\Middleware\\StartSession.php(121): Illuminate\\Pipeline\\Pipeline->Illuminate\\Pipeline\\{closure}(Object(Illuminate\\Http\\Request))
#37 D:\\1LuuDuLieuSV\\2001240399_TrinhHuuKienQuoc\\phplab\\buoi6\\Lab01_Framework\\vendor\\laravel\\framework\\src\\Illuminate\\Session\\Middleware\\StartSession.php(64): Illuminate\\Session\\Middleware\\StartSession->handleStatefulRequest(Object(Illuminate\\Http\\Request), Object(Illuminate\\Session\\Store), Object(Closure))
#38 D:\\1LuuDuLieuSV\\2001240399_TrinhHuuKienQuoc\\phplab\\buoi6\\Lab01_Framework\\vendor\\laravel\\framework\\src\\Illuminate\\Pipeline\\Pipeline.php(167): Illuminate\\Session\\Middleware\\StartSession->handle(Object(Illuminate\\Http\\Request), Object(Closure))
#39 D:\\1LuuDuLieuSV\\2001240399_TrinhHuuKienQuoc\\phplab\\buoi6\\Lab01_Framework\\vendor\\laravel\\framework\\src\\Illuminate\\Cookie\\Middleware\\AddQueuedCookiesToResponse.php(37): Illuminate\\Pipeline\\Pipeline->Illuminate\\Pipeline\\{closure}(Object(Illuminate\\Http\\Request))
#40 D:\\1LuuDuLieuSV\\2001240399_TrinhHuuKienQuoc\\phplab\\buoi6\\Lab01_Framework\\vendor\\laravel\\framework\\src\\Illuminate\\Pipeline\\Pipeline.php(167): Illuminate\\Cookie\\Middleware\\AddQueuedCookiesToResponse->handle(Object(Illuminate\\Http\\Request), Object(Closure))
#41 D:\\1LuuDuLieuSV\\2001240399_TrinhHuuKienQuoc\\phplab\\buoi6\\Lab01_Framework\\vendor\\laravel\\framework\\src\\Illuminate\\Cookie\\Middleware\\EncryptCookies.php(67): Illuminate\\Pipeline\\Pipeline->Illuminate\\Pipeline\\{closure}(Object(Illuminate\\Http\\Request))
#42 D:\\1LuuDuLieuSV\\2001240399_TrinhHuuKienQuoc\\phplab\\buoi6\\Lab01_Framework\\vendor\\laravel\\framework\\src\\Illuminate\\Pipeline\\Pipeline.php(167): Illuminate\\Cookie\\Middleware\\EncryptCookies->handle(Object(Illuminate\\Http\\Request), Object(Closure))
#43 D:\\1LuuDuLieuSV\\2001240399_TrinhHuuKienQuoc\\phplab\\buoi6\\Lab01_Framework\\vendor\\laravel\\framework\\src\\Illuminate\\Pipeline\\Pipeline.php(103): Illuminate\\Pipeline\\Pipeline->Illuminate\\Pipeline\\{closure}(Object(Illuminate\\Http\\Request))
#44 D:\\1LuuDuLieuSV\\2001240399_TrinhHuuKienQuoc\\phplab\\buoi6\\Lab01_Framework\\vendor\\laravel\\framework\\src\\Illuminate\\Routing\\Router.php(723): Illuminate\\Pipeline\\Pipeline->then(Object(Closure))
#45 D:\\1LuuDuLieuSV\\2001240399_TrinhHuuKienQuoc\\phplab\\buoi6\\Lab01_Framework\\vendor\\laravel\\framework\\src\\Illuminate\\Routing\\Router.php(698): Illuminate\\Routing\\Router->runRouteWithinStack(Object(Illuminate\\Routing\\Route), Object(Illuminate\\Http\\Request))
#46 D:\\1LuuDuLieuSV\\2001240399_TrinhHuuKienQuoc\\phplab\\buoi6\\Lab01_Framework\\vendor\\laravel\\framework\\src\\Illuminate\\Routing\\Router.php(662): Illuminate\\Routing\\Router->runRoute(Object(Illuminate\\Http\\Request), Object(Illuminate\\Routing\\Route))
#47 D:\\1LuuDuLieuSV\\2001240399_TrinhHuuKienQuoc\\phplab\\buoi6\\Lab01_Framework\\vendor\\laravel\\framework\\src\\Illuminate\\Routing\\Router.php(651): Illuminate\\Routing\\Router->dispatchToRoute(Object(Illuminate\\Http\\Request))
#48 D:\\1LuuDuLieuSV\\2001240399_TrinhHuuKienQuoc\\phplab\\buoi6\\Lab01_Framework\\vendor\\laravel\\framework\\src\\Illuminate\\Foundation\\Http\\Kernel.php(167): Illuminate\\Routing\\Router->dispatch(Object(Illuminate\\Http\\Request))
#49 D:\\1LuuDuLieuSV\\2001240399_TrinhHuuKienQuoc\\phplab\\buoi6\\Lab01_Framework\\vendor\\laravel\\framework\\src\\Illuminate\\Pipeline\\Pipeline.php(128): Illuminate\\Foundation\\Http\\Kernel->Illuminate\\Foundation\\Http\\{closure}(Object(Illuminate\\Http\\Request))
#50 D:\\1LuuDuLieuSV\\2001240399_TrinhHuuKienQuoc\\phplab\\buoi6\\Lab01_Framework\\vendor\\laravel\\framework\\src\\Illuminate\\Foundation\\Http\\Middleware\\TransformsRequest.php(21): Illuminate\\Pipeline\\Pipeline->Illuminate\\Pipeline\\{closure}(Object(Illuminate\\Http\\Request))
#51 D:\\1LuuDuLieuSV\\2001240399_TrinhHuuKienQuoc\\phplab\\buoi6\\Lab01_Framework\\vendor\\laravel\\framework\\src\\Illuminate\\Foundation\\Http\\Middleware\\ConvertEmptyStringsToNull.php(31): Illuminate\\Foundation\\Http\\Middleware\\TransformsRequest->handle(Object(Illuminate\\Http\\Request), Object(Closure))
#52 D:\\1LuuDuLieuSV\\2001240399_TrinhHuuKienQuoc\\phplab\\buoi6\\Lab01_Framework\\vendor\\laravel\\framework\\src\\Illuminate\\Pipeline\\Pipeline.php(167): Illuminate\\Foundation\\Http\\Middleware\\ConvertEmptyStringsToNull->handle(Object(Illuminate\\Http\\Request), Object(Closure))
#53 D:\\1LuuDuLieuSV\\2001240399_TrinhHuuKienQuoc\\phplab\\buoi6\\Lab01_Framework\\vendor\\laravel\\framework\\src\\Illuminate\\Foundation\\Http\\Middleware\\TransformsRequest.php(21): Illuminate\\Pipeline\\Pipeline->Illuminate\\Pipeline\\{closure}(Object(Illuminate\\Http\\Request))
#54 D:\\1LuuDuLieuSV\\2001240399_TrinhHuuKienQuoc\\phplab\\buoi6\\Lab01_Framework\\vendor\\laravel\\framework\\src\\Illuminate\\Foundation\\Http\\Middleware\\TrimStrings.php(40): Illuminate\\Foundation\\Http\\Middleware\\TransformsRequest->handle(Object(Illuminate\\Http\\Request), Object(Closure))
#55 D:\\1LuuDuLieuSV\\2001240399_TrinhHuuKienQuoc\\phplab\\buoi6\\Lab01_Framework\\vendor\\laravel\\framework\\src\\Illuminate\\Pipeline\\Pipeline.php(167): Illuminate\\Foundation\\Http\\Middleware\\TrimStrings->handle(Object(Illuminate\\Http\\Request), Object(Closure))
#56 D:\\1LuuDuLieuSV\\2001240399_TrinhHuuKienQuoc\\phplab\\buoi6\\Lab01_Framework\\vendor\\laravel\\framework\\src\\Illuminate\\Foundation\\Http\\Middleware\\ValidatePostSize.php(27): Illuminate\\Pipeline\\Pipeline->Illuminate\\Pipeline\\{closure}(Object(Illuminate\\Http\\Request))
#57 D:\\1LuuDuLieuSV\\2001240399_TrinhHuuKienQuoc\\phplab\\buoi6\\Lab01_Framework\\vendor\\laravel\\framework\\src\\Illuminate\\Pipeline\\Pipeline.php(167): Illuminate\\Foundation\\Http\\Middleware\\ValidatePostSize->handle(Object(Illuminate\\Http\\Request), Object(Closure))
#58 D:\\1LuuDuLieuSV\\2001240399_TrinhHuuKienQuoc\\phplab\\buoi6\\Lab01_Framework\\vendor\\laravel\\framework\\src\\Illuminate\\Foundation\\Http\\Middleware\\PreventRequestsDuringMaintenance.php(86): Illuminate\\Pipeline\\Pipeline->Illuminate\\Pipeline\\{closure}(Object(Illuminate\\Http\\Request))
#59 D:\\1LuuDuLieuSV\\2001240399_TrinhHuuKienQuoc\\phplab\\buoi6\\Lab01_Framework\\vendor\\laravel\\framework\\src\\Illuminate\\Pipeline\\Pipeline.php(167): Illuminate\\Foundation\\Http\\Middleware\\PreventRequestsDuringMaintenance->handle(Object(Illuminate\\Http\\Request), Object(Closure))
#60 D:\\1LuuDuLieuSV\\2001240399_TrinhHuuKienQuoc\\phplab\\buoi6\\Lab01_Framework\\vendor\\fruitcake\\laravel-cors\\src\\HandleCors.php(38): Illuminate\\Pipeline\\Pipeline->Illuminate\\Pipeline\\{closure}(Object(Illuminate\\Http\\Request))
#61 D:\\1LuuDuLieuSV\\2001240399_TrinhHuuKienQuoc\\phplab\\buoi6\\Lab01_Framework\\vendor\\laravel\\framework\\src\\Illuminate\\Pipeline\\Pipeline.php(167): Fruitcake\\Cors\\HandleCors->handle(Object(Illuminate\\Http\\Request), Object(Closure))
#62 D:\\1LuuDuLieuSV\\2001240399_TrinhHuuKienQuoc\\phplab\\buoi6\\Lab01_Framework\\vendor\\laravel\\framework\\src\\Illuminate\\Http\\Middleware\\TrustProxies.php(39): Illuminate\\Pipeline\\Pipeline->Illuminate\\Pipeline\\{closure}(Object(Illuminate\\Http\\Request))
#63 D:\\1LuuDuLieuSV\\2001240399_TrinhHuuKienQuoc\\phplab\\buoi6\\Lab01_Framework\\vendor\\laravel\\framework\\src\\Illuminate\\Pipeline\\Pipeline.php(167): Illuminate\\Http\\Middleware\\TrustProxies->handle(Object(Illuminate\\Http\\Request), Object(Closure))
#64 D:\\1LuuDuLieuSV\\2001240399_TrinhHuuKienQuoc\\phplab\\buoi6\\Lab01_Framework\\vendor\\laravel\\framework\\src\\Illuminate\\Pipeline\\Pipeline.php(103): Illuminate\\Pipeline\\Pipeline->Illuminate\\Pipeline\\{closure}(Object(Illuminate\\Http\\Request))
#65 D:\\1LuuDuLieuSV\\2001240399_TrinhHuuKienQuoc\\phplab\\buoi6\\Lab01_Framework\\vendor\\laravel\\framework\\src\\Illuminate\\Foundation\\Http\\Kernel.php(142): Illuminate\\Pipeline\\Pipeline->then(Object(Closure))
#66 D:\\1LuuDuLieuSV\\2001240399_TrinhHuuKienQuoc\\phplab\\buoi6\\Lab01_Framework\\vendor\\laravel\\framework\\src\\Illuminate\\Foundation\\Http\\Kernel.php(111): Illuminate\\Foundation\\Http\\Kernel->sendRequestThroughRouter(Object(Illuminate\\Http\\Request))
#67 D:\\1LuuDuLieuSV\\2001240399_TrinhHuuKienQuoc\\phplab\\buoi6\\Lab01_Framework\\public\\index.php(52): Illuminate\\Foundation\\Http\\Kernel->handle(Object(Illuminate\\Http\\Request))
#68 D:\\1LuuDuLieuSV\\2001240399_TrinhHuuKienQuoc\\phplab\\buoi6\\Lab01_Framework\\server.php(21): require_once('D:\\\\1LuuDuLieuSV...')
#69 {main}
"} 
[2026-09-21 08:23:02] local.ERROR: SQLSTATE[HY000] [2002] No connection could be made because the target machine actively refused it.
 (SQL: select * from `articles` where `articles`.`id` = 2 limit 1) {"exception":"[object] (Illuminate\\Database\\QueryException(code: 2002): SQLSTATE[HY000] [2002] No connection could be made because the target machine actively refused it.

 (SQL: select * from `articles` where `articles`.`id` = 2 limit 1) at D:\\1LuuDuLieuSV\\2001240399_TrinhHuuKienQuoc\\phplab\\buoi6\\Lab01_Framework\\vendor\\laravel\\framework\\src\\Illuminate\\Database\\Connection.php:712)
[stacktrace]
#0 D:\\1LuuDuLieuSV\\2001240399_TrinhHuuKienQuoc\\phplab\\buoi6\\Lab01_Framework\\vendor\\laravel\\framework\\src\\Illuminate\\Database\\Connection.php(672): Illuminate\\Database\\Connection->runQueryCallback('select * from `...', Array, Object(Closure))
#1 D:\\1LuuDuLieuSV\\2001240399_TrinhHuuKienQuoc\\phplab\\buoi6\\Lab01_Framework\\vendor\\laravel\\framework\\src\\Illuminate\\Database\\Connection.php(376): Illuminate\\Database\\Connection->run('select * from `...', Array, Object(Closure))
#2 D:\\1LuuDuLieuSV\\2001240399_TrinhHuuKienQuoc\\phplab\\buoi6\\Lab01_Framework\\vendor\\laravel\\framework\\src\\Illuminate\\Database\\Query\\Builder.php(2414): Illuminate\\Database\\Connection->select('select * from `...', Array, true)
#3 D:\\1LuuDuLieuSV\\2001240399_TrinhHuuKienQuoc\\phplab\\buoi6\\Lab01_Framework\\vendor\\laravel\\framework\\src\\Illuminate\\Database\\Query\\Builder.php(2402): Illuminate\\Database\\Query\\Builder->runSelect()
#4 D:\\1LuuDuLieuSV\\2001240399_TrinhHuuKienQuoc\\phplab\\buoi6\\Lab01_Framework\\vendor\\laravel\\framework\\src\\Illuminate\\Database\\Query\\Builder.php(2936): Illuminate\\Database\\Query\\Builder->Illuminate\\Database\\Query\\{closure}()
#5 D:\\1LuuDuLieuSV\\2001240399_TrinhHuuKienQuoc\\phplab\\buoi6\\Lab01_Framework\\vendor\\laravel\\framework\\src\\Illuminate\\Database\\Query\\Builder.php(2403): Illuminate\\Database\\Query\\Builder->onceWithColumns(Array, Object(Closure))
#6 D:\\1LuuDuLieuSV\\2001240399_TrinhHuuKienQuoc\\phplab\\buoi6\\Lab01_Framework\\vendor\\laravel\\framework\\src\\Illuminate\\Database\\Eloquent\\Builder.php(625): Illuminate\\Database\\Query\\Builder->get(Array)
#7 D:\\1LuuDuLieuSV\\2001240399_TrinhHuuKienQuoc\\phplab\\buoi6\\Lab01_Framework\\vendor\\laravel\\framework\\src\\Illuminate\\Database\\Eloquent\\Builder.php(609): Illuminate\\Database\\Eloquent\\Builder->getModels(Array)
#8 D:\\1LuuDuLieuSV\\2001240399_TrinhHuuKienQuoc\\phplab\\buoi6\\Lab01_Framework\\vendor\\laravel\\framework\\src\\Illuminate\\Database\\Concerns\\BuildsQueries.php(294): Illuminate\\Database\\Eloquent\\Builder->get(Array)
#9 D:\\1LuuDuLieuSV\\2001240399_TrinhHuuKienQuoc\\phplab\\buoi6\\Lab01_Framework\\vendor\\laravel\\framework\\src\\Illuminate\\Database\\Eloquent\\Builder.php(400): Illuminate\\Database\\Eloquent\\Builder->first(Array)
#10 D:\\1LuuDuLieuSV\\2001240399_TrinhHuuKienQuoc\\phplab\\buoi6\\Lab01_Framework\\vendor\\laravel\\framework\\src\\Illuminate\\Support\\Traits\\ForwardsCalls.php(23): Illuminate\\Database\\Eloquent\\Builder->find('2')
#11 D:\\1LuuDuLieuSV\\2001240399_TrinhHuuKienQuoc\\phplab\\buoi6\\Lab01_Framework\\vendor\\laravel\\framework\\src\\Illuminate\\Database\\Eloquent\\Model.php(2132): Illuminate\\Database\\Eloquent\\Model->forwardCallTo(Object(Illuminate\\Database\\Eloquent\\Builder), 'find', Array)
#12 D:\\1LuuDuLieuSV\\2001240399_TrinhHuuKienQuoc\\phplab\\buoi6\\Lab01_Framework\\vendor\\laravel\\framework\\src\\Illuminate\\Database\\Eloquent\\Model.php(2144): Illuminate\\Database\\Eloquent\\Model->__call('find', Array)
#13 D:\\1LuuDuLieuSV\\2001240399_TrinhHuuKienQuoc\\phplab\\buoi6\\Lab01_Framework\\app\\Http\\Controllers\\ArticleController.php(59): Illuminate\\Database\\Eloquent\\Model::__callStatic('find', Array)
#14 D:\\1LuuDuLieuSV\\2001240399_TrinhHuuKienQuoc\\phplab\\buoi6\\Lab01_Framework\\vendor\\laravel\\framework\\src\\Illuminate\\Routing\\Controller.php(54): App\\Http\\Controllers\\ArticleController->show('2')
#15 D:\\1LuuDuLieuSV\\2001240399_TrinhHuuKienQuoc\\phplab\\buoi6\\Lab01_Framework\\vendor\\laravel\\framework\\src\\Illuminate\\Routing\\ControllerDispatcher.php(45): Illuminate\\Routing\\Controller->callAction('show', Array)
#16 D:\\1LuuDuLieuSV\\2001240399_TrinhHuuKienQuoc\\phplab\\buoi6\\Lab01_Framework\\vendor\\laravel\\framework\\src\\Illuminate\\Routing\\Route.php(262): Illuminate\\Routing\\ControllerDispatcher->dispatch(Object(Illuminate\\Routing\\Route), Object(App\\Http\\Controllers\\ArticleController), 'show')
#17 D:\\1LuuDuLieuSV\\2001240399_TrinhHuuKienQuoc\\phplab\\buoi6\\Lab01_Framework\\vendor\\laravel\\framework\\src\\Illuminate\\Routing\\Route.php(205): Illuminate\\Routing\\Route->runController()
#18 D:\\1LuuDuLieuSV\\2001240399_TrinhHuuKienQuoc\\phplab\\buoi6\\Lab01_Framework\\vendor\\laravel\\framework\\src\\Illuminate\\Routing\\Router.php(721): Illuminate\\Routing\\Route->run()
#19 D:\\1LuuDuLieuSV\\2001240399_TrinhHuuKienQuoc\\phplab\\buoi6\\Lab01_Framework\\vendor\\laravel\\framework\\src\\Illuminate\\Pipeline\\Pipeline.php(128): Illuminate\\Routing\\Router->Illuminate\\Routing\\{closure}(Object(Illuminate\\Http\\Request))
#20 D:\\1LuuDuLieuSV\\2001240399_TrinhHuuKienQuoc\\phplab\\buoi6\\Lab01_Framework\\vendor\\laravel\\framework\\src\\Illuminate\\Routing\\Middleware\\SubstituteBindings.php(50): Illuminate\\Pipeline\\Pipeline->Illuminate\\Pipeline\\{closure}(Object(Illuminate\\Http\\Request))
#21 D:\\1LuuDuLieuSV\\2001240399_TrinhHuuKienQuoc\\phplab\\buoi6\\Lab01_Framework\\vendor\\laravel\\framework\\src\\Illuminate\\Pipeline\\Pipeline.php(167): Illuminate\\Routing\\Middleware\\SubstituteBindings->handle(Object(Illuminate\\Http\\Request), Object(Closure))
#22 D:\\1LuuDuLieuSV\\2001240399_TrinhHuuKienQuoc\\phplab\\buoi6\\Lab01_Framework\\vendor\\laravel\\framework\\src\\Illuminate\\Foundation\\Http\\Middleware\\VerifyCsrfToken.php(78): Illuminate\\Pipeline\\Pipeline->Illuminate\\Pipeline\\{closure}(Object(Illuminate\\Http\\Request))
#23 D:\\1LuuDuLieuSV\\2001240399_TrinhHuuKienQuoc\\phplab\\buoi6\\Lab01_Framework\\vendor\\laravel\\framework\\src\\Illuminate\\Pipeline\\Pipeline.php(167): Illuminate\\Foundation\\Http\\Middleware\\VerifyCsrfToken->handle(Object(Illuminate\\Http\\Request), Object(Closure))
#24 D:\\1LuuDuLieuSV\\2001240399_TrinhHuuKienQuoc\\phplab\\buoi6\\Lab01_Framework\\vendor\\laravel\\framework\\src\\Illuminate\\View\\Middleware\\ShareErrorsFromSession.php(49): Illuminate\\Pipeline\\Pipeline->Illuminate\\Pipeline\\{closure}(Object(Illuminate\\Http\\Request))
#25 D:\\1LuuDuLieuSV\\2001240399_TrinhHuuKienQuoc\\phplab\\buoi6\\Lab01_Framework\\vendor\\laravel\\framework\\src\\Illuminate\\Pipeline\\Pipeline.php(167): Illuminate\\View\\Middleware\\ShareErrorsFromSession->handle(Object(Illuminate\\Http\\Request), Object(Closure))
#26 D:\\1LuuDuLieuSV\\2001240399_TrinhHuuKienQuoc\\phplab\\buoi6\\Lab01_Framework\\vendor\\laravel\\framework\\src\\Illuminate\\Session\\Middleware\\StartSession.php(121): Illuminate\\Pipeline\\Pipeline->Illuminate\\Pipeline\\{closure}(Object(Illuminate\\Http\\Request))
#27 D:\\1LuuDuLieuSV\\2001240399_TrinhHuuKienQuoc\\phplab\\buoi6\\Lab01_Framework\\vendor\\laravel\\framework\\src\\Illuminate\\Session\\Middleware\\StartSession.php(64): Illuminate\\Session\\Middleware\\StartSession->handleStatefulRequest(Object(Illuminate\\Http\\Request), Object(Illuminate\\Session\\Store), Object(Closure))
#28 D:\\1LuuDuLieuSV\\2001240399_TrinhHuuKienQuoc\\phplab\\buoi6\\Lab01_Framework\\vendor\\laravel\\framework\\src\\Illuminate\\Pipeline\\Pipeline.php(167): Illuminate\\Session\\Middleware\\StartSession->handle(Object(Illuminate\\Http\\Request), Object(Closure))
#29 D:\\1LuuDuLieuSV\\2001240399_TrinhHuuKienQuoc\\phplab\\buoi6\\Lab01_Framework\\vendor\\laravel\\framework\\src\\Illuminate\\Cookie\\Middleware\\AddQueuedCookiesToResponse.php(37): Illuminate\\Pipeline\\Pipeline->Illuminate\\Pipeline\\{closure}(Object(Illuminate\\Http\\Request))
#30 D:\\1LuuDuLieuSV\\2001240399_TrinhHuuKienQuoc\\phplab\\buoi6\\Lab01_Framework\\vendor\\laravel\\framework\\src\\Illuminate\\Pipeline\\Pipeline.php(167): Illuminate\\Cookie\\Middleware\\AddQueuedCookiesToResponse->handle(Object(Illuminate\\Http\\Request), Object(Closure))
#31 D:\\1LuuDuLieuSV\\2001240399_TrinhHuuKienQuoc\\phplab\\buoi6\\Lab01_Framework\\vendor\\laravel\\framework\\src\\Illuminate\\Cookie\\Middleware\\EncryptCookies.php(67): Illuminate\\Pipeline\\Pipeline->Illuminate\\Pipeline\\{closure}(Object(Illuminate\\Http\\Request))
#32 D:\\1LuuDuLieuSV\\2001240399_TrinhHuuKienQuoc\\phplab\\buoi6\\Lab01_Framework\\vendor\\laravel\\framework\\src\\Illuminate\\Pipeline\\Pipeline.php(167): Illuminate\\Cookie\\Middleware\\EncryptCookies->handle(Object(Illuminate\\Http\\Request), Object(Closure))
#33 D:\\1LuuDuLieuSV\\2001240399_TrinhHuuKienQuoc\\phplab\\buoi6\\Lab01_Framework\\vendor\\laravel\\framework\\src\\Illuminate\\Pipeline\\Pipeline.php(103): Illuminate\\Pipeline\\Pipeline->Illuminate\\Pipeline\\{closure}(Object(Illuminate\\Http\\Request))
#34 D:\\1LuuDuLieuSV\\2001240399_TrinhHuuKienQuoc\\phplab\\buoi6\\Lab01_Framework\\vendor\\laravel\\framework\\src\\Illuminate\\Routing\\Router.php(723): Illuminate\\Pipeline\\Pipeline->then(Object(Closure))
#35 D:\\1LuuDuLieuSV\\2001240399_TrinhHuuKienQuoc\\phplab\\buoi6\\Lab01_Framework\\vendor\\laravel\\framework\\src\\Illuminate\\Routing\\Router.php(698): Illuminate\\Routing\\Router->runRouteWithinStack(Object(Illuminate\\Routing\\Route), Object(Illuminate\\Http\\Request))
#36 D:\\1LuuDuLieuSV\\2001240399_TrinhHuuKienQuoc\\phplab\\buoi6\\Lab01_Framework\\vendor\\laravel\\framework\\src\\Illuminate\\Routing\\Router.php(662): Illuminate\\Routing\\Router->runRoute(Object(Illuminate\\Http\\Request), Object(Illuminate\\Routing\\Route))
#37 D:\\1LuuDuLieuSV\\2001240399_TrinhHuuKienQuoc\\phplab\\buoi6\\Lab01_Framework\\vendor\\laravel\\framework\\src\\Illuminate\\Routing\\Router.php(651): Illuminate\\Routing\\Router->dispatchToRoute(Object(Illuminate\\Http\\Request))
#38 D:\\1LuuDuLieuSV\\2001240399_TrinhHuuKienQuoc\\phplab\\buoi6\\Lab01_Framework\\vendor\\laravel\\framework\\src\\Illuminate\\Foundation\\Http\\Kernel.php(167): Illuminate\\Routing\\Router->dispatch(Object(Illuminate\\Http\\Request))
#39 D:\\1LuuDuLieuSV\\2001240399_TrinhHuuKienQuoc\\phplab\\buoi6\\Lab01_Framework\\vendor\\laravel\\framework\\src\\Illuminate\\Pipeline\\Pipeline.php(128): Illuminate\\Foundation\\Http\\Kernel->Illuminate\\Foundation\\Http\\{closure}(Object(Illuminate\\Http\\Request))
#40 D:\\1LuuDuLieuSV\\2001240399_TrinhHuuKienQuoc\\phplab\\buoi6\\Lab01_Framework\\vendor\\laravel\\framework\\src\\Illuminate\\Foundation\\Http\\Middleware\\TransformsRequest.php(21): Illuminate\\Pipeline\\Pipeline->Illuminate\\Pipeline\\{closure}(Object(Illuminate\\Http\\Request))
#41 D:\\1LuuDuLieuSV\\2001240399_TrinhHuuKienQuoc\\phplab\\buoi6\\Lab01_Framework\\vendor\\laravel\\framework\\src\\Illuminate\\Foundation\\Http\\Middleware\\ConvertEmptyStringsToNull.php(31): Illuminate\\Foundation\\Http\\Middleware\\TransformsRequest->handle(Object(Illuminate\\Http\\Request), Object(Closure))
#42 D:\\1LuuDuLieuSV\\2001240399_TrinhHuuKienQuoc\\phplab\\buoi6\\Lab01_Framework\\vendor\\laravel\\framework\\src\\Illuminate\\Pipeline\\Pipeline.php(167): Illuminate\\Foundation\\Http\\Middleware\\ConvertEmptyStringsToNull->handle(Object(Illuminate\\Http\\Request), Object(Closure))
#43 D:\\1LuuDuLieuSV\\2001240399_TrinhHuuKienQuoc\\phplab\\buoi6\\Lab01_Framework\\vendor\\laravel\\framework\\src\\Illuminate\\Foundation\\Http\\Middleware\\TransformsRequest.php(21): Illuminate\\Pipeline\\Pipeline->Illuminate\\Pipeline\\{closure}(Object(Illuminate\\Http\\Request))
#44 D:\\1LuuDuLieuSV\\2001240399_TrinhHuuKienQuoc\\phplab\\buoi6\\Lab01_Framework\\vendor\\laravel\\framework\\src\\Illuminate\\Foundation\\Http\\Middleware\\TrimStrings.php(40): Illuminate\\Foundation\\Http\\Middleware\\TransformsRequest->handle(Object(Illuminate\\Http\\Request), Object(Closure))
#45 D:\\1LuuDuLieuSV\\2001240399_TrinhHuuKienQuoc\\phplab\\buoi6\\Lab01_Framework\\vendor\\laravel\\framework\\src\\Illuminate\\Pipeline\\Pipeline.php(167): Illuminate\\Foundation\\Http\\Middleware\\TrimStrings->handle(Object(Illuminate\\Http\\Request), Object(Closure))
#46 D:\\1LuuDuLieuSV\\2001240399_TrinhHuuKienQuoc\\phplab\\buoi6\\Lab01_Framework\\vendor\\laravel\\framework\\src\\Illuminate\\Foundation\\Http\\Middleware\\ValidatePostSize.php(27): Illuminate\\Pipeline\\Pipeline->Illuminate\\Pipeline\\{closure}(Object(Illuminate\\Http\\Request))
#47 D:\\1LuuDuLieuSV\\2001240399_TrinhHuuKienQuoc\\phplab\\buoi6\\Lab01_Framework\\vendor\\laravel\\framework\\src\\Illuminate\\Pipeline\\Pipeline.php(167): Illuminate\\Foundation\\Http\\Middleware\\ValidatePostSize->handle(Object(Illuminate\\Http\\Request), Object(Closure))
#48 D:\\1LuuDuLieuSV\\2001240399_TrinhHuuKienQuoc\\phplab\\buoi6\\Lab01_Framework\\vendor\\laravel\\framework\\src\\Illuminate\\Foundation\\Http\\Middleware\\PreventRequestsDuringMaintenance.php(86): Illuminate\\Pipeline\\Pipeline->Illuminate\\Pipeline\\{closure}(Object(Illuminate\\Http\\Request))
#49 D:\\1LuuDuLieuSV\\2001240399_TrinhHuuKienQuoc\\phplab\\buoi6\\Lab01_Framework\\vendor\\laravel\\framework\\src\\Illuminate\\Pipeline\\Pipeline.php(167): Illuminate\\Foundation\\Http\\Middleware\\PreventRequestsDuringMaintenance->handle(Object(Illuminate\\Http\\Request), Object(Closure))
#50 D:\\1LuuDuLieuSV\\2001240399_TrinhHuuKienQuoc\\phplab\\buoi6\\Lab01_Framework\\vendor\\fruitcake\\laravel-cors\\src\\HandleCors.php(38): Illuminate\\Pipeline\\Pipeline->Illuminate\\Pipeline\\{closure}(Object(Illuminate\\Http\\Request))
#51 D:\\1LuuDuLieuSV\\2001240399_TrinhHuuKienQuoc\\phplab\\buoi6\\Lab01_Framework\\vendor\\laravel\\framework\\src\\Illuminate\\Pipeline\\Pipeline.php(167): Fruitcake\\Cors\\HandleCors->handle(Object(Illuminate\\Http\\Request), Object(Closure))
#52 D:\\1LuuDuLieuSV\\2001240399_TrinhHuuKienQuoc\\phplab\\buoi6\\Lab01_Framework\\vendor\\laravel\\framework\\src\\Illuminate\\Http\\Middleware\\TrustProxies.php(39): Illuminate\\Pipeline\\Pipeline->Illuminate\\Pipeline\\{closure}(Object(Illuminate\\Http\\Request))
#53 D:\\1LuuDuLieuSV\\2001240399_TrinhHuuKienQuoc\\phplab\\buoi6\\Lab01_Framework\\vendor\\laravel\\framework\\src\\Illuminate\\Pipeline\\Pipeline.php(167): Illuminate\\Http\\Middleware\\TrustProxies->handle(Object(Illuminate\\Http\\Request), Object(Closure))
#54 D:\\1LuuDuLieuSV\\2001240399_TrinhHuuKienQuoc\\phplab\\buoi6\\Lab01_Framework\\vendor\\laravel\\framework\\src\\Illuminate\\Pipeline\\Pipeline.php(103): Illuminate\\Pipeline\\Pipeline->Illuminate\\Pipeline\\{closure}(Object(Illuminate\\Http\\Request))
#55 D:\\1LuuDuLieuSV\\2001240399_TrinhHuuKienQuoc\\phplab\\buoi6\\Lab01_Framework\\vendor\\laravel\\framework\\src\\Illuminate\\Foundation\\Http\\Kernel.php(142): Illuminate\\Pipeline\\Pipeline->then(Object(Closure))
#56 D:\\1LuuDuLieuSV\\2001240399_TrinhHuuKienQuoc\\phplab\\buoi6\\Lab01_Framework\\vendor\\laravel\\framework\\src\\Illuminate\\Foundation\\Http\\Kernel.php(111): Illuminate\\Foundation\\Http\\Kernel->sendRequestThroughRouter(Object(Illuminate\\Http\\Request))
#57 D:\\1LuuDuLieuSV\\2001240399_TrinhHuuKienQuoc\\phplab\\buoi6\\Lab01_Framework\\public\\index.php(52): Illuminate\\Foundation\\Http\\Kernel->handle(Object(Illuminate\\Http\\Request))
#58 D:\\1LuuDuLieuSV\\2001240399_TrinhHuuKienQuoc\\phplab\\buoi6\\Lab01_Framework\\server.php(21): require_once('D:\\\\1LuuDuLieuSV...')
#59 {main}

[previous exception] [object] (PDOException(code: 2002): SQLSTATE[HY000] [2002] No connection could be made because the target machine actively refused it.

 at D:\\1LuuDuLieuSV\\2001240399_TrinhHuuKienQuoc\\phplab\\buoi6\\Lab01_Framework\\vendor\\laravel\\framework\\src\\Illuminate\\Database\\Connectors\\Connector.php:70)
[stacktrace]
#0 D:\\1LuuDuLieuSV\\2001240399_TrinhHuuKienQuoc\\phplab\\buoi6\\Lab01_Framework\\vendor\\laravel\\framework\\src\\Illuminate\\Database\\Connectors\\Connector.php(70): PDO->__construct('mysql:host=127....', 'root', '', Array)
#1 D:\\1LuuDuLieuSV\\2001240399_TrinhHuuKienQuoc\\phplab\\buoi6\\Lab01_Framework\\vendor\\laravel\\framework\\src\\Illuminate\\Database\\Connectors\\Connector.php(46): Illuminate\\Database\\Connectors\\Connector->createPdoConnection('mysql:host=127....', 'root', '', Array)
#2 D:\\1LuuDuLieuSV\\2001240399_TrinhHuuKienQuoc\\phplab\\buoi6\\Lab01_Framework\\vendor\\laravel\\framework\\src\\Illuminate\\Database\\Connectors\\MySqlConnector.php(24): Illuminate\\Database\\Connectors\\Connector->createConnection('mysql:host=127....', Array, Array)
#3 D:\\1LuuDuLieuSV\\2001240399_TrinhHuuKienQuoc\\phplab\\buoi6\\Lab01_Framework\\vendor\\laravel\\framework\\src\\Illuminate\\Database\\Connectors\\ConnectionFactory.php(184): Illuminate\\Database\\Connectors\\MySqlConnector->connect(Array)
#4 [internal function]: Illuminate\\Database\\Connectors\\ConnectionFactory->Illuminate\\Database\\Connectors\\{closure}()
#5 D:\\1LuuDuLieuSV\\2001240399_TrinhHuuKienQuoc\\phplab\\buoi6\\Lab01_Framework\\vendor\\laravel\\framework\\src\\Illuminate\\Database\\Connection.php(1064): call_user_func(Object(Closure))
#6 D:\\1LuuDuLieuSV\\2001240399_TrinhHuuKienQuoc\\phplab\\buoi6\\Lab01_Framework\\vendor\\laravel\\framework\\src\\Illuminate\\Database\\Connection.php(1100): Illuminate\\Database\\Connection->getPdo()
#7 D:\\1LuuDuLieuSV\\2001240399_TrinhHuuKienQuoc\\phplab\\buoi6\\Lab01_Framework\\vendor\\laravel\\framework\\src\\Illuminate\\Database\\Connection.php(442): Illuminate\\Database\\Connection->getReadPdo()
#8 D:\\1LuuDuLieuSV\\2001240399_TrinhHuuKienQuoc\\phplab\\buoi6\\Lab01_Framework\\vendor\\laravel\\framework\\src\\Illuminate\\Database\\Connection.php(368): Illuminate\\Database\\Connection->getPdoForSelect(true)
#9 D:\\1LuuDuLieuSV\\2001240399_TrinhHuuKienQuoc\\phplab\\buoi6\\Lab01_Framework\\vendor\\laravel\\framework\\src\\Illuminate\\Database\\Connection.php(705): Illuminate\\Database\\Connection->Illuminate\\Database\\{closure}('select * from `...', Array)
#10 D:\\1LuuDuLieuSV\\2001240399_TrinhHuuKienQuoc\\phplab\\buoi6\\Lab01_Framework\\vendor\\laravel\\framework\\src\\Illuminate\\Database\\Connection.php(672): Illuminate\\Database\\Connection->runQueryCallback('select * from `...', Array, Object(Closure))
#11 D:\\1LuuDuLieuSV\\2001240399_TrinhHuuKienQuoc\\phplab\\buoi6\\Lab01_Framework\\vendor\\laravel\\framework\\src\\Illuminate\\Database\\Connection.php(376): Illuminate\\Database\\Connection->run('select * from `...', Array, Object(Closure))
#12 D:\\1LuuDuLieuSV\\2001240399_TrinhHuuKienQuoc\\phplab\\buoi6\\Lab01_Framework\\vendor\\laravel\\framework\\src\\Illuminate\\Database\\Query\\Builder.php(2414): Illuminate\\Database\\Connection->select('select * from `...', Array, true)
#13 D:\\1LuuDuLieuSV\\2001240399_TrinhHuuKienQuoc\\phplab\\buoi6\\Lab01_Framework\\vendor\\laravel\\framework\\src\\Illuminate\\Database\\Query\\Builder.php(2402): Illuminate\\Database\\Query\\Builder->runSelect()
#14 D:\\1LuuDuLieuSV\\2001240399_TrinhHuuKienQuoc\\phplab\\buoi6\\Lab01_Framework\\vendor\\laravel\\framework\\src\\Illuminate\\Database\\Query\\Builder.php(2936): Illuminate\\Database\\Query\\Builder->Illuminate\\Database\\Query\\{closure}()
#15 D:\\1LuuDuLieuSV\\2001240399_TrinhHuuKienQuoc\\phplab\\buoi6\\Lab01_Framework\\vendor\\laravel\\framework\\src\\Illuminate\\Database\\Query\\Builder.php(2403): Illuminate\\Database\\Query\\Builder->onceWithColumns(Array, Object(Closure))
#16 D:\\1LuuDuLieuSV\\2001240399_TrinhHuuKienQuoc\\phplab\\buoi6\\Lab01_Framework\\vendor\\laravel\\framework\\src\\Illuminate\\Database\\Eloquent\\Builder.php(625): Illuminate\\Database\\Query\\Builder->get(Array)
#17 D:\\1LuuDuLieuSV\\2001240399_TrinhHuuKienQuoc\\phplab\\buoi6\\Lab01_Framework\\vendor\\laravel\\framework\\src\\Illuminate\\Database\\Eloquent\\Builder.php(609): Illuminate\\Database\\Eloquent\\Builder->getModels(Array)
#18 D:\\1LuuDuLieuSV\\2001240399_TrinhHuuKienQuoc\\phplab\\buoi6\\Lab01_Framework\\vendor\\laravel\\framework\\src\\Illuminate\\Database\\Concerns\\BuildsQueries.php(294): Illuminate\\Database\\Eloquent\\Builder->get(Array)
#19 D:\\1LuuDuLieuSV\\2001240399_TrinhHuuKienQuoc\\phplab\\buoi6\\Lab01_Framework\\vendor\\laravel\\framework\\src\\Illuminate\\Database\\Eloquent\\Builder.php(400): Illuminate\\Database\\Eloquent\\Builder->first(Array)
#20 D:\\1LuuDuLieuSV\\2001240399_TrinhHuuKienQuoc\\phplab\\buoi6\\Lab01_Framework\\vendor\\laravel\\framework\\src\\Illuminate\\Support\\Traits\\ForwardsCalls.php(23): Illuminate\\Database\\Eloquent\\Builder->find('2')
#21 D:\\1LuuDuLieuSV\\2001240399_TrinhHuuKienQuoc\\phplab\\buoi6\\Lab01_Framework\\vendor\\laravel\\framework\\src\\Illuminate\\Database\\Eloquent\\Model.php(2132): Illuminate\\Database\\Eloquent\\Model->forwardCallTo(Object(Illuminate\\Database\\Eloquent\\Builder), 'find', Array)
#22 D:\\1LuuDuLieuSV\\2001240399_TrinhHuuKienQuoc\\phplab\\buoi6\\Lab01_Framework\\vendor\\laravel\\framework\\src\\Illuminate\\Database\\Eloquent\\Model.php(2144): Illuminate\\Database\\Eloquent\\Model->__call('find', Array)
#23 D:\\1LuuDuLieuSV\\2001240399_TrinhHuuKienQuoc\\phplab\\buoi6\\Lab01_Framework\\app\\Http\\Controllers\\ArticleController.php(59): Illuminate\\Database\\Eloquent\\Model::__callStatic('find', Array)
#24 D:\\1LuuDuLieuSV\\2001240399_TrinhHuuKienQuoc\\phplab\\buoi6\\Lab01_Framework\\vendor\\laravel\\framework\\src\\Illuminate\\Routing\\Controller.php(54): App\\Http\\Controllers\\ArticleController->show('2')
#25 D:\\1LuuDuLieuSV\\2001240399_TrinhHuuKienQuoc\\phplab\\buoi6\\Lab01_Framework\\vendor\\laravel\\framework\\src\\Illuminate\\Routing\\ControllerDispatcher.php(45): Illuminate\\Routing\\Controller->callAction('show', Array)
#26 D:\\1LuuDuLieuSV\\2001240399_TrinhHuuKienQuoc\\phplab\\buoi6\\Lab01_Framework\\vendor\\laravel\\framework\\src\\Illuminate\\Routing\\Route.php(262): Illuminate\\Routing\\ControllerDispatcher->dispatch(Object(Illuminate\\Routing\\Route), Object(App\\Http\\Controllers\\ArticleController), 'show')
#27 D:\\1LuuDuLieuSV\\2001240399_TrinhHuuKienQuoc\\phplab\\buoi6\\Lab01_Framework\\vendor\\laravel\\framework\\src\\Illuminate\\Routing\\Route.php(205): Illuminate\\Routing\\Route->runController()
#28 D:\\1LuuDuLieuSV\\2001240399_TrinhHuuKienQuoc\\phplab\\buoi6\\Lab01_Framework\\vendor\\laravel\\framework\\src\\Illuminate\\Routing\\Router.php(721): Illuminate\\Routing\\Route->run()
#29 D:\\1LuuDuLieuSV\\2001240399_TrinhHuuKienQuoc\\phplab\\buoi6\\Lab01_Framework\\vendor\\laravel\\framework\\src\\Illuminate\\Pipeline\\Pipeline.php(128): Illuminate\\Routing\\Router->Illuminate\\Routing\\{closure}(Object(Illuminate\\Http\\Request))
#30 D:\\1LuuDuLieuSV\\2001240399_TrinhHuuKienQuoc\\phplab\\buoi6\\Lab01_Framework\\vendor\\laravel\\framework\\src\\Illuminate\\Routing\\Middleware\\SubstituteBindings.php(50): Illuminate\\Pipeline\\Pipeline->Illuminate\\Pipeline\\{closure}(Object(Illuminate\\Http\\Request))
#31 D:\\1LuuDuLieuSV\\2001240399_TrinhHuuKienQuoc\\phplab\\buoi6\\Lab01_Framework\\vendor\\laravel\\framework\\src\\Illuminate\\Pipeline\\Pipeline.php(167): Illuminate\\Routing\\Middleware\\SubstituteBindings->handle(Object(Illuminate\\Http\\Request), Object(Closure))
#32 D:\\1LuuDuLieuSV\\2001240399_TrinhHuuKienQuoc\\phplab\\buoi6\\Lab01_Framework\\vendor\\laravel\\framework\\src\\Illuminate\\Foundation\\Http\\Middleware\\VerifyCsrfToken.php(78): Illuminate\\Pipeline\\Pipeline->Illuminate\\Pipeline\\{closure}(Object(Illuminate\\Http\\Request))
#33 D:\\1LuuDuLieuSV\\2001240399_TrinhHuuKienQuoc\\phplab\\buoi6\\Lab01_Framework\\vendor\\laravel\\framework\\src\\Illuminate\\Pipeline\\Pipeline.php(167): Illuminate\\Foundation\\Http\\Middleware\\VerifyCsrfToken->handle(Object(Illuminate\\Http\\Request), Object(Closure))
#34 D:\\1LuuDuLieuSV\\2001240399_TrinhHuuKienQuoc\\phplab\\buoi6\\Lab01_Framework\\vendor\\laravel\\framework\\src\\Illuminate\\View\\Middleware\\ShareErrorsFromSession.php(49): Illuminate\\Pipeline\\Pipeline->Illuminate\\Pipeline\\{closure}(Object(Illuminate\\Http\\Request))
#35 D:\\1LuuDuLieuSV\\2001240399_TrinhHuuKienQuoc\\phplab\\buoi6\\Lab01_Framework\\vendor\\laravel\\framework\\src\\Illuminate\\Pipeline\\Pipeline.php(167): Illuminate\\View\\Middleware\\ShareErrorsFromSession->handle(Object(Illuminate\\Http\\Request), Object(Closure))
#36 D:\\1LuuDuLieuSV\\2001240399_TrinhHuuKienQuoc\\phplab\\buoi6\\Lab01_Framework\\vendor\\laravel\\framework\\src\\Illuminate\\Session\\Middleware\\StartSession.php(121): Illuminate\\Pipeline\\Pipeline->Illuminate\\Pipeline\\{closure}(Object(Illuminate\\Http\\Request))
#37 D:\\1LuuDuLieuSV\\2001240399_TrinhHuuKienQuoc\\phplab\\buoi6\\Lab01_Framework\\vendor\\laravel\\framework\\src\\Illuminate\\Session\\Middleware\\StartSession.php(64): Illuminate\\Session\\Middleware\\StartSession->handleStatefulRequest(Object(Illuminate\\Http\\Request), Object(Illuminate\\Session\\Store), Object(Closure))
#38 D:\\1LuuDuLieuSV\\2001240399_TrinhHuuKienQuoc\\phplab\\buoi6\\Lab01_Framework\\vendor\\laravel\\framework\\src\\Illuminate\\Pipeline\\Pipeline.php(167): Illuminate\\Session\\Middleware\\StartSession->handle(Object(Illuminate\\Http\\Request), Object(Closure))
#39 D:\\1LuuDuLieuSV\\2001240399_TrinhHuuKienQuoc\\phplab\\buoi6\\Lab01_Framework\\vendor\\laravel\\framework\\src\\Illuminate\\Cookie\\Middleware\\AddQueuedCookiesToResponse.php(37): Illuminate\\Pipeline\\Pipeline->Illuminate\\Pipeline\\{closure}(Object(Illuminate\\Http\\Request))
#40 D:\\1LuuDuLieuSV\\2001240399_TrinhHuuKienQuoc\\phplab\\buoi6\\Lab01_Framework\\vendor\\laravel\\framework\\src\\Illuminate\\Pipeline\\Pipeline.php(167): Illuminate\\Cookie\\Middleware\\AddQueuedCookiesToResponse->handle(Object(Illuminate\\Http\\Request), Object(Closure))
#41 D:\\1LuuDuLieuSV\\2001240399_TrinhHuuKienQuoc\\phplab\\buoi6\\Lab01_Framework\\vendor\\laravel\\framework\\src\\Illuminate\\Cookie\\Middleware\\EncryptCookies.php(67): Illuminate\\Pipeline\\Pipeline->Illuminate\\Pipeline\\{closure}(Object(Illuminate\\Http\\Request))
#42 D:\\1LuuDuLieuSV\\2001240399_TrinhHuuKienQuoc\\phplab\\buoi6\\Lab01_Framework\\vendor\\laravel\\framework\\src\\Illuminate\\Pipeline\\Pipeline.php(167): Illuminate\\Cookie\\Middleware\\EncryptCookies->handle(Object(Illuminate\\Http\\Request), Object(Closure))
#43 D:\\1LuuDuLieuSV\\2001240399_TrinhHuuKienQuoc\\phplab\\buoi6\\Lab01_Framework\\vendor\\laravel\\framework\\src\\Illuminate\\Pipeline\\Pipeline.php(103): Illuminate\\Pipeline\\Pipeline->Illuminate\\Pipeline\\{closure}(Object(Illuminate\\Http\\Request))
#44 D:\\1LuuDuLieuSV\\2001240399_TrinhHuuKienQuoc\\phplab\\buoi6\\Lab01_Framework\\vendor\\laravel\\framework\\src\\Illuminate\\Routing\\Router.php(723): Illuminate\\Pipeline\\Pipeline->then(Object(Closure))
#45 D:\\1LuuDuLieuSV\\2001240399_TrinhHuuKienQuoc\\phplab\\buoi6\\Lab01_Framework\\vendor\\laravel\\framework\\src\\Illuminate\\Routing\\Router.php(698): Illuminate\\Routing\\Router->runRouteWithinStack(Object(Illuminate\\Routing\\Route), Object(Illuminate\\Http\\Request))
#46 D:\\1LuuDuLieuSV\\2001240399_TrinhHuuKienQuoc\\phplab\\buoi6\\Lab01_Framework\\vendor\\laravel\\framework\\src\\Illuminate\\Routing\\Router.php(662): Illuminate\\Routing\\Router->runRoute(Object(Illuminate\\Http\\Request), Object(Illuminate\\Routing\\Route))
#47 D:\\1LuuDuLieuSV\\2001240399_TrinhHuuKienQuoc\\phplab\\buoi6\\Lab01_Framework\\vendor\\laravel\\framework\\src\\Illuminate\\Routing\\Router.php(651): Illuminate\\Routing\\Router->dispatchToRoute(Object(Illuminate\\Http\\Request))
#48 D:\\1LuuDuLieuSV\\2001240399_TrinhHuuKienQuoc\\phplab\\buoi6\\Lab01_Framework\\vendor\\laravel\\framework\\src\\Illuminate\\Foundation\\Http\\Kernel.php(167): Illuminate\\Routing\\Router->dispatch(Object(Illuminate\\Http\\Request))
#49 D:\\1LuuDuLieuSV\\2001240399_TrinhHuuKienQuoc\\phplab\\buoi6\\Lab01_Framework\\vendor\\laravel\\framework\\src\\Illuminate\\Pipeline\\Pipeline.php(128): Illuminate\\Foundation\\Http\\Kernel->Illuminate\\Foundation\\Http\\{closure}(Object(Illuminate\\Http\\Request))
#50 D:\\1LuuDuLieuSV\\2001240399_TrinhHuuKienQuoc\\phplab\\buoi6\\Lab01_Framework\\vendor\\laravel\\framework\\src\\Illuminate\\Foundation\\Http\\Middleware\\TransformsRequest.php(21): Illuminate\\Pipeline\\Pipeline->Illuminate\\Pipeline\\{closure}(Object(Illuminate\\Http\\Request))
#51 D:\\1LuuDuLieuSV\\2001240399_TrinhHuuKienQuoc\\phplab\\buoi6\\Lab01_Framework\\vendor\\laravel\\framework\\src\\Illuminate\\Foundation\\Http\\Middleware\\ConvertEmptyStringsToNull.php(31): Illuminate\\Foundation\\Http\\Middleware\\TransformsRequest->handle(Object(Illuminate\\Http\\Request), Object(Closure))
#52 D:\\1LuuDuLieuSV\\2001240399_TrinhHuuKienQuoc\\phplab\\buoi6\\Lab01_Framework\\vendor\\laravel\\framework\\src\\Illuminate\\Pipeline\\Pipeline.php(167): Illuminate\\Foundation\\Http\\Middleware\\ConvertEmptyStringsToNull->handle(Object(Illuminate\\Http\\Request), Object(Closure))
#53 D:\\1LuuDuLieuSV\\2001240399_TrinhHuuKienQuoc\\phplab\\buoi6\\Lab01_Framework\\vendor\\laravel\\framework\\src\\Illuminate\\Foundation\\Http\\Middleware\\TransformsRequest.php(21): Illuminate\\Pipeline\\Pipeline->Illuminate\\Pipeline\\{closure}(Object(Illuminate\\Http\\Request))
#54 D:\\1LuuDuLieuSV\\2001240399_TrinhHuuKienQuoc\\phplab\\buoi6\\Lab01_Framework\\vendor\\laravel\\framework\\src\\Illuminate\\Foundation\\Http\\Middleware\\TrimStrings.php(40): Illuminate\\Foundation\\Http\\Middleware\\TransformsRequest->handle(Object(Illuminate\\Http\\Request), Object(Closure))
#55 D:\\1LuuDuLieuSV\\2001240399_TrinhHuuKienQuoc\\phplab\\buoi6\\Lab01_Framework\\vendor\\laravel\\framework\\src\\Illuminate\\Pipeline\\Pipeline.php(167): Illuminate\\Foundation\\Http\\Middleware\\TrimStrings->handle(Object(Illuminate\\Http\\Request), Object(Closure))
#56 D:\\1LuuDuLieuSV\\2001240399_TrinhHuuKienQuoc\\phplab\\buoi6\\Lab01_Framework\\vendor\\laravel\\framework\\src\\Illuminate\\Foundation\\Http\\Middleware\\ValidatePostSize.php(27): Illuminate\\Pipeline\\Pipeline->Illuminate\\Pipeline\\{closure}(Object(Illuminate\\Http\\Request))
#57 D:\\1LuuDuLieuSV\\2001240399_TrinhHuuKienQuoc\\phplab\\buoi6\\Lab01_Framework\\vendor\\laravel\\framework\\src\\Illuminate\\Pipeline\\Pipeline.php(167): Illuminate\\Foundation\\Http\\Middleware\\ValidatePostSize->handle(Object(Illuminate\\Http\\Request), Object(Closure))
#58 D:\\1LuuDuLieuSV\\2001240399_TrinhHuuKienQuoc\\phplab\\buoi6\\Lab01_Framework\\vendor\\laravel\\framework\\src\\Illuminate\\Foundation\\Http\\Middleware\\PreventRequestsDuringMaintenance.php(86): Illuminate\\Pipeline\\Pipeline->Illuminate\\Pipeline\\{closure}(Object(Illuminate\\Http\\Request))
#59 D:\\1LuuDuLieuSV\\2001240399_TrinhHuuKienQuoc\\phplab\\buoi6\\Lab01_Framework\\vendor\\laravel\\framework\\src\\Illuminate\\Pipeline\\Pipeline.php(167): Illuminate\\Foundation\\Http\\Middleware\\PreventRequestsDuringMaintenance->handle(Object(Illuminate\\Http\\Request), Object(Closure))
#60 D:\\1LuuDuLieuSV\\2001240399_TrinhHuuKienQuoc\\phplab\\buoi6\\Lab01_Framework\\vendor\\fruitcake\\laravel-cors\\src\\HandleCors.php(38): Illuminate\\Pipeline\\Pipeline->Illuminate\\Pipeline\\{closure}(Object(Illuminate\\Http\\Request))
#61 D:\\1LuuDuLieuSV\\2001240399_TrinhHuuKienQuoc\\phplab\\buoi6\\Lab01_Framework\\vendor\\laravel\\framework\\src\\Illuminate\\Pipeline\\Pipeline.php(167): Fruitcake\\Cors\\HandleCors->handle(Object(Illuminate\\Http\\Request), Object(Closure))
#62 D:\\1LuuDuLieuSV\\2001240399_TrinhHuuKienQuoc\\phplab\\buoi6\\Lab01_Framework\\vendor\\laravel\\framework\\src\\Illuminate\\Http\\Middleware\\TrustProxies.php(39): Illuminate\\Pipeline\\Pipeline->Illuminate\\Pipeline\\{closure}(Object(Illuminate\\Http\\Request))
#63 D:\\1LuuDuLieuSV\\2001240399_TrinhHuuKienQuoc\\phplab\\buoi6\\Lab01_Framework\\vendor\\laravel\\framework\\src\\Illuminate\\Pipeline\\Pipeline.php(167): Illuminate\\Http\\Middleware\\TrustProxies->handle(Object(Illuminate\\Http\\Request), Object(Closure))
#64 D:\\1LuuDuLieuSV\\2001240399_TrinhHuuKienQuoc\\phplab\\buoi6\\Lab01_Framework\\vendor\\laravel\\framework\\src\\Illuminate\\Pipeline\\Pipeline.php(103): Illuminate\\Pipeline\\Pipeline->Illuminate\\Pipeline\\{closure}(Object(Illuminate\\Http\\Request))
#65 D:\\1LuuDuLieuSV\\2001240399_TrinhHuuKienQuoc\\phplab\\buoi6\\Lab01_Framework\\vendor\\laravel\\framework\\src\\Illuminate\\Foundation\\Http\\Kernel.php(142): Illuminate\\Pipeline\\Pipeline->then(Object(Closure))
#66 D:\\1LuuDuLieuSV\\2001240399_TrinhHuuKienQuoc\\phplab\\buoi6\\Lab01_Framework\\vendor\\laravel\\framework\\src\\Illuminate\\Foundation\\Http\\Kernel.php(111): Illuminate\\Foundation\\Http\\Kernel->sendRequestThroughRouter(Object(Illuminate\\Http\\Request))
#67 D:\\1LuuDuLieuSV\\2001240399_TrinhHuuKienQuoc\\phplab\\buoi6\\Lab01_Framework\\public\\index.php(52): Illuminate\\Foundation\\Http\\Kernel->handle(Object(Illuminate\\Http\\Request))
#68 D:\\1LuuDuLieuSV\\2001240399_TrinhHuuKienQuoc\\phplab\\buoi6\\Lab01_Framework\\server.php(21): require_once('D:\\\\1LuuDuLieuSV...')
#69 {main}
"} 
[2026-09-21 08:34:15] local.ERROR: Undefined index: show {"exception":"[object] (ErrorException(code: 0): Undefined index: show at D:\\1LuuDuLieuSV\\2001240399_TrinhHuuKienQuoc\\phplab\\buoi6\\Lab01_Framework\\app\\Models\\Article.php:22)
[stacktrace]
#0 D:\\1LuuDuLieuSV\\2001240399_TrinhHuuKienQuoc\\phplab\\buoi6\\Lab01_Framework\\app\\Models\\Article.php(22): Illuminate\\Foundation\\Bootstrap\\HandleExceptions->handleError(8, 'Undefined index...', 'D:\\\\1LuuDuLieuSV...', 22, Array)
#1 D:\\1LuuDuLieuSV\\2001240399_TrinhHuuKienQuoc\\phplab\\buoi6\\Lab01_Framework\\vendor\\laravel\\framework\\src\\Illuminate\\Routing\\ImplicitRouteBinding.php(55): App\\Models\\Article->resolveRouteBinding('show', NULL)
#2 D:\\1LuuDuLieuSV\\2001240399_TrinhHuuKienQuoc\\phplab\\buoi6\\Lab01_Framework\\vendor\\laravel\\framework\\src\\Illuminate\\Routing\\Router.php(859): Illuminate\\Routing\\ImplicitRouteBinding::resolveForRoute(Object(Illuminate\\Foundation\\Application), Object(Illuminate\\Routing\\Route))
#3 D:\\1LuuDuLieuSV\\2001240399_TrinhHuuKienQuoc\\phplab\\buoi6\\Lab01_Framework\\vendor\\laravel\\framework\\src\\Illuminate\\Routing\\Middleware\\SubstituteBindings.php(41): Illuminate\\Routing\\Router->substituteImplicitBindings(Object(Illuminate\\Routing\\Route))
#4 D:\\1LuuDuLieuSV\\2001240399_TrinhHuuKienQuoc\\phplab\\buoi6\\Lab01_Framework\\vendor\\laravel\\framework\\src\\Illuminate\\Pipeline\\Pipeline.php(167): Illuminate\\Routing\\Middleware\\SubstituteBindings->handle(Object(Illuminate\\Http\\Request), Object(Closure))
#5 D:\\1LuuDuLieuSV\\2001240399_TrinhHuuKienQuoc\\phplab\\buoi6\\Lab01_Framework\\vendor\\laravel\\framework\\src\\Illuminate\\Foundation\\Http\\Middleware\\VerifyCsrfToken.php(78): Illuminate\\Pipeline\\Pipeline->Illuminate\\Pipeline\\{closure}(Object(Illuminate\\Http\\Request))
#6 D:\\1LuuDuLieuSV\\2001240399_TrinhHuuKienQuoc\\phplab\\buoi6\\Lab01_Framework\\vendor\\laravel\\framework\\src\\Illuminate\\Pipeline\\Pipeline.php(167): Illuminate\\Foundation\\Http\\Middleware\\VerifyCsrfToken->handle(Object(Illuminate\\Http\\Request), Object(Closure))
#7 D:\\1LuuDuLieuSV\\2001240399_TrinhHuuKienQuoc\\phplab\\buoi6\\Lab01_Framework\\vendor\\laravel\\framework\\src\\Illuminate\\View\\Middleware\\ShareErrorsFromSession.php(49): Illuminate\\Pipeline\\Pipeline->Illuminate\\Pipeline\\{closure}(Object(Illuminate\\Http\\Request))
#8 D:\\1LuuDuLieuSV\\2001240399_TrinhHuuKienQuoc\\phplab\\buoi6\\Lab01_Framework\\vendor\\laravel\\framework\\src\\Illuminate\\Pipeline\\Pipeline.php(167): Illuminate\\View\\Middleware\\ShareErrorsFromSession->handle(Object(Illuminate\\Http\\Request), Object(Closure))
#9 D:\\1LuuDuLieuSV\\2001240399_TrinhHuuKienQuoc\\phplab\\buoi6\\Lab01_Framework\\vendor\\laravel\\framework\\src\\Illuminate\\Session\\Middleware\\StartSession.php(121): Illuminate\\Pipeline\\Pipeline->Illuminate\\Pipeline\\{closure}(Object(Illuminate\\Http\\Request))
#10 D:\\1LuuDuLieuSV\\2001240399_TrinhHuuKienQuoc\\phplab\\buoi6\\Lab01_Framework\\vendor\\laravel\\framework\\src\\Illuminate\\Session\\Middleware\\StartSession.php(64): Illuminate\\Session\\Middleware\\StartSession->handleStatefulRequest(Object(Illuminate\\Http\\Request), Object(Illuminate\\Session\\Store), Object(Closure))
#11 D:\\1LuuDuLieuSV\\2001240399_TrinhHuuKienQuoc\\phplab\\buoi6\\Lab01_Framework\\vendor\\laravel\\framework\\src\\Illuminate\\Pipeline\\Pipeline.php(167): Illuminate\\Session\\Middleware\\StartSession->handle(Object(Illuminate\\Http\\Request), Object(Closure))
#12 D:\\1LuuDuLieuSV\\2001240399_TrinhHuuKienQuoc\\phplab\\buoi6\\Lab01_Framework\\vendor\\laravel\\framework\\src\\Illuminate\\Cookie\\Middleware\\AddQueuedCookiesToResponse.php(37): Illuminate\\Pipeline\\Pipeline->Illuminate\\Pipeline\\{closure}(Object(Illuminate\\Http\\Request))
#13 D:\\1LuuDuLieuSV\\2001240399_TrinhHuuKienQuoc\\phplab\\buoi6\\Lab01_Framework\\vendor\\laravel\\framework\\src\\Illuminate\\Pipeline\\Pipeline.php(167): Illuminate\\Cookie\\Middleware\\AddQueuedCookiesToResponse->handle(Object(Illuminate\\Http\\Request), Object(Closure))
#14 D:\\1LuuDuLieuSV\\2001240399_TrinhHuuKienQuoc\\phplab\\buoi6\\Lab01_Framework\\vendor\\laravel\\framework\\src\\Illuminate\\Cookie\\Middleware\\EncryptCookies.php(67): Illuminate\\Pipeline\\Pipeline->Illuminate\\Pipeline\\{closure}(Object(Illuminate\\Http\\Request))
#15 D:\\1LuuDuLieuSV\\2001240399_TrinhHuuKienQuoc\\phplab\\buoi6\\Lab01_Framework\\vendor\\laravel\\framework\\src\\Illuminate\\Pipeline\\Pipeline.php(167): Illuminate\\Cookie\\Middleware\\EncryptCookies->handle(Object(Illuminate\\Http\\Request), Object(Closure))
#16 D:\\1LuuDuLieuSV\\2001240399_TrinhHuuKienQuoc\\phplab\\buoi6\\Lab01_Framework\\vendor\\laravel\\framework\\src\\Illuminate\\Pipeline\\Pipeline.php(103): Illuminate\\Pipeline\\Pipeline->Illuminate\\Pipeline\\{closure}(Object(Illuminate\\Http\\Request))
#17 D:\\1LuuDuLieuSV\\2001240399_TrinhHuuKienQuoc\\phplab\\buoi6\\Lab01_Framework\\vendor\\laravel\\framework\\src\\Illuminate\\Routing\\Router.php(723): Illuminate\\Pipeline\\Pipeline->then(Object(Closure))
#18 D:\\1LuuDuLieuSV\\2001240399_TrinhHuuKienQuoc\\phplab\\buoi6\\Lab01_Framework\\vendor\\laravel\\framework\\src\\Illuminate\\Routing\\Router.php(698): Illuminate\\Routing\\Router->runRouteWithinStack(Object(Illuminate\\Routing\\Route), Object(Illuminate\\Http\\Request))
#19 D:\\1LuuDuLieuSV\\2001240399_TrinhHuuKienQuoc\\phplab\\buoi6\\Lab01_Framework\\vendor\\laravel\\framework\\src\\Illuminate\\Routing\\Router.php(662): Illuminate\\Routing\\Router->runRoute(Object(Illuminate\\Http\\Request), Object(Illuminate\\Routing\\Route))
#20 D:\\1LuuDuLieuSV\\2001240399_TrinhHuuKienQuoc\\phplab\\buoi6\\Lab01_Framework\\vendor\\laravel\\framework\\src\\Illuminate\\Routing\\Router.php(651): Illuminate\\Routing\\Router->dispatchToRoute(Object(Illuminate\\Http\\Request))
#21 D:\\1LuuDuLieuSV\\2001240399_TrinhHuuKienQuoc\\phplab\\buoi6\\Lab01_Framework\\vendor\\laravel\\framework\\src\\Illuminate\\Foundation\\Http\\Kernel.php(167): Illuminate\\Routing\\Router->dispatch(Object(Illuminate\\Http\\Request))
#22 D:\\1LuuDuLieuSV\\2001240399_TrinhHuuKienQuoc\\phplab\\buoi6\\Lab01_Framework\\vendor\\laravel\\framework\\src\\Illuminate\\Pipeline\\Pipeline.php(128): Illuminate\\Foundation\\Http\\Kernel->Illuminate\\Foundation\\Http\\{closure}(Object(Illuminate\\Http\\Request))
#23 D:\\1LuuDuLieuSV\\2001240399_TrinhHuuKienQuoc\\phplab\\buoi6\\Lab01_Framework\\vendor\\laravel\\framework\\src\\Illuminate\\Foundation\\Http\\Middleware\\TransformsRequest.php(21): Illuminate\\Pipeline\\Pipeline->Illuminate\\Pipeline\\{closure}(Object(Illuminate\\Http\\Request))
#24 D:\\1LuuDuLieuSV\\2001240399_TrinhHuuKienQuoc\\phplab\\buoi6\\Lab01_Framework\\vendor\\laravel\\framework\\src\\Illuminate\\Foundation\\Http\\Middleware\\ConvertEmptyStringsToNull.php(31): Illuminate\\Foundation\\Http\\Middleware\\TransformsRequest->handle(Object(Illuminate\\Http\\Request), Object(Closure))
#25 D:\\1LuuDuLieuSV\\2001240399_TrinhHuuKienQuoc\\phplab\\buoi6\\Lab01_Framework\\vendor\\laravel\\framework\\src\\Illuminate\\Pipeline\\Pipeline.php(167): Illuminate\\Foundation\\Http\\Middleware\\ConvertEmptyStringsToNull->handle(Object(Illuminate\\Http\\Request), Object(Closure))
#26 D:\\1LuuDuLieuSV\\2001240399_TrinhHuuKienQuoc\\phplab\\buoi6\\Lab01_Framework\\vendor\\laravel\\framework\\src\\Illuminate\\Foundation\\Http\\Middleware\\TransformsRequest.php(21): Illuminate\\Pipeline\\Pipeline->Illuminate\\Pipeline\\{closure}(Object(Illuminate\\Http\\Request))
#27 D:\\1LuuDuLieuSV\\2001240399_TrinhHuuKienQuoc\\phplab\\buoi6\\Lab01_Framework\\vendor\\laravel\\framework\\src\\Illuminate\\Foundation\\Http\\Middleware\\TrimStrings.php(40): Illuminate\\Foundation\\Http\\Middleware\\TransformsRequest->handle(Object(Illuminate\\Http\\Request), Object(Closure))
#28 D:\\1LuuDuLieuSV\\2001240399_TrinhHuuKienQuoc\\phplab\\buoi6\\Lab01_Framework\\vendor\\laravel\\framework\\src\\Illuminate\\Pipeline\\Pipeline.php(167): Illuminate\\Foundation\\Http\\Middleware\\TrimStrings->handle(Object(Illuminate\\Http\\Request), Object(Closure))
#29 D:\\1LuuDuLieuSV\\2001240399_TrinhHuuKienQuoc\\phplab\\buoi6\\Lab01_Framework\\vendor\\laravel\\framework\\src\\Illuminate\\Foundation\\Http\\Middleware\\ValidatePostSize.php(27): Illuminate\\Pipeline\\Pipeline->Illuminate\\Pipeline\\{closure}(Object(Illuminate\\Http\\Request))
#30 D:\\1LuuDuLieuSV\\2001240399_TrinhHuuKienQuoc\\phplab\\buoi6\\Lab01_Framework\\vendor\\laravel\\framework\\src\\Illuminate\\Pipeline\\Pipeline.php(167): Illuminate\\Foundation\\Http\\Middleware\\ValidatePostSize->handle(Object(Illuminate\\Http\\Request), Object(Closure))
#31 D:\\1LuuDuLieuSV\\2001240399_TrinhHuuKienQuoc\\phplab\\buoi6\\Lab01_Framework\\vendor\\laravel\\framework\\src\\Illuminate\\Foundation\\Http\\Middleware\\PreventRequestsDuringMaintenance.php(86): Illuminate\\Pipeline\\Pipeline->Illuminate\\Pipeline\\{closure}(Object(Illuminate\\Http\\Request))
#32 D:\\1LuuDuLieuSV\\2001240399_TrinhHuuKienQuoc\\phplab\\buoi6\\Lab01_Framework\\vendor\\laravel\\framework\\src\\Illuminate\\Pipeline\\Pipeline.php(167): Illuminate\\Foundation\\Http\\Middleware\\PreventRequestsDuringMaintenance->handle(Object(Illuminate\\Http\\Request), Object(Closure))
#33 D:\\1LuuDuLieuSV\\2001240399_TrinhHuuKienQuoc\\phplab\\buoi6\\Lab01_Framework\\vendor\\fruitcake\\laravel-cors\\src\\HandleCors.php(38): Illuminate\\Pipeline\\Pipeline->Illuminate\\Pipeline\\{closure}(Object(Illuminate\\Http\\Request))
#34 D:\\1LuuDuLieuSV\\2001240399_TrinhHuuKienQuoc\\phplab\\buoi6\\Lab01_Framework\\vendor\\laravel\\framework\\src\\Illuminate\\Pipeline\\Pipeline.php(167): Fruitcake\\Cors\\HandleCors->handle(Object(Illuminate\\Http\\Request), Object(Closure))
#35 D:\\1LuuDuLieuSV\\2001240399_TrinhHuuKienQuoc\\phplab\\buoi6\\Lab01_Framework\\vendor\\laravel\\framework\\src\\Illuminate\\Http\\Middleware\\TrustProxies.php(39): Illuminate\\Pipeline\\Pipeline->Illuminate\\Pipeline\\{closure}(Object(Illuminate\\Http\\Request))
#36 D:\\1LuuDuLieuSV\\2001240399_TrinhHuuKienQuoc\\phplab\\buoi6\\Lab01_Framework\\vendor\\laravel\\framework\\src\\Illuminate\\Pipeline\\Pipeline.php(167): Illuminate\\Http\\Middleware\\TrustProxies->handle(Object(Illuminate\\Http\\Request), Object(Closure))
#37 D:\\1LuuDuLieuSV\\2001240399_TrinhHuuKienQuoc\\phplab\\buoi6\\Lab01_Framework\\vendor\\laravel\\framework\\src\\Illuminate\\Pipeline\\Pipeline.php(103): Illuminate\\Pipeline\\Pipeline->Illuminate\\Pipeline\\{closure}(Object(Illuminate\\Http\\Request))
#38 D:\\1LuuDuLieuSV\\2001240399_TrinhHuuKienQuoc\\phplab\\buoi6\\Lab01_Framework\\vendor\\laravel\\framework\\src\\Illuminate\\Foundation\\Http\\Kernel.php(142): Illuminate\\Pipeline\\Pipeline->then(Object(Closure))
#39 D:\\1LuuDuLieuSV\\2001240399_TrinhHuuKienQuoc\\phplab\\buoi6\\Lab01_Framework\\vendor\\laravel\\framework\\src\\Illuminate\\Foundation\\Http\\Kernel.php(111): Illuminate\\Foundation\\Http\\Kernel->sendRequestThroughRouter(Object(Illuminate\\Http\\Request))
#40 D:\\1LuuDuLieuSV\\2001240399_TrinhHuuKienQuoc\\phplab\\buoi6\\Lab01_Framework\\public\\index.php(52): Illuminate\\Foundation\\Http\\Kernel->handle(Object(Illuminate\\Http\\Request))
#41 D:\\1LuuDuLieuSV\\2001240399_TrinhHuuKienQuoc\\phplab\\buoi6\\Lab01_Framework\\server.php(21): require_once('D:\\\\1LuuDuLieuSV...')
#42 {main}
"} 
[2026-09-21 08:38:24] local.ERROR: Trying to get property 'title' of non-object (View: D:\1LuuDuLieuSV\2001240399_TrinhHuuKienQuoc\phplab\buoi6\Lab01_Framework\resources\views\articles\index.blade.php) {"view":{"view":"D:\\1LuuDuLieuSV\\2001240399_TrinhHuuKienQuoc\\phplab\\buoi6\\Lab01_Framework\\resources\\views/articles/index.blade.php","data":{"errors":"<pre class=sf-dump id=sf-dump-1710775431 data-indent-pad=\"  \"><span class=sf-dump-note>Illuminate\\Support\\ViewErrorBag</span> {<a class=sf-dump-ref>#978</a><samp data-depth=1 class=sf-dump-expanded>
  #<span class=sf-dump-protected title=\"Protected property\">bags</span>: []
</samp>}
</pre><script>Sfdump(\"sf-dump-1710775431\", {\"maxDepth\":3,\"maxStringLength\":160})</script>
","articles":"<pre class=sf-dump id=sf-dump-350775337 data-indent-pad=\"  \"><span class=sf-dump-note>array:2</span> [<samp data-depth=1 class=sf-dump-expanded>
  <span class=sf-dump-index>0</span> => <span class=sf-dump-note>array:3</span> [<samp data-depth=2 class=sf-dump-compact>
    \"<span class=sf-dump-key>id</span>\" => <span class=sf-dump-num>1</span>
    \"<span class=sf-dump-key>title</span>\" => \"<span class=sf-dump-str title=\"21 characters\">Gi&#7899;i thi&#7879;u Laravel 12</span>\"
    \"<span class=sf-dump-key>body</span>\" => \"<span class=sf-dump-str title=\"10 characters\">N&#7897;i dung A</span>\"
  </samp>]
  <span class=sf-dump-index>1</span> => <span class=sf-dump-note>array:3</span> [<samp data-depth=2 class=sf-dump-compact>
    \"<span class=sf-dump-key>id</span>\" => <span class=sf-dump-num>2</span>
    \"<span class=sf-dump-key>title</span>\" => \"<span class=sf-dump-str title=\"16 characters\">Blade Components</span>\"
    \"<span class=sf-dump-key>body</span>\" => \"<span class=sf-dump-str title=\"10 characters\">N&#7897;i dung B</span>\"
  </samp>]
</samp>]
</pre><script>Sfdump(\"sf-dump-350775337\", {\"maxDepth\":3,\"maxStringLength\":160})</script>
"}},"exception":"[object] (Facade\\Ignition\\Exceptions\\ViewException(code: 0): Trying to get property 'title' of non-object (View: D:\\1LuuDuLieuSV\\2001240399_TrinhHuuKienQuoc\\phplab\\buoi6\\Lab01_Framework\\resources\\views\\articles\\index.blade.php) at D:\\1LuuDuLieuSV\\2001240399_TrinhHuuKienQuoc\\phplab\\buoi6\\Lab01_Framework\\resources\\views/articles/index.blade.php:53)
[stacktrace]
#0 D:\\1LuuDuLieuSV\\2001240399_TrinhHuuKienQuoc\\phplab\\buoi6\\Lab01_Framework\\resources\\views/articles/index.blade.php(53): Illuminate\\Foundation\\Bootstrap\\HandleExceptions->handleError(8, 'Trying to get p...', 'D:\\\\1LuuDuLieuSV...', 54, Array)
#1 D:\\1LuuDuLieuSV\\2001240399_TrinhHuuKienQuoc\\phplab\\buoi6\\Lab01_Framework\\vendor\\laravel\\framework\\src\\Illuminate\\Filesystem\\Filesystem.php(107): require('D:\\\\1LuuDuLieuSV...')
#2 D:\\1LuuDuLieuSV\\2001240399_TrinhHuuKienQuoc\\phplab\\buoi6\\Lab01_Framework\\vendor\\laravel\\framework\\src\\Illuminate\\Filesystem\\Filesystem.php(108): Illuminate\\Filesystem\\Filesystem::Illuminate\\Filesystem\\{closure}()
#3 D:\\1LuuDuLieuSV\\2001240399_TrinhHuuKienQuoc\\phplab\\buoi6\\Lab01_Framework\\vendor\\laravel\\framework\\src\\Illuminate\\View\\Engines\\PhpEngine.php(58): Illuminate\\Filesystem\\Filesystem->getRequire('D:\\\\1LuuDuLieuSV...', Array)
#4 D:\\1LuuDuLieuSV\\2001240399_TrinhHuuKienQuoc\\phplab\\buoi6\\Lab01_Framework\\vendor\\laravel\\framework\\src\\Illuminate\\View\\Engines\\CompilerEngine.php(61): Illuminate\\View\\Engines\\PhpEngine->evaluatePath('D:\\\\1LuuDuLieuSV...', Array)
#5 D:\\1LuuDuLieuSV\\2001240399_TrinhHuuKienQuoc\\phplab\\buoi6\\Lab01_Framework\\vendor\\facade\\ignition\\src\\Views\\Engines\\CompilerEngine.php(37): Illuminate\\View\\Engines\\CompilerEngine->get('D:\\\\1LuuDuLieuSV...', Array)
#6 D:\\1LuuDuLieuSV\\2001240399_TrinhHuuKienQuoc\\phplab\\buoi6\\Lab01_Framework\\vendor\\laravel\\framework\\src\\Illuminate\\View\\View.php(139): Facade\\Ignition\\Views\\Engines\\CompilerEngine->get('D:\\\\1LuuDuLieuSV...', Array)
#7 D:\\1LuuDuLieuSV\\2001240399_TrinhHuuKienQuoc\\phplab\\buoi6\\Lab01_Framework\\vendor\\laravel\\framework\\src\\Illuminate\\View\\View.php(122): Illuminate\\View\\View->getContents()
#8 D:\\1LuuDuLieuSV\\2001240399_TrinhHuuKienQuoc\\phplab\\buoi6\\Lab01_Framework\\vendor\\laravel\\framework\\src\\Illuminate\\View\\View.php(91): Illuminate\\View\\View->renderContents()
#9 D:\\1LuuDuLieuSV\\2001240399_TrinhHuuKienQuoc\\phplab\\buoi6\\Lab01_Framework\\vendor\\laravel\\framework\\src\\Illuminate\\Http\\Response.php(69): Illuminate\\View\\View->render()
#10 D:\\1LuuDuLieuSV\\2001240399_TrinhHuuKienQuoc\\phplab\\buoi6\\Lab01_Framework\\vendor\\laravel\\framework\\src\\Illuminate\\Http\\Response.php(35): Illuminate\\Http\\Response->setContent(Object(Illuminate\\View\\View))
#11 D:\\1LuuDuLieuSV\\2001240399_TrinhHuuKienQuoc\\phplab\\buoi6\\Lab01_Framework\\vendor\\laravel\\framework\\src\\Illuminate\\Routing\\Router.php(820): Illuminate\\Http\\Response->__construct(Object(Illuminate\\View\\View), 200, Array)
#12 D:\\1LuuDuLieuSV\\2001240399_TrinhHuuKienQuoc\\phplab\\buoi6\\Lab01_Framework\\vendor\\laravel\\framework\\src\\Illuminate\\Routing\\Router.php(789): Illuminate\\Routing\\Router::toResponse(Object(Illuminate\\Http\\Request), Object(Illuminate\\View\\View))
#13 D:\\1LuuDuLieuSV\\2001240399_TrinhHuuKienQuoc\\phplab\\buoi6\\Lab01_Framework\\vendor\\laravel\\framework\\src\\Illuminate\\Routing\\Router.php(721): Illuminate\\Routing\\Router->prepareResponse(Object(Illuminate\\Http\\Request), Object(Illuminate\\View\\View))
#14 D:\\1LuuDuLieuSV\\2001240399_TrinhHuuKienQuoc\\phplab\\buoi6\\Lab01_Framework\\vendor\\laravel\\framework\\src\\Illuminate\\Pipeline\\Pipeline.php(128): Illuminate\\Routing\\Router->Illuminate\\Routing\\{closure}(Object(Illuminate\\Http\\Request))
#15 D:\\1LuuDuLieuSV\\2001240399_TrinhHuuKienQuoc\\phplab\\buoi6\\Lab01_Framework\\vendor\\laravel\\framework\\src\\Illuminate\\Routing\\Middleware\\SubstituteBindings.php(50): Illuminate\\Pipeline\\Pipeline->Illuminate\\Pipeline\\{closure}(Object(Illuminate\\Http\\Request))
#16 D:\\1LuuDuLieuSV\\2001240399_TrinhHuuKienQuoc\\phplab\\buoi6\\Lab01_Framework\\vendor\\laravel\\framework\\src\\Illuminate\\Pipeline\\Pipeline.php(167): Illuminate\\Routing\\Middleware\\SubstituteBindings->handle(Object(Illuminate\\Http\\Request), Object(Closure))
#17 D:\\1LuuDuLieuSV\\2001240399_TrinhHuuKienQuoc\\phplab\\buoi6\\Lab01_Framework\\vendor\\laravel\\framework\\src\\Illuminate\\Foundation\\Http\\Middleware\\VerifyCsrfToken.php(78): Illuminate\\Pipeline\\Pipeline->Illuminate\\Pipeline\\{closure}(Object(Illuminate\\Http\\Request))
#18 D:\\1LuuDuLieuSV\\2001240399_TrinhHuuKienQuoc\\phplab\\buoi6\\Lab01_Framework\\vendor\\laravel\\framework\\src\\Illuminate\\Pipeline\\Pipeline.php(167): Illuminate\\Foundation\\Http\\Middleware\\VerifyCsrfToken->handle(Object(Illuminate\\Http\\Request), Object(Closure))
#19 D:\\1LuuDuLieuSV\\2001240399_TrinhHuuKienQuoc\\phplab\\buoi6\\Lab01_Framework\\vendor\\laravel\\framework\\src\\Illuminate\\View\\Middleware\\ShareErrorsFromSession.php(49): Illuminate\\Pipeline\\Pipeline->Illuminate\\Pipeline\\{closure}(Object(Illuminate\\Http\\Request))
#20 D:\\1LuuDuLieuSV\\2001240399_TrinhHuuKienQuoc\\phplab\\buoi6\\Lab01_Framework\\vendor\\laravel\\framework\\src\\Illuminate\\Pipeline\\Pipeline.php(167): Illuminate\\View\\Middleware\\ShareErrorsFromSession->handle(Object(Illuminate\\Http\\Request), Object(Closure))
#21 D:\\1LuuDuLieuSV\\2001240399_TrinhHuuKienQuoc\\phplab\\buoi6\\Lab01_Framework\\vendor\\laravel\\framework\\src\\Illuminate\\Session\\Middleware\\StartSession.php(121): Illuminate\\Pipeline\\Pipeline->Illuminate\\Pipeline\\{closure}(Object(Illuminate\\Http\\Request))
#22 D:\\1LuuDuLieuSV\\2001240399_TrinhHuuKienQuoc\\phplab\\buoi6\\Lab01_Framework\\vendor\\laravel\\framework\\src\\Illuminate\\Session\\Middleware\\StartSession.php(64): Illuminate\\Session\\Middleware\\StartSession->handleStatefulRequest(Object(Illuminate\\Http\\Request), Object(Illuminate\\Session\\Store), Object(Closure))
#23 D:\\1LuuDuLieuSV\\2001240399_TrinhHuuKienQuoc\\phplab\\buoi6\\Lab01_Framework\\vendor\\laravel\\framework\\src\\Illuminate\\Pipeline\\Pipeline.php(167): Illuminate\\Session\\Middleware\\StartSession->handle(Object(Illuminate\\Http\\Request), Object(Closure))
#24 D:\\1LuuDuLieuSV\\2001240399_TrinhHuuKienQuoc\\phplab\\buoi6\\Lab01_Framework\\vendor\\laravel\\framework\\src\\Illuminate\\Cookie\\Middleware\\AddQueuedCookiesToResponse.php(37): Illuminate\\Pipeline\\Pipeline->Illuminate\\Pipeline\\{closure}(Object(Illuminate\\Http\\Request))
#25 D:\\1LuuDuLieuSV\\2001240399_TrinhHuuKienQuoc\\phplab\\buoi6\\Lab01_Framework\\vendor\\laravel\\framework\\src\\Illuminate\\Pipeline\\Pipeline.php(167): Illuminate\\Cookie\\Middleware\\AddQueuedCookiesToResponse->handle(Object(Illuminate\\Http\\Request), Object(Closure))
#26 D:\\1LuuDuLieuSV\\2001240399_TrinhHuuKienQuoc\\phplab\\buoi6\\Lab01_Framework\\vendor\\laravel\\framework\\src\\Illuminate\\Cookie\\Middleware\\EncryptCookies.php(67): Illuminate\\Pipeline\\Pipeline->Illuminate\\Pipeline\\{closure}(Object(Illuminate\\Http\\Request))
#27 D:\\1LuuDuLieuSV\\2001240399_TrinhHuuKienQuoc\\phplab\\buoi6\\Lab01_Framework\\vendor\\laravel\\framework\\src\\Illuminate\\Pipeline\\Pipeline.php(167): Illuminate\\Cookie\\Middleware\\EncryptCookies->handle(Object(Illuminate\\Http\\Request), Object(Closure))
#28 D:\\1LuuDuLieuSV\\2001240399_TrinhHuuKienQuoc\\phplab\\buoi6\\Lab01_Framework\\vendor\\laravel\\framework\\src\\Illuminate\\Pipeline\\Pipeline.php(103): Illuminate\\Pipeline\\Pipeline->Illuminate\\Pipeline\\{closure}(Object(Illuminate\\Http\\Request))
#29 D:\\1LuuDuLieuSV\\2001240399_TrinhHuuKienQuoc\\phplab\\buoi6\\Lab01_Framework\\vendor\\laravel\\framework\\src\\Illuminate\\Routing\\Router.php(723): Illuminate\\Pipeline\\Pipeline->then(Object(Closure))
#30 D:\\1LuuDuLieuSV\\2001240399_TrinhHuuKienQuoc\\phplab\\buoi6\\Lab01_Framework\\vendor\\laravel\\framework\\src\\Illuminate\\Routing\\Router.php(698): Illuminate\\Routing\\Router->runRouteWithinStack(Object(Illuminate\\Routing\\Route), Object(Illuminate\\Http\\Request))
#31 D:\\1LuuDuLieuSV\\2001240399_TrinhHuuKienQuoc\\phplab\\buoi6\\Lab01_Framework\\vendor\\laravel\\framework\\src\\Illuminate\\Routing\\Router.php(662): Illuminate\\Routing\\Router->runRoute(Object(Illuminate\\Http\\Request), Object(Illuminate\\Routing\\Route))
#32 D:\\1LuuDuLieuSV\\2001240399_TrinhHuuKienQuoc\\phplab\\buoi6\\Lab01_Framework\\vendor\\laravel\\framework\\src\\Illuminate\\Routing\\Router.php(651): Illuminate\\Routing\\Router->dispatchToRoute(Object(Illuminate\\Http\\Request))
#33 D:\\1LuuDuLieuSV\\2001240399_TrinhHuuKienQuoc\\phplab\\buoi6\\Lab01_Framework\\vendor\\laravel\\framework\\src\\Illuminate\\Foundation\\Http\\Kernel.php(167): Illuminate\\Routing\\Router->dispatch(Object(Illuminate\\Http\\Request))
#34 D:\\1LuuDuLieuSV\\2001240399_TrinhHuuKienQuoc\\phplab\\buoi6\\Lab01_Framework\\vendor\\laravel\\framework\\src\\Illuminate\\Pipeline\\Pipeline.php(128): Illuminate\\Foundation\\Http\\Kernel->Illuminate\\Foundation\\Http\\{closure}(Object(Illuminate\\Http\\Request))
#35 D:\\1LuuDuLieuSV\\2001240399_TrinhHuuKienQuoc\\phplab\\buoi6\\Lab01_Framework\\vendor\\laravel\\framework\\src\\Illuminate\\Foundation\\Http\\Middleware\\TransformsRequest.php(21): Illuminate\\Pipeline\\Pipeline->Illuminate\\Pipeline\\{closure}(Object(Illuminate\\Http\\Request))
#36 D:\\1LuuDuLieuSV\\2001240399_TrinhHuuKienQuoc\\phplab\\buoi6\\Lab01_Framework\\vendor\\laravel\\framework\\src\\Illuminate\\Foundation\\Http\\Middleware\\ConvertEmptyStringsToNull.php(31): Illuminate\\Foundation\\Http\\Middleware\\TransformsRequest->handle(Object(Illuminate\\Http\\Request), Object(Closure))
#37 D:\\1LuuDuLieuSV\\2001240399_TrinhHuuKienQuoc\\phplab\\buoi6\\Lab01_Framework\\vendor\\laravel\\framework\\src\\Illuminate\\Pipeline\\Pipeline.php(167): Illuminate\\Foundation\\Http\\Middleware\\ConvertEmptyStringsToNull->handle(Object(Illuminate\\Http\\Request), Object(Closure))
#38 D:\\1LuuDuLieuSV\\2001240399_TrinhHuuKienQuoc\\phplab\\buoi6\\Lab01_Framework\\vendor\\laravel\\framework\\src\\Illuminate\\Foundation\\Http\\Middleware\\TransformsRequest.php(21): Illuminate\\Pipeline\\Pipeline->Illuminate\\Pipeline\\{closure}(Object(Illuminate\\Http\\Request))
#39 D:\\1LuuDuLieuSV\\2001240399_TrinhHuuKienQuoc\\phplab\\buoi6\\Lab01_Framework\\vendor\\laravel\\framework\\src\\Illuminate\\Foundation\\Http\\Middleware\\TrimStrings.php(40): Illuminate\\Foundation\\Http\\Middleware\\TransformsRequest->handle(Object(Illuminate\\Http\\Request), Object(Closure))
#40 D:\\1LuuDuLieuSV\\2001240399_TrinhHuuKienQuoc\\phplab\\buoi6\\Lab01_Framework\\vendor\\laravel\\framework\\src\\Illuminate\\Pipeline\\Pipeline.php(167): Illuminate\\Foundation\\Http\\Middleware\\TrimStrings->handle(Object(Illuminate\\Http\\Request), Object(Closure))
#41 D:\\1LuuDuLieuSV\\2001240399_TrinhHuuKienQuoc\\phplab\\buoi6\\Lab01_Framework\\vendor\\laravel\\framework\\src\\Illuminate\\Foundation\\Http\\Middleware\\ValidatePostSize.php(27): Illuminate\\Pipeline\\Pipeline->Illuminate\\Pipeline\\{closure}(Object(Illuminate\\Http\\Request))
#42 D:\\1LuuDuLieuSV\\2001240399_TrinhHuuKienQuoc\\phplab\\buoi6\\Lab01_Framework\\vendor\\laravel\\framework\\src\\Illuminate\\Pipeline\\Pipeline.php(167): Illuminate\\Foundation\\Http\\Middleware\\ValidatePostSize->handle(Object(Illuminate\\Http\\Request), Object(Closure))
#43 D:\\1LuuDuLieuSV\\2001240399_TrinhHuuKienQuoc\\phplab\\buoi6\\Lab01_Framework\\vendor\\laravel\\framework\\src\\Illuminate\\Foundation\\Http\\Middleware\\PreventRequestsDuringMaintenance.php(86): Illuminate\\Pipeline\\Pipeline->Illuminate\\Pipeline\\{closure}(Object(Illuminate\\Http\\Request))
#44 D:\\1LuuDuLieuSV\\2001240399_TrinhHuuKienQuoc\\phplab\\buoi6\\Lab01_Framework\\vendor\\laravel\\framework\\src\\Illuminate\\Pipeline\\Pipeline.php(167): Illuminate\\Foundation\\Http\\Middleware\\PreventRequestsDuringMaintenance->handle(Object(Illuminate\\Http\\Request), Object(Closure))
#45 D:\\1LuuDuLieuSV\\2001240399_TrinhHuuKienQuoc\\phplab\\buoi6\\Lab01_Framework\\vendor\\fruitcake\\laravel-cors\\src\\HandleCors.php(38): Illuminate\\Pipeline\\Pipeline->Illuminate\\Pipeline\\{closure}(Object(Illuminate\\Http\\Request))
#46 D:\\1LuuDuLieuSV\\2001240399_TrinhHuuKienQuoc\\phplab\\buoi6\\Lab01_Framework\\vendor\\laravel\\framework\\src\\Illuminate\\Pipeline\\Pipeline.php(167): Fruitcake\\Cors\\HandleCors->handle(Object(Illuminate\\Http\\Request), Object(Closure))
#47 D:\\1LuuDuLieuSV\\2001240399_TrinhHuuKienQuoc\\phplab\\buoi6\\Lab01_Framework\\vendor\\laravel\\framework\\src\\Illuminate\\Http\\Middleware\\TrustProxies.php(39): Illuminate\\Pipeline\\Pipeline->Illuminate\\Pipeline\\{closure}(Object(Illuminate\\Http\\Request))
#48 D:\\1LuuDuLieuSV\\2001240399_TrinhHuuKienQuoc\\phplab\\buoi6\\Lab01_Framework\\vendor\\laravel\\framework\\src\\Illuminate\\Pipeline\\Pipeline.php(167): Illuminate\\Http\\Middleware\\TrustProxies->handle(Object(Illuminate\\Http\\Request), Object(Closure))
#49 D:\\1LuuDuLieuSV\\2001240399_TrinhHuuKienQuoc\\phplab\\buoi6\\Lab01_Framework\\vendor\\laravel\\framework\\src\\Illuminate\\Pipeline\\Pipeline.php(103): Illuminate\\Pipeline\\Pipeline->Illuminate\\Pipeline\\{closure}(Object(Illuminate\\Http\\Request))
#50 D:\\1LuuDuLieuSV\\2001240399_TrinhHuuKienQuoc\\phplab\\buoi6\\Lab01_Framework\\vendor\\laravel\\framework\\src\\Illuminate\\Foundation\\Http\\Kernel.php(142): Illuminate\\Pipeline\\Pipeline->then(Object(Closure))
#51 D:\\1LuuDuLieuSV\\2001240399_TrinhHuuKienQuoc\\phplab\\buoi6\\Lab01_Framework\\vendor\\laravel\\framework\\src\\Illuminate\\Foundation\\Http\\Kernel.php(111): Illuminate\\Foundation\\Http\\Kernel->sendRequestThroughRouter(Object(Illuminate\\Http\\Request))
#52 D:\\1LuuDuLieuSV\\2001240399_TrinhHuuKienQuoc\\phplab\\buoi6\\Lab01_Framework\\public\\index.php(52): Illuminate\\Foundation\\Http\\Kernel->handle(Object(Illuminate\\Http\\Request))
#53 D:\\1LuuDuLieuSV\\2001240399_TrinhHuuKienQuoc\\phplab\\buoi6\\Lab01_Framework\\server.php(21): require_once('D:\\\\1LuuDuLieuSV...')
#54 {main}

[previous exception] [object] (ErrorException(code: 0): Trying to get property 'title' of non-object at D:\\1LuuDuLieuSV\\2001240399_TrinhHuuKienQuoc\\phplab\\buoi6\\Lab01_Framework\\storage\\framework\\views\\6d0989a8819f9a41a32381e2485aa580badb699b.php:54)
[stacktrace]
#0 D:\\1LuuDuLieuSV\\2001240399_TrinhHuuKienQuoc\\phplab\\buoi6\\Lab01_Framework\\storage\\framework\\views\\6d0989a8819f9a41a32381e2485aa580badb699b.php(54): Illuminate\\Foundation\\Bootstrap\\HandleExceptions->handleError(8, 'Trying to get p...', 'D:\\\\1LuuDuLieuSV...', 54, Array)
#1 D:\\1LuuDuLieuSV\\2001240399_TrinhHuuKienQuoc\\phplab\\buoi6\\Lab01_Framework\\vendor\\laravel\\framework\\src\\Illuminate\\Filesystem\\Filesystem.php(107): require('D:\\\\1LuuDuLieuSV...')
#2 D:\\1LuuDuLieuSV\\2001240399_TrinhHuuKienQuoc\\phplab\\buoi6\\Lab01_Framework\\vendor\\laravel\\framework\\src\\Illuminate\\Filesystem\\Filesystem.php(108): Illuminate\\Filesystem\\Filesystem::Illuminate\\Filesystem\\{closure}()
#3 D:\\1LuuDuLieuSV\\2001240399_TrinhHuuKienQuoc\\phplab\\buoi6\\Lab01_Framework\\vendor\\laravel\\framework\\src\\Illuminate\\View\\Engines\\PhpEngine.php(58): Illuminate\\Filesystem\\Filesystem->getRequire('D:\\\\1LuuDuLieuSV...', Array)
#4 D:\\1LuuDuLieuSV\\2001240399_TrinhHuuKienQuoc\\phplab\\buoi6\\Lab01_Framework\\vendor\\laravel\\framework\\src\\Illuminate\\View\\Engines\\CompilerEngine.php(61): Illuminate\\View\\Engines\\PhpEngine->evaluatePath('D:\\\\1LuuDuLieuSV...', Array)
#5 D:\\1LuuDuLieuSV\\2001240399_TrinhHuuKienQuoc\\phplab\\buoi6\\Lab01_Framework\\vendor\\facade\\ignition\\src\\Views\\Engines\\CompilerEngine.php(37): Illuminate\\View\\Engines\\CompilerEngine->get('D:\\\\1LuuDuLieuSV...', Array)
#6 D:\\1LuuDuLieuSV\\2001240399_TrinhHuuKienQuoc\\phplab\\buoi6\\Lab01_Framework\\vendor\\laravel\\framework\\src\\Illuminate\\View\\View.php(139): Facade\\Ignition\\Views\\Engines\\CompilerEngine->get('D:\\\\1LuuDuLieuSV...', Array)
#7 D:\\1LuuDuLieuSV\\2001240399_TrinhHuuKienQuoc\\phplab\\buoi6\\Lab01_Framework\\vendor\\laravel\\framework\\src\\Illuminate\\View\\View.php(122): Illuminate\\View\\View->getContents()
#8 D:\\1LuuDuLieuSV\\2001240399_TrinhHuuKienQuoc\\phplab\\buoi6\\Lab01_Framework\\vendor\\laravel\\framework\\src\\Illuminate\\View\\View.php(91): Illuminate\\View\\View->renderContents()
#9 D:\\1LuuDuLieuSV\\2001240399_TrinhHuuKienQuoc\\phplab\\buoi6\\Lab01_Framework\\vendor\\laravel\\framework\\src\\Illuminate\\Http\\Response.php(69): Illuminate\\View\\View->render()
#10 D:\\1LuuDuLieuSV\\2001240399_TrinhHuuKienQuoc\\phplab\\buoi6\\Lab01_Framework\\vendor\\laravel\\framework\\src\\Illuminate\\Http\\Response.php(35): Illuminate\\Http\\Response->setContent(Object(Illuminate\\View\\View))
#11 D:\\1LuuDuLieuSV\\2001240399_TrinhHuuKienQuoc\\phplab\\buoi6\\Lab01_Framework\\vendor\\laravel\\framework\\src\\Illuminate\\Routing\\Router.php(820): Illuminate\\Http\\Response->__construct(Object(Illuminate\\View\\View), 200, Array)
#12 D:\\1LuuDuLieuSV\\2001240399_TrinhHuuKienQuoc\\phplab\\buoi6\\Lab01_Framework\\vendor\\laravel\\framework\\src\\Illuminate\\Routing\\Router.php(789): Illuminate\\Routing\\Router::toResponse(Object(Illuminate\\Http\\Request), Object(Illuminate\\View\\View))
#13 D:\\1LuuDuLieuSV\\2001240399_TrinhHuuKienQuoc\\phplab\\buoi6\\Lab01_Framework\\vendor\\laravel\\framework\\src\\Illuminate\\Routing\\Router.php(721): Illuminate\\Routing\\Router->prepareResponse(Object(Illuminate\\Http\\Request), Object(Illuminate\\View\\View))
#14 D:\\1LuuDuLieuSV\\2001240399_TrinhHuuKienQuoc\\phplab\\buoi6\\Lab01_Framework\\vendor\\laravel\\framework\\src\\Illuminate\\Pipeline\\Pipeline.php(128): Illuminate\\Routing\\Router->Illuminate\\Routing\\{closure}(Object(Illuminate\\Http\\Request))
#15 D:\\1LuuDuLieuSV\\2001240399_TrinhHuuKienQuoc\\phplab\\buoi6\\Lab01_Framework\\vendor\\laravel\\framework\\src\\Illuminate\\Routing\\Middleware\\SubstituteBindings.php(50): Illuminate\\Pipeline\\Pipeline->Illuminate\\Pipeline\\{closure}(Object(Illuminate\\Http\\Request))
#16 D:\\1LuuDuLieuSV\\2001240399_TrinhHuuKienQuoc\\phplab\\buoi6\\Lab01_Framework\\vendor\\laravel\\framework\\src\\Illuminate\\Pipeline\\Pipeline.php(167): Illuminate\\Routing\\Middleware\\SubstituteBindings->handle(Object(Illuminate\\Http\\Request), Object(Closure))
#17 D:\\1LuuDuLieuSV\\2001240399_TrinhHuuKienQuoc\\phplab\\buoi6\\Lab01_Framework\\vendor\\laravel\\framework\\src\\Illuminate\\Foundation\\Http\\Middleware\\VerifyCsrfToken.php(78): Illuminate\\Pipeline\\Pipeline->Illuminate\\Pipeline\\{closure}(Object(Illuminate\\Http\\Request))
#18 D:\\1LuuDuLieuSV\\2001240399_TrinhHuuKienQuoc\\phplab\\buoi6\\Lab01_Framework\\vendor\\laravel\\framework\\src\\Illuminate\\Pipeline\\Pipeline.php(167): Illuminate\\Foundation\\Http\\Middleware\\VerifyCsrfToken->handle(Object(Illuminate\\Http\\Request), Object(Closure))
#19 D:\\1LuuDuLieuSV\\2001240399_TrinhHuuKienQuoc\\phplab\\buoi6\\Lab01_Framework\\vendor\\laravel\\framework\\src\\Illuminate\\View\\Middleware\\ShareErrorsFromSession.php(49): Illuminate\\Pipeline\\Pipeline->Illuminate\\Pipeline\\{closure}(Object(Illuminate\\Http\\Request))
#20 D:\\1LuuDuLieuSV\\2001240399_TrinhHuuKienQuoc\\phplab\\buoi6\\Lab01_Framework\\vendor\\laravel\\framework\\src\\Illuminate\\Pipeline\\Pipeline.php(167): Illuminate\\View\\Middleware\\ShareErrorsFromSession->handle(Object(Illuminate\\Http\\Request), Object(Closure))
#21 D:\\1LuuDuLieuSV\\2001240399_TrinhHuuKienQuoc\\phplab\\buoi6\\Lab01_Framework\\vendor\\laravel\\framework\\src\\Illuminate\\Session\\Middleware\\StartSession.php(121): Illuminate\\Pipeline\\Pipeline->Illuminate\\Pipeline\\{closure}(Object(Illuminate\\Http\\Request))
#22 D:\\1LuuDuLieuSV\\2001240399_TrinhHuuKienQuoc\\phplab\\buoi6\\Lab01_Framework\\vendor\\laravel\\framework\\src\\Illuminate\\Session\\Middleware\\StartSession.php(64): Illuminate\\Session\\Middleware\\StartSession->handleStatefulRequest(Object(Illuminate\\Http\\Request), Object(Illuminate\\Session\\Store), Object(Closure))
#23 D:\\1LuuDuLieuSV\\2001240399_TrinhHuuKienQuoc\\phplab\\buoi6\\Lab01_Framework\\vendor\\laravel\\framework\\src\\Illuminate\\Pipeline\\Pipeline.php(167): Illuminate\\Session\\Middleware\\StartSession->handle(Object(Illuminate\\Http\\Request), Object(Closure))
#24 D:\\1LuuDuLieuSV\\2001240399_TrinhHuuKienQuoc\\phplab\\buoi6\\Lab01_Framework\\vendor\\laravel\\framework\\src\\Illuminate\\Cookie\\Middleware\\AddQueuedCookiesToResponse.php(37): Illuminate\\Pipeline\\Pipeline->Illuminate\\Pipeline\\{closure}(Object(Illuminate\\Http\\Request))
#25 D:\\1LuuDuLieuSV\\2001240399_TrinhHuuKienQuoc\\phplab\\buoi6\\Lab01_Framework\\vendor\\laravel\\framework\\src\\Illuminate\\Pipeline\\Pipeline.php(167): Illuminate\\Cookie\\Middleware\\AddQueuedCookiesToResponse->handle(Object(Illuminate\\Http\\Request), Object(Closure))
#26 D:\\1LuuDuLieuSV\\2001240399_TrinhHuuKienQuoc\\phplab\\buoi6\\Lab01_Framework\\vendor\\laravel\\framework\\src\\Illuminate\\Cookie\\Middleware\\EncryptCookies.php(67): Illuminate\\Pipeline\\Pipeline->Illuminate\\Pipeline\\{closure}(Object(Illuminate\\Http\\Request))
#27 D:\\1LuuDuLieuSV\\2001240399_TrinhHuuKienQuoc\\phplab\\buoi6\\Lab01_Framework\\vendor\\laravel\\framework\\src\\Illuminate\\Pipeline\\Pipeline.php(167): Illuminate\\Cookie\\Middleware\\EncryptCookies->handle(Object(Illuminate\\Http\\Request), Object(Closure))
#28 D:\\1LuuDuLieuSV\\2001240399_TrinhHuuKienQuoc\\phplab\\buoi6\\Lab01_Framework\\vendor\\laravel\\framework\\src\\Illuminate\\Pipeline\\Pipeline.php(103): Illuminate\\Pipeline\\Pipeline->Illuminate\\Pipeline\\{closure}(Object(Illuminate\\Http\\Request))
#29 D:\\1LuuDuLieuSV\\2001240399_TrinhHuuKienQuoc\\phplab\\buoi6\\Lab01_Framework\\vendor\\laravel\\framework\\src\\Illuminate\\Routing\\Router.php(723): Illuminate\\Pipeline\\Pipeline->then(Object(Closure))
#30 D:\\1LuuDuLieuSV\\2001240399_TrinhHuuKienQuoc\\phplab\\buoi6\\Lab01_Framework\\vendor\\laravel\\framework\\src\\Illuminate\\Routing\\Router.php(698): Illuminate\\Routing\\Router->runRouteWithinStack(Object(Illuminate\\Routing\\Route), Object(Illuminate\\Http\\Request))
#31 D:\\1LuuDuLieuSV\\2001240399_TrinhHuuKienQuoc\\phplab\\buoi6\\Lab01_Framework\\vendor\\laravel\\framework\\src\\Illuminate\\Routing\\Router.php(662): Illuminate\\Routing\\Router->runRoute(Object(Illuminate\\Http\\Request), Object(Illuminate\\Routing\\Route))
#32 D:\\1LuuDuLieuSV\\2001240399_TrinhHuuKienQuoc\\phplab\\buoi6\\Lab01_Framework\\vendor\\laravel\\framework\\src\\Illuminate\\Routing\\Router.php(651): Illuminate\\Routing\\Router->dispatchToRoute(Object(Illuminate\\Http\\Request))
#33 D:\\1LuuDuLieuSV\\2001240399_TrinhHuuKienQuoc\\phplab\\buoi6\\Lab01_Framework\\vendor\\laravel\\framework\\src\\Illuminate\\Foundation\\Http\\Kernel.php(167): Illuminate\\Routing\\Router->dispatch(Object(Illuminate\\Http\\Request))
#34 D:\\1LuuDuLieuSV\\2001240399_TrinhHuuKienQuoc\\phplab\\buoi6\\Lab01_Framework\\vendor\\laravel\\framework\\src\\Illuminate\\Pipeline\\Pipeline.php(128): Illuminate\\Foundation\\Http\\Kernel->Illuminate\\Foundation\\Http\\{closure}(Object(Illuminate\\Http\\Request))
#35 D:\\1LuuDuLieuSV\\2001240399_TrinhHuuKienQuoc\\phplab\\buoi6\\Lab01_Framework\\vendor\\laravel\\framework\\src\\Illuminate\\Foundation\\Http\\Middleware\\TransformsRequest.php(21): Illuminate\\Pipeline\\Pipeline->Illuminate\\Pipeline\\{closure}(Object(Illuminate\\Http\\Request))
#36 D:\\1LuuDuLieuSV\\2001240399_TrinhHuuKienQuoc\\phplab\\buoi6\\Lab01_Framework\\vendor\\laravel\\framework\\src\\Illuminate\\Foundation\\Http\\Middleware\\ConvertEmptyStringsToNull.php(31): Illuminate\\Foundation\\Http\\Middleware\\TransformsRequest->handle(Object(Illuminate\\Http\\Request), Object(Closure))
#37 D:\\1LuuDuLieuSV\\2001240399_TrinhHuuKienQuoc\\phplab\\buoi6\\Lab01_Framework\\vendor\\laravel\\framework\\src\\Illuminate\\Pipeline\\Pipeline.php(167): Illuminate\\Foundation\\Http\\Middleware\\ConvertEmptyStringsToNull->handle(Object(Illuminate\\Http\\Request), Object(Closure))
#38 D:\\1LuuDuLieuSV\\2001240399_TrinhHuuKienQuoc\\phplab\\buoi6\\Lab01_Framework\\vendor\\laravel\\framework\\src\\Illuminate\\Foundation\\Http\\Middleware\\TransformsRequest.php(21): Illuminate\\Pipeline\\Pipeline->Illuminate\\Pipeline\\{closure}(Object(Illuminate\\Http\\Request))
#39 D:\\1LuuDuLieuSV\\2001240399_TrinhHuuKienQuoc\\phplab\\buoi6\\Lab01_Framework\\vendor\\laravel\\framework\\src\\Illuminate\\Foundation\\Http\\Middleware\\TrimStrings.php(40): Illuminate\\Foundation\\Http\\Middleware\\TransformsRequest->handle(Object(Illuminate\\Http\\Request), Object(Closure))
#40 D:\\1LuuDuLieuSV\\2001240399_TrinhHuuKienQuoc\\phplab\\buoi6\\Lab01_Framework\\vendor\\laravel\\framework\\src\\Illuminate\\Pipeline\\Pipeline.php(167): Illuminate\\Foundation\\Http\\Middleware\\TrimStrings->handle(Object(Illuminate\\Http\\Request), Object(Closure))
#41 D:\\1LuuDuLieuSV\\2001240399_TrinhHuuKienQuoc\\phplab\\buoi6\\Lab01_Framework\\vendor\\laravel\\framework\\src\\Illuminate\\Foundation\\Http\\Middleware\\ValidatePostSize.php(27): Illuminate\\Pipeline\\Pipeline->Illuminate\\Pipeline\\{closure}(Object(Illuminate\\Http\\Request))
#42 D:\\1LuuDuLieuSV\\2001240399_TrinhHuuKienQuoc\\phplab\\buoi6\\Lab01_Framework\\vendor\\laravel\\framework\\src\\Illuminate\\Pipeline\\Pipeline.php(167): Illuminate\\Foundation\\Http\\Middleware\\ValidatePostSize->handle(Object(Illuminate\\Http\\Request), Object(Closure))
#43 D:\\1LuuDuLieuSV\\2001240399_TrinhHuuKienQuoc\\phplab\\buoi6\\Lab01_Framework\\vendor\\laravel\\framework\\src\\Illuminate\\Foundation\\Http\\Middleware\\PreventRequestsDuringMaintenance.php(86): Illuminate\\Pipeline\\Pipeline->Illuminate\\Pipeline\\{closure}(Object(Illuminate\\Http\\Request))
#44 D:\\1LuuDuLieuSV\\2001240399_TrinhHuuKienQuoc\\phplab\\buoi6\\Lab01_Framework\\vendor\\laravel\\framework\\src\\Illuminate\\Pipeline\\Pipeline.php(167): Illuminate\\Foundation\\Http\\Middleware\\PreventRequestsDuringMaintenance->handle(Object(Illuminate\\Http\\Request), Object(Closure))
#45 D:\\1LuuDuLieuSV\\2001240399_TrinhHuuKienQuoc\\phplab\\buoi6\\Lab01_Framework\\vendor\\fruitcake\\laravel-cors\\src\\HandleCors.php(38): Illuminate\\Pipeline\\Pipeline->Illuminate\\Pipeline\\{closure}(Object(Illuminate\\Http\\Request))
#46 D:\\1LuuDuLieuSV\\2001240399_TrinhHuuKienQuoc\\phplab\\buoi6\\Lab01_Framework\\vendor\\laravel\\framework\\src\\Illuminate\\Pipeline\\Pipeline.php(167): Fruitcake\\Cors\\HandleCors->handle(Object(Illuminate\\Http\\Request), Object(Closure))
#47 D:\\1LuuDuLieuSV\\2001240399_TrinhHuuKienQuoc\\phplab\\buoi6\\Lab01_Framework\\vendor\\laravel\\framework\\src\\Illuminate\\Http\\Middleware\\TrustProxies.php(39): Illuminate\\Pipeline\\Pipeline->Illuminate\\Pipeline\\{closure}(Object(Illuminate\\Http\\Request))
#48 D:\\1LuuDuLieuSV\\2001240399_TrinhHuuKienQuoc\\phplab\\buoi6\\Lab01_Framework\\vendor\\laravel\\framework\\src\\Illuminate\\Pipeline\\Pipeline.php(167): Illuminate\\Http\\Middleware\\TrustProxies->handle(Object(Illuminate\\Http\\Request), Object(Closure))
#49 D:\\1LuuDuLieuSV\\2001240399_TrinhHuuKienQuoc\\phplab\\buoi6\\Lab01_Framework\\vendor\\laravel\\framework\\src\\Illuminate\\Pipeline\\Pipeline.php(103): Illuminate\\Pipeline\\Pipeline->Illuminate\\Pipeline\\{closure}(Object(Illuminate\\Http\\Request))
#50 D:\\1LuuDuLieuSV\\2001240399_TrinhHuuKienQuoc\\phplab\\buoi6\\Lab01_Framework\\vendor\\laravel\\framework\\src\\Illuminate\\Foundation\\Http\\Kernel.php(142): Illuminate\\Pipeline\\Pipeline->then(Object(Closure))
#51 D:\\1LuuDuLieuSV\\2001240399_TrinhHuuKienQuoc\\phplab\\buoi6\\Lab01_Framework\\vendor\\laravel\\framework\\src\\Illuminate\\Foundation\\Http\\Kernel.php(111): Illuminate\\Foundation\\Http\\Kernel->sendRequestThroughRouter(Object(Illuminate\\Http\\Request))
#52 D:\\1LuuDuLieuSV\\2001240399_TrinhHuuKienQuoc\\phplab\\buoi6\\Lab01_Framework\\public\\index.php(52): Illuminate\\Foundation\\Http\\Kernel->handle(Object(Illuminate\\Http\\Request))
#53 D:\\1LuuDuLieuSV\\2001240399_TrinhHuuKienQuoc\\phplab\\buoi6\\Lab01_Framework\\server.php(21): require_once('D:\\\\1LuuDuLieuSV...')
#54 {main}
"} 
[2026-09-21 08:38:25] local.ERROR: Trying to get property 'title' of non-object (View: D:\1LuuDuLieuSV\2001240399_TrinhHuuKienQuoc\phplab\buoi6\Lab01_Framework\resources\views\articles\index.blade.php) {"view":{"view":"D:\\1LuuDuLieuSV\\2001240399_TrinhHuuKienQuoc\\phplab\\buoi6\\Lab01_Framework\\resources\\views/articles/index.blade.php","data":{"errors":"<pre class=sf-dump id=sf-dump-364566251 data-indent-pad=\"  \"><span class=sf-dump-note>Illuminate\\Support\\ViewErrorBag</span> {<a class=sf-dump-ref>#978</a><samp data-depth=1 class=sf-dump-expanded>
  #<span class=sf-dump-protected title=\"Protected property\">bags</span>: []
</samp>}
</pre><script>Sfdump(\"sf-dump-364566251\", {\"maxDepth\":3,\"maxStringLength\":160})</script>
","articles":"<pre class=sf-dump id=sf-dump-1486663920 data-indent-pad=\"  \"><span class=sf-dump-note>array:2</span> [<samp data-depth=1 class=sf-dump-expanded>
  <span class=sf-dump-index>0</span> => <span class=sf-dump-note>array:3</span> [<samp data-depth=2 class=sf-dump-compact>
    \"<span class=sf-dump-key>id</span>\" => <span class=sf-dump-num>1</span>
    \"<span class=sf-dump-key>title</span>\" => \"<span class=sf-dump-str title=\"21 characters\">Gi&#7899;i thi&#7879;u Laravel 12</span>\"
    \"<span class=sf-dump-key>body</span>\" => \"<span class=sf-dump-str title=\"10 characters\">N&#7897;i dung A</span>\"
  </samp>]
  <span class=sf-dump-index>1</span> => <span class=sf-dump-note>array:3</span> [<samp data-depth=2 class=sf-dump-compact>
    \"<span class=sf-dump-key>id</span>\" => <span class=sf-dump-num>2</span>
    \"<span class=sf-dump-key>title</span>\" => \"<span class=sf-dump-str title=\"16 characters\">Blade Components</span>\"
    \"<span class=sf-dump-key>body</span>\" => \"<span class=sf-dump-str title=\"10 characters\">N&#7897;i dung B</span>\"
  </samp>]
</samp>]
</pre><script>Sfdump(\"sf-dump-1486663920\", {\"maxDepth\":3,\"maxStringLength\":160})</script>
"}},"exception":"[object] (Facade\\Ignition\\Exceptions\\ViewException(code: 0): Trying to get property 'title' of non-object (View: D:\\1LuuDuLieuSV\\2001240399_TrinhHuuKienQuoc\\phplab\\buoi6\\Lab01_Framework\\resources\\views\\articles\\index.blade.php) at D:\\1LuuDuLieuSV\\2001240399_TrinhHuuKienQuoc\\phplab\\buoi6\\Lab01_Framework\\resources\\views/articles/index.blade.php:53)
[stacktrace]
#0 D:\\1LuuDuLieuSV\\2001240399_TrinhHuuKienQuoc\\phplab\\buoi6\\Lab01_Framework\\resources\\views/articles/index.blade.php(53): Illuminate\\Foundation\\Bootstrap\\HandleExceptions->handleError(8, 'Trying to get p...', 'D:\\\\1LuuDuLieuSV...', 54, Array)
#1 D:\\1LuuDuLieuSV\\2001240399_TrinhHuuKienQuoc\\phplab\\buoi6\\Lab01_Framework\\vendor\\laravel\\framework\\src\\Illuminate\\Filesystem\\Filesystem.php(107): require('D:\\\\1LuuDuLieuSV...')
#2 D:\\1LuuDuLieuSV\\2001240399_TrinhHuuKienQuoc\\phplab\\buoi6\\Lab01_Framework\\vendor\\laravel\\framework\\src\\Illuminate\\Filesystem\\Filesystem.php(108): Illuminate\\Filesystem\\Filesystem::Illuminate\\Filesystem\\{closure}()
#3 D:\\1LuuDuLieuSV\\2001240399_TrinhHuuKienQuoc\\phplab\\buoi6\\Lab01_Framework\\vendor\\laravel\\framework\\src\\Illuminate\\View\\Engines\\PhpEngine.php(58): Illuminate\\Filesystem\\Filesystem->getRequire('D:\\\\1LuuDuLieuSV...', Array)
#4 D:\\1LuuDuLieuSV\\2001240399_TrinhHuuKienQuoc\\phplab\\buoi6\\Lab01_Framework\\vendor\\laravel\\framework\\src\\Illuminate\\View\\Engines\\CompilerEngine.php(61): Illuminate\\View\\Engines\\PhpEngine->evaluatePath('D:\\\\1LuuDuLieuSV...', Array)
#5 D:\\1LuuDuLieuSV\\2001240399_TrinhHuuKienQuoc\\phplab\\buoi6\\Lab01_Framework\\vendor\\facade\\ignition\\src\\Views\\Engines\\CompilerEngine.php(37): Illuminate\\View\\Engines\\CompilerEngine->get('D:\\\\1LuuDuLieuSV...', Array)
#6 D:\\1LuuDuLieuSV\\2001240399_TrinhHuuKienQuoc\\phplab\\buoi6\\Lab01_Framework\\vendor\\laravel\\framework\\src\\Illuminate\\View\\View.php(139): Facade\\Ignition\\Views\\Engines\\CompilerEngine->get('D:\\\\1LuuDuLieuSV...', Array)
#7 D:\\1LuuDuLieuSV\\2001240399_TrinhHuuKienQuoc\\phplab\\buoi6\\Lab01_Framework\\vendor\\laravel\\framework\\src\\Illuminate\\View\\View.php(122): Illuminate\\View\\View->getContents()
#8 D:\\1LuuDuLieuSV\\2001240399_TrinhHuuKienQuoc\\phplab\\buoi6\\Lab01_Framework\\vendor\\laravel\\framework\\src\\Illuminate\\View\\View.php(91): Illuminate\\View\\View->renderContents()
#9 D:\\1LuuDuLieuSV\\2001240399_TrinhHuuKienQuoc\\phplab\\buoi6\\Lab01_Framework\\vendor\\laravel\\framework\\src\\Illuminate\\Http\\Response.php(69): Illuminate\\View\\View->render()
#10 D:\\1LuuDuLieuSV\\2001240399_TrinhHuuKienQuoc\\phplab\\buoi6\\Lab01_Framework\\vendor\\laravel\\framework\\src\\Illuminate\\Http\\Response.php(35): Illuminate\\Http\\Response->setContent(Object(Illuminate\\View\\View))
#11 D:\\1LuuDuLieuSV\\2001240399_TrinhHuuKienQuoc\\phplab\\buoi6\\Lab01_Framework\\vendor\\laravel\\framework\\src\\Illuminate\\Routing\\Router.php(820): Illuminate\\Http\\Response->__construct(Object(Illuminate\\View\\View), 200, Array)
#12 D:\\1LuuDuLieuSV\\2001240399_TrinhHuuKienQuoc\\phplab\\buoi6\\Lab01_Framework\\vendor\\laravel\\framework\\src\\Illuminate\\Routing\\Router.php(789): Illuminate\\Routing\\Router::toResponse(Object(Illuminate\\Http\\Request), Object(Illuminate\\View\\View))
#13 D:\\1LuuDuLieuSV\\2001240399_TrinhHuuKienQuoc\\phplab\\buoi6\\Lab01_Framework\\vendor\\laravel\\framework\\src\\Illuminate\\Routing\\Router.php(721): Illuminate\\Routing\\Router->prepareResponse(Object(Illuminate\\Http\\Request), Object(Illuminate\\View\\View))
#14 D:\\1LuuDuLieuSV\\2001240399_TrinhHuuKienQuoc\\phplab\\buoi6\\Lab01_Framework\\vendor\\laravel\\framework\\src\\Illuminate\\Pipeline\\Pipeline.php(128): Illuminate\\Routing\\Router->Illuminate\\Routing\\{closure}(Object(Illuminate\\Http\\Request))
#15 D:\\1LuuDuLieuSV\\2001240399_TrinhHuuKienQuoc\\phplab\\buoi6\\Lab01_Framework\\vendor\\laravel\\framework\\src\\Illuminate\\Routing\\Middleware\\SubstituteBindings.php(50): Illuminate\\Pipeline\\Pipeline->Illuminate\\Pipeline\\{closure}(Object(Illuminate\\Http\\Request))
#16 D:\\1LuuDuLieuSV\\2001240399_TrinhHuuKienQuoc\\phplab\\buoi6\\Lab01_Framework\\vendor\\laravel\\framework\\src\\Illuminate\\Pipeline\\Pipeline.php(167): Illuminate\\Routing\\Middleware\\SubstituteBindings->handle(Object(Illuminate\\Http\\Request), Object(Closure))
#17 D:\\1LuuDuLieuSV\\2001240399_TrinhHuuKienQuoc\\phplab\\buoi6\\Lab01_Framework\\vendor\\laravel\\framework\\src\\Illuminate\\Foundation\\Http\\Middleware\\VerifyCsrfToken.php(78): Illuminate\\Pipeline\\Pipeline->Illuminate\\Pipeline\\{closure}(Object(Illuminate\\Http\\Request))
#18 D:\\1LuuDuLieuSV\\2001240399_TrinhHuuKienQuoc\\phplab\\buoi6\\Lab01_Framework\\vendor\\laravel\\framework\\src\\Illuminate\\Pipeline\\Pipeline.php(167): Illuminate\\Foundation\\Http\\Middleware\\VerifyCsrfToken->handle(Object(Illuminate\\Http\\Request), Object(Closure))
#19 D:\\1LuuDuLieuSV\\2001240399_TrinhHuuKienQuoc\\phplab\\buoi6\\Lab01_Framework\\vendor\\laravel\\framework\\src\\Illuminate\\View\\Middleware\\ShareErrorsFromSession.php(49): Illuminate\\Pipeline\\Pipeline->Illuminate\\Pipeline\\{closure}(Object(Illuminate\\Http\\Request))
#20 D:\\1LuuDuLieuSV\\2001240399_TrinhHuuKienQuoc\\phplab\\buoi6\\Lab01_Framework\\vendor\\laravel\\framework\\src\\Illuminate\\Pipeline\\Pipeline.php(167): Illuminate\\View\\Middleware\\ShareErrorsFromSession->handle(Object(Illuminate\\Http\\Request), Object(Closure))
#21 D:\\1LuuDuLieuSV\\2001240399_TrinhHuuKienQuoc\\phplab\\buoi6\\Lab01_Framework\\vendor\\laravel\\framework\\src\\Illuminate\\Session\\Middleware\\StartSession.php(121): Illuminate\\Pipeline\\Pipeline->Illuminate\\Pipeline\\{closure}(Object(Illuminate\\Http\\Request))
#22 D:\\1LuuDuLieuSV\\2001240399_TrinhHuuKienQuoc\\phplab\\buoi6\\Lab01_Framework\\vendor\\laravel\\framework\\src\\Illuminate\\Session\\Middleware\\StartSession.php(64): Illuminate\\Session\\Middleware\\StartSession->handleStatefulRequest(Object(Illuminate\\Http\\Request), Object(Illuminate\\Session\\Store), Object(Closure))
#23 D:\\1LuuDuLieuSV\\2001240399_TrinhHuuKienQuoc\\phplab\\buoi6\\Lab01_Framework\\vendor\\laravel\\framework\\src\\Illuminate\\Pipeline\\Pipeline.php(167): Illuminate\\Session\\Middleware\\StartSession->handle(Object(Illuminate\\Http\\Request), Object(Closure))
#24 D:\\1LuuDuLieuSV\\2001240399_TrinhHuuKienQuoc\\phplab\\buoi6\\Lab01_Framework\\vendor\\laravel\\framework\\src\\Illuminate\\Cookie\\Middleware\\AddQueuedCookiesToResponse.php(37): Illuminate\\Pipeline\\Pipeline->Illuminate\\Pipeline\\{closure}(Object(Illuminate\\Http\\Request))
#25 D:\\1LuuDuLieuSV\\2001240399_TrinhHuuKienQuoc\\phplab\\buoi6\\Lab01_Framework\\vendor\\laravel\\framework\\src\\Illuminate\\Pipeline\\Pipeline.php(167): Illuminate\\Cookie\\Middleware\\AddQueuedCookiesToResponse->handle(Object(Illuminate\\Http\\Request), Object(Closure))
#26 D:\\1LuuDuLieuSV\\2001240399_TrinhHuuKienQuoc\\phplab\\buoi6\\Lab01_Framework\\vendor\\laravel\\framework\\src\\Illuminate\\Cookie\\Middleware\\EncryptCookies.php(67): Illuminate\\Pipeline\\Pipeline->Illuminate\\Pipeline\\{closure}(Object(Illuminate\\Http\\Request))
#27 D:\\1LuuDuLieuSV\\2001240399_TrinhHuuKienQuoc\\phplab\\buoi6\\Lab01_Framework\\vendor\\laravel\\framework\\src\\Illuminate\\Pipeline\\Pipeline.php(167): Illuminate\\Cookie\\Middleware\\EncryptCookies->handle(Object(Illuminate\\Http\\Request), Object(Closure))
#28 D:\\1LuuDuLieuSV\\2001240399_TrinhHuuKienQuoc\\phplab\\buoi6\\Lab01_Framework\\vendor\\laravel\\framework\\src\\Illuminate\\Pipeline\\Pipeline.php(103): Illuminate\\Pipeline\\Pipeline->Illuminate\\Pipeline\\{closure}(Object(Illuminate\\Http\\Request))
#29 D:\\1LuuDuLieuSV\\2001240399_TrinhHuuKienQuoc\\phplab\\buoi6\\Lab01_Framework\\vendor\\laravel\\framework\\src\\Illuminate\\Routing\\Router.php(723): Illuminate\\Pipeline\\Pipeline->then(Object(Closure))
#30 D:\\1LuuDuLieuSV\\2001240399_TrinhHuuKienQuoc\\phplab\\buoi6\\Lab01_Framework\\vendor\\laravel\\framework\\src\\Illuminate\\Routing\\Router.php(698): Illuminate\\Routing\\Router->runRouteWithinStack(Object(Illuminate\\Routing\\Route), Object(Illuminate\\Http\\Request))
#31 D:\\1LuuDuLieuSV\\2001240399_TrinhHuuKienQuoc\\phplab\\buoi6\\Lab01_Framework\\vendor\\laravel\\framework\\src\\Illuminate\\Routing\\Router.php(662): Illuminate\\Routing\\Router->runRoute(Object(Illuminate\\Http\\Request), Object(Illuminate\\Routing\\Route))
#32 D:\\1LuuDuLieuSV\\2001240399_TrinhHuuKienQuoc\\phplab\\buoi6\\Lab01_Framework\\vendor\\laravel\\framework\\src\\Illuminate\\Routing\\Router.php(651): Illuminate\\Routing\\Router->dispatchToRoute(Object(Illuminate\\Http\\Request))
#33 D:\\1LuuDuLieuSV\\2001240399_TrinhHuuKienQuoc\\phplab\\buoi6\\Lab01_Framework\\vendor\\laravel\\framework\\src\\Illuminate\\Foundation\\Http\\Kernel.php(167): Illuminate\\Routing\\Router->dispatch(Object(Illuminate\\Http\\Request))
#34 D:\\1LuuDuLieuSV\\2001240399_TrinhHuuKienQuoc\\phplab\\buoi6\\Lab01_Framework\\vendor\\laravel\\framework\\src\\Illuminate\\Pipeline\\Pipeline.php(128): Illuminate\\Foundation\\Http\\Kernel->Illuminate\\Foundation\\Http\\{closure}(Object(Illuminate\\Http\\Request))
#35 D:\\1LuuDuLieuSV\\2001240399_TrinhHuuKienQuoc\\phplab\\buoi6\\Lab01_Framework\\vendor\\laravel\\framework\\src\\Illuminate\\Foundation\\Http\\Middleware\\TransformsRequest.php(21): Illuminate\\Pipeline\\Pipeline->Illuminate\\Pipeline\\{closure}(Object(Illuminate\\Http\\Request))
#36 D:\\1LuuDuLieuSV\\2001240399_TrinhHuuKienQuoc\\phplab\\buoi6\\Lab01_Framework\\vendor\\laravel\\framework\\src\\Illuminate\\Foundation\\Http\\Middleware\\ConvertEmptyStringsToNull.php(31): Illuminate\\Foundation\\Http\\Middleware\\TransformsRequest->handle(Object(Illuminate\\Http\\Request), Object(Closure))
#37 D:\\1LuuDuLieuSV\\2001240399_TrinhHuuKienQuoc\\phplab\\buoi6\\Lab01_Framework\\vendor\\laravel\\framework\\src\\Illuminate\\Pipeline\\Pipeline.php(167): Illuminate\\Foundation\\Http\\Middleware\\ConvertEmptyStringsToNull->handle(Object(Illuminate\\Http\\Request), Object(Closure))
#38 D:\\1LuuDuLieuSV\\2001240399_TrinhHuuKienQuoc\\phplab\\buoi6\\Lab01_Framework\\vendor\\laravel\\framework\\src\\Illuminate\\Foundation\\Http\\Middleware\\TransformsRequest.php(21): Illuminate\\Pipeline\\Pipeline->Illuminate\\Pipeline\\{closure}(Object(Illuminate\\Http\\Request))
#39 D:\\1LuuDuLieuSV\\2001240399_TrinhHuuKienQuoc\\phplab\\buoi6\\Lab01_Framework\\vendor\\laravel\\framework\\src\\Illuminate\\Foundation\\Http\\Middleware\\TrimStrings.php(40): Illuminate\\Foundation\\Http\\Middleware\\TransformsRequest->handle(Object(Illuminate\\Http\\Request), Object(Closure))
#40 D:\\1LuuDuLieuSV\\2001240399_TrinhHuuKienQuoc\\phplab\\buoi6\\Lab01_Framework\\vendor\\laravel\\framework\\src\\Illuminate\\Pipeline\\Pipeline.php(167): Illuminate\\Foundation\\Http\\Middleware\\TrimStrings->handle(Object(Illuminate\\Http\\Request), Object(Closure))
#41 D:\\1LuuDuLieuSV\\2001240399_TrinhHuuKienQuoc\\phplab\\buoi6\\Lab01_Framework\\vendor\\laravel\\framework\\src\\Illuminate\\Foundation\\Http\\Middleware\\ValidatePostSize.php(27): Illuminate\\Pipeline\\Pipeline->Illuminate\\Pipeline\\{closure}(Object(Illuminate\\Http\\Request))
#42 D:\\1LuuDuLieuSV\\2001240399_TrinhHuuKienQuoc\\phplab\\buoi6\\Lab01_Framework\\vendor\\laravel\\framework\\src\\Illuminate\\Pipeline\\Pipeline.php(167): Illuminate\\Foundation\\Http\\Middleware\\ValidatePostSize->handle(Object(Illuminate\\Http\\Request), Object(Closure))
#43 D:\\1LuuDuLieuSV\\2001240399_TrinhHuuKienQuoc\\phplab\\buoi6\\Lab01_Framework\\vendor\\laravel\\framework\\src\\Illuminate\\Foundation\\Http\\Middleware\\PreventRequestsDuringMaintenance.php(86): Illuminate\\Pipeline\\Pipeline->Illuminate\\Pipeline\\{closure}(Object(Illuminate\\Http\\Request))
#44 D:\\1LuuDuLieuSV\\2001240399_TrinhHuuKienQuoc\\phplab\\buoi6\\Lab01_Framework\\vendor\\laravel\\framework\\src\\Illuminate\\Pipeline\\Pipeline.php(167): Illuminate\\Foundation\\Http\\Middleware\\PreventRequestsDuringMaintenance->handle(Object(Illuminate\\Http\\Request), Object(Closure))
#45 D:\\1LuuDuLieuSV\\2001240399_TrinhHuuKienQuoc\\phplab\\buoi6\\Lab01_Framework\\vendor\\fruitcake\\laravel-cors\\src\\HandleCors.php(38): Illuminate\\Pipeline\\Pipeline->Illuminate\\Pipeline\\{closure}(Object(Illuminate\\Http\\Request))
#46 D:\\1LuuDuLieuSV\\2001240399_TrinhHuuKienQuoc\\phplab\\buoi6\\Lab01_Framework\\vendor\\laravel\\framework\\src\\Illuminate\\Pipeline\\Pipeline.php(167): Fruitcake\\Cors\\HandleCors->handle(Object(Illuminate\\Http\\Request), Object(Closure))
#47 D:\\1LuuDuLieuSV\\2001240399_TrinhHuuKienQuoc\\phplab\\buoi6\\Lab01_Framework\\vendor\\laravel\\framework\\src\\Illuminate\\Http\\Middleware\\TrustProxies.php(39): Illuminate\\Pipeline\\Pipeline->Illuminate\\Pipeline\\{closure}(Object(Illuminate\\Http\\Request))
#48 D:\\1LuuDuLieuSV\\2001240399_TrinhHuuKienQuoc\\phplab\\buoi6\\Lab01_Framework\\vendor\\laravel\\framework\\src\\Illuminate\\Pipeline\\Pipeline.php(167): Illuminate\\Http\\Middleware\\TrustProxies->handle(Object(Illuminate\\Http\\Request), Object(Closure))
#49 D:\\1LuuDuLieuSV\\2001240399_TrinhHuuKienQuoc\\phplab\\buoi6\\Lab01_Framework\\vendor\\laravel\\framework\\src\\Illuminate\\Pipeline\\Pipeline.php(103): Illuminate\\Pipeline\\Pipeline->Illuminate\\Pipeline\\{closure}(Object(Illuminate\\Http\\Request))
#50 D:\\1LuuDuLieuSV\\2001240399_TrinhHuuKienQuoc\\phplab\\buoi6\\Lab01_Framework\\vendor\\laravel\\framework\\src\\Illuminate\\Foundation\\Http\\Kernel.php(142): Illuminate\\Pipeline\\Pipeline->then(Object(Closure))
#51 D:\\1LuuDuLieuSV\\2001240399_TrinhHuuKienQuoc\\phplab\\buoi6\\Lab01_Framework\\vendor\\laravel\\framework\\src\\Illuminate\\Foundation\\Http\\Kernel.php(111): Illuminate\\Foundation\\Http\\Kernel->sendRequestThroughRouter(Object(Illuminate\\Http\\Request))
#52 D:\\1LuuDuLieuSV\\2001240399_TrinhHuuKienQuoc\\phplab\\buoi6\\Lab01_Framework\\public\\index.php(52): Illuminate\\Foundation\\Http\\Kernel->handle(Object(Illuminate\\Http\\Request))
#53 D:\\1LuuDuLieuSV\\2001240399_TrinhHuuKienQuoc\\phplab\\buoi6\\Lab01_Framework\\server.php(21): require_once('D:\\\\1LuuDuLieuSV...')
#54 {main}

[previous exception] [object] (ErrorException(code: 0): Trying to get property 'title' of non-object at D:\\1LuuDuLieuSV\\2001240399_TrinhHuuKienQuoc\\phplab\\buoi6\\Lab01_Framework\\storage\\framework\\views\\6d0989a8819f9a41a32381e2485aa580badb699b.php:54)
[stacktrace]
#0 D:\\1LuuDuLieuSV\\2001240399_TrinhHuuKienQuoc\\phplab\\buoi6\\Lab01_Framework\\storage\\framework\\views\\6d0989a8819f9a41a32381e2485aa580badb699b.php(54): Illuminate\\Foundation\\Bootstrap\\HandleExceptions->handleError(8, 'Trying to get p...', 'D:\\\\1LuuDuLieuSV...', 54, Array)
#1 D:\\1LuuDuLieuSV\\2001240399_TrinhHuuKienQuoc\\phplab\\buoi6\\Lab01_Framework\\vendor\\laravel\\framework\\src\\Illuminate\\Filesystem\\Filesystem.php(107): require('D:\\\\1LuuDuLieuSV...')
#2 D:\\1LuuDuLieuSV\\2001240399_TrinhHuuKienQuoc\\phplab\\buoi6\\Lab01_Framework\\vendor\\laravel\\framework\\src\\Illuminate\\Filesystem\\Filesystem.php(108): Illuminate\\Filesystem\\Filesystem::Illuminate\\Filesystem\\{closure}()
#3 D:\\1LuuDuLieuSV\\2001240399_TrinhHuuKienQuoc\\phplab\\buoi6\\Lab01_Framework\\vendor\\laravel\\framework\\src\\Illuminate\\View\\Engines\\PhpEngine.php(58): Illuminate\\Filesystem\\Filesystem->getRequire('D:\\\\1LuuDuLieuSV...', Array)
#4 D:\\1LuuDuLieuSV\\2001240399_TrinhHuuKienQuoc\\phplab\\buoi6\\Lab01_Framework\\vendor\\laravel\\framework\\src\\Illuminate\\View\\Engines\\CompilerEngine.php(61): Illuminate\\View\\Engines\\PhpEngine->evaluatePath('D:\\\\1LuuDuLieuSV...', Array)
#5 D:\\1LuuDuLieuSV\\2001240399_TrinhHuuKienQuoc\\phplab\\buoi6\\Lab01_Framework\\vendor\\facade\\ignition\\src\\Views\\Engines\\CompilerEngine.php(37): Illuminate\\View\\Engines\\CompilerEngine->get('D:\\\\1LuuDuLieuSV...', Array)
#6 D:\\1LuuDuLieuSV\\2001240399_TrinhHuuKienQuoc\\phplab\\buoi6\\Lab01_Framework\\vendor\\laravel\\framework\\src\\Illuminate\\View\\View.php(139): Facade\\Ignition\\Views\\Engines\\CompilerEngine->get('D:\\\\1LuuDuLieuSV...', Array)
#7 D:\\1LuuDuLieuSV\\2001240399_TrinhHuuKienQuoc\\phplab\\buoi6\\Lab01_Framework\\vendor\\laravel\\framework\\src\\Illuminate\\View\\View.php(122): Illuminate\\View\\View->getContents()
#8 D:\\1LuuDuLieuSV\\2001240399_TrinhHuuKienQuoc\\phplab\\buoi6\\Lab01_Framework\\vendor\\laravel\\framework\\src\\Illuminate\\View\\View.php(91): Illuminate\\View\\View->renderContents()
#9 D:\\1LuuDuLieuSV\\2001240399_TrinhHuuKienQuoc\\phplab\\buoi6\\Lab01_Framework\\vendor\\laravel\\framework\\src\\Illuminate\\Http\\Response.php(69): Illuminate\\View\\View->render()
#10 D:\\1LuuDuLieuSV\\2001240399_TrinhHuuKienQuoc\\phplab\\buoi6\\Lab01_Framework\\vendor\\laravel\\framework\\src\\Illuminate\\Http\\Response.php(35): Illuminate\\Http\\Response->setContent(Object(Illuminate\\View\\View))
#11 D:\\1LuuDuLieuSV\\2001240399_TrinhHuuKienQuoc\\phplab\\buoi6\\Lab01_Framework\\vendor\\laravel\\framework\\src\\Illuminate\\Routing\\Router.php(820): Illuminate\\Http\\Response->__construct(Object(Illuminate\\View\\View), 200, Array)
#12 D:\\1LuuDuLieuSV\\2001240399_TrinhHuuKienQuoc\\phplab\\buoi6\\Lab01_Framework\\vendor\\laravel\\framework\\src\\Illuminate\\Routing\\Router.php(789): Illuminate\\Routing\\Router::toResponse(Object(Illuminate\\Http\\Request), Object(Illuminate\\View\\View))
#13 D:\\1LuuDuLieuSV\\2001240399_TrinhHuuKienQuoc\\phplab\\buoi6\\Lab01_Framework\\vendor\\laravel\\framework\\src\\Illuminate\\Routing\\Router.php(721): Illuminate\\Routing\\Router->prepareResponse(Object(Illuminate\\Http\\Request), Object(Illuminate\\View\\View))
#14 D:\\1LuuDuLieuSV\\2001240399_TrinhHuuKienQuoc\\phplab\\buoi6\\Lab01_Framework\\vendor\\laravel\\framework\\src\\Illuminate\\Pipeline\\Pipeline.php(128): Illuminate\\Routing\\Router->Illuminate\\Routing\\{closure}(Object(Illuminate\\Http\\Request))
#15 D:\\1LuuDuLieuSV\\2001240399_TrinhHuuKienQuoc\\phplab\\buoi6\\Lab01_Framework\\vendor\\laravel\\framework\\src\\Illuminate\\Routing\\Middleware\\SubstituteBindings.php(50): Illuminate\\Pipeline\\Pipeline->Illuminate\\Pipeline\\{closure}(Object(Illuminate\\Http\\Request))
#16 D:\\1LuuDuLieuSV\\2001240399_TrinhHuuKienQuoc\\phplab\\buoi6\\Lab01_Framework\\vendor\\laravel\\framework\\src\\Illuminate\\Pipeline\\Pipeline.php(167): Illuminate\\Routing\\Middleware\\SubstituteBindings->handle(Object(Illuminate\\Http\\Request), Object(Closure))
#17 D:\\1LuuDuLieuSV\\2001240399_TrinhHuuKienQuoc\\phplab\\buoi6\\Lab01_Framework\\vendor\\laravel\\framework\\src\\Illuminate\\Foundation\\Http\\Middleware\\VerifyCsrfToken.php(78): Illuminate\\Pipeline\\Pipeline->Illuminate\\Pipeline\\{closure}(Object(Illuminate\\Http\\Request))
#18 D:\\1LuuDuLieuSV\\2001240399_TrinhHuuKienQuoc\\phplab\\buoi6\\Lab01_Framework\\vendor\\laravel\\framework\\src\\Illuminate\\Pipeline\\Pipeline.php(167): Illuminate\\Foundation\\Http\\Middleware\\VerifyCsrfToken->handle(Object(Illuminate\\Http\\Request), Object(Closure))
#19 D:\\1LuuDuLieuSV\\2001240399_TrinhHuuKienQuoc\\phplab\\buoi6\\Lab01_Framework\\vendor\\laravel\\framework\\src\\Illuminate\\View\\Middleware\\ShareErrorsFromSession.php(49): Illuminate\\Pipeline\\Pipeline->Illuminate\\Pipeline\\{closure}(Object(Illuminate\\Http\\Request))
#20 D:\\1LuuDuLieuSV\\2001240399_TrinhHuuKienQuoc\\phplab\\buoi6\\Lab01_Framework\\vendor\\laravel\\framework\\src\\Illuminate\\Pipeline\\Pipeline.php(167): Illuminate\\View\\Middleware\\ShareErrorsFromSession->handle(Object(Illuminate\\Http\\Request), Object(Closure))
#21 D:\\1LuuDuLieuSV\\2001240399_TrinhHuuKienQuoc\\phplab\\buoi6\\Lab01_Framework\\vendor\\laravel\\framework\\src\\Illuminate\\Session\\Middleware\\StartSession.php(121): Illuminate\\Pipeline\\Pipeline->Illuminate\\Pipeline\\{closure}(Object(Illuminate\\Http\\Request))
#22 D:\\1LuuDuLieuSV\\2001240399_TrinhHuuKienQuoc\\phplab\\buoi6\\Lab01_Framework\\vendor\\laravel\\framework\\src\\Illuminate\\Session\\Middleware\\StartSession.php(64): Illuminate\\Session\\Middleware\\StartSession->handleStatefulRequest(Object(Illuminate\\Http\\Request), Object(Illuminate\\Session\\Store), Object(Closure))
#23 D:\\1LuuDuLieuSV\\2001240399_TrinhHuuKienQuoc\\phplab\\buoi6\\Lab01_Framework\\vendor\\laravel\\framework\\src\\Illuminate\\Pipeline\\Pipeline.php(167): Illuminate\\Session\\Middleware\\StartSession->handle(Object(Illuminate\\Http\\Request), Object(Closure))
#24 D:\\1LuuDuLieuSV\\2001240399_TrinhHuuKienQuoc\\phplab\\buoi6\\Lab01_Framework\\vendor\\laravel\\framework\\src\\Illuminate\\Cookie\\Middleware\\AddQueuedCookiesToResponse.php(37): Illuminate\\Pipeline\\Pipeline->Illuminate\\Pipeline\\{closure}(Object(Illuminate\\Http\\Request))
#25 D:\\1LuuDuLieuSV\\2001240399_TrinhHuuKienQuoc\\phplab\\buoi6\\Lab01_Framework\\vendor\\laravel\\framework\\src\\Illuminate\\Pipeline\\Pipeline.php(167): Illuminate\\Cookie\\Middleware\\AddQueuedCookiesToResponse->handle(Object(Illuminate\\Http\\Request), Object(Closure))
#26 D:\\1LuuDuLieuSV\\2001240399_TrinhHuuKienQuoc\\phplab\\buoi6\\Lab01_Framework\\vendor\\laravel\\framework\\src\\Illuminate\\Cookie\\Middleware\\EncryptCookies.php(67): Illuminate\\Pipeline\\Pipeline->Illuminate\\Pipeline\\{closure}(Object(Illuminate\\Http\\Request))
#27 D:\\1LuuDuLieuSV\\2001240399_TrinhHuuKienQuoc\\phplab\\buoi6\\Lab01_Framework\\vendor\\laravel\\framework\\src\\Illuminate\\Pipeline\\Pipeline.php(167): Illuminate\\Cookie\\Middleware\\EncryptCookies->handle(Object(Illuminate\\Http\\Request), Object(Closure))
#28 D:\\1LuuDuLieuSV\\2001240399_TrinhHuuKienQuoc\\phplab\\buoi6\\Lab01_Framework\\vendor\\laravel\\framework\\src\\Illuminate\\Pipeline\\Pipeline.php(103): Illuminate\\Pipeline\\Pipeline->Illuminate\\Pipeline\\{closure}(Object(Illuminate\\Http\\Request))
#29 D:\\1LuuDuLieuSV\\2001240399_TrinhHuuKienQuoc\\phplab\\buoi6\\Lab01_Framework\\vendor\\laravel\\framework\\src\\Illuminate\\Routing\\Router.php(723): Illuminate\\Pipeline\\Pipeline->then(Object(Closure))
#30 D:\\1LuuDuLieuSV\\2001240399_TrinhHuuKienQuoc\\phplab\\buoi6\\Lab01_Framework\\vendor\\laravel\\framework\\src\\Illuminate\\Routing\\Router.php(698): Illuminate\\Routing\\Router->runRouteWithinStack(Object(Illuminate\\Routing\\Route), Object(Illuminate\\Http\\Request))
#31 D:\\1LuuDuLieuSV\\2001240399_TrinhHuuKienQuoc\\phplab\\buoi6\\Lab01_Framework\\vendor\\laravel\\framework\\src\\Illuminate\\Routing\\Router.php(662): Illuminate\\Routing\\Router->runRoute(Object(Illuminate\\Http\\Request), Object(Illuminate\\Routing\\Route))
#32 D:\\1LuuDuLieuSV\\2001240399_TrinhHuuKienQuoc\\phplab\\buoi6\\Lab01_Framework\\vendor\\laravel\\framework\\src\\Illuminate\\Routing\\Router.php(651): Illuminate\\Routing\\Router->dispatchToRoute(Object(Illuminate\\Http\\Request))
#33 D:\\1LuuDuLieuSV\\2001240399_TrinhHuuKienQuoc\\phplab\\buoi6\\Lab01_Framework\\vendor\\laravel\\framework\\src\\Illuminate\\Foundation\\Http\\Kernel.php(167): Illuminate\\Routing\\Router->dispatch(Object(Illuminate\\Http\\Request))
#34 D:\\1LuuDuLieuSV\\2001240399_TrinhHuuKienQuoc\\phplab\\buoi6\\Lab01_Framework\\vendor\\laravel\\framework\\src\\Illuminate\\Pipeline\\Pipeline.php(128): Illuminate\\Foundation\\Http\\Kernel->Illuminate\\Foundation\\Http\\{closure}(Object(Illuminate\\Http\\Request))
#35 D:\\1LuuDuLieuSV\\2001240399_TrinhHuuKienQuoc\\phplab\\buoi6\\Lab01_Framework\\vendor\\laravel\\framework\\src\\Illuminate\\Foundation\\Http\\Middleware\\TransformsRequest.php(21): Illuminate\\Pipeline\\Pipeline->Illuminate\\Pipeline\\{closure}(Object(Illuminate\\Http\\Request))
#36 D:\\1LuuDuLieuSV\\2001240399_TrinhHuuKienQuoc\\phplab\\buoi6\\Lab01_Framework\\vendor\\laravel\\framework\\src\\Illuminate\\Foundation\\Http\\Middleware\\ConvertEmptyStringsToNull.php(31): Illuminate\\Foundation\\Http\\Middleware\\TransformsRequest->handle(Object(Illuminate\\Http\\Request), Object(Closure))
#37 D:\\1LuuDuLieuSV\\2001240399_TrinhHuuKienQuoc\\phplab\\buoi6\\Lab01_Framework\\vendor\\laravel\\framework\\src\\Illuminate\\Pipeline\\Pipeline.php(167): Illuminate\\Foundation\\Http\\Middleware\\ConvertEmptyStringsToNull->handle(Object(Illuminate\\Http\\Request), Object(Closure))
#38 D:\\1LuuDuLieuSV\\2001240399_TrinhHuuKienQuoc\\phplab\\buoi6\\Lab01_Framework\\vendor\\laravel\\framework\\src\\Illuminate\\Foundation\\Http\\Middleware\\TransformsRequest.php(21): Illuminate\\Pipeline\\Pipeline->Illuminate\\Pipeline\\{closure}(Object(Illuminate\\Http\\Request))
#39 D:\\1LuuDuLieuSV\\2001240399_TrinhHuuKienQuoc\\phplab\\buoi6\\Lab01_Framework\\vendor\\laravel\\framework\\src\\Illuminate\\Foundation\\Http\\Middleware\\TrimStrings.php(40): Illuminate\\Foundation\\Http\\Middleware\\TransformsRequest->handle(Object(Illuminate\\Http\\Request), Object(Closure))
#40 D:\\1LuuDuLieuSV\\2001240399_TrinhHuuKienQuoc\\phplab\\buoi6\\Lab01_Framework\\vendor\\laravel\\framework\\src\\Illuminate\\Pipeline\\Pipeline.php(167): Illuminate\\Foundation\\Http\\Middleware\\TrimStrings->handle(Object(Illuminate\\Http\\Request), Object(Closure))
#41 D:\\1LuuDuLieuSV\\2001240399_TrinhHuuKienQuoc\\phplab\\buoi6\\Lab01_Framework\\vendor\\laravel\\framework\\src\\Illuminate\\Foundation\\Http\\Middleware\\ValidatePostSize.php(27): Illuminate\\Pipeline\\Pipeline->Illuminate\\Pipeline\\{closure}(Object(Illuminate\\Http\\Request))
#42 D:\\1LuuDuLieuSV\\2001240399_TrinhHuuKienQuoc\\phplab\\buoi6\\Lab01_Framework\\vendor\\laravel\\framework\\src\\Illuminate\\Pipeline\\Pipeline.php(167): Illuminate\\Foundation\\Http\\Middleware\\ValidatePostSize->handle(Object(Illuminate\\Http\\Request), Object(Closure))
#43 D:\\1LuuDuLieuSV\\2001240399_TrinhHuuKienQuoc\\phplab\\buoi6\\Lab01_Framework\\vendor\\laravel\\framework\\src\\Illuminate\\Foundation\\Http\\Middleware\\PreventRequestsDuringMaintenance.php(86): Illuminate\\Pipeline\\Pipeline->Illuminate\\Pipeline\\{closure}(Object(Illuminate\\Http\\Request))
#44 D:\\1LuuDuLieuSV\\2001240399_TrinhHuuKienQuoc\\phplab\\buoi6\\Lab01_Framework\\vendor\\laravel\\framework\\src\\Illuminate\\Pipeline\\Pipeline.php(167): Illuminate\\Foundation\\Http\\Middleware\\PreventRequestsDuringMaintenance->handle(Object(Illuminate\\Http\\Request), Object(Closure))
#45 D:\\1LuuDuLieuSV\\2001240399_TrinhHuuKienQuoc\\phplab\\buoi6\\Lab01_Framework\\vendor\\fruitcake\\laravel-cors\\src\\HandleCors.php(38): Illuminate\\Pipeline\\Pipeline->Illuminate\\Pipeline\\{closure}(Object(Illuminate\\Http\\Request))
#46 D:\\1LuuDuLieuSV\\2001240399_TrinhHuuKienQuoc\\phplab\\buoi6\\Lab01_Framework\\vendor\\laravel\\framework\\src\\Illuminate\\Pipeline\\Pipeline.php(167): Fruitcake\\Cors\\HandleCors->handle(Object(Illuminate\\Http\\Request), Object(Closure))
#47 D:\\1LuuDuLieuSV\\2001240399_TrinhHuuKienQuoc\\phplab\\buoi6\\Lab01_Framework\\vendor\\laravel\\framework\\src\\Illuminate\\Http\\Middleware\\TrustProxies.php(39): Illuminate\\Pipeline\\Pipeline->Illuminate\\Pipeline\\{closure}(Object(Illuminate\\Http\\Request))
#48 D:\\1LuuDuLieuSV\\2001240399_TrinhHuuKienQuoc\\phplab\\buoi6\\Lab01_Framework\\vendor\\laravel\\framework\\src\\Illuminate\\Pipeline\\Pipeline.php(167): Illuminate\\Http\\Middleware\\TrustProxies->handle(Object(Illuminate\\Http\\Request), Object(Closure))
#49 D:\\1LuuDuLieuSV\\2001240399_TrinhHuuKienQuoc\\phplab\\buoi6\\Lab01_Framework\\vendor\\laravel\\framework\\src\\Illuminate\\Pipeline\\Pipeline.php(103): Illuminate\\Pipeline\\Pipeline->Illuminate\\Pipeline\\{closure}(Object(Illuminate\\Http\\Request))
#50 D:\\1LuuDuLieuSV\\2001240399_TrinhHuuKienQuoc\\phplab\\buoi6\\Lab01_Framework\\vendor\\laravel\\framework\\src\\Illuminate\\Foundation\\Http\\Kernel.php(142): Illuminate\\Pipeline\\Pipeline->then(Object(Closure))
#51 D:\\1LuuDuLieuSV\\2001240399_TrinhHuuKienQuoc\\phplab\\buoi6\\Lab01_Framework\\vendor\\laravel\\framework\\src\\Illuminate\\Foundation\\Http\\Kernel.php(111): Illuminate\\Foundation\\Http\\Kernel->sendRequestThroughRouter(Object(Illuminate\\Http\\Request))
#52 D:\\1LuuDuLieuSV\\2001240399_TrinhHuuKienQuoc\\phplab\\buoi6\\Lab01_Framework\\public\\index.php(52): Illuminate\\Foundation\\Http\\Kernel->handle(Object(Illuminate\\Http\\Request))
#53 D:\\1LuuDuLieuSV\\2001240399_TrinhHuuKienQuoc\\phplab\\buoi6\\Lab01_Framework\\server.php(21): require_once('D:\\\\1LuuDuLieuSV...')
#54 {main}
"} 
[2026-09-21 08:39:24] local.ERROR: SQLSTATE[HY000] [2002] No connection could be made because the target machine actively refused it.
 (SQL: select * from `articles` where `articles`.`id` = 1 limit 1) {"exception":"[object] (Illuminate\\Database\\QueryException(code: 2002): SQLSTATE[HY000] [2002] No connection could be made because the target machine actively refused it.

 (SQL: select * from `articles` where `articles`.`id` = 1 limit 1) at D:\\1LuuDuLieuSV\\2001240399_TrinhHuuKienQuoc\\phplab\\buoi6\\Lab01_Framework\\vendor\\laravel\\framework\\src\\Illuminate\\Database\\Connection.php:712)
[stacktrace]
#0 D:\\1LuuDuLieuSV\\2001240399_TrinhHuuKienQuoc\\phplab\\buoi6\\Lab01_Framework\\vendor\\laravel\\framework\\src\\Illuminate\\Database\\Connection.php(672): Illuminate\\Database\\Connection->runQueryCallback('select * from `...', Array, Object(Closure))
#1 D:\\1LuuDuLieuSV\\2001240399_TrinhHuuKienQuoc\\phplab\\buoi6\\Lab01_Framework\\vendor\\laravel\\framework\\src\\Illuminate\\Database\\Connection.php(376): Illuminate\\Database\\Connection->run('select * from `...', Array, Object(Closure))
#2 D:\\1LuuDuLieuSV\\2001240399_TrinhHuuKienQuoc\\phplab\\buoi6\\Lab01_Framework\\vendor\\laravel\\framework\\src\\Illuminate\\Database\\Query\\Builder.php(2414): Illuminate\\Database\\Connection->select('select * from `...', Array, true)
#3 D:\\1LuuDuLieuSV\\2001240399_TrinhHuuKienQuoc\\phplab\\buoi6\\Lab01_Framework\\vendor\\laravel\\framework\\src\\Illuminate\\Database\\Query\\Builder.php(2402): Illuminate\\Database\\Query\\Builder->runSelect()
#4 D:\\1LuuDuLieuSV\\2001240399_TrinhHuuKienQuoc\\phplab\\buoi6\\Lab01_Framework\\vendor\\laravel\\framework\\src\\Illuminate\\Database\\Query\\Builder.php(2936): Illuminate\\Database\\Query\\Builder->Illuminate\\Database\\Query\\{closure}()
#5 D:\\1LuuDuLieuSV\\2001240399_TrinhHuuKienQuoc\\phplab\\buoi6\\Lab01_Framework\\vendor\\laravel\\framework\\src\\Illuminate\\Database\\Query\\Builder.php(2403): Illuminate\\Database\\Query\\Builder->onceWithColumns(Array, Object(Closure))
#6 D:\\1LuuDuLieuSV\\2001240399_TrinhHuuKienQuoc\\phplab\\buoi6\\Lab01_Framework\\vendor\\laravel\\framework\\src\\Illuminate\\Database\\Eloquent\\Builder.php(625): Illuminate\\Database\\Query\\Builder->get(Array)
#7 D:\\1LuuDuLieuSV\\2001240399_TrinhHuuKienQuoc\\phplab\\buoi6\\Lab01_Framework\\vendor\\laravel\\framework\\src\\Illuminate\\Database\\Eloquent\\Builder.php(609): Illuminate\\Database\\Eloquent\\Builder->getModels(Array)
#8 D:\\1LuuDuLieuSV\\2001240399_TrinhHuuKienQuoc\\phplab\\buoi6\\Lab01_Framework\\vendor\\laravel\\framework\\src\\Illuminate\\Database\\Concerns\\BuildsQueries.php(294): Illuminate\\Database\\Eloquent\\Builder->get(Array)
#9 D:\\1LuuDuLieuSV\\2001240399_TrinhHuuKienQuoc\\phplab\\buoi6\\Lab01_Framework\\vendor\\laravel\\framework\\src\\Illuminate\\Database\\Eloquent\\Builder.php(400): Illuminate\\Database\\Eloquent\\Builder->first(Array)
#10 D:\\1LuuDuLieuSV\\2001240399_TrinhHuuKienQuoc\\phplab\\buoi6\\Lab01_Framework\\vendor\\laravel\\framework\\src\\Illuminate\\Database\\Eloquent\\Builder.php(432): Illuminate\\Database\\Eloquent\\Builder->find('1', Array)
#11 D:\\1LuuDuLieuSV\\2001240399_TrinhHuuKienQuoc\\phplab\\buoi6\\Lab01_Framework\\vendor\\laravel\\framework\\src\\Illuminate\\Support\\Traits\\ForwardsCalls.php(23): Illuminate\\Database\\Eloquent\\Builder->findOrFail('1')
#12 D:\\1LuuDuLieuSV\\2001240399_TrinhHuuKienQuoc\\phplab\\buoi6\\Lab01_Framework\\vendor\\laravel\\framework\\src\\Illuminate\\Database\\Eloquent\\Model.php(2132): Illuminate\\Database\\Eloquent\\Model->forwardCallTo(Object(Illuminate\\Database\\Eloquent\\Builder), 'findOrFail', Array)
#13 D:\\1LuuDuLieuSV\\2001240399_TrinhHuuKienQuoc\\phplab\\buoi6\\Lab01_Framework\\vendor\\laravel\\framework\\src\\Illuminate\\Database\\Eloquent\\Model.php(2144): Illuminate\\Database\\Eloquent\\Model->__call('findOrFail', Array)
#14 D:\\1LuuDuLieuSV\\2001240399_TrinhHuuKienQuoc\\phplab\\buoi6\\Lab01_Framework\\app\\Http\\Controllers\\ArticleController.php(99): Illuminate\\Database\\Eloquent\\Model::__callStatic('findOrFail', Array)
#15 D:\\1LuuDuLieuSV\\2001240399_TrinhHuuKienQuoc\\phplab\\buoi6\\Lab01_Framework\\vendor\\laravel\\framework\\src\\Illuminate\\Routing\\Controller.php(54): App\\Http\\Controllers\\ArticleController->destroy('1')
#16 D:\\1LuuDuLieuSV\\2001240399_TrinhHuuKienQuoc\\phplab\\buoi6\\Lab01_Framework\\vendor\\laravel\\framework\\src\\Illuminate\\Routing\\ControllerDispatcher.php(45): Illuminate\\Routing\\Controller->callAction('destroy', Array)
#17 D:\\1LuuDuLieuSV\\2001240399_TrinhHuuKienQuoc\\phplab\\buoi6\\Lab01_Framework\\vendor\\laravel\\framework\\src\\Illuminate\\Routing\\Route.php(262): Illuminate\\Routing\\ControllerDispatcher->dispatch(Object(Illuminate\\Routing\\Route), Object(App\\Http\\Controllers\\ArticleController), 'destroy')
#18 D:\\1LuuDuLieuSV\\2001240399_TrinhHuuKienQuoc\\phplab\\buoi6\\Lab01_Framework\\vendor\\laravel\\framework\\src\\Illuminate\\Routing\\Route.php(205): Illuminate\\Routing\\Route->runController()
#19 D:\\1LuuDuLieuSV\\2001240399_TrinhHuuKienQuoc\\phplab\\buoi6\\Lab01_Framework\\vendor\\laravel\\framework\\src\\Illuminate\\Routing\\Router.php(721): Illuminate\\Routing\\Route->run()
#20 D:\\1LuuDuLieuSV\\2001240399_TrinhHuuKienQuoc\\phplab\\buoi6\\Lab01_Framework\\vendor\\laravel\\framework\\src\\Illuminate\\Pipeline\\Pipeline.php(128): Illuminate\\Routing\\Router->Illuminate\\Routing\\{closure}(Object(Illuminate\\Http\\Request))
#21 D:\\1LuuDuLieuSV\\2001240399_TrinhHuuKienQuoc\\phplab\\buoi6\\Lab01_Framework\\vendor\\laravel\\framework\\src\\Illuminate\\Routing\\Middleware\\SubstituteBindings.php(50): Illuminate\\Pipeline\\Pipeline->Illuminate\\Pipeline\\{closure}(Object(Illuminate\\Http\\Request))
#22 D:\\1LuuDuLieuSV\\2001240399_TrinhHuuKienQuoc\\phplab\\buoi6\\Lab01_Framework\\vendor\\laravel\\framework\\src\\Illuminate\\Pipeline\\Pipeline.php(167): Illuminate\\Routing\\Middleware\\SubstituteBindings->handle(Object(Illuminate\\Http\\Request), Object(Closure))
#23 D:\\1LuuDuLieuSV\\2001240399_TrinhHuuKienQuoc\\phplab\\buoi6\\Lab01_Framework\\vendor\\laravel\\framework\\src\\Illuminate\\Foundation\\Http\\Middleware\\VerifyCsrfToken.php(78): Illuminate\\Pipeline\\Pipeline->Illuminate\\Pipeline\\{closure}(Object(Illuminate\\Http\\Request))
#24 D:\\1LuuDuLieuSV\\2001240399_TrinhHuuKienQuoc\\phplab\\buoi6\\Lab01_Framework\\vendor\\laravel\\framework\\src\\Illuminate\\Pipeline\\Pipeline.php(167): Illuminate\\Foundation\\Http\\Middleware\\VerifyCsrfToken->handle(Object(Illuminate\\Http\\Request), Object(Closure))
#25 D:\\1LuuDuLieuSV\\2001240399_TrinhHuuKienQuoc\\phplab\\buoi6\\Lab01_Framework\\vendor\\laravel\\framework\\src\\Illuminate\\View\\Middleware\\ShareErrorsFromSession.php(49): Illuminate\\Pipeline\\Pipeline->Illuminate\\Pipeline\\{closure}(Object(Illuminate\\Http\\Request))
#26 D:\\1LuuDuLieuSV\\2001240399_TrinhHuuKienQuoc\\phplab\\buoi6\\Lab01_Framework\\vendor\\laravel\\framework\\src\\Illuminate\\Pipeline\\Pipeline.php(167): Illuminate\\View\\Middleware\\ShareErrorsFromSession->handle(Object(Illuminate\\Http\\Request), Object(Closure))
#27 D:\\1LuuDuLieuSV\\2001240399_TrinhHuuKienQuoc\\phplab\\buoi6\\Lab01_Framework\\vendor\\laravel\\framework\\src\\Illuminate\\Session\\Middleware\\StartSession.php(121): Illuminate\\Pipeline\\Pipeline->Illuminate\\Pipeline\\{closure}(Object(Illuminate\\Http\\Request))
#28 D:\\1LuuDuLieuSV\\2001240399_TrinhHuuKienQuoc\\phplab\\buoi6\\Lab01_Framework\\vendor\\laravel\\framework\\src\\Illuminate\\Session\\Middleware\\StartSession.php(64): Illuminate\\Session\\Middleware\\StartSession->handleStatefulRequest(Object(Illuminate\\Http\\Request), Object(Illuminate\\Session\\Store), Object(Closure))
#29 D:\\1LuuDuLieuSV\\2001240399_TrinhHuuKienQuoc\\phplab\\buoi6\\Lab01_Framework\\vendor\\laravel\\framework\\src\\Illuminate\\Pipeline\\Pipeline.php(167): Illuminate\\Session\\Middleware\\StartSession->handle(Object(Illuminate\\Http\\Request), Object(Closure))
#30 D:\\1LuuDuLieuSV\\2001240399_TrinhHuuKienQuoc\\phplab\\buoi6\\Lab01_Framework\\vendor\\laravel\\framework\\src\\Illuminate\\Cookie\\Middleware\\AddQueuedCookiesToResponse.php(37): Illuminate\\Pipeline\\Pipeline->Illuminate\\Pipeline\\{closure}(Object(Illuminate\\Http\\Request))
#31 D:\\1LuuDuLieuSV\\2001240399_TrinhHuuKienQuoc\\phplab\\buoi6\\Lab01_Framework\\vendor\\laravel\\framework\\src\\Illuminate\\Pipeline\\Pipeline.php(167): Illuminate\\Cookie\\Middleware\\AddQueuedCookiesToResponse->handle(Object(Illuminate\\Http\\Request), Object(Closure))
#32 D:\\1LuuDuLieuSV\\2001240399_TrinhHuuKienQuoc\\phplab\\buoi6\\Lab01_Framework\\vendor\\laravel\\framework\\src\\Illuminate\\Cookie\\Middleware\\EncryptCookies.php(67): Illuminate\\Pipeline\\Pipeline->Illuminate\\Pipeline\\{closure}(Object(Illuminate\\Http\\Request))
#33 D:\\1LuuDuLieuSV\\2001240399_TrinhHuuKienQuoc\\phplab\\buoi6\\Lab01_Framework\\vendor\\laravel\\framework\\src\\Illuminate\\Pipeline\\Pipeline.php(167): Illuminate\\Cookie\\Middleware\\EncryptCookies->handle(Object(Illuminate\\Http\\Request), Object(Closure))
#34 D:\\1LuuDuLieuSV\\2001240399_TrinhHuuKienQuoc\\phplab\\buoi6\\Lab01_Framework\\vendor\\laravel\\framework\\src\\Illuminate\\Pipeline\\Pipeline.php(103): Illuminate\\Pipeline\\Pipeline->Illuminate\\Pipeline\\{closure}(Object(Illuminate\\Http\\Request))
#35 D:\\1LuuDuLieuSV\\2001240399_TrinhHuuKienQuoc\\phplab\\buoi6\\Lab01_Framework\\vendor\\laravel\\framework\\src\\Illuminate\\Routing\\Router.php(723): Illuminate\\Pipeline\\Pipeline->then(Object(Closure))
#36 D:\\1LuuDuLieuSV\\2001240399_TrinhHuuKienQuoc\\phplab\\buoi6\\Lab01_Framework\\vendor\\laravel\\framework\\src\\Illuminate\\Routing\\Router.php(698): Illuminate\\Routing\\Router->runRouteWithinStack(Object(Illuminate\\Routing\\Route), Object(Illuminate\\Http\\Request))
#37 D:\\1LuuDuLieuSV\\2001240399_TrinhHuuKienQuoc\\phplab\\buoi6\\Lab01_Framework\\vendor\\laravel\\framework\\src\\Illuminate\\Routing\\Router.php(662): Illuminate\\Routing\\Router->runRoute(Object(Illuminate\\Http\\Request), Object(Illuminate\\Routing\\Route))
#38 D:\\1LuuDuLieuSV\\2001240399_TrinhHuuKienQuoc\\phplab\\buoi6\\Lab01_Framework\\vendor\\laravel\\framework\\src\\Illuminate\\Routing\\Router.php(651): Illuminate\\Routing\\Router->dispatchToRoute(Object(Illuminate\\Http\\Request))
#39 D:\\1LuuDuLieuSV\\2001240399_TrinhHuuKienQuoc\\phplab\\buoi6\\Lab01_Framework\\vendor\\laravel\\framework\\src\\Illuminate\\Foundation\\Http\\Kernel.php(167): Illuminate\\Routing\\Router->dispatch(Object(Illuminate\\Http\\Request))
#40 D:\\1LuuDuLieuSV\\2001240399_TrinhHuuKienQuoc\\phplab\\buoi6\\Lab01_Framework\\vendor\\laravel\\framework\\src\\Illuminate\\Pipeline\\Pipeline.php(128): Illuminate\\Foundation\\Http\\Kernel->Illuminate\\Foundation\\Http\\{closure}(Object(Illuminate\\Http\\Request))
#41 D:\\1LuuDuLieuSV\\2001240399_TrinhHuuKienQuoc\\phplab\\buoi6\\Lab01_Framework\\vendor\\laravel\\framework\\src\\Illuminate\\Foundation\\Http\\Middleware\\TransformsRequest.php(21): Illuminate\\Pipeline\\Pipeline->Illuminate\\Pipeline\\{closure}(Object(Illuminate\\Http\\Request))
#42 D:\\1LuuDuLieuSV\\2001240399_TrinhHuuKienQuoc\\phplab\\buoi6\\Lab01_Framework\\vendor\\laravel\\framework\\src\\Illuminate\\Foundation\\Http\\Middleware\\ConvertEmptyStringsToNull.php(31): Illuminate\\Foundation\\Http\\Middleware\\TransformsRequest->handle(Object(Illuminate\\Http\\Request), Object(Closure))
#43 D:\\1LuuDuLieuSV\\2001240399_TrinhHuuKienQuoc\\phplab\\buoi6\\Lab01_Framework\\vendor\\laravel\\framework\\src\\Illuminate\\Pipeline\\Pipeline.php(167): Illuminate\\Foundation\\Http\\Middleware\\ConvertEmptyStringsToNull->handle(Object(Illuminate\\Http\\Request), Object(Closure))
#44 D:\\1LuuDuLieuSV\\2001240399_TrinhHuuKienQuoc\\phplab\\buoi6\\Lab01_Framework\\vendor\\laravel\\framework\\src\\Illuminate\\Foundation\\Http\\Middleware\\TransformsRequest.php(21): Illuminate\\Pipeline\\Pipeline->Illuminate\\Pipeline\\{closure}(Object(Illuminate\\Http\\Request))
#45 D:\\1LuuDuLieuSV\\2001240399_TrinhHuuKienQuoc\\phplab\\buoi6\\Lab01_Framework\\vendor\\laravel\\framework\\src\\Illuminate\\Foundation\\Http\\Middleware\\TrimStrings.php(40): Illuminate\\Foundation\\Http\\Middleware\\TransformsRequest->handle(Object(Illuminate\\Http\\Request), Object(Closure))
#46 D:\\1LuuDuLieuSV\\2001240399_TrinhHuuKienQuoc\\phplab\\buoi6\\Lab01_Framework\\vendor\\laravel\\framework\\src\\Illuminate\\Pipeline\\Pipeline.php(167): Illuminate\\Foundation\\Http\\Middleware\\TrimStrings->handle(Object(Illuminate\\Http\\Request), Object(Closure))
#47 D:\\1LuuDuLieuSV\\2001240399_TrinhHuuKienQuoc\\phplab\\buoi6\\Lab01_Framework\\vendor\\laravel\\framework\\src\\Illuminate\\Foundation\\Http\\Middleware\\ValidatePostSize.php(27): Illuminate\\Pipeline\\Pipeline->Illuminate\\Pipeline\\{closure}(Object(Illuminate\\Http\\Request))
#48 D:\\1LuuDuLieuSV\\2001240399_TrinhHuuKienQuoc\\phplab\\buoi6\\Lab01_Framework\\vendor\\laravel\\framework\\src\\Illuminate\\Pipeline\\Pipeline.php(167): Illuminate\\Foundation\\Http\\Middleware\\ValidatePostSize->handle(Object(Illuminate\\Http\\Request), Object(Closure))
#49 D:\\1LuuDuLieuSV\\2001240399_TrinhHuuKienQuoc\\phplab\\buoi6\\Lab01_Framework\\vendor\\laravel\\framework\\src\\Illuminate\\Foundation\\Http\\Middleware\\PreventRequestsDuringMaintenance.php(86): Illuminate\\Pipeline\\Pipeline->Illuminate\\Pipeline\\{closure}(Object(Illuminate\\Http\\Request))
#50 D:\\1LuuDuLieuSV\\2001240399_TrinhHuuKienQuoc\\phplab\\buoi6\\Lab01_Framework\\vendor\\laravel\\framework\\src\\Illuminate\\Pipeline\\Pipeline.php(167): Illuminate\\Foundation\\Http\\Middleware\\PreventRequestsDuringMaintenance->handle(Object(Illuminate\\Http\\Request), Object(Closure))
#51 D:\\1LuuDuLieuSV\\2001240399_TrinhHuuKienQuoc\\phplab\\buoi6\\Lab01_Framework\\vendor\\fruitcake\\laravel-cors\\src\\HandleCors.php(38): Illuminate\\Pipeline\\Pipeline->Illuminate\\Pipeline\\{closure}(Object(Illuminate\\Http\\Request))
#52 D:\\1LuuDuLieuSV\\2001240399_TrinhHuuKienQuoc\\phplab\\buoi6\\Lab01_Framework\\vendor\\laravel\\framework\\src\\Illuminate\\Pipeline\\Pipeline.php(167): Fruitcake\\Cors\\HandleCors->handle(Object(Illuminate\\Http\\Request), Object(Closure))
#53 D:\\1LuuDuLieuSV\\2001240399_TrinhHuuKienQuoc\\phplab\\buoi6\\Lab01_Framework\\vendor\\laravel\\framework\\src\\Illuminate\\Http\\Middleware\\TrustProxies.php(39): Illuminate\\Pipeline\\Pipeline->Illuminate\\Pipeline\\{closure}(Object(Illuminate\\Http\\Request))
#54 D:\\1LuuDuLieuSV\\2001240399_TrinhHuuKienQuoc\\phplab\\buoi6\\Lab01_Framework\\vendor\\laravel\\framework\\src\\Illuminate\\Pipeline\\Pipeline.php(167): Illuminate\\Http\\Middleware\\TrustProxies->handle(Object(Illuminate\\Http\\Request), Object(Closure))
#55 D:\\1LuuDuLieuSV\\2001240399_TrinhHuuKienQuoc\\phplab\\buoi6\\Lab01_Framework\\vendor\\laravel\\framework\\src\\Illuminate\\Pipeline\\Pipeline.php(103): Illuminate\\Pipeline\\Pipeline->Illuminate\\Pipeline\\{closure}(Object(Illuminate\\Http\\Request))
#56 D:\\1LuuDuLieuSV\\2001240399_TrinhHuuKienQuoc\\phplab\\buoi6\\Lab01_Framework\\vendor\\laravel\\framework\\src\\Illuminate\\Foundation\\Http\\Kernel.php(142): Illuminate\\Pipeline\\Pipeline->then(Object(Closure))
#57 D:\\1LuuDuLieuSV\\2001240399_TrinhHuuKienQuoc\\phplab\\buoi6\\Lab01_Framework\\vendor\\laravel\\framework\\src\\Illuminate\\Foundation\\Http\\Kernel.php(111): Illuminate\\Foundation\\Http\\Kernel->sendRequestThroughRouter(Object(Illuminate\\Http\\Request))
#58 D:\\1LuuDuLieuSV\\2001240399_TrinhHuuKienQuoc\\phplab\\buoi6\\Lab01_Framework\\public\\index.php(52): Illuminate\\Foundation\\Http\\Kernel->handle(Object(Illuminate\\Http\\Request))
#59 D:\\1LuuDuLieuSV\\2001240399_TrinhHuuKienQuoc\\phplab\\buoi6\\Lab01_Framework\\server.php(21): require_once('D:\\\\1LuuDuLieuSV...')
#60 {main}

[previous exception] [object] (PDOException(code: 2002): SQLSTATE[HY000] [2002] No connection could be made because the target machine actively refused it.

 at D:\\1LuuDuLieuSV\\2001240399_TrinhHuuKienQuoc\\phplab\\buoi6\\Lab01_Framework\\vendor\\laravel\\framework\\src\\Illuminate\\Database\\Connectors\\Connector.php:70)
[stacktrace]
#0 D:\\1LuuDuLieuSV\\2001240399_TrinhHuuKienQuoc\\phplab\\buoi6\\Lab01_Framework\\vendor\\laravel\\framework\\src\\Illuminate\\Database\\Connectors\\Connector.php(70): PDO->__construct('mysql:host=127....', 'root', '', Array)
#1 D:\\1LuuDuLieuSV\\2001240399_TrinhHuuKienQuoc\\phplab\\buoi6\\Lab01_Framework\\vendor\\laravel\\framework\\src\\Illuminate\\Database\\Connectors\\Connector.php(46): Illuminate\\Database\\Connectors\\Connector->createPdoConnection('mysql:host=127....', 'root', '', Array)
#2 D:\\1LuuDuLieuSV\\2001240399_TrinhHuuKienQuoc\\phplab\\buoi6\\Lab01_Framework\\vendor\\laravel\\framework\\src\\Illuminate\\Database\\Connectors\\MySqlConnector.php(24): Illuminate\\Database\\Connectors\\Connector->createConnection('mysql:host=127....', Array, Array)
#3 D:\\1LuuDuLieuSV\\2001240399_TrinhHuuKienQuoc\\phplab\\buoi6\\Lab01_Framework\\vendor\\laravel\\framework\\src\\Illuminate\\Database\\Connectors\\ConnectionFactory.php(184): Illuminate\\Database\\Connectors\\MySqlConnector->connect(Array)
#4 [internal function]: Illuminate\\Database\\Connectors\\ConnectionFactory->Illuminate\\Database\\Connectors\\{closure}()
#5 D:\\1LuuDuLieuSV\\2001240399_TrinhHuuKienQuoc\\phplab\\buoi6\\Lab01_Framework\\vendor\\laravel\\framework\\src\\Illuminate\\Database\\Connection.php(1064): call_user_func(Object(Closure))
#6 D:\\1LuuDuLieuSV\\2001240399_TrinhHuuKienQuoc\\phplab\\buoi6\\Lab01_Framework\\vendor\\laravel\\framework\\src\\Illuminate\\Database\\Connection.php(1100): Illuminate\\Database\\Connection->getPdo()
#7 D:\\1LuuDuLieuSV\\2001240399_TrinhHuuKienQuoc\\phplab\\buoi6\\Lab01_Framework\\vendor\\laravel\\framework\\src\\Illuminate\\Database\\Connection.php(442): Illuminate\\Database\\Connection->getReadPdo()
#8 D:\\1LuuDuLieuSV\\2001240399_TrinhHuuKienQuoc\\phplab\\buoi6\\Lab01_Framework\\vendor\\laravel\\framework\\src\\Illuminate\\Database\\Connection.php(368): Illuminate\\Database\\Connection->getPdoForSelect(true)
#9 D:\\1LuuDuLieuSV\\2001240399_TrinhHuuKienQuoc\\phplab\\buoi6\\Lab01_Framework\\vendor\\laravel\\framework\\src\\Illuminate\\Database\\Connection.php(705): Illuminate\\Database\\Connection->Illuminate\\Database\\{closure}('select * from `...', Array)
#10 D:\\1LuuDuLieuSV\\2001240399_TrinhHuuKienQuoc\\phplab\\buoi6\\Lab01_Framework\\vendor\\laravel\\framework\\src\\Illuminate\\Database\\Connection.php(672): Illuminate\\Database\\Connection->runQueryCallback('select * from `...', Array, Object(Closure))
#11 D:\\1LuuDuLieuSV\\2001240399_TrinhHuuKienQuoc\\phplab\\buoi6\\Lab01_Framework\\vendor\\laravel\\framework\\src\\Illuminate\\Database\\Connection.php(376): Illuminate\\Database\\Connection->run('select * from `...', Array, Object(Closure))
#12 D:\\1LuuDuLieuSV\\2001240399_TrinhHuuKienQuoc\\phplab\\buoi6\\Lab01_Framework\\vendor\\laravel\\framework\\src\\Illuminate\\Database\\Query\\Builder.php(2414): Illuminate\\Database\\Connection->select('select * from `...', Array, true)
#13 D:\\1LuuDuLieuSV\\2001240399_TrinhHuuKienQuoc\\phplab\\buoi6\\Lab01_Framework\\vendor\\laravel\\framework\\src\\Illuminate\\Database\\Query\\Builder.php(2402): Illuminate\\Database\\Query\\Builder->runSelect()
#14 D:\\1LuuDuLieuSV\\2001240399_TrinhHuuKienQuoc\\phplab\\buoi6\\Lab01_Framework\\vendor\\laravel\\framework\\src\\Illuminate\\Database\\Query\\Builder.php(2936): Illuminate\\Database\\Query\\Builder->Illuminate\\Database\\Query\\{closure}()
#15 D:\\1LuuDuLieuSV\\2001240399_TrinhHuuKienQuoc\\phplab\\buoi6\\Lab01_Framework\\vendor\\laravel\\framework\\src\\Illuminate\\Database\\Query\\Builder.php(2403): Illuminate\\Database\\Query\\Builder->onceWithColumns(Array, Object(Closure))
#16 D:\\1LuuDuLieuSV\\2001240399_TrinhHuuKienQuoc\\phplab\\buoi6\\Lab01_Framework\\vendor\\laravel\\framework\\src\\Illuminate\\Database\\Eloquent\\Builder.php(625): Illuminate\\Database\\Query\\Builder->get(Array)
#17 D:\\1LuuDuLieuSV\\2001240399_TrinhHuuKienQuoc\\phplab\\buoi6\\Lab01_Framework\\vendor\\laravel\\framework\\src\\Illuminate\\Database\\Eloquent\\Builder.php(609): Illuminate\\Database\\Eloquent\\Builder->getModels(Array)
#18 D:\\1LuuDuLieuSV\\2001240399_TrinhHuuKienQuoc\\phplab\\buoi6\\Lab01_Framework\\vendor\\laravel\\framework\\src\\Illuminate\\Database\\Concerns\\BuildsQueries.php(294): Illuminate\\Database\\Eloquent\\Builder->get(Array)
#19 D:\\1LuuDuLieuSV\\2001240399_TrinhHuuKienQuoc\\phplab\\buoi6\\Lab01_Framework\\vendor\\laravel\\framework\\src\\Illuminate\\Database\\Eloquent\\Builder.php(400): Illuminate\\Database\\Eloquent\\Builder->first(Array)
#20 D:\\1LuuDuLieuSV\\2001240399_TrinhHuuKienQuoc\\phplab\\buoi6\\Lab01_Framework\\vendor\\laravel\\framework\\src\\Illuminate\\Database\\Eloquent\\Builder.php(432): Illuminate\\Database\\Eloquent\\Builder->find('1', Array)
#21 D:\\1LuuDuLieuSV\\2001240399_TrinhHuuKienQuoc\\phplab\\buoi6\\Lab01_Framework\\vendor\\laravel\\framework\\src\\Illuminate\\Support\\Traits\\ForwardsCalls.php(23): Illuminate\\Database\\Eloquent\\Builder->findOrFail('1')
#22 D:\\1LuuDuLieuSV\\2001240399_TrinhHuuKienQuoc\\phplab\\buoi6\\Lab01_Framework\\vendor\\laravel\\framework\\src\\Illuminate\\Database\\Eloquent\\Model.php(2132): Illuminate\\Database\\Eloquent\\Model->forwardCallTo(Object(Illuminate\\Database\\Eloquent\\Builder), 'findOrFail', Array)
#23 D:\\1LuuDuLieuSV\\2001240399_TrinhHuuKienQuoc\\phplab\\buoi6\\Lab01_Framework\\vendor\\laravel\\framework\\src\\Illuminate\\Database\\Eloquent\\Model.php(2144): Illuminate\\Database\\Eloquent\\Model->__call('findOrFail', Array)
#24 D:\\1LuuDuLieuSV\\2001240399_TrinhHuuKienQuoc\\phplab\\buoi6\\Lab01_Framework\\app\\Http\\Controllers\\ArticleController.php(99): Illuminate\\Database\\Eloquent\\Model::__callStatic('findOrFail', Array)
#25 D:\\1LuuDuLieuSV\\2001240399_TrinhHuuKienQuoc\\phplab\\buoi6\\Lab01_Framework\\vendor\\laravel\\framework\\src\\Illuminate\\Routing\\Controller.php(54): App\\Http\\Controllers\\ArticleController->destroy('1')
#26 D:\\1LuuDuLieuSV\\2001240399_TrinhHuuKienQuoc\\phplab\\buoi6\\Lab01_Framework\\vendor\\laravel\\framework\\src\\Illuminate\\Routing\\ControllerDispatcher.php(45): Illuminate\\Routing\\Controller->callAction('destroy', Array)
#27 D:\\1LuuDuLieuSV\\2001240399_TrinhHuuKienQuoc\\phplab\\buoi6\\Lab01_Framework\\vendor\\laravel\\framework\\src\\Illuminate\\Routing\\Route.php(262): Illuminate\\Routing\\ControllerDispatcher->dispatch(Object(Illuminate\\Routing\\Route), Object(App\\Http\\Controllers\\ArticleController), 'destroy')
#28 D:\\1LuuDuLieuSV\\2001240399_TrinhHuuKienQuoc\\phplab\\buoi6\\Lab01_Framework\\vendor\\laravel\\framework\\src\\Illuminate\\Routing\\Route.php(205): Illuminate\\Routing\\Route->runController()
#29 D:\\1LuuDuLieuSV\\2001240399_TrinhHuuKienQuoc\\phplab\\buoi6\\Lab01_Framework\\vendor\\laravel\\framework\\src\\Illuminate\\Routing\\Router.php(721): Illuminate\\Routing\\Route->run()
#30 D:\\1LuuDuLieuSV\\2001240399_TrinhHuuKienQuoc\\phplab\\buoi6\\Lab01_Framework\\vendor\\laravel\\framework\\src\\Illuminate\\Pipeline\\Pipeline.php(128): Illuminate\\Routing\\Router->Illuminate\\Routing\\{closure}(Object(Illuminate\\Http\\Request))
#31 D:\\1LuuDuLieuSV\\2001240399_TrinhHuuKienQuoc\\phplab\\buoi6\\Lab01_Framework\\vendor\\laravel\\framework\\src\\Illuminate\\Routing\\Middleware\\SubstituteBindings.php(50): Illuminate\\Pipeline\\Pipeline->Illuminate\\Pipeline\\{closure}(Object(Illuminate\\Http\\Request))
#32 D:\\1LuuDuLieuSV\\2001240399_TrinhHuuKienQuoc\\phplab\\buoi6\\Lab01_Framework\\vendor\\laravel\\framework\\src\\Illuminate\\Pipeline\\Pipeline.php(167): Illuminate\\Routing\\Middleware\\SubstituteBindings->handle(Object(Illuminate\\Http\\Request), Object(Closure))
#33 D:\\1LuuDuLieuSV\\2001240399_TrinhHuuKienQuoc\\phplab\\buoi6\\Lab01_Framework\\vendor\\laravel\\framework\\src\\Illuminate\\Foundation\\Http\\Middleware\\VerifyCsrfToken.php(78): Illuminate\\Pipeline\\Pipeline->Illuminate\\Pipeline\\{closure}(Object(Illuminate\\Http\\Request))
#34 D:\\1LuuDuLieuSV\\2001240399_TrinhHuuKienQuoc\\phplab\\buoi6\\Lab01_Framework\\vendor\\laravel\\framework\\src\\Illuminate\\Pipeline\\Pipeline.php(167): Illuminate\\Foundation\\Http\\Middleware\\VerifyCsrfToken->handle(Object(Illuminate\\Http\\Request), Object(Closure))
#35 D:\\1LuuDuLieuSV\\2001240399_TrinhHuuKienQuoc\\phplab\\buoi6\\Lab01_Framework\\vendor\\laravel\\framework\\src\\Illuminate\\View\\Middleware\\ShareErrorsFromSession.php(49): Illuminate\\Pipeline\\Pipeline->Illuminate\\Pipeline\\{closure}(Object(Illuminate\\Http\\Request))
#36 D:\\1LuuDuLieuSV\\2001240399_TrinhHuuKienQuoc\\phplab\\buoi6\\Lab01_Framework\\vendor\\laravel\\framework\\src\\Illuminate\\Pipeline\\Pipeline.php(167): Illuminate\\View\\Middleware\\ShareErrorsFromSession->handle(Object(Illuminate\\Http\\Request), Object(Closure))
#37 D:\\1LuuDuLieuSV\\2001240399_TrinhHuuKienQuoc\\phplab\\buoi6\\Lab01_Framework\\vendor\\laravel\\framework\\src\\Illuminate\\Session\\Middleware\\StartSession.php(121): Illuminate\\Pipeline\\Pipeline->Illuminate\\Pipeline\\{closure}(Object(Illuminate\\Http\\Request))
#38 D:\\1LuuDuLieuSV\\2001240399_TrinhHuuKienQuoc\\phplab\\buoi6\\Lab01_Framework\\vendor\\laravel\\framework\\src\\Illuminate\\Session\\Middleware\\StartSession.php(64): Illuminate\\Session\\Middleware\\StartSession->handleStatefulRequest(Object(Illuminate\\Http\\Request), Object(Illuminate\\Session\\Store), Object(Closure))
#39 D:\\1LuuDuLieuSV\\2001240399_TrinhHuuKienQuoc\\phplab\\buoi6\\Lab01_Framework\\vendor\\laravel\\framework\\src\\Illuminate\\Pipeline\\Pipeline.php(167): Illuminate\\Session\\Middleware\\StartSession->handle(Object(Illuminate\\Http\\Request), Object(Closure))
#40 D:\\1LuuDuLieuSV\\2001240399_TrinhHuuKienQuoc\\phplab\\buoi6\\Lab01_Framework\\vendor\\laravel\\framework\\src\\Illuminate\\Cookie\\Middleware\\AddQueuedCookiesToResponse.php(37): Illuminate\\Pipeline\\Pipeline->Illuminate\\Pipeline\\{closure}(Object(Illuminate\\Http\\Request))
#41 D:\\1LuuDuLieuSV\\2001240399_TrinhHuuKienQuoc\\phplab\\buoi6\\Lab01_Framework\\vendor\\laravel\\framework\\src\\Illuminate\\Pipeline\\Pipeline.php(167): Illuminate\\Cookie\\Middleware\\AddQueuedCookiesToResponse->handle(Object(Illuminate\\Http\\Request), Object(Closure))
#42 D:\\1LuuDuLieuSV\\2001240399_TrinhHuuKienQuoc\\phplab\\buoi6\\Lab01_Framework\\vendor\\laravel\\framework\\src\\Illuminate\\Cookie\\Middleware\\EncryptCookies.php(67): Illuminate\\Pipeline\\Pipeline->Illuminate\\Pipeline\\{closure}(Object(Illuminate\\Http\\Request))
#43 D:\\1LuuDuLieuSV\\2001240399_TrinhHuuKienQuoc\\phplab\\buoi6\\Lab01_Framework\\vendor\\laravel\\framework\\src\\Illuminate\\Pipeline\\Pipeline.php(167): Illuminate\\Cookie\\Middleware\\EncryptCookies->handle(Object(Illuminate\\Http\\Request), Object(Closure))
#44 D:\\1LuuDuLieuSV\\2001240399_TrinhHuuKienQuoc\\phplab\\buoi6\\Lab01_Framework\\vendor\\laravel\\framework\\src\\Illuminate\\Pipeline\\Pipeline.php(103): Illuminate\\Pipeline\\Pipeline->Illuminate\\Pipeline\\{closure}(Object(Illuminate\\Http\\Request))
#45 D:\\1LuuDuLieuSV\\2001240399_TrinhHuuKienQuoc\\phplab\\buoi6\\Lab01_Framework\\vendor\\laravel\\framework\\src\\Illuminate\\Routing\\Router.php(723): Illuminate\\Pipeline\\Pipeline->then(Object(Closure))
#46 D:\\1LuuDuLieuSV\\2001240399_TrinhHuuKienQuoc\\phplab\\buoi6\\Lab01_Framework\\vendor\\laravel\\framework\\src\\Illuminate\\Routing\\Router.php(698): Illuminate\\Routing\\Router->runRouteWithinStack(Object(Illuminate\\Routing\\Route), Object(Illuminate\\Http\\Request))
#47 D:\\1LuuDuLieuSV\\2001240399_TrinhHuuKienQuoc\\phplab\\buoi6\\Lab01_Framework\\vendor\\laravel\\framework\\src\\Illuminate\\Routing\\Router.php(662): Illuminate\\Routing\\Router->runRoute(Object(Illuminate\\Http\\Request), Object(Illuminate\\Routing\\Route))
#48 D:\\1LuuDuLieuSV\\2001240399_TrinhHuuKienQuoc\\phplab\\buoi6\\Lab01_Framework\\vendor\\laravel\\framework\\src\\Illuminate\\Routing\\Router.php(651): Illuminate\\Routing\\Router->dispatchToRoute(Object(Illuminate\\Http\\Request))
#49 D:\\1LuuDuLieuSV\\2001240399_TrinhHuuKienQuoc\\phplab\\buoi6\\Lab01_Framework\\vendor\\laravel\\framework\\src\\Illuminate\\Foundation\\Http\\Kernel.php(167): Illuminate\\Routing\\Router->dispatch(Object(Illuminate\\Http\\Request))
#50 D:\\1LuuDuLieuSV\\2001240399_TrinhHuuKienQuoc\\phplab\\buoi6\\Lab01_Framework\\vendor\\laravel\\framework\\src\\Illuminate\\Pipeline\\Pipeline.php(128): Illuminate\\Foundation\\Http\\Kernel->Illuminate\\Foundation\\Http\\{closure}(Object(Illuminate\\Http\\Request))
#51 D:\\1LuuDuLieuSV\\2001240399_TrinhHuuKienQuoc\\phplab\\buoi6\\Lab01_Framework\\vendor\\laravel\\framework\\src\\Illuminate\\Foundation\\Http\\Middleware\\TransformsRequest.php(21): Illuminate\\Pipeline\\Pipeline->Illuminate\\Pipeline\\{closure}(Object(Illuminate\\Http\\Request))
#52 D:\\1LuuDuLieuSV\\2001240399_TrinhHuuKienQuoc\\phplab\\buoi6\\Lab01_Framework\\vendor\\laravel\\framework\\src\\Illuminate\\Foundation\\Http\\Middleware\\ConvertEmptyStringsToNull.php(31): Illuminate\\Foundation\\Http\\Middleware\\TransformsRequest->handle(Object(Illuminate\\Http\\Request), Object(Closure))
#53 D:\\1LuuDuLieuSV\\2001240399_TrinhHuuKienQuoc\\phplab\\buoi6\\Lab01_Framework\\vendor\\laravel\\framework\\src\\Illuminate\\Pipeline\\Pipeline.php(167): Illuminate\\Foundation\\Http\\Middleware\\ConvertEmptyStringsToNull->handle(Object(Illuminate\\Http\\Request), Object(Closure))
#54 D:\\1LuuDuLieuSV\\2001240399_TrinhHuuKienQuoc\\phplab\\buoi6\\Lab01_Framework\\vendor\\laravel\\framework\\src\\Illuminate\\Foundation\\Http\\Middleware\\TransformsRequest.php(21): Illuminate\\Pipeline\\Pipeline->Illuminate\\Pipeline\\{closure}(Object(Illuminate\\Http\\Request))
#55 D:\\1LuuDuLieuSV\\2001240399_TrinhHuuKienQuoc\\phplab\\buoi6\\Lab01_Framework\\vendor\\laravel\\framework\\src\\Illuminate\\Foundation\\Http\\Middleware\\TrimStrings.php(40): Illuminate\\Foundation\\Http\\Middleware\\TransformsRequest->handle(Object(Illuminate\\Http\\Request), Object(Closure))
#56 D:\\1LuuDuLieuSV\\2001240399_TrinhHuuKienQuoc\\phplab\\buoi6\\Lab01_Framework\\vendor\\laravel\\framework\\src\\Illuminate\\Pipeline\\Pipeline.php(167): Illuminate\\Foundation\\Http\\Middleware\\TrimStrings->handle(Object(Illuminate\\Http\\Request), Object(Closure))
#57 D:\\1LuuDuLieuSV\\2001240399_TrinhHuuKienQuoc\\phplab\\buoi6\\Lab01_Framework\\vendor\\laravel\\framework\\src\\Illuminate\\Foundation\\Http\\Middleware\\ValidatePostSize.php(27): Illuminate\\Pipeline\\Pipeline->Illuminate\\Pipeline\\{closure}(Object(Illuminate\\Http\\Request))
#58 D:\\1LuuDuLieuSV\\2001240399_TrinhHuuKienQuoc\\phplab\\buoi6\\Lab01_Framework\\vendor\\laravel\\framework\\src\\Illuminate\\Pipeline\\Pipeline.php(167): Illuminate\\Foundation\\Http\\Middleware\\ValidatePostSize->handle(Object(Illuminate\\Http\\Request), Object(Closure))
#59 D:\\1LuuDuLieuSV\\2001240399_TrinhHuuKienQuoc\\phplab\\buoi6\\Lab01_Framework\\vendor\\laravel\\framework\\src\\Illuminate\\Foundation\\Http\\Middleware\\PreventRequestsDuringMaintenance.php(86): Illuminate\\Pipeline\\Pipeline->Illuminate\\Pipeline\\{closure}(Object(Illuminate\\Http\\Request))
#60 D:\\1LuuDuLieuSV\\2001240399_TrinhHuuKienQuoc\\phplab\\buoi6\\Lab01_Framework\\vendor\\laravel\\framework\\src\\Illuminate\\Pipeline\\Pipeline.php(167): Illuminate\\Foundation\\Http\\Middleware\\PreventRequestsDuringMaintenance->handle(Object(Illuminate\\Http\\Request), Object(Closure))
#61 D:\\1LuuDuLieuSV\\2001240399_TrinhHuuKienQuoc\\phplab\\buoi6\\Lab01_Framework\\vendor\\fruitcake\\laravel-cors\\src\\HandleCors.php(38): Illuminate\\Pipeline\\Pipeline->Illuminate\\Pipeline\\{closure}(Object(Illuminate\\Http\\Request))
#62 D:\\1LuuDuLieuSV\\2001240399_TrinhHuuKienQuoc\\phplab\\buoi6\\Lab01_Framework\\vendor\\laravel\\framework\\src\\Illuminate\\Pipeline\\Pipeline.php(167): Fruitcake\\Cors\\HandleCors->handle(Object(Illuminate\\Http\\Request), Object(Closure))
#63 D:\\1LuuDuLieuSV\\2001240399_TrinhHuuKienQuoc\\phplab\\buoi6\\Lab01_Framework\\vendor\\laravel\\framework\\src\\Illuminate\\Http\\Middleware\\TrustProxies.php(39): Illuminate\\Pipeline\\Pipeline->Illuminate\\Pipeline\\{closure}(Object(Illuminate\\Http\\Request))
#64 D:\\1LuuDuLieuSV\\2001240399_TrinhHuuKienQuoc\\phplab\\buoi6\\Lab01_Framework\\vendor\\laravel\\framework\\src\\Illuminate\\Pipeline\\Pipeline.php(167): Illuminate\\Http\\Middleware\\TrustProxies->handle(Object(Illuminate\\Http\\Request), Object(Closure))
#65 D:\\1LuuDuLieuSV\\2001240399_TrinhHuuKienQuoc\\phplab\\buoi6\\Lab01_Framework\\vendor\\laravel\\framework\\src\\Illuminate\\Pipeline\\Pipeline.php(103): Illuminate\\Pipeline\\Pipeline->Illuminate\\Pipeline\\{closure}(Object(Illuminate\\Http\\Request))
#66 D:\\1LuuDuLieuSV\\2001240399_TrinhHuuKienQuoc\\phplab\\buoi6\\Lab01_Framework\\vendor\\laravel\\framework\\src\\Illuminate\\Foundation\\Http\\Kernel.php(142): Illuminate\\Pipeline\\Pipeline->then(Object(Closure))
#67 D:\\1LuuDuLieuSV\\2001240399_TrinhHuuKienQuoc\\phplab\\buoi6\\Lab01_Framework\\vendor\\laravel\\framework\\src\\Illuminate\\Foundation\\Http\\Kernel.php(111): Illuminate\\Foundation\\Http\\Kernel->sendRequestThroughRouter(Object(Illuminate\\Http\\Request))
#68 D:\\1LuuDuLieuSV\\2001240399_TrinhHuuKienQuoc\\phplab\\buoi6\\Lab01_Framework\\public\\index.php(52): Illuminate\\Foundation\\Http\\Kernel->handle(Object(Illuminate\\Http\\Request))
#69 D:\\1LuuDuLieuSV\\2001240399_TrinhHuuKienQuoc\\phplab\\buoi6\\Lab01_Framework\\server.php(21): require_once('D:\\\\1LuuDuLieuSV...')
#70 {main}
"} 
[2026-09-21 08:40:32] local.ERROR: SQLSTATE[HY000] [2002] No connection could be made because the target machine actively refused it.
 (SQL: select * from `articles` where `articles`.`id` = 2 limit 1) {"exception":"[object] (Illuminate\\Database\\QueryException(code: 2002): SQLSTATE[HY000] [2002] No connection could be made because the target machine actively refused it.

 (SQL: select * from `articles` where `articles`.`id` = 2 limit 1) at D:\\1LuuDuLieuSV\\2001240399_TrinhHuuKienQuoc\\phplab\\buoi6\\Lab01_Framework\\vendor\\laravel\\framework\\src\\Illuminate\\Database\\Connection.php:712)
[stacktrace]
#0 D:\\1LuuDuLieuSV\\2001240399_TrinhHuuKienQuoc\\phplab\\buoi6\\Lab01_Framework\\vendor\\laravel\\framework\\src\\Illuminate\\Database\\Connection.php(672): Illuminate\\Database\\Connection->runQueryCallback('select * from `...', Array, Object(Closure))
#1 D:\\1LuuDuLieuSV\\2001240399_TrinhHuuKienQuoc\\phplab\\buoi6\\Lab01_Framework\\vendor\\laravel\\framework\\src\\Illuminate\\Database\\Connection.php(376): Illuminate\\Database\\Connection->run('select * from `...', Array, Object(Closure))
#2 D:\\1LuuDuLieuSV\\2001240399_TrinhHuuKienQuoc\\phplab\\buoi6\\Lab01_Framework\\vendor\\laravel\\framework\\src\\Illuminate\\Database\\Query\\Builder.php(2414): Illuminate\\Database\\Connection->select('select * from `...', Array, true)
#3 D:\\1LuuDuLieuSV\\2001240399_TrinhHuuKienQuoc\\phplab\\buoi6\\Lab01_Framework\\vendor\\laravel\\framework\\src\\Illuminate\\Database\\Query\\Builder.php(2402): Illuminate\\Database\\Query\\Builder->runSelect()
#4 D:\\1LuuDuLieuSV\\2001240399_TrinhHuuKienQuoc\\phplab\\buoi6\\Lab01_Framework\\vendor\\laravel\\framework\\src\\Illuminate\\Database\\Query\\Builder.php(2936): Illuminate\\Database\\Query\\Builder->Illuminate\\Database\\Query\\{closure}()
#5 D:\\1LuuDuLieuSV\\2001240399_TrinhHuuKienQuoc\\phplab\\buoi6\\Lab01_Framework\\vendor\\laravel\\framework\\src\\Illuminate\\Database\\Query\\Builder.php(2403): Illuminate\\Database\\Query\\Builder->onceWithColumns(Array, Object(Closure))
#6 D:\\1LuuDuLieuSV\\2001240399_TrinhHuuKienQuoc\\phplab\\buoi6\\Lab01_Framework\\vendor\\laravel\\framework\\src\\Illuminate\\Database\\Eloquent\\Builder.php(625): Illuminate\\Database\\Query\\Builder->get(Array)
#7 D:\\1LuuDuLieuSV\\2001240399_TrinhHuuKienQuoc\\phplab\\buoi6\\Lab01_Framework\\vendor\\laravel\\framework\\src\\Illuminate\\Database\\Eloquent\\Builder.php(609): Illuminate\\Database\\Eloquent\\Builder->getModels(Array)
#8 D:\\1LuuDuLieuSV\\2001240399_TrinhHuuKienQuoc\\phplab\\buoi6\\Lab01_Framework\\vendor\\laravel\\framework\\src\\Illuminate\\Database\\Concerns\\BuildsQueries.php(294): Illuminate\\Database\\Eloquent\\Builder->get(Array)
#9 D:\\1LuuDuLieuSV\\2001240399_TrinhHuuKienQuoc\\phplab\\buoi6\\Lab01_Framework\\vendor\\laravel\\framework\\src\\Illuminate\\Database\\Eloquent\\Builder.php(400): Illuminate\\Database\\Eloquent\\Builder->first(Array)
#10 D:\\1LuuDuLieuSV\\2001240399_TrinhHuuKienQuoc\\phplab\\buoi6\\Lab01_Framework\\vendor\\laravel\\framework\\src\\Illuminate\\Database\\Eloquent\\Builder.php(432): Illuminate\\Database\\Eloquent\\Builder->find('2', Array)
#11 D:\\1LuuDuLieuSV\\2001240399_TrinhHuuKienQuoc\\phplab\\buoi6\\Lab01_Framework\\vendor\\laravel\\framework\\src\\Illuminate\\Support\\Traits\\ForwardsCalls.php(23): Illuminate\\Database\\Eloquent\\Builder->findOrFail('2')
#12 D:\\1LuuDuLieuSV\\2001240399_TrinhHuuKienQuoc\\phplab\\buoi6\\Lab01_Framework\\vendor\\laravel\\framework\\src\\Illuminate\\Database\\Eloquent\\Model.php(2132): Illuminate\\Database\\Eloquent\\Model->forwardCallTo(Object(Illuminate\\Database\\Eloquent\\Builder), 'findOrFail', Array)
#13 D:\\1LuuDuLieuSV\\2001240399_TrinhHuuKienQuoc\\phplab\\buoi6\\Lab01_Framework\\vendor\\laravel\\framework\\src\\Illuminate\\Database\\Eloquent\\Model.php(2144): Illuminate\\Database\\Eloquent\\Model->__call('findOrFail', Array)
#14 D:\\1LuuDuLieuSV\\2001240399_TrinhHuuKienQuoc\\phplab\\buoi6\\Lab01_Framework\\app\\Http\\Controllers\\ArticleController.php(99): Illuminate\\Database\\Eloquent\\Model::__callStatic('findOrFail', Array)
#15 D:\\1LuuDuLieuSV\\2001240399_TrinhHuuKienQuoc\\phplab\\buoi6\\Lab01_Framework\\vendor\\laravel\\framework\\src\\Illuminate\\Routing\\Controller.php(54): App\\Http\\Controllers\\ArticleController->destroy('2')
#16 D:\\1LuuDuLieuSV\\2001240399_TrinhHuuKienQuoc\\phplab\\buoi6\\Lab01_Framework\\vendor\\laravel\\framework\\src\\Illuminate\\Routing\\ControllerDispatcher.php(45): Illuminate\\Routing\\Controller->callAction('destroy', Array)
#17 D:\\1LuuDuLieuSV\\2001240399_TrinhHuuKienQuoc\\phplab\\buoi6\\Lab01_Framework\\vendor\\laravel\\framework\\src\\Illuminate\\Routing\\Route.php(262): Illuminate\\Routing\\ControllerDispatcher->dispatch(Object(Illuminate\\Routing\\Route), Object(App\\Http\\Controllers\\ArticleController), 'destroy')
#18 D:\\1LuuDuLieuSV\\2001240399_TrinhHuuKienQuoc\\phplab\\buoi6\\Lab01_Framework\\vendor\\laravel\\framework\\src\\Illuminate\\Routing\\Route.php(205): Illuminate\\Routing\\Route->runController()
#19 D:\\1LuuDuLieuSV\\2001240399_TrinhHuuKienQuoc\\phplab\\buoi6\\Lab01_Framework\\vendor\\laravel\\framework\\src\\Illuminate\\Routing\\Router.php(721): Illuminate\\Routing\\Route->run()
#20 D:\\1LuuDuLieuSV\\2001240399_TrinhHuuKienQuoc\\phplab\\buoi6\\Lab01_Framework\\vendor\\laravel\\framework\\src\\Illuminate\\Pipeline\\Pipeline.php(128): Illuminate\\Routing\\Router->Illuminate\\Routing\\{closure}(Object(Illuminate\\Http\\Request))
#21 D:\\1LuuDuLieuSV\\2001240399_TrinhHuuKienQuoc\\phplab\\buoi6\\Lab01_Framework\\vendor\\laravel\\framework\\src\\Illuminate\\Routing\\Middleware\\SubstituteBindings.php(50): Illuminate\\Pipeline\\Pipeline->Illuminate\\Pipeline\\{closure}(Object(Illuminate\\Http\\Request))
#22 D:\\1LuuDuLieuSV\\2001240399_TrinhHuuKienQuoc\\phplab\\buoi6\\Lab01_Framework\\vendor\\laravel\\framework\\src\\Illuminate\\Pipeline\\Pipeline.php(167): Illuminate\\Routing\\Middleware\\SubstituteBindings->handle(Object(Illuminate\\Http\\Request), Object(Closure))
#23 D:\\1LuuDuLieuSV\\2001240399_TrinhHuuKienQuoc\\phplab\\buoi6\\Lab01_Framework\\vendor\\laravel\\framework\\src\\Illuminate\\Foundation\\Http\\Middleware\\VerifyCsrfToken.php(78): Illuminate\\Pipeline\\Pipeline->Illuminate\\Pipeline\\{closure}(Object(Illuminate\\Http\\Request))
#24 D:\\1LuuDuLieuSV\\2001240399_TrinhHuuKienQuoc\\phplab\\buoi6\\Lab01_Framework\\vendor\\laravel\\framework\\src\\Illuminate\\Pipeline\\Pipeline.php(167): Illuminate\\Foundation\\Http\\Middleware\\VerifyCsrfToken->handle(Object(Illuminate\\Http\\Request), Object(Closure))
#25 D:\\1LuuDuLieuSV\\2001240399_TrinhHuuKienQuoc\\phplab\\buoi6\\Lab01_Framework\\vendor\\laravel\\framework\\src\\Illuminate\\View\\Middleware\\ShareErrorsFromSession.php(49): Illuminate\\Pipeline\\Pipeline->Illuminate\\Pipeline\\{closure}(Object(Illuminate\\Http\\Request))
#26 D:\\1LuuDuLieuSV\\2001240399_TrinhHuuKienQuoc\\phplab\\buoi6\\Lab01_Framework\\vendor\\laravel\\framework\\src\\Illuminate\\Pipeline\\Pipeline.php(167): Illuminate\\View\\Middleware\\ShareErrorsFromSession->handle(Object(Illuminate\\Http\\Request), Object(Closure))
#27 D:\\1LuuDuLieuSV\\2001240399_TrinhHuuKienQuoc\\phplab\\buoi6\\Lab01_Framework\\vendor\\laravel\\framework\\src\\Illuminate\\Session\\Middleware\\StartSession.php(121): Illuminate\\Pipeline\\Pipeline->Illuminate\\Pipeline\\{closure}(Object(Illuminate\\Http\\Request))
#28 D:\\1LuuDuLieuSV\\2001240399_TrinhHuuKienQuoc\\phplab\\buoi6\\Lab01_Framework\\vendor\\laravel\\framework\\src\\Illuminate\\Session\\Middleware\\StartSession.php(64): Illuminate\\Session\\Middleware\\StartSession->handleStatefulRequest(Object(Illuminate\\Http\\Request), Object(Illuminate\\Session\\Store), Object(Closure))
#29 D:\\1LuuDuLieuSV\\2001240399_TrinhHuuKienQuoc\\phplab\\buoi6\\Lab01_Framework\\vendor\\laravel\\framework\\src\\Illuminate\\Pipeline\\Pipeline.php(167): Illuminate\\Session\\Middleware\\StartSession->handle(Object(Illuminate\\Http\\Request), Object(Closure))
#30 D:\\1LuuDuLieuSV\\2001240399_TrinhHuuKienQuoc\\phplab\\buoi6\\Lab01_Framework\\vendor\\laravel\\framework\\src\\Illuminate\\Cookie\\Middleware\\AddQueuedCookiesToResponse.php(37): Illuminate\\Pipeline\\Pipeline->Illuminate\\Pipeline\\{closure}(Object(Illuminate\\Http\\Request))
#31 D:\\1LuuDuLieuSV\\2001240399_TrinhHuuKienQuoc\\phplab\\buoi6\\Lab01_Framework\\vendor\\laravel\\framework\\src\\Illuminate\\Pipeline\\Pipeline.php(167): Illuminate\\Cookie\\Middleware\\AddQueuedCookiesToResponse->handle(Object(Illuminate\\Http\\Request), Object(Closure))
#32 D:\\1LuuDuLieuSV\\2001240399_TrinhHuuKienQuoc\\phplab\\buoi6\\Lab01_Framework\\vendor\\laravel\\framework\\src\\Illuminate\\Cookie\\Middleware\\EncryptCookies.php(67): Illuminate\\Pipeline\\Pipeline->Illuminate\\Pipeline\\{closure}(Object(Illuminate\\Http\\Request))
#33 D:\\1LuuDuLieuSV\\2001240399_TrinhHuuKienQuoc\\phplab\\buoi6\\Lab01_Framework\\vendor\\laravel\\framework\\src\\Illuminate\\Pipeline\\Pipeline.php(167): Illuminate\\Cookie\\Middleware\\EncryptCookies->handle(Object(Illuminate\\Http\\Request), Object(Closure))
#34 D:\\1LuuDuLieuSV\\2001240399_TrinhHuuKienQuoc\\phplab\\buoi6\\Lab01_Framework\\vendor\\laravel\\framework\\src\\Illuminate\\Pipeline\\Pipeline.php(103): Illuminate\\Pipeline\\Pipeline->Illuminate\\Pipeline\\{closure}(Object(Illuminate\\Http\\Request))
#35 D:\\1LuuDuLieuSV\\2001240399_TrinhHuuKienQuoc\\phplab\\buoi6\\Lab01_Framework\\vendor\\laravel\\framework\\src\\Illuminate\\Routing\\Router.php(723): Illuminate\\Pipeline\\Pipeline->then(Object(Closure))
#36 D:\\1LuuDuLieuSV\\2001240399_TrinhHuuKienQuoc\\phplab\\buoi6\\Lab01_Framework\\vendor\\laravel\\framework\\src\\Illuminate\\Routing\\Router.php(698): Illuminate\\Routing\\Router->runRouteWithinStack(Object(Illuminate\\Routing\\Route), Object(Illuminate\\Http\\Request))
#37 D:\\1LuuDuLieuSV\\2001240399_TrinhHuuKienQuoc\\phplab\\buoi6\\Lab01_Framework\\vendor\\laravel\\framework\\src\\Illuminate\\Routing\\Router.php(662): Illuminate\\Routing\\Router->runRoute(Object(Illuminate\\Http\\Request), Object(Illuminate\\Routing\\Route))
#38 D:\\1LuuDuLieuSV\\2001240399_TrinhHuuKienQuoc\\phplab\\buoi6\\Lab01_Framework\\vendor\\laravel\\framework\\src\\Illuminate\\Routing\\Router.php(651): Illuminate\\Routing\\Router->dispatchToRoute(Object(Illuminate\\Http\\Request))
#39 D:\\1LuuDuLieuSV\\2001240399_TrinhHuuKienQuoc\\phplab\\buoi6\\Lab01_Framework\\vendor\\laravel\\framework\\src\\Illuminate\\Foundation\\Http\\Kernel.php(167): Illuminate\\Routing\\Router->dispatch(Object(Illuminate\\Http\\Request))
#40 D:\\1LuuDuLieuSV\\2001240399_TrinhHuuKienQuoc\\phplab\\buoi6\\Lab01_Framework\\vendor\\laravel\\framework\\src\\Illuminate\\Pipeline\\Pipeline.php(128): Illuminate\\Foundation\\Http\\Kernel->Illuminate\\Foundation\\Http\\{closure}(Object(Illuminate\\Http\\Request))
#41 D:\\1LuuDuLieuSV\\2001240399_TrinhHuuKienQuoc\\phplab\\buoi6\\Lab01_Framework\\vendor\\laravel\\framework\\src\\Illuminate\\Foundation\\Http\\Middleware\\TransformsRequest.php(21): Illuminate\\Pipeline\\Pipeline->Illuminate\\Pipeline\\{closure}(Object(Illuminate\\Http\\Request))
#42 D:\\1LuuDuLieuSV\\2001240399_TrinhHuuKienQuoc\\phplab\\buoi6\\Lab01_Framework\\vendor\\laravel\\framework\\src\\Illuminate\\Foundation\\Http\\Middleware\\ConvertEmptyStringsToNull.php(31): Illuminate\\Foundation\\Http\\Middleware\\TransformsRequest->handle(Object(Illuminate\\Http\\Request), Object(Closure))
#43 D:\\1LuuDuLieuSV\\2001240399_TrinhHuuKienQuoc\\phplab\\buoi6\\Lab01_Framework\\vendor\\laravel\\framework\\src\\Illuminate\\Pipeline\\Pipeline.php(167): Illuminate\\Foundation\\Http\\Middleware\\ConvertEmptyStringsToNull->handle(Object(Illuminate\\Http\\Request), Object(Closure))
#44 D:\\1LuuDuLieuSV\\2001240399_TrinhHuuKienQuoc\\phplab\\buoi6\\Lab01_Framework\\vendor\\laravel\\framework\\src\\Illuminate\\Foundation\\Http\\Middleware\\TransformsRequest.php(21): Illuminate\\Pipeline\\Pipeline->Illuminate\\Pipeline\\{closure}(Object(Illuminate\\Http\\Request))
#45 D:\\1LuuDuLieuSV\\2001240399_TrinhHuuKienQuoc\\phplab\\buoi6\\Lab01_Framework\\vendor\\laravel\\framework\\src\\Illuminate\\Foundation\\Http\\Middleware\\TrimStrings.php(40): Illuminate\\Foundation\\Http\\Middleware\\TransformsRequest->handle(Object(Illuminate\\Http\\Request), Object(Closure))
#46 D:\\1LuuDuLieuSV\\2001240399_TrinhHuuKienQuoc\\phplab\\buoi6\\Lab01_Framework\\vendor\\laravel\\framework\\src\\Illuminate\\Pipeline\\Pipeline.php(167): Illuminate\\Foundation\\Http\\Middleware\\TrimStrings->handle(Object(Illuminate\\Http\\Request), Object(Closure))
#47 D:\\1LuuDuLieuSV\\2001240399_TrinhHuuKienQuoc\\phplab\\buoi6\\Lab01_Framework\\vendor\\laravel\\framework\\src\\Illuminate\\Foundation\\Http\\Middleware\\ValidatePostSize.php(27): Illuminate\\Pipeline\\Pipeline->Illuminate\\Pipeline\\{closure}(Object(Illuminate\\Http\\Request))
#48 D:\\1LuuDuLieuSV\\2001240399_TrinhHuuKienQuoc\\phplab\\buoi6\\Lab01_Framework\\vendor\\laravel\\framework\\src\\Illuminate\\Pipeline\\Pipeline.php(167): Illuminate\\Foundation\\Http\\Middleware\\ValidatePostSize->handle(Object(Illuminate\\Http\\Request), Object(Closure))
#49 D:\\1LuuDuLieuSV\\2001240399_TrinhHuuKienQuoc\\phplab\\buoi6\\Lab01_Framework\\vendor\\laravel\\framework\\src\\Illuminate\\Foundation\\Http\\Middleware\\PreventRequestsDuringMaintenance.php(86): Illuminate\\Pipeline\\Pipeline->Illuminate\\Pipeline\\{closure}(Object(Illuminate\\Http\\Request))
#50 D:\\1LuuDuLieuSV\\2001240399_TrinhHuuKienQuoc\\phplab\\buoi6\\Lab01_Framework\\vendor\\laravel\\framework\\src\\Illuminate\\Pipeline\\Pipeline.php(167): Illuminate\\Foundation\\Http\\Middleware\\PreventRequestsDuringMaintenance->handle(Object(Illuminate\\Http\\Request), Object(Closure))
#51 D:\\1LuuDuLieuSV\\2001240399_TrinhHuuKienQuoc\\phplab\\buoi6\\Lab01_Framework\\vendor\\fruitcake\\laravel-cors\\src\\HandleCors.php(38): Illuminate\\Pipeline\\Pipeline->Illuminate\\Pipeline\\{closure}(Object(Illuminate\\Http\\Request))
#52 D:\\1LuuDuLieuSV\\2001240399_TrinhHuuKienQuoc\\phplab\\buoi6\\Lab01_Framework\\vendor\\laravel\\framework\\src\\Illuminate\\Pipeline\\Pipeline.php(167): Fruitcake\\Cors\\HandleCors->handle(Object(Illuminate\\Http\\Request), Object(Closure))
#53 D:\\1LuuDuLieuSV\\2001240399_TrinhHuuKienQuoc\\phplab\\buoi6\\Lab01_Framework\\vendor\\laravel\\framework\\src\\Illuminate\\Http\\Middleware\\TrustProxies.php(39): Illuminate\\Pipeline\\Pipeline->Illuminate\\Pipeline\\{closure}(Object(Illuminate\\Http\\Request))
#54 D:\\1LuuDuLieuSV\\2001240399_TrinhHuuKienQuoc\\phplab\\buoi6\\Lab01_Framework\\vendor\\laravel\\framework\\src\\Illuminate\\Pipeline\\Pipeline.php(167): Illuminate\\Http\\Middleware\\TrustProxies->handle(Object(Illuminate\\Http\\Request), Object(Closure))
#55 D:\\1LuuDuLieuSV\\2001240399_TrinhHuuKienQuoc\\phplab\\buoi6\\Lab01_Framework\\vendor\\laravel\\framework\\src\\Illuminate\\Pipeline\\Pipeline.php(103): Illuminate\\Pipeline\\Pipeline->Illuminate\\Pipeline\\{closure}(Object(Illuminate\\Http\\Request))
#56 D:\\1LuuDuLieuSV\\2001240399_TrinhHuuKienQuoc\\phplab\\buoi6\\Lab01_Framework\\vendor\\laravel\\framework\\src\\Illuminate\\Foundation\\Http\\Kernel.php(142): Illuminate\\Pipeline\\Pipeline->then(Object(Closure))
#57 D:\\1LuuDuLieuSV\\2001240399_TrinhHuuKienQuoc\\phplab\\buoi6\\Lab01_Framework\\vendor\\laravel\\framework\\src\\Illuminate\\Foundation\\Http\\Kernel.php(111): Illuminate\\Foundation\\Http\\Kernel->sendRequestThroughRouter(Object(Illuminate\\Http\\Request))
#58 D:\\1LuuDuLieuSV\\2001240399_TrinhHuuKienQuoc\\phplab\\buoi6\\Lab01_Framework\\public\\index.php(52): Illuminate\\Foundation\\Http\\Kernel->handle(Object(Illuminate\\Http\\Request))
#59 D:\\1LuuDuLieuSV\\2001240399_TrinhHuuKienQuoc\\phplab\\buoi6\\Lab01_Framework\\server.php(21): require_once('D:\\\\1LuuDuLieuSV...')
#60 {main}

[previous exception] [object] (PDOException(code: 2002): SQLSTATE[HY000] [2002] No connection could be made because the target machine actively refused it.

 at D:\\1LuuDuLieuSV\\2001240399_TrinhHuuKienQuoc\\phplab\\buoi6\\Lab01_Framework\\vendor\\laravel\\framework\\src\\Illuminate\\Database\\Connectors\\Connector.php:70)
[stacktrace]
#0 D:\\1LuuDuLieuSV\\2001240399_TrinhHuuKienQuoc\\phplab\\buoi6\\Lab01_Framework\\vendor\\laravel\\framework\\src\\Illuminate\\Database\\Connectors\\Connector.php(70): PDO->__construct('mysql:host=127....', 'root', '', Array)
#1 D:\\1LuuDuLieuSV\\2001240399_TrinhHuuKienQuoc\\phplab\\buoi6\\Lab01_Framework\\vendor\\laravel\\framework\\src\\Illuminate\\Database\\Connectors\\Connector.php(46): Illuminate\\Database\\Connectors\\Connector->createPdoConnection('mysql:host=127....', 'root', '', Array)
#2 D:\\1LuuDuLieuSV\\2001240399_TrinhHuuKienQuoc\\phplab\\buoi6\\Lab01_Framework\\vendor\\laravel\\framework\\src\\Illuminate\\Database\\Connectors\\MySqlConnector.php(24): Illuminate\\Database\\Connectors\\Connector->createConnection('mysql:host=127....', Array, Array)
#3 D:\\1LuuDuLieuSV\\2001240399_TrinhHuuKienQuoc\\phplab\\buoi6\\Lab01_Framework\\vendor\\laravel\\framework\\src\\Illuminate\\Database\\Connectors\\ConnectionFactory.php(184): Illuminate\\Database\\Connectors\\MySqlConnector->connect(Array)
#4 [internal function]: Illuminate\\Database\\Connectors\\ConnectionFactory->Illuminate\\Database\\Connectors\\{closure}()
#5 D:\\1LuuDuLieuSV\\2001240399_TrinhHuuKienQuoc\\phplab\\buoi6\\Lab01_Framework\\vendor\\laravel\\framework\\src\\Illuminate\\Database\\Connection.php(1064): call_user_func(Object(Closure))
#6 D:\\1LuuDuLieuSV\\2001240399_TrinhHuuKienQuoc\\phplab\\buoi6\\Lab01_Framework\\vendor\\laravel\\framework\\src\\Illuminate\\Database\\Connection.php(1100): Illuminate\\Database\\Connection->getPdo()
#7 D:\\1LuuDuLieuSV\\2001240399_TrinhHuuKienQuoc\\phplab\\buoi6\\Lab01_Framework\\vendor\\laravel\\framework\\src\\Illuminate\\Database\\Connection.php(442): Illuminate\\Database\\Connection->getReadPdo()
#8 D:\\1LuuDuLieuSV\\2001240399_TrinhHuuKienQuoc\\phplab\\buoi6\\Lab01_Framework\\vendor\\laravel\\framework\\src\\Illuminate\\Database\\Connection.php(368): Illuminate\\Database\\Connection->getPdoForSelect(true)
#9 D:\\1LuuDuLieuSV\\2001240399_TrinhHuuKienQuoc\\phplab\\buoi6\\Lab01_Framework\\vendor\\laravel\\framework\\src\\Illuminate\\Database\\Connection.php(705): Illuminate\\Database\\Connection->Illuminate\\Database\\{closure}('select * from `...', Array)
#10 D:\\1LuuDuLieuSV\\2001240399_TrinhHuuKienQuoc\\phplab\\buoi6\\Lab01_Framework\\vendor\\laravel\\framework\\src\\Illuminate\\Database\\Connection.php(672): Illuminate\\Database\\Connection->runQueryCallback('select * from `...', Array, Object(Closure))
#11 D:\\1LuuDuLieuSV\\2001240399_TrinhHuuKienQuoc\\phplab\\buoi6\\Lab01_Framework\\vendor\\laravel\\framework\\src\\Illuminate\\Database\\Connection.php(376): Illuminate\\Database\\Connection->run('select * from `...', Array, Object(Closure))
#12 D:\\1LuuDuLieuSV\\2001240399_TrinhHuuKienQuoc\\phplab\\buoi6\\Lab01_Framework\\vendor\\laravel\\framework\\src\\Illuminate\\Database\\Query\\Builder.php(2414): Illuminate\\Database\\Connection->select('select * from `...', Array, true)
#13 D:\\1LuuDuLieuSV\\2001240399_TrinhHuuKienQuoc\\phplab\\buoi6\\Lab01_Framework\\vendor\\laravel\\framework\\src\\Illuminate\\Database\\Query\\Builder.php(2402): Illuminate\\Database\\Query\\Builder->runSelect()
#14 D:\\1LuuDuLieuSV\\2001240399_TrinhHuuKienQuoc\\phplab\\buoi6\\Lab01_Framework\\vendor\\laravel\\framework\\src\\Illuminate\\Database\\Query\\Builder.php(2936): Illuminate\\Database\\Query\\Builder->Illuminate\\Database\\Query\\{closure}()
#15 D:\\1LuuDuLieuSV\\2001240399_TrinhHuuKienQuoc\\phplab\\buoi6\\Lab01_Framework\\vendor\\laravel\\framework\\src\\Illuminate\\Database\\Query\\Builder.php(2403): Illuminate\\Database\\Query\\Builder->onceWithColumns(Array, Object(Closure))
#16 D:\\1LuuDuLieuSV\\2001240399_TrinhHuuKienQuoc\\phplab\\buoi6\\Lab01_Framework\\vendor\\laravel\\framework\\src\\Illuminate\\Database\\Eloquent\\Builder.php(625): Illuminate\\Database\\Query\\Builder->get(Array)
#17 D:\\1LuuDuLieuSV\\2001240399_TrinhHuuKienQuoc\\phplab\\buoi6\\Lab01_Framework\\vendor\\laravel\\framework\\src\\Illuminate\\Database\\Eloquent\\Builder.php(609): Illuminate\\Database\\Eloquent\\Builder->getModels(Array)
#18 D:\\1LuuDuLieuSV\\2001240399_TrinhHuuKienQuoc\\phplab\\buoi6\\Lab01_Framework\\vendor\\laravel\\framework\\src\\Illuminate\\Database\\Concerns\\BuildsQueries.php(294): Illuminate\\Database\\Eloquent\\Builder->get(Array)
#19 D:\\1LuuDuLieuSV\\2001240399_TrinhHuuKienQuoc\\phplab\\buoi6\\Lab01_Framework\\vendor\\laravel\\framework\\src\\Illuminate\\Database\\Eloquent\\Builder.php(400): Illuminate\\Database\\Eloquent\\Builder->first(Array)
#20 D:\\1LuuDuLieuSV\\2001240399_TrinhHuuKienQuoc\\phplab\\buoi6\\Lab01_Framework\\vendor\\laravel\\framework\\src\\Illuminate\\Database\\Eloquent\\Builder.php(432): Illuminate\\Database\\Eloquent\\Builder->find('2', Array)
#21 D:\\1LuuDuLieuSV\\2001240399_TrinhHuuKienQuoc\\phplab\\buoi6\\Lab01_Framework\\vendor\\laravel\\framework\\src\\Illuminate\\Support\\Traits\\ForwardsCalls.php(23): Illuminate\\Database\\Eloquent\\Builder->findOrFail('2')
#22 D:\\1LuuDuLieuSV\\2001240399_TrinhHuuKienQuoc\\phplab\\buoi6\\Lab01_Framework\\vendor\\laravel\\framework\\src\\Illuminate\\Database\\Eloquent\\Model.php(2132): Illuminate\\Database\\Eloquent\\Model->forwardCallTo(Object(Illuminate\\Database\\Eloquent\\Builder), 'findOrFail', Array)
#23 D:\\1LuuDuLieuSV\\2001240399_TrinhHuuKienQuoc\\phplab\\buoi6\\Lab01_Framework\\vendor\\laravel\\framework\\src\\Illuminate\\Database\\Eloquent\\Model.php(2144): Illuminate\\Database\\Eloquent\\Model->__call('findOrFail', Array)
#24 D:\\1LuuDuLieuSV\\2001240399_TrinhHuuKienQuoc\\phplab\\buoi6\\Lab01_Framework\\app\\Http\\Controllers\\ArticleController.php(99): Illuminate\\Database\\Eloquent\\Model::__callStatic('findOrFail', Array)
#25 D:\\1LuuDuLieuSV\\2001240399_TrinhHuuKienQuoc\\phplab\\buoi6\\Lab01_Framework\\vendor\\laravel\\framework\\src\\Illuminate\\Routing\\Controller.php(54): App\\Http\\Controllers\\ArticleController->destroy('2')
#26 D:\\1LuuDuLieuSV\\2001240399_TrinhHuuKienQuoc\\phplab\\buoi6\\Lab01_Framework\\vendor\\laravel\\framework\\src\\Illuminate\\Routing\\ControllerDispatcher.php(45): Illuminate\\Routing\\Controller->callAction('destroy', Array)
#27 D:\\1LuuDuLieuSV\\2001240399_TrinhHuuKienQuoc\\phplab\\buoi6\\Lab01_Framework\\vendor\\laravel\\framework\\src\\Illuminate\\Routing\\Route.php(262): Illuminate\\Routing\\ControllerDispatcher->dispatch(Object(Illuminate\\Routing\\Route), Object(App\\Http\\Controllers\\ArticleController), 'destroy')
#28 D:\\1LuuDuLieuSV\\2001240399_TrinhHuuKienQuoc\\phplab\\buoi6\\Lab01_Framework\\vendor\\laravel\\framework\\src\\Illuminate\\Routing\\Route.php(205): Illuminate\\Routing\\Route->runController()
#29 D:\\1LuuDuLieuSV\\2001240399_TrinhHuuKienQuoc\\phplab\\buoi6\\Lab01_Framework\\vendor\\laravel\\framework\\src\\Illuminate\\Routing\\Router.php(721): Illuminate\\Routing\\Route->run()
#30 D:\\1LuuDuLieuSV\\2001240399_TrinhHuuKienQuoc\\phplab\\buoi6\\Lab01_Framework\\vendor\\laravel\\framework\\src\\Illuminate\\Pipeline\\Pipeline.php(128): Illuminate\\Routing\\Router->Illuminate\\Routing\\{closure}(Object(Illuminate\\Http\\Request))
#31 D:\\1LuuDuLieuSV\\2001240399_TrinhHuuKienQuoc\\phplab\\buoi6\\Lab01_Framework\\vendor\\laravel\\framework\\src\\Illuminate\\Routing\\Middleware\\SubstituteBindings.php(50): Illuminate\\Pipeline\\Pipeline->Illuminate\\Pipeline\\{closure}(Object(Illuminate\\Http\\Request))
#32 D:\\1LuuDuLieuSV\\2001240399_TrinhHuuKienQuoc\\phplab\\buoi6\\Lab01_Framework\\vendor\\laravel\\framework\\src\\Illuminate\\Pipeline\\Pipeline.php(167): Illuminate\\Routing\\Middleware\\SubstituteBindings->handle(Object(Illuminate\\Http\\Request), Object(Closure))
#33 D:\\1LuuDuLieuSV\\2001240399_TrinhHuuKienQuoc\\phplab\\buoi6\\Lab01_Framework\\vendor\\laravel\\framework\\src\\Illuminate\\Foundation\\Http\\Middleware\\VerifyCsrfToken.php(78): Illuminate\\Pipeline\\Pipeline->Illuminate\\Pipeline\\{closure}(Object(Illuminate\\Http\\Request))
#34 D:\\1LuuDuLieuSV\\2001240399_TrinhHuuKienQuoc\\phplab\\buoi6\\Lab01_Framework\\vendor\\laravel\\framework\\src\\Illuminate\\Pipeline\\Pipeline.php(167): Illuminate\\Foundation\\Http\\Middleware\\VerifyCsrfToken->handle(Object(Illuminate\\Http\\Request), Object(Closure))
#35 D:\\1LuuDuLieuSV\\2001240399_TrinhHuuKienQuoc\\phplab\\buoi6\\Lab01_Framework\\vendor\\laravel\\framework\\src\\Illuminate\\View\\Middleware\\ShareErrorsFromSession.php(49): Illuminate\\Pipeline\\Pipeline->Illuminate\\Pipeline\\{closure}(Object(Illuminate\\Http\\Request))
#36 D:\\1LuuDuLieuSV\\2001240399_TrinhHuuKienQuoc\\phplab\\buoi6\\Lab01_Framework\\vendor\\laravel\\framework\\src\\Illuminate\\Pipeline\\Pipeline.php(167): Illuminate\\View\\Middleware\\ShareErrorsFromSession->handle(Object(Illuminate\\Http\\Request), Object(Closure))
#37 D:\\1LuuDuLieuSV\\2001240399_TrinhHuuKienQuoc\\phplab\\buoi6\\Lab01_Framework\\vendor\\laravel\\framework\\src\\Illuminate\\Session\\Middleware\\StartSession.php(121): Illuminate\\Pipeline\\Pipeline->Illuminate\\Pipeline\\{closure}(Object(Illuminate\\Http\\Request))
#38 D:\\1LuuDuLieuSV\\2001240399_TrinhHuuKienQuoc\\phplab\\buoi6\\Lab01_Framework\\vendor\\laravel\\framework\\src\\Illuminate\\Session\\Middleware\\StartSession.php(64): Illuminate\\Session\\Middleware\\StartSession->handleStatefulRequest(Object(Illuminate\\Http\\Request), Object(Illuminate\\Session\\Store), Object(Closure))
#39 D:\\1LuuDuLieuSV\\2001240399_TrinhHuuKienQuoc\\phplab\\buoi6\\Lab01_Framework\\vendor\\laravel\\framework\\src\\Illuminate\\Pipeline\\Pipeline.php(167): Illuminate\\Session\\Middleware\\StartSession->handle(Object(Illuminate\\Http\\Request), Object(Closure))
#40 D:\\1LuuDuLieuSV\\2001240399_TrinhHuuKienQuoc\\phplab\\buoi6\\Lab01_Framework\\vendor\\laravel\\framework\\src\\Illuminate\\Cookie\\Middleware\\AddQueuedCookiesToResponse.php(37): Illuminate\\Pipeline\\Pipeline->Illuminate\\Pipeline\\{closure}(Object(Illuminate\\Http\\Request))
#41 D:\\1LuuDuLieuSV\\2001240399_TrinhHuuKienQuoc\\phplab\\buoi6\\Lab01_Framework\\vendor\\laravel\\framework\\src\\Illuminate\\Pipeline\\Pipeline.php(167): Illuminate\\Cookie\\Middleware\\AddQueuedCookiesToResponse->handle(Object(Illuminate\\Http\\Request), Object(Closure))
#42 D:\\1LuuDuLieuSV\\2001240399_TrinhHuuKienQuoc\\phplab\\buoi6\\Lab01_Framework\\vendor\\laravel\\framework\\src\\Illuminate\\Cookie\\Middleware\\EncryptCookies.php(67): Illuminate\\Pipeline\\Pipeline->Illuminate\\Pipeline\\{closure}(Object(Illuminate\\Http\\Request))
#43 D:\\1LuuDuLieuSV\\2001240399_TrinhHuuKienQuoc\\phplab\\buoi6\\Lab01_Framework\\vendor\\laravel\\framework\\src\\Illuminate\\Pipeline\\Pipeline.php(167): Illuminate\\Cookie\\Middleware\\EncryptCookies->handle(Object(Illuminate\\Http\\Request), Object(Closure))
#44 D:\\1LuuDuLieuSV\\2001240399_TrinhHuuKienQuoc\\phplab\\buoi6\\Lab01_Framework\\vendor\\laravel\\framework\\src\\Illuminate\\Pipeline\\Pipeline.php(103): Illuminate\\Pipeline\\Pipeline->Illuminate\\Pipeline\\{closure}(Object(Illuminate\\Http\\Request))
#45 D:\\1LuuDuLieuSV\\2001240399_TrinhHuuKienQuoc\\phplab\\buoi6\\Lab01_Framework\\vendor\\laravel\\framework\\src\\Illuminate\\Routing\\Router.php(723): Illuminate\\Pipeline\\Pipeline->then(Object(Closure))
#46 D:\\1LuuDuLieuSV\\2001240399_TrinhHuuKienQuoc\\phplab\\buoi6\\Lab01_Framework\\vendor\\laravel\\framework\\src\\Illuminate\\Routing\\Router.php(698): Illuminate\\Routing\\Router->runRouteWithinStack(Object(Illuminate\\Routing\\Route), Object(Illuminate\\Http\\Request))
#47 D:\\1LuuDuLieuSV\\2001240399_TrinhHuuKienQuoc\\phplab\\buoi6\\Lab01_Framework\\vendor\\laravel\\framework\\src\\Illuminate\\Routing\\Router.php(662): Illuminate\\Routing\\Router->runRoute(Object(Illuminate\\Http\\Request), Object(Illuminate\\Routing\\Route))
#48 D:\\1LuuDuLieuSV\\2001240399_TrinhHuuKienQuoc\\phplab\\buoi6\\Lab01_Framework\\vendor\\laravel\\framework\\src\\Illuminate\\Routing\\Router.php(651): Illuminate\\Routing\\Router->dispatchToRoute(Object(Illuminate\\Http\\Request))
#49 D:\\1LuuDuLieuSV\\2001240399_TrinhHuuKienQuoc\\phplab\\buoi6\\Lab01_Framework\\vendor\\laravel\\framework\\src\\Illuminate\\Foundation\\Http\\Kernel.php(167): Illuminate\\Routing\\Router->dispatch(Object(Illuminate\\Http\\Request))
#50 D:\\1LuuDuLieuSV\\2001240399_TrinhHuuKienQuoc\\phplab\\buoi6\\Lab01_Framework\\vendor\\laravel\\framework\\src\\Illuminate\\Pipeline\\Pipeline.php(128): Illuminate\\Foundation\\Http\\Kernel->Illuminate\\Foundation\\Http\\{closure}(Object(Illuminate\\Http\\Request))
#51 D:\\1LuuDuLieuSV\\2001240399_TrinhHuuKienQuoc\\phplab\\buoi6\\Lab01_Framework\\vendor\\laravel\\framework\\src\\Illuminate\\Foundation\\Http\\Middleware\\TransformsRequest.php(21): Illuminate\\Pipeline\\Pipeline->Illuminate\\Pipeline\\{closure}(Object(Illuminate\\Http\\Request))
#52 D:\\1LuuDuLieuSV\\2001240399_TrinhHuuKienQuoc\\phplab\\buoi6\\Lab01_Framework\\vendor\\laravel\\framework\\src\\Illuminate\\Foundation\\Http\\Middleware\\ConvertEmptyStringsToNull.php(31): Illuminate\\Foundation\\Http\\Middleware\\TransformsRequest->handle(Object(Illuminate\\Http\\Request), Object(Closure))
#53 D:\\1LuuDuLieuSV\\2001240399_TrinhHuuKienQuoc\\phplab\\buoi6\\Lab01_Framework\\vendor\\laravel\\framework\\src\\Illuminate\\Pipeline\\Pipeline.php(167): Illuminate\\Foundation\\Http\\Middleware\\ConvertEmptyStringsToNull->handle(Object(Illuminate\\Http\\Request), Object(Closure))
#54 D:\\1LuuDuLieuSV\\2001240399_TrinhHuuKienQuoc\\phplab\\buoi6\\Lab01_Framework\\vendor\\laravel\\framework\\src\\Illuminate\\Foundation\\Http\\Middleware\\TransformsRequest.php(21): Illuminate\\Pipeline\\Pipeline->Illuminate\\Pipeline\\{closure}(Object(Illuminate\\Http\\Request))
#55 D:\\1LuuDuLieuSV\\2001240399_TrinhHuuKienQuoc\\phplab\\buoi6\\Lab01_Framework\\vendor\\laravel\\framework\\src\\Illuminate\\Foundation\\Http\\Middleware\\TrimStrings.php(40): Illuminate\\Foundation\\Http\\Middleware\\TransformsRequest->handle(Object(Illuminate\\Http\\Request), Object(Closure))
#56 D:\\1LuuDuLieuSV\\2001240399_TrinhHuuKienQuoc\\phplab\\buoi6\\Lab01_Framework\\vendor\\laravel\\framework\\src\\Illuminate\\Pipeline\\Pipeline.php(167): Illuminate\\Foundation\\Http\\Middleware\\TrimStrings->handle(Object(Illuminate\\Http\\Request), Object(Closure))
#57 D:\\1LuuDuLieuSV\\2001240399_TrinhHuuKienQuoc\\phplab\\buoi6\\Lab01_Framework\\vendor\\laravel\\framework\\src\\Illuminate\\Foundation\\Http\\Middleware\\ValidatePostSize.php(27): Illuminate\\Pipeline\\Pipeline->Illuminate\\Pipeline\\{closure}(Object(Illuminate\\Http\\Request))
#58 D:\\1LuuDuLieuSV\\2001240399_TrinhHuuKienQuoc\\phplab\\buoi6\\Lab01_Framework\\vendor\\laravel\\framework\\src\\Illuminate\\Pipeline\\Pipeline.php(167): Illuminate\\Foundation\\Http\\Middleware\\ValidatePostSize->handle(Object(Illuminate\\Http\\Request), Object(Closure))
#59 D:\\1LuuDuLieuSV\\2001240399_TrinhHuuKienQuoc\\phplab\\buoi6\\Lab01_Framework\\vendor\\laravel\\framework\\src\\Illuminate\\Foundation\\Http\\Middleware\\PreventRequestsDuringMaintenance.php(86): Illuminate\\Pipeline\\Pipeline->Illuminate\\Pipeline\\{closure}(Object(Illuminate\\Http\\Request))
#60 D:\\1LuuDuLieuSV\\2001240399_TrinhHuuKienQuoc\\phplab\\buoi6\\Lab01_Framework\\vendor\\laravel\\framework\\src\\Illuminate\\Pipeline\\Pipeline.php(167): Illuminate\\Foundation\\Http\\Middleware\\PreventRequestsDuringMaintenance->handle(Object(Illuminate\\Http\\Request), Object(Closure))
#61 D:\\1LuuDuLieuSV\\2001240399_TrinhHuuKienQuoc\\phplab\\buoi6\\Lab01_Framework\\vendor\\fruitcake\\laravel-cors\\src\\HandleCors.php(38): Illuminate\\Pipeline\\Pipeline->Illuminate\\Pipeline\\{closure}(Object(Illuminate\\Http\\Request))
#62 D:\\1LuuDuLieuSV\\2001240399_TrinhHuuKienQuoc\\phplab\\buoi6\\Lab01_Framework\\vendor\\laravel\\framework\\src\\Illuminate\\Pipeline\\Pipeline.php(167): Fruitcake\\Cors\\HandleCors->handle(Object(Illuminate\\Http\\Request), Object(Closure))
#63 D:\\1LuuDuLieuSV\\2001240399_TrinhHuuKienQuoc\\phplab\\buoi6\\Lab01_Framework\\vendor\\laravel\\framework\\src\\Illuminate\\Http\\Middleware\\TrustProxies.php(39): Illuminate\\Pipeline\\Pipeline->Illuminate\\Pipeline\\{closure}(Object(Illuminate\\Http\\Request))
#64 D:\\1LuuDuLieuSV\\2001240399_TrinhHuuKienQuoc\\phplab\\buoi6\\Lab01_Framework\\vendor\\laravel\\framework\\src\\Illuminate\\Pipeline\\Pipeline.php(167): Illuminate\\Http\\Middleware\\TrustProxies->handle(Object(Illuminate\\Http\\Request), Object(Closure))
#65 D:\\1LuuDuLieuSV\\2001240399_TrinhHuuKienQuoc\\phplab\\buoi6\\Lab01_Framework\\vendor\\laravel\\framework\\src\\Illuminate\\Pipeline\\Pipeline.php(103): Illuminate\\Pipeline\\Pipeline->Illuminate\\Pipeline\\{closure}(Object(Illuminate\\Http\\Request))
#66 D:\\1LuuDuLieuSV\\2001240399_TrinhHuuKienQuoc\\phplab\\buoi6\\Lab01_Framework\\vendor\\laravel\\framework\\src\\Illuminate\\Foundation\\Http\\Kernel.php(142): Illuminate\\Pipeline\\Pipeline->then(Object(Closure))
#67 D:\\1LuuDuLieuSV\\2001240399_TrinhHuuKienQuoc\\phplab\\buoi6\\Lab01_Framework\\vendor\\laravel\\framework\\src\\Illuminate\\Foundation\\Http\\Kernel.php(111): Illuminate\\Foundation\\Http\\Kernel->sendRequestThroughRouter(Object(Illuminate\\Http\\Request))
#68 D:\\1LuuDuLieuSV\\2001240399_TrinhHuuKienQuoc\\phplab\\buoi6\\Lab01_Framework\\public\\index.php(52): Illuminate\\Foundation\\Http\\Kernel->handle(Object(Illuminate\\Http\\Request))
#69 D:\\1LuuDuLieuSV\\2001240399_TrinhHuuKienQuoc\\phplab\\buoi6\\Lab01_Framework\\server.php(21): require_once('D:\\\\1LuuDuLieuSV...')
#70 {main}
"} 
[2026-09-21 08:41:18] local.ERROR: SQLSTATE[HY000] [2002] No connection could be made because the target machine actively refused it.
 (SQL: select * from `articles` where `articles`.`id` = 1 limit 1) {"exception":"[object] (Illuminate\\Database\\QueryException(code: 2002): SQLSTATE[HY000] [2002] No connection could be made because the target machine actively refused it.

 (SQL: select * from `articles` where `articles`.`id` = 1 limit 1) at D:\\1LuuDuLieuSV\\2001240399_TrinhHuuKienQuoc\\phplab\\buoi6\\Lab01_Framework\\vendor\\laravel\\framework\\src\\Illuminate\\Database\\Connection.php:712)
[stacktrace]
#0 D:\\1LuuDuLieuSV\\2001240399_TrinhHuuKienQuoc\\phplab\\buoi6\\Lab01_Framework\\vendor\\laravel\\framework\\src\\Illuminate\\Database\\Connection.php(672): Illuminate\\Database\\Connection->runQueryCallback('select * from `...', Array, Object(Closure))
#1 D:\\1LuuDuLieuSV\\2001240399_TrinhHuuKienQuoc\\phplab\\buoi6\\Lab01_Framework\\vendor\\laravel\\framework\\src\\Illuminate\\Database\\Connection.php(376): Illuminate\\Database\\Connection->run('select * from `...', Array, Object(Closure))
#2 D:\\1LuuDuLieuSV\\2001240399_TrinhHuuKienQuoc\\phplab\\buoi6\\Lab01_Framework\\vendor\\laravel\\framework\\src\\Illuminate\\Database\\Query\\Builder.php(2414): Illuminate\\Database\\Connection->select('select * from `...', Array, true)
#3 D:\\1LuuDuLieuSV\\2001240399_TrinhHuuKienQuoc\\phplab\\buoi6\\Lab01_Framework\\vendor\\laravel\\framework\\src\\Illuminate\\Database\\Query\\Builder.php(2402): Illuminate\\Database\\Query\\Builder->runSelect()
#4 D:\\1LuuDuLieuSV\\2001240399_TrinhHuuKienQuoc\\phplab\\buoi6\\Lab01_Framework\\vendor\\laravel\\framework\\src\\Illuminate\\Database\\Query\\Builder.php(2936): Illuminate\\Database\\Query\\Builder->Illuminate\\Database\\Query\\{closure}()
#5 D:\\1LuuDuLieuSV\\2001240399_TrinhHuuKienQuoc\\phplab\\buoi6\\Lab01_Framework\\vendor\\laravel\\framework\\src\\Illuminate\\Database\\Query\\Builder.php(2403): Illuminate\\Database\\Query\\Builder->onceWithColumns(Array, Object(Closure))
#6 D:\\1LuuDuLieuSV\\2001240399_TrinhHuuKienQuoc\\phplab\\buoi6\\Lab01_Framework\\vendor\\laravel\\framework\\src\\Illuminate\\Database\\Eloquent\\Builder.php(625): Illuminate\\Database\\Query\\Builder->get(Array)
#7 D:\\1LuuDuLieuSV\\2001240399_TrinhHuuKienQuoc\\phplab\\buoi6\\Lab01_Framework\\vendor\\laravel\\framework\\src\\Illuminate\\Database\\Eloquent\\Builder.php(609): Illuminate\\Database\\Eloquent\\Builder->getModels(Array)
#8 D:\\1LuuDuLieuSV\\2001240399_TrinhHuuKienQuoc\\phplab\\buoi6\\Lab01_Framework\\vendor\\laravel\\framework\\src\\Illuminate\\Database\\Concerns\\BuildsQueries.php(294): Illuminate\\Database\\Eloquent\\Builder->get(Array)
#9 D:\\1LuuDuLieuSV\\2001240399_TrinhHuuKienQuoc\\phplab\\buoi6\\Lab01_Framework\\vendor\\laravel\\framework\\src\\Illuminate\\Database\\Eloquent\\Builder.php(400): Illuminate\\Database\\Eloquent\\Builder->first(Array)
#10 D:\\1LuuDuLieuSV\\2001240399_TrinhHuuKienQuoc\\phplab\\buoi6\\Lab01_Framework\\vendor\\laravel\\framework\\src\\Illuminate\\Database\\Eloquent\\Builder.php(432): Illuminate\\Database\\Eloquent\\Builder->find('1', Array)
#11 D:\\1LuuDuLieuSV\\2001240399_TrinhHuuKienQuoc\\phplab\\buoi6\\Lab01_Framework\\vendor\\laravel\\framework\\src\\Illuminate\\Support\\Traits\\ForwardsCalls.php(23): Illuminate\\Database\\Eloquent\\Builder->findOrFail('1')
#12 D:\\1LuuDuLieuSV\\2001240399_TrinhHuuKienQuoc\\phplab\\buoi6\\Lab01_Framework\\vendor\\laravel\\framework\\src\\Illuminate\\Database\\Eloquent\\Model.php(2132): Illuminate\\Database\\Eloquent\\Model->forwardCallTo(Object(Illuminate\\Database\\Eloquent\\Builder), 'findOrFail', Array)
#13 D:\\1LuuDuLieuSV\\2001240399_TrinhHuuKienQuoc\\phplab\\buoi6\\Lab01_Framework\\vendor\\laravel\\framework\\src\\Illuminate\\Database\\Eloquent\\Model.php(2144): Illuminate\\Database\\Eloquent\\Model->__call('findOrFail', Array)
#14 D:\\1LuuDuLieuSV\\2001240399_TrinhHuuKienQuoc\\phplab\\buoi6\\Lab01_Framework\\app\\Http\\Controllers\\ArticleController.php(99): Illuminate\\Database\\Eloquent\\Model::__callStatic('findOrFail', Array)
#15 D:\\1LuuDuLieuSV\\2001240399_TrinhHuuKienQuoc\\phplab\\buoi6\\Lab01_Framework\\vendor\\laravel\\framework\\src\\Illuminate\\Routing\\Controller.php(54): App\\Http\\Controllers\\ArticleController->destroy('1')
#16 D:\\1LuuDuLieuSV\\2001240399_TrinhHuuKienQuoc\\phplab\\buoi6\\Lab01_Framework\\vendor\\laravel\\framework\\src\\Illuminate\\Routing\\ControllerDispatcher.php(45): Illuminate\\Routing\\Controller->callAction('destroy', Array)
#17 D:\\1LuuDuLieuSV\\2001240399_TrinhHuuKienQuoc\\phplab\\buoi6\\Lab01_Framework\\vendor\\laravel\\framework\\src\\Illuminate\\Routing\\Route.php(262): Illuminate\\Routing\\ControllerDispatcher->dispatch(Object(Illuminate\\Routing\\Route), Object(App\\Http\\Controllers\\ArticleController), 'destroy')
#18 D:\\1LuuDuLieuSV\\2001240399_TrinhHuuKienQuoc\\phplab\\buoi6\\Lab01_Framework\\vendor\\laravel\\framework\\src\\Illuminate\\Routing\\Route.php(205): Illuminate\\Routing\\Route->runController()
#19 D:\\1LuuDuLieuSV\\2001240399_TrinhHuuKienQuoc\\phplab\\buoi6\\Lab01_Framework\\vendor\\laravel\\framework\\src\\Illuminate\\Routing\\Router.php(721): Illuminate\\Routing\\Route->run()
#20 D:\\1LuuDuLieuSV\\2001240399_TrinhHuuKienQuoc\\phplab\\buoi6\\Lab01_Framework\\vendor\\laravel\\framework\\src\\Illuminate\\Pipeline\\Pipeline.php(128): Illuminate\\Routing\\Router->Illuminate\\Routing\\{closure}(Object(Illuminate\\Http\\Request))
#21 D:\\1LuuDuLieuSV\\2001240399_TrinhHuuKienQuoc\\phplab\\buoi6\\Lab01_Framework\\vendor\\laravel\\framework\\src\\Illuminate\\Routing\\Middleware\\SubstituteBindings.php(50): Illuminate\\Pipeline\\Pipeline->Illuminate\\Pipeline\\{closure}(Object(Illuminate\\Http\\Request))
#22 D:\\1LuuDuLieuSV\\2001240399_TrinhHuuKienQuoc\\phplab\\buoi6\\Lab01_Framework\\vendor\\laravel\\framework\\src\\Illuminate\\Pipeline\\Pipeline.php(167): Illuminate\\Routing\\Middleware\\SubstituteBindings->handle(Object(Illuminate\\Http\\Request), Object(Closure))
#23 D:\\1LuuDuLieuSV\\2001240399_TrinhHuuKienQuoc\\phplab\\buoi6\\Lab01_Framework\\vendor\\laravel\\framework\\src\\Illuminate\\Foundation\\Http\\Middleware\\VerifyCsrfToken.php(78): Illuminate\\Pipeline\\Pipeline->Illuminate\\Pipeline\\{closure}(Object(Illuminate\\Http\\Request))
#24 D:\\1LuuDuLieuSV\\2001240399_TrinhHuuKienQuoc\\phplab\\buoi6\\Lab01_Framework\\vendor\\laravel\\framework\\src\\Illuminate\\Pipeline\\Pipeline.php(167): Illuminate\\Foundation\\Http\\Middleware\\VerifyCsrfToken->handle(Object(Illuminate\\Http\\Request), Object(Closure))
#25 D:\\1LuuDuLieuSV\\2001240399_TrinhHuuKienQuoc\\phplab\\buoi6\\Lab01_Framework\\vendor\\laravel\\framework\\src\\Illuminate\\View\\Middleware\\ShareErrorsFromSession.php(49): Illuminate\\Pipeline\\Pipeline->Illuminate\\Pipeline\\{closure}(Object(Illuminate\\Http\\Request))
#26 D:\\1LuuDuLieuSV\\2001240399_TrinhHuuKienQuoc\\phplab\\buoi6\\Lab01_Framework\\vendor\\laravel\\framework\\src\\Illuminate\\Pipeline\\Pipeline.php(167): Illuminate\\View\\Middleware\\ShareErrorsFromSession->handle(Object(Illuminate\\Http\\Request), Object(Closure))
#27 D:\\1LuuDuLieuSV\\2001240399_TrinhHuuKienQuoc\\phplab\\buoi6\\Lab01_Framework\\vendor\\laravel\\framework\\src\\Illuminate\\Session\\Middleware\\StartSession.php(121): Illuminate\\Pipeline\\Pipeline->Illuminate\\Pipeline\\{closure}(Object(Illuminate\\Http\\Request))
#28 D:\\1LuuDuLieuSV\\2001240399_TrinhHuuKienQuoc\\phplab\\buoi6\\Lab01_Framework\\vendor\\laravel\\framework\\src\\Illuminate\\Session\\Middleware\\StartSession.php(64): Illuminate\\Session\\Middleware\\StartSession->handleStatefulRequest(Object(Illuminate\\Http\\Request), Object(Illuminate\\Session\\Store), Object(Closure))
#29 D:\\1LuuDuLieuSV\\2001240399_TrinhHuuKienQuoc\\phplab\\buoi6\\Lab01_Framework\\vendor\\laravel\\framework\\src\\Illuminate\\Pipeline\\Pipeline.php(167): Illuminate\\Session\\Middleware\\StartSession->handle(Object(Illuminate\\Http\\Request), Object(Closure))
#30 D:\\1LuuDuLieuSV\\2001240399_TrinhHuuKienQuoc\\phplab\\buoi6\\Lab01_Framework\\vendor\\laravel\\framework\\src\\Illuminate\\Cookie\\Middleware\\AddQueuedCookiesToResponse.php(37): Illuminate\\Pipeline\\Pipeline->Illuminate\\Pipeline\\{closure}(Object(Illuminate\\Http\\Request))
#31 D:\\1LuuDuLieuSV\\2001240399_TrinhHuuKienQuoc\\phplab\\buoi6\\Lab01_Framework\\vendor\\laravel\\framework\\src\\Illuminate\\Pipeline\\Pipeline.php(167): Illuminate\\Cookie\\Middleware\\AddQueuedCookiesToResponse->handle(Object(Illuminate\\Http\\Request), Object(Closure))
#32 D:\\1LuuDuLieuSV\\2001240399_TrinhHuuKienQuoc\\phplab\\buoi6\\Lab01_Framework\\vendor\\laravel\\framework\\src\\Illuminate\\Cookie\\Middleware\\EncryptCookies.php(67): Illuminate\\Pipeline\\Pipeline->Illuminate\\Pipeline\\{closure}(Object(Illuminate\\Http\\Request))
#33 D:\\1LuuDuLieuSV\\2001240399_TrinhHuuKienQuoc\\phplab\\buoi6\\Lab01_Framework\\vendor\\laravel\\framework\\src\\Illuminate\\Pipeline\\Pipeline.php(167): Illuminate\\Cookie\\Middleware\\EncryptCookies->handle(Object(Illuminate\\Http\\Request), Object(Closure))
#34 D:\\1LuuDuLieuSV\\2001240399_TrinhHuuKienQuoc\\phplab\\buoi6\\Lab01_Framework\\vendor\\laravel\\framework\\src\\Illuminate\\Pipeline\\Pipeline.php(103): Illuminate\\Pipeline\\Pipeline->Illuminate\\Pipeline\\{closure}(Object(Illuminate\\Http\\Request))
#35 D:\\1LuuDuLieuSV\\2001240399_TrinhHuuKienQuoc\\phplab\\buoi6\\Lab01_Framework\\vendor\\laravel\\framework\\src\\Illuminate\\Routing\\Router.php(723): Illuminate\\Pipeline\\Pipeline->then(Object(Closure))
#36 D:\\1LuuDuLieuSV\\2001240399_TrinhHuuKienQuoc\\phplab\\buoi6\\Lab01_Framework\\vendor\\laravel\\framework\\src\\Illuminate\\Routing\\Router.php(698): Illuminate\\Routing\\Router->runRouteWithinStack(Object(Illuminate\\Routing\\Route), Object(Illuminate\\Http\\Request))
#37 D:\\1LuuDuLieuSV\\2001240399_TrinhHuuKienQuoc\\phplab\\buoi6\\Lab01_Framework\\vendor\\laravel\\framework\\src\\Illuminate\\Routing\\Router.php(662): Illuminate\\Routing\\Router->runRoute(Object(Illuminate\\Http\\Request), Object(Illuminate\\Routing\\Route))
#38 D:\\1LuuDuLieuSV\\2001240399_TrinhHuuKienQuoc\\phplab\\buoi6\\Lab01_Framework\\vendor\\laravel\\framework\\src\\Illuminate\\Routing\\Router.php(651): Illuminate\\Routing\\Router->dispatchToRoute(Object(Illuminate\\Http\\Request))
#39 D:\\1LuuDuLieuSV\\2001240399_TrinhHuuKienQuoc\\phplab\\buoi6\\Lab01_Framework\\vendor\\laravel\\framework\\src\\Illuminate\\Foundation\\Http\\Kernel.php(167): Illuminate\\Routing\\Router->dispatch(Object(Illuminate\\Http\\Request))
#40 D:\\1LuuDuLieuSV\\2001240399_TrinhHuuKienQuoc\\phplab\\buoi6\\Lab01_Framework\\vendor\\laravel\\framework\\src\\Illuminate\\Pipeline\\Pipeline.php(128): Illuminate\\Foundation\\Http\\Kernel->Illuminate\\Foundation\\Http\\{closure}(Object(Illuminate\\Http\\Request))
#41 D:\\1LuuDuLieuSV\\2001240399_TrinhHuuKienQuoc\\phplab\\buoi6\\Lab01_Framework\\vendor\\laravel\\framework\\src\\Illuminate\\Foundation\\Http\\Middleware\\TransformsRequest.php(21): Illuminate\\Pipeline\\Pipeline->Illuminate\\Pipeline\\{closure}(Object(Illuminate\\Http\\Request))
#42 D:\\1LuuDuLieuSV\\2001240399_TrinhHuuKienQuoc\\phplab\\buoi6\\Lab01_Framework\\vendor\\laravel\\framework\\src\\Illuminate\\Foundation\\Http\\Middleware\\ConvertEmptyStringsToNull.php(31): Illuminate\\Foundation\\Http\\Middleware\\TransformsRequest->handle(Object(Illuminate\\Http\\Request), Object(Closure))
#43 D:\\1LuuDuLieuSV\\2001240399_TrinhHuuKienQuoc\\phplab\\buoi6\\Lab01_Framework\\vendor\\laravel\\framework\\src\\Illuminate\\Pipeline\\Pipeline.php(167): Illuminate\\Foundation\\Http\\Middleware\\ConvertEmptyStringsToNull->handle(Object(Illuminate\\Http\\Request), Object(Closure))
#44 D:\\1LuuDuLieuSV\\2001240399_TrinhHuuKienQuoc\\phplab\\buoi6\\Lab01_Framework\\vendor\\laravel\\framework\\src\\Illuminate\\Foundation\\Http\\Middleware\\TransformsRequest.php(21): Illuminate\\Pipeline\\Pipeline->Illuminate\\Pipeline\\{closure}(Object(Illuminate\\Http\\Request))
#45 D:\\1LuuDuLieuSV\\2001240399_TrinhHuuKienQuoc\\phplab\\buoi6\\Lab01_Framework\\vendor\\laravel\\framework\\src\\Illuminate\\Foundation\\Http\\Middleware\\TrimStrings.php(40): Illuminate\\Foundation\\Http\\Middleware\\TransformsRequest->handle(Object(Illuminate\\Http\\Request), Object(Closure))
#46 D:\\1LuuDuLieuSV\\2001240399_TrinhHuuKienQuoc\\phplab\\buoi6\\Lab01_Framework\\vendor\\laravel\\framework\\src\\Illuminate\\Pipeline\\Pipeline.php(167): Illuminate\\Foundation\\Http\\Middleware\\TrimStrings->handle(Object(Illuminate\\Http\\Request), Object(Closure))
#47 D:\\1LuuDuLieuSV\\2001240399_TrinhHuuKienQuoc\\phplab\\buoi6\\Lab01_Framework\\vendor\\laravel\\framework\\src\\Illuminate\\Foundation\\Http\\Middleware\\ValidatePostSize.php(27): Illuminate\\Pipeline\\Pipeline->Illuminate\\Pipeline\\{closure}(Object(Illuminate\\Http\\Request))
#48 D:\\1LuuDuLieuSV\\2001240399_TrinhHuuKienQuoc\\phplab\\buoi6\\Lab01_Framework\\vendor\\laravel\\framework\\src\\Illuminate\\Pipeline\\Pipeline.php(167): Illuminate\\Foundation\\Http\\Middleware\\ValidatePostSize->handle(Object(Illuminate\\Http\\Request), Object(Closure))
#49 D:\\1LuuDuLieuSV\\2001240399_TrinhHuuKienQuoc\\phplab\\buoi6\\Lab01_Framework\\vendor\\laravel\\framework\\src\\Illuminate\\Foundation\\Http\\Middleware\\PreventRequestsDuringMaintenance.php(86): Illuminate\\Pipeline\\Pipeline->Illuminate\\Pipeline\\{closure}(Object(Illuminate\\Http\\Request))
#50 D:\\1LuuDuLieuSV\\2001240399_TrinhHuuKienQuoc\\phplab\\buoi6\\Lab01_Framework\\vendor\\laravel\\framework\\src\\Illuminate\\Pipeline\\Pipeline.php(167): Illuminate\\Foundation\\Http\\Middleware\\PreventRequestsDuringMaintenance->handle(Object(Illuminate\\Http\\Request), Object(Closure))
#51 D:\\1LuuDuLieuSV\\2001240399_TrinhHuuKienQuoc\\phplab\\buoi6\\Lab01_Framework\\vendor\\fruitcake\\laravel-cors\\src\\HandleCors.php(38): Illuminate\\Pipeline\\Pipeline->Illuminate\\Pipeline\\{closure}(Object(Illuminate\\Http\\Request))
#52 D:\\1LuuDuLieuSV\\2001240399_TrinhHuuKienQuoc\\phplab\\buoi6\\Lab01_Framework\\vendor\\laravel\\framework\\src\\Illuminate\\Pipeline\\Pipeline.php(167): Fruitcake\\Cors\\HandleCors->handle(Object(Illuminate\\Http\\Request), Object(Closure))
#53 D:\\1LuuDuLieuSV\\2001240399_TrinhHuuKienQuoc\\phplab\\buoi6\\Lab01_Framework\\vendor\\laravel\\framework\\src\\Illuminate\\Http\\Middleware\\TrustProxies.php(39): Illuminate\\Pipeline\\Pipeline->Illuminate\\Pipeline\\{closure}(Object(Illuminate\\Http\\Request))
#54 D:\\1LuuDuLieuSV\\2001240399_TrinhHuuKienQuoc\\phplab\\buoi6\\Lab01_Framework\\vendor\\laravel\\framework\\src\\Illuminate\\Pipeline\\Pipeline.php(167): Illuminate\\Http\\Middleware\\TrustProxies->handle(Object(Illuminate\\Http\\Request), Object(Closure))
#55 D:\\1LuuDuLieuSV\\2001240399_TrinhHuuKienQuoc\\phplab\\buoi6\\Lab01_Framework\\vendor\\laravel\\framework\\src\\Illuminate\\Pipeline\\Pipeline.php(103): Illuminate\\Pipeline\\Pipeline->Illuminate\\Pipeline\\{closure}(Object(Illuminate\\Http\\Request))
#56 D:\\1LuuDuLieuSV\\2001240399_TrinhHuuKienQuoc\\phplab\\buoi6\\Lab01_Framework\\vendor\\laravel\\framework\\src\\Illuminate\\Foundation\\Http\\Kernel.php(142): Illuminate\\Pipeline\\Pipeline->then(Object(Closure))
#57 D:\\1LuuDuLieuSV\\2001240399_TrinhHuuKienQuoc\\phplab\\buoi6\\Lab01_Framework\\vendor\\laravel\\framework\\src\\Illuminate\\Foundation\\Http\\Kernel.php(111): Illuminate\\Foundation\\Http\\Kernel->sendRequestThroughRouter(Object(Illuminate\\Http\\Request))
#58 D:\\1LuuDuLieuSV\\2001240399_TrinhHuuKienQuoc\\phplab\\buoi6\\Lab01_Framework\\public\\index.php(52): Illuminate\\Foundation\\Http\\Kernel->handle(Object(Illuminate\\Http\\Request))
#59 D:\\1LuuDuLieuSV\\2001240399_TrinhHuuKienQuoc\\phplab\\buoi6\\Lab01_Framework\\server.php(21): require_once('D:\\\\1LuuDuLieuSV...')
#60 {main}

[previous exception] [object] (PDOException(code: 2002): SQLSTATE[HY000] [2002] No connection could be made because the target machine actively refused it.

 at D:\\1LuuDuLieuSV\\2001240399_TrinhHuuKienQuoc\\phplab\\buoi6\\Lab01_Framework\\vendor\\laravel\\framework\\src\\Illuminate\\Database\\Connectors\\Connector.php:70)
[stacktrace]
#0 D:\\1LuuDuLieuSV\\2001240399_TrinhHuuKienQuoc\\phplab\\buoi6\\Lab01_Framework\\vendor\\laravel\\framework\\src\\Illuminate\\Database\\Connectors\\Connector.php(70): PDO->__construct('mysql:host=127....', 'root', '', Array)
#1 D:\\1LuuDuLieuSV\\2001240399_TrinhHuuKienQuoc\\phplab\\buoi6\\Lab01_Framework\\vendor\\laravel\\framework\\src\\Illuminate\\Database\\Connectors\\Connector.php(46): Illuminate\\Database\\Connectors\\Connector->createPdoConnection('mysql:host=127....', 'root', '', Array)
#2 D:\\1LuuDuLieuSV\\2001240399_TrinhHuuKienQuoc\\phplab\\buoi6\\Lab01_Framework\\vendor\\laravel\\framework\\src\\Illuminate\\Database\\Connectors\\MySqlConnector.php(24): Illuminate\\Database\\Connectors\\Connector->createConnection('mysql:host=127....', Array, Array)
#3 D:\\1LuuDuLieuSV\\2001240399_TrinhHuuKienQuoc\\phplab\\buoi6\\Lab01_Framework\\vendor\\laravel\\framework\\src\\Illuminate\\Database\\Connectors\\ConnectionFactory.php(184): Illuminate\\Database\\Connectors\\MySqlConnector->connect(Array)
#4 [internal function]: Illuminate\\Database\\Connectors\\ConnectionFactory->Illuminate\\Database\\Connectors\\{closure}()
#5 D:\\1LuuDuLieuSV\\2001240399_TrinhHuuKienQuoc\\phplab\\buoi6\\Lab01_Framework\\vendor\\laravel\\framework\\src\\Illuminate\\Database\\Connection.php(1064): call_user_func(Object(Closure))
#6 D:\\1LuuDuLieuSV\\2001240399_TrinhHuuKienQuoc\\phplab\\buoi6\\Lab01_Framework\\vendor\\laravel\\framework\\src\\Illuminate\\Database\\Connection.php(1100): Illuminate\\Database\\Connection->getPdo()
#7 D:\\1LuuDuLieuSV\\2001240399_TrinhHuuKienQuoc\\phplab\\buoi6\\Lab01_Framework\\vendor\\laravel\\framework\\src\\Illuminate\\Database\\Connection.php(442): Illuminate\\Database\\Connection->getReadPdo()
#8 D:\\1LuuDuLieuSV\\2001240399_TrinhHuuKienQuoc\\phplab\\buoi6\\Lab01_Framework\\vendor\\laravel\\framework\\src\\Illuminate\\Database\\Connection.php(368): Illuminate\\Database\\Connection->getPdoForSelect(true)
#9 D:\\1LuuDuLieuSV\\2001240399_TrinhHuuKienQuoc\\phplab\\buoi6\\Lab01_Framework\\vendor\\laravel\\framework\\src\\Illuminate\\Database\\Connection.php(705): Illuminate\\Database\\Connection->Illuminate\\Database\\{closure}('select * from `...', Array)
#10 D:\\1LuuDuLieuSV\\2001240399_TrinhHuuKienQuoc\\phplab\\buoi6\\Lab01_Framework\\vendor\\laravel\\framework\\src\\Illuminate\\Database\\Connection.php(672): Illuminate\\Database\\Connection->runQueryCallback('select * from `...', Array, Object(Closure))
#11 D:\\1LuuDuLieuSV\\2001240399_TrinhHuuKienQuoc\\phplab\\buoi6\\Lab01_Framework\\vendor\\laravel\\framework\\src\\Illuminate\\Database\\Connection.php(376): Illuminate\\Database\\Connection->run('select * from `...', Array, Object(Closure))
#12 D:\\1LuuDuLieuSV\\2001240399_TrinhHuuKienQuoc\\phplab\\buoi6\\Lab01_Framework\\vendor\\laravel\\framework\\src\\Illuminate\\Database\\Query\\Builder.php(2414): Illuminate\\Database\\Connection->select('select * from `...', Array, true)
#13 D:\\1LuuDuLieuSV\\2001240399_TrinhHuuKienQuoc\\phplab\\buoi6\\Lab01_Framework\\vendor\\laravel\\framework\\src\\Illuminate\\Database\\Query\\Builder.php(2402): Illuminate\\Database\\Query\\Builder->runSelect()
#14 D:\\1LuuDuLieuSV\\2001240399_TrinhHuuKienQuoc\\phplab\\buoi6\\Lab01_Framework\\vendor\\laravel\\framework\\src\\Illuminate\\Database\\Query\\Builder.php(2936): Illuminate\\Database\\Query\\Builder->Illuminate\\Database\\Query\\{closure}()
#15 D:\\1LuuDuLieuSV\\2001240399_TrinhHuuKienQuoc\\phplab\\buoi6\\Lab01_Framework\\vendor\\laravel\\framework\\src\\Illuminate\\Database\\Query\\Builder.php(2403): Illuminate\\Database\\Query\\Builder->onceWithColumns(Array, Object(Closure))
#16 D:\\1LuuDuLieuSV\\2001240399_TrinhHuuKienQuoc\\phplab\\buoi6\\Lab01_Framework\\vendor\\laravel\\framework\\src\\Illuminate\\Database\\Eloquent\\Builder.php(625): Illuminate\\Database\\Query\\Builder->get(Array)
#17 D:\\1LuuDuLieuSV\\2001240399_TrinhHuuKienQuoc\\phplab\\buoi6\\Lab01_Framework\\vendor\\laravel\\framework\\src\\Illuminate\\Database\\Eloquent\\Builder.php(609): Illuminate\\Database\\Eloquent\\Builder->getModels(Array)
#18 D:\\1LuuDuLieuSV\\2001240399_TrinhHuuKienQuoc\\phplab\\buoi6\\Lab01_Framework\\vendor\\laravel\\framework\\src\\Illuminate\\Database\\Concerns\\BuildsQueries.php(294): Illuminate\\Database\\Eloquent\\Builder->get(Array)
#19 D:\\1LuuDuLieuSV\\2001240399_TrinhHuuKienQuoc\\phplab\\buoi6\\Lab01_Framework\\vendor\\laravel\\framework\\src\\Illuminate\\Database\\Eloquent\\Builder.php(400): Illuminate\\Database\\Eloquent\\Builder->first(Array)
#20 D:\\1LuuDuLieuSV\\2001240399_TrinhHuuKienQuoc\\phplab\\buoi6\\Lab01_Framework\\vendor\\laravel\\framework\\src\\Illuminate\\Database\\Eloquent\\Builder.php(432): Illuminate\\Database\\Eloquent\\Builder->find('1', Array)
#21 D:\\1LuuDuLieuSV\\2001240399_TrinhHuuKienQuoc\\phplab\\buoi6\\Lab01_Framework\\vendor\\laravel\\framework\\src\\Illuminate\\Support\\Traits\\ForwardsCalls.php(23): Illuminate\\Database\\Eloquent\\Builder->findOrFail('1')
#22 D:\\1LuuDuLieuSV\\2001240399_TrinhHuuKienQuoc\\phplab\\buoi6\\Lab01_Framework\\vendor\\laravel\\framework\\src\\Illuminate\\Database\\Eloquent\\Model.php(2132): Illuminate\\Database\\Eloquent\\Model->forwardCallTo(Object(Illuminate\\Database\\Eloquent\\Builder), 'findOrFail', Array)
#23 D:\\1LuuDuLieuSV\\2001240399_TrinhHuuKienQuoc\\phplab\\buoi6\\Lab01_Framework\\vendor\\laravel\\framework\\src\\Illuminate\\Database\\Eloquent\\Model.php(2144): Illuminate\\Database\\Eloquent\\Model->__call('findOrFail', Array)
#24 D:\\1LuuDuLieuSV\\2001240399_TrinhHuuKienQuoc\\phplab\\buoi6\\Lab01_Framework\\app\\Http\\Controllers\\ArticleController.php(99): Illuminate\\Database\\Eloquent\\Model::__callStatic('findOrFail', Array)
#25 D:\\1LuuDuLieuSV\\2001240399_TrinhHuuKienQuoc\\phplab\\buoi6\\Lab01_Framework\\vendor\\laravel\\framework\\src\\Illuminate\\Routing\\Controller.php(54): App\\Http\\Controllers\\ArticleController->destroy('1')
#26 D:\\1LuuDuLieuSV\\2001240399_TrinhHuuKienQuoc\\phplab\\buoi6\\Lab01_Framework\\vendor\\laravel\\framework\\src\\Illuminate\\Routing\\ControllerDispatcher.php(45): Illuminate\\Routing\\Controller->callAction('destroy', Array)
#27 D:\\1LuuDuLieuSV\\2001240399_TrinhHuuKienQuoc\\phplab\\buoi6\\Lab01_Framework\\vendor\\laravel\\framework\\src\\Illuminate\\Routing\\Route.php(262): Illuminate\\Routing\\ControllerDispatcher->dispatch(Object(Illuminate\\Routing\\Route), Object(App\\Http\\Controllers\\ArticleController), 'destroy')
#28 D:\\1LuuDuLieuSV\\2001240399_TrinhHuuKienQuoc\\phplab\\buoi6\\Lab01_Framework\\vendor\\laravel\\framework\\src\\Illuminate\\Routing\\Route.php(205): Illuminate\\Routing\\Route->runController()
#29 D:\\1LuuDuLieuSV\\2001240399_TrinhHuuKienQuoc\\phplab\\buoi6\\Lab01_Framework\\vendor\\laravel\\framework\\src\\Illuminate\\Routing\\Router.php(721): Illuminate\\Routing\\Route->run()
#30 D:\\1LuuDuLieuSV\\2001240399_TrinhHuuKienQuoc\\phplab\\buoi6\\Lab01_Framework\\vendor\\laravel\\framework\\src\\Illuminate\\Pipeline\\Pipeline.php(128): Illuminate\\Routing\\Router->Illuminate\\Routing\\{closure}(Object(Illuminate\\Http\\Request))
#31 D:\\1LuuDuLieuSV\\2001240399_TrinhHuuKienQuoc\\phplab\\buoi6\\Lab01_Framework\\vendor\\laravel\\framework\\src\\Illuminate\\Routing\\Middleware\\SubstituteBindings.php(50): Illuminate\\Pipeline\\Pipeline->Illuminate\\Pipeline\\{closure}(Object(Illuminate\\Http\\Request))
#32 D:\\1LuuDuLieuSV\\2001240399_TrinhHuuKienQuoc\\phplab\\buoi6\\Lab01_Framework\\vendor\\laravel\\framework\\src\\Illuminate\\Pipeline\\Pipeline.php(167): Illuminate\\Routing\\Middleware\\SubstituteBindings->handle(Object(Illuminate\\Http\\Request), Object(Closure))
#33 D:\\1LuuDuLieuSV\\2001240399_TrinhHuuKienQuoc\\phplab\\buoi6\\Lab01_Framework\\vendor\\laravel\\framework\\src\\Illuminate\\Foundation\\Http\\Middleware\\VerifyCsrfToken.php(78): Illuminate\\Pipeline\\Pipeline->Illuminate\\Pipeline\\{closure}(Object(Illuminate\\Http\\Request))
#34 D:\\1LuuDuLieuSV\\2001240399_TrinhHuuKienQuoc\\phplab\\buoi6\\Lab01_Framework\\vendor\\laravel\\framework\\src\\Illuminate\\Pipeline\\Pipeline.php(167): Illuminate\\Foundation\\Http\\Middleware\\VerifyCsrfToken->handle(Object(Illuminate\\Http\\Request), Object(Closure))
#35 D:\\1LuuDuLieuSV\\2001240399_TrinhHuuKienQuoc\\phplab\\buoi6\\Lab01_Framework\\vendor\\laravel\\framework\\src\\Illuminate\\View\\Middleware\\ShareErrorsFromSession.php(49): Illuminate\\Pipeline\\Pipeline->Illuminate\\Pipeline\\{closure}(Object(Illuminate\\Http\\Request))
#36 D:\\1LuuDuLieuSV\\2001240399_TrinhHuuKienQuoc\\phplab\\buoi6\\Lab01_Framework\\vendor\\laravel\\framework\\src\\Illuminate\\Pipeline\\Pipeline.php(167): Illuminate\\View\\Middleware\\ShareErrorsFromSession->handle(Object(Illuminate\\Http\\Request), Object(Closure))
#37 D:\\1LuuDuLieuSV\\2001240399_TrinhHuuKienQuoc\\phplab\\buoi6\\Lab01_Framework\\vendor\\laravel\\framework\\src\\Illuminate\\Session\\Middleware\\StartSession.php(121): Illuminate\\Pipeline\\Pipeline->Illuminate\\Pipeline\\{closure}(Object(Illuminate\\Http\\Request))
#38 D:\\1LuuDuLieuSV\\2001240399_TrinhHuuKienQuoc\\phplab\\buoi6\\Lab01_Framework\\vendor\\laravel\\framework\\src\\Illuminate\\Session\\Middleware\\StartSession.php(64): Illuminate\\Session\\Middleware\\StartSession->handleStatefulRequest(Object(Illuminate\\Http\\Request), Object(Illuminate\\Session\\Store), Object(Closure))
#39 D:\\1LuuDuLieuSV\\2001240399_TrinhHuuKienQuoc\\phplab\\buoi6\\Lab01_Framework\\vendor\\laravel\\framework\\src\\Illuminate\\Pipeline\\Pipeline.php(167): Illuminate\\Session\\Middleware\\StartSession->handle(Object(Illuminate\\Http\\Request), Object(Closure))
#40 D:\\1LuuDuLieuSV\\2001240399_TrinhHuuKienQuoc\\phplab\\buoi6\\Lab01_Framework\\vendor\\laravel\\framework\\src\\Illuminate\\Cookie\\Middleware\\AddQueuedCookiesToResponse.php(37): Illuminate\\Pipeline\\Pipeline->Illuminate\\Pipeline\\{closure}(Object(Illuminate\\Http\\Request))
#41 D:\\1LuuDuLieuSV\\2001240399_TrinhHuuKienQuoc\\phplab\\buoi6\\Lab01_Framework\\vendor\\laravel\\framework\\src\\Illuminate\\Pipeline\\Pipeline.php(167): Illuminate\\Cookie\\Middleware\\AddQueuedCookiesToResponse->handle(Object(Illuminate\\Http\\Request), Object(Closure))
#42 D:\\1LuuDuLieuSV\\2001240399_TrinhHuuKienQuoc\\phplab\\buoi6\\Lab01_Framework\\vendor\\laravel\\framework\\src\\Illuminate\\Cookie\\Middleware\\EncryptCookies.php(67): Illuminate\\Pipeline\\Pipeline->Illuminate\\Pipeline\\{closure}(Object(Illuminate\\Http\\Request))
#43 D:\\1LuuDuLieuSV\\2001240399_TrinhHuuKienQuoc\\phplab\\buoi6\\Lab01_Framework\\vendor\\laravel\\framework\\src\\Illuminate\\Pipeline\\Pipeline.php(167): Illuminate\\Cookie\\Middleware\\EncryptCookies->handle(Object(Illuminate\\Http\\Request), Object(Closure))
#44 D:\\1LuuDuLieuSV\\2001240399_TrinhHuuKienQuoc\\phplab\\buoi6\\Lab01_Framework\\vendor\\laravel\\framework\\src\\Illuminate\\Pipeline\\Pipeline.php(103): Illuminate\\Pipeline\\Pipeline->Illuminate\\Pipeline\\{closure}(Object(Illuminate\\Http\\Request))
#45 D:\\1LuuDuLieuSV\\2001240399_TrinhHuuKienQuoc\\phplab\\buoi6\\Lab01_Framework\\vendor\\laravel\\framework\\src\\Illuminate\\Routing\\Router.php(723): Illuminate\\Pipeline\\Pipeline->then(Object(Closure))
#46 D:\\1LuuDuLieuSV\\2001240399_TrinhHuuKienQuoc\\phplab\\buoi6\\Lab01_Framework\\vendor\\laravel\\framework\\src\\Illuminate\\Routing\\Router.php(698): Illuminate\\Routing\\Router->runRouteWithinStack(Object(Illuminate\\Routing\\Route), Object(Illuminate\\Http\\Request))
#47 D:\\1LuuDuLieuSV\\2001240399_TrinhHuuKienQuoc\\phplab\\buoi6\\Lab01_Framework\\vendor\\laravel\\framework\\src\\Illuminate\\Routing\\Router.php(662): Illuminate\\Routing\\Router->runRoute(Object(Illuminate\\Http\\Request), Object(Illuminate\\Routing\\Route))
#48 D:\\1LuuDuLieuSV\\2001240399_TrinhHuuKienQuoc\\phplab\\buoi6\\Lab01_Framework\\vendor\\laravel\\framework\\src\\Illuminate\\Routing\\Router.php(651): Illuminate\\Routing\\Router->dispatchToRoute(Object(Illuminate\\Http\\Request))
#49 D:\\1LuuDuLieuSV\\2001240399_TrinhHuuKienQuoc\\phplab\\buoi6\\Lab01_Framework\\vendor\\laravel\\framework\\src\\Illuminate\\Foundation\\Http\\Kernel.php(167): Illuminate\\Routing\\Router->dispatch(Object(Illuminate\\Http\\Request))
#50 D:\\1LuuDuLieuSV\\2001240399_TrinhHuuKienQuoc\\phplab\\buoi6\\Lab01_Framework\\vendor\\laravel\\framework\\src\\Illuminate\\Pipeline\\Pipeline.php(128): Illuminate\\Foundation\\Http\\Kernel->Illuminate\\Foundation\\Http\\{closure}(Object(Illuminate\\Http\\Request))
#51 D:\\1LuuDuLieuSV\\2001240399_TrinhHuuKienQuoc\\phplab\\buoi6\\Lab01_Framework\\vendor\\laravel\\framework\\src\\Illuminate\\Foundation\\Http\\Middleware\\TransformsRequest.php(21): Illuminate\\Pipeline\\Pipeline->Illuminate\\Pipeline\\{closure}(Object(Illuminate\\Http\\Request))
#52 D:\\1LuuDuLieuSV\\2001240399_TrinhHuuKienQuoc\\phplab\\buoi6\\Lab01_Framework\\vendor\\laravel\\framework\\src\\Illuminate\\Foundation\\Http\\Middleware\\ConvertEmptyStringsToNull.php(31): Illuminate\\Foundation\\Http\\Middleware\\TransformsRequest->handle(Object(Illuminate\\Http\\Request), Object(Closure))
#53 D:\\1LuuDuLieuSV\\2001240399_TrinhHuuKienQuoc\\phplab\\buoi6\\Lab01_Framework\\vendor\\laravel\\framework\\src\\Illuminate\\Pipeline\\Pipeline.php(167): Illuminate\\Foundation\\Http\\Middleware\\ConvertEmptyStringsToNull->handle(Object(Illuminate\\Http\\Request), Object(Closure))
#54 D:\\1LuuDuLieuSV\\2001240399_TrinhHuuKienQuoc\\phplab\\buoi6\\Lab01_Framework\\vendor\\laravel\\framework\\src\\Illuminate\\Foundation\\Http\\Middleware\\TransformsRequest.php(21): Illuminate\\Pipeline\\Pipeline->Illuminate\\Pipeline\\{closure}(Object(Illuminate\\Http\\Request))
#55 D:\\1LuuDuLieuSV\\2001240399_TrinhHuuKienQuoc\\phplab\\buoi6\\Lab01_Framework\\vendor\\laravel\\framework\\src\\Illuminate\\Foundation\\Http\\Middleware\\TrimStrings.php(40): Illuminate\\Foundation\\Http\\Middleware\\TransformsRequest->handle(Object(Illuminate\\Http\\Request), Object(Closure))
#56 D:\\1LuuDuLieuSV\\2001240399_TrinhHuuKienQuoc\\phplab\\buoi6\\Lab01_Framework\\vendor\\laravel\\framework\\src\\Illuminate\\Pipeline\\Pipeline.php(167): Illuminate\\Foundation\\Http\\Middleware\\TrimStrings->handle(Object(Illuminate\\Http\\Request), Object(Closure))
#57 D:\\1LuuDuLieuSV\\2001240399_TrinhHuuKienQuoc\\phplab\\buoi6\\Lab01_Framework\\vendor\\laravel\\framework\\src\\Illuminate\\Foundation\\Http\\Middleware\\ValidatePostSize.php(27): Illuminate\\Pipeline\\Pipeline->Illuminate\\Pipeline\\{closure}(Object(Illuminate\\Http\\Request))
#58 D:\\1LuuDuLieuSV\\2001240399_TrinhHuuKienQuoc\\phplab\\buoi6\\Lab01_Framework\\vendor\\laravel\\framework\\src\\Illuminate\\Pipeline\\Pipeline.php(167): Illuminate\\Foundation\\Http\\Middleware\\ValidatePostSize->handle(Object(Illuminate\\Http\\Request), Object(Closure))
#59 D:\\1LuuDuLieuSV\\2001240399_TrinhHuuKienQuoc\\phplab\\buoi6\\Lab01_Framework\\vendor\\laravel\\framework\\src\\Illuminate\\Foundation\\Http\\Middleware\\PreventRequestsDuringMaintenance.php(86): Illuminate\\Pipeline\\Pipeline->Illuminate\\Pipeline\\{closure}(Object(Illuminate\\Http\\Request))
#60 D:\\1LuuDuLieuSV\\2001240399_TrinhHuuKienQuoc\\phplab\\buoi6\\Lab01_Framework\\vendor\\laravel\\framework\\src\\Illuminate\\Pipeline\\Pipeline.php(167): Illuminate\\Foundation\\Http\\Middleware\\PreventRequestsDuringMaintenance->handle(Object(Illuminate\\Http\\Request), Object(Closure))
#61 D:\\1LuuDuLieuSV\\2001240399_TrinhHuuKienQuoc\\phplab\\buoi6\\Lab01_Framework\\vendor\\fruitcake\\laravel-cors\\src\\HandleCors.php(38): Illuminate\\Pipeline\\Pipeline->Illuminate\\Pipeline\\{closure}(Object(Illuminate\\Http\\Request))
#62 D:\\1LuuDuLieuSV\\2001240399_TrinhHuuKienQuoc\\phplab\\buoi6\\Lab01_Framework\\vendor\\laravel\\framework\\src\\Illuminate\\Pipeline\\Pipeline.php(167): Fruitcake\\Cors\\HandleCors->handle(Object(Illuminate\\Http\\Request), Object(Closure))
#63 D:\\1LuuDuLieuSV\\2001240399_TrinhHuuKienQuoc\\phplab\\buoi6\\Lab01_Framework\\vendor\\laravel\\framework\\src\\Illuminate\\Http\\Middleware\\TrustProxies.php(39): Illuminate\\Pipeline\\Pipeline->Illuminate\\Pipeline\\{closure}(Object(Illuminate\\Http\\Request))
#64 D:\\1LuuDuLieuSV\\2001240399_TrinhHuuKienQuoc\\phplab\\buoi6\\Lab01_Framework\\vendor\\laravel\\framework\\src\\Illuminate\\Pipeline\\Pipeline.php(167): Illuminate\\Http\\Middleware\\TrustProxies->handle(Object(Illuminate\\Http\\Request), Object(Closure))
#65 D:\\1LuuDuLieuSV\\2001240399_TrinhHuuKienQuoc\\phplab\\buoi6\\Lab01_Framework\\vendor\\laravel\\framework\\src\\Illuminate\\Pipeline\\Pipeline.php(103): Illuminate\\Pipeline\\Pipeline->Illuminate\\Pipeline\\{closure}(Object(Illuminate\\Http\\Request))
#66 D:\\1LuuDuLieuSV\\2001240399_TrinhHuuKienQuoc\\phplab\\buoi6\\Lab01_Framework\\vendor\\laravel\\framework\\src\\Illuminate\\Foundation\\Http\\Kernel.php(142): Illuminate\\Pipeline\\Pipeline->then(Object(Closure))
#67 D:\\1LuuDuLieuSV\\2001240399_TrinhHuuKienQuoc\\phplab\\buoi6\\Lab01_Framework\\vendor\\laravel\\framework\\src\\Illuminate\\Foundation\\Http\\Kernel.php(111): Illuminate\\Foundation\\Http\\Kernel->sendRequestThroughRouter(Object(Illuminate\\Http\\Request))
#68 D:\\1LuuDuLieuSV\\2001240399_TrinhHuuKienQuoc\\phplab\\buoi6\\Lab01_Framework\\public\\index.php(52): Illuminate\\Foundation\\Http\\Kernel->handle(Object(Illuminate\\Http\\Request))
#69 D:\\1LuuDuLieuSV\\2001240399_TrinhHuuKienQuoc\\phplab\\buoi6\\Lab01_Framework\\server.php(21): require_once('D:\\\\1LuuDuLieuSV...')
#70 {main}
"} 
[2026-09-21 08:41:41] local.ERROR: SQLSTATE[HY000] [2002] No connection could be made because the target machine actively refused it.
 (SQL: select * from `articles` where `articles`.`id` = 1 limit 1) {"exception":"[object] (Illuminate\\Database\\QueryException(code: 2002): SQLSTATE[HY000] [2002] No connection could be made because the target machine actively refused it.

 (SQL: select * from `articles` where `articles`.`id` = 1 limit 1) at D:\\1LuuDuLieuSV\\2001240399_TrinhHuuKienQuoc\\phplab\\buoi6\\Lab01_Framework\\vendor\\laravel\\framework\\src\\Illuminate\\Database\\Connection.php:712)
[stacktrace]
#0 D:\\1LuuDuLieuSV\\2001240399_TrinhHuuKienQuoc\\phplab\\buoi6\\Lab01_Framework\\vendor\\laravel\\framework\\src\\Illuminate\\Database\\Connection.php(672): Illuminate\\Database\\Connection->runQueryCallback('select * from `...', Array, Object(Closure))
#1 D:\\1LuuDuLieuSV\\2001240399_TrinhHuuKienQuoc\\phplab\\buoi6\\Lab01_Framework\\vendor\\laravel\\framework\\src\\Illuminate\\Database\\Connection.php(376): Illuminate\\Database\\Connection->run('select * from `...', Array, Object(Closure))
#2 D:\\1LuuDuLieuSV\\2001240399_TrinhHuuKienQuoc\\phplab\\buoi6\\Lab01_Framework\\vendor\\laravel\\framework\\src\\Illuminate\\Database\\Query\\Builder.php(2414): Illuminate\\Database\\Connection->select('select * from `...', Array, true)
#3 D:\\1LuuDuLieuSV\\2001240399_TrinhHuuKienQuoc\\phplab\\buoi6\\Lab01_Framework\\vendor\\laravel\\framework\\src\\Illuminate\\Database\\Query\\Builder.php(2402): Illuminate\\Database\\Query\\Builder->runSelect()
#4 D:\\1LuuDuLieuSV\\2001240399_TrinhHuuKienQuoc\\phplab\\buoi6\\Lab01_Framework\\vendor\\laravel\\framework\\src\\Illuminate\\Database\\Query\\Builder.php(2936): Illuminate\\Database\\Query\\Builder->Illuminate\\Database\\Query\\{closure}()
#5 D:\\1LuuDuLieuSV\\2001240399_TrinhHuuKienQuoc\\phplab\\buoi6\\Lab01_Framework\\vendor\\laravel\\framework\\src\\Illuminate\\Database\\Query\\Builder.php(2403): Illuminate\\Database\\Query\\Builder->onceWithColumns(Array, Object(Closure))
#6 D:\\1LuuDuLieuSV\\2001240399_TrinhHuuKienQuoc\\phplab\\buoi6\\Lab01_Framework\\vendor\\laravel\\framework\\src\\Illuminate\\Database\\Eloquent\\Builder.php(625): Illuminate\\Database\\Query\\Builder->get(Array)
#7 D:\\1LuuDuLieuSV\\2001240399_TrinhHuuKienQuoc\\phplab\\buoi6\\Lab01_Framework\\vendor\\laravel\\framework\\src\\Illuminate\\Database\\Eloquent\\Builder.php(609): Illuminate\\Database\\Eloquent\\Builder->getModels(Array)
#8 D:\\1LuuDuLieuSV\\2001240399_TrinhHuuKienQuoc\\phplab\\buoi6\\Lab01_Framework\\vendor\\laravel\\framework\\src\\Illuminate\\Database\\Concerns\\BuildsQueries.php(294): Illuminate\\Database\\Eloquent\\Builder->get(Array)
#9 D:\\1LuuDuLieuSV\\2001240399_TrinhHuuKienQuoc\\phplab\\buoi6\\Lab01_Framework\\vendor\\laravel\\framework\\src\\Illuminate\\Database\\Eloquent\\Builder.php(400): Illuminate\\Database\\Eloquent\\Builder->first(Array)
#10 D:\\1LuuDuLieuSV\\2001240399_TrinhHuuKienQuoc\\phplab\\buoi6\\Lab01_Framework\\vendor\\laravel\\framework\\src\\Illuminate\\Database\\Eloquent\\Builder.php(432): Illuminate\\Database\\Eloquent\\Builder->find('1', Array)
#11 D:\\1LuuDuLieuSV\\2001240399_TrinhHuuKienQuoc\\phplab\\buoi6\\Lab01_Framework\\vendor\\laravel\\framework\\src\\Illuminate\\Support\\Traits\\ForwardsCalls.php(23): Illuminate\\Database\\Eloquent\\Builder->findOrFail('1')
#12 D:\\1LuuDuLieuSV\\2001240399_TrinhHuuKienQuoc\\phplab\\buoi6\\Lab01_Framework\\vendor\\laravel\\framework\\src\\Illuminate\\Database\\Eloquent\\Model.php(2132): Illuminate\\Database\\Eloquent\\Model->forwardCallTo(Object(Illuminate\\Database\\Eloquent\\Builder), 'findOrFail', Array)
#13 D:\\1LuuDuLieuSV\\2001240399_TrinhHuuKienQuoc\\phplab\\buoi6\\Lab01_Framework\\vendor\\laravel\\framework\\src\\Illuminate\\Database\\Eloquent\\Model.php(2144): Illuminate\\Database\\Eloquent\\Model->__call('findOrFail', Array)
#14 D:\\1LuuDuLieuSV\\2001240399_TrinhHuuKienQuoc\\phplab\\buoi6\\Lab01_Framework\\app\\Http\\Controllers\\ArticleController.php(99): Illuminate\\Database\\Eloquent\\Model::__callStatic('findOrFail', Array)
#15 D:\\1LuuDuLieuSV\\2001240399_TrinhHuuKienQuoc\\phplab\\buoi6\\Lab01_Framework\\vendor\\laravel\\framework\\src\\Illuminate\\Routing\\Controller.php(54): App\\Http\\Controllers\\ArticleController->destroy('1')
#16 D:\\1LuuDuLieuSV\\2001240399_TrinhHuuKienQuoc\\phplab\\buoi6\\Lab01_Framework\\vendor\\laravel\\framework\\src\\Illuminate\\Routing\\ControllerDispatcher.php(45): Illuminate\\Routing\\Controller->callAction('destroy', Array)
#17 D:\\1LuuDuLieuSV\\2001240399_TrinhHuuKienQuoc\\phplab\\buoi6\\Lab01_Framework\\vendor\\laravel\\framework\\src\\Illuminate\\Routing\\Route.php(262): Illuminate\\Routing\\ControllerDispatcher->dispatch(Object(Illuminate\\Routing\\Route), Object(App\\Http\\Controllers\\ArticleController), 'destroy')
#18 D:\\1LuuDuLieuSV\\2001240399_TrinhHuuKienQuoc\\phplab\\buoi6\\Lab01_Framework\\vendor\\laravel\\framework\\src\\Illuminate\\Routing\\Route.php(205): Illuminate\\Routing\\Route->runController()
#19 D:\\1LuuDuLieuSV\\2001240399_TrinhHuuKienQuoc\\phplab\\buoi6\\Lab01_Framework\\vendor\\laravel\\framework\\src\\Illuminate\\Routing\\Router.php(721): Illuminate\\Routing\\Route->run()
#20 D:\\1LuuDuLieuSV\\2001240399_TrinhHuuKienQuoc\\phplab\\buoi6\\Lab01_Framework\\vendor\\laravel\\framework\\src\\Illuminate\\Pipeline\\Pipeline.php(128): Illuminate\\Routing\\Router->Illuminate\\Routing\\{closure}(Object(Illuminate\\Http\\Request))
#21 D:\\1LuuDuLieuSV\\2001240399_TrinhHuuKienQuoc\\phplab\\buoi6\\Lab01_Framework\\vendor\\laravel\\framework\\src\\Illuminate\\Routing\\Middleware\\SubstituteBindings.php(50): Illuminate\\Pipeline\\Pipeline->Illuminate\\Pipeline\\{closure}(Object(Illuminate\\Http\\Request))
#22 D:\\1LuuDuLieuSV\\2001240399_TrinhHuuKienQuoc\\phplab\\buoi6\\Lab01_Framework\\vendor\\laravel\\framework\\src\\Illuminate\\Pipeline\\Pipeline.php(167): Illuminate\\Routing\\Middleware\\SubstituteBindings->handle(Object(Illuminate\\Http\\Request), Object(Closure))
#23 D:\\1LuuDuLieuSV\\2001240399_TrinhHuuKienQuoc\\phplab\\buoi6\\Lab01_Framework\\vendor\\laravel\\framework\\src\\Illuminate\\Foundation\\Http\\Middleware\\VerifyCsrfToken.php(78): Illuminate\\Pipeline\\Pipeline->Illuminate\\Pipeline\\{closure}(Object(Illuminate\\Http\\Request))
#24 D:\\1LuuDuLieuSV\\2001240399_TrinhHuuKienQuoc\\phplab\\buoi6\\Lab01_Framework\\vendor\\laravel\\framework\\src\\Illuminate\\Pipeline\\Pipeline.php(167): Illuminate\\Foundation\\Http\\Middleware\\VerifyCsrfToken->handle(Object(Illuminate\\Http\\Request), Object(Closure))
#25 D:\\1LuuDuLieuSV\\2001240399_TrinhHuuKienQuoc\\phplab\\buoi6\\Lab01_Framework\\vendor\\laravel\\framework\\src\\Illuminate\\View\\Middleware\\ShareErrorsFromSession.php(49): Illuminate\\Pipeline\\Pipeline->Illuminate\\Pipeline\\{closure}(Object(Illuminate\\Http\\Request))
#26 D:\\1LuuDuLieuSV\\2001240399_TrinhHuuKienQuoc\\phplab\\buoi6\\Lab01_Framework\\vendor\\laravel\\framework\\src\\Illuminate\\Pipeline\\Pipeline.php(167): Illuminate\\View\\Middleware\\ShareErrorsFromSession->handle(Object(Illuminate\\Http\\Request), Object(Closure))
#27 D:\\1LuuDuLieuSV\\2001240399_TrinhHuuKienQuoc\\phplab\\buoi6\\Lab01_Framework\\vendor\\laravel\\framework\\src\\Illuminate\\Session\\Middleware\\StartSession.php(121): Illuminate\\Pipeline\\Pipeline->Illuminate\\Pipeline\\{closure}(Object(Illuminate\\Http\\Request))
#28 D:\\1LuuDuLieuSV\\2001240399_TrinhHuuKienQuoc\\phplab\\buoi6\\Lab01_Framework\\vendor\\laravel\\framework\\src\\Illuminate\\Session\\Middleware\\StartSession.php(64): Illuminate\\Session\\Middleware\\StartSession->handleStatefulRequest(Object(Illuminate\\Http\\Request), Object(Illuminate\\Session\\Store), Object(Closure))
#29 D:\\1LuuDuLieuSV\\2001240399_TrinhHuuKienQuoc\\phplab\\buoi6\\Lab01_Framework\\vendor\\laravel\\framework\\src\\Illuminate\\Pipeline\\Pipeline.php(167): Illuminate\\Session\\Middleware\\StartSession->handle(Object(Illuminate\\Http\\Request), Object(Closure))
#30 D:\\1LuuDuLieuSV\\2001240399_TrinhHuuKienQuoc\\phplab\\buoi6\\Lab01_Framework\\vendor\\laravel\\framework\\src\\Illuminate\\Cookie\\Middleware\\AddQueuedCookiesToResponse.php(37): Illuminate\\Pipeline\\Pipeline->Illuminate\\Pipeline\\{closure}(Object(Illuminate\\Http\\Request))
#31 D:\\1LuuDuLieuSV\\2001240399_TrinhHuuKienQuoc\\phplab\\buoi6\\Lab01_Framework\\vendor\\laravel\\framework\\src\\Illuminate\\Pipeline\\Pipeline.php(167): Illuminate\\Cookie\\Middleware\\AddQueuedCookiesToResponse->handle(Object(Illuminate\\Http\\Request), Object(Closure))
#32 D:\\1LuuDuLieuSV\\2001240399_TrinhHuuKienQuoc\\phplab\\buoi6\\Lab01_Framework\\vendor\\laravel\\framework\\src\\Illuminate\\Cookie\\Middleware\\EncryptCookies.php(67): Illuminate\\Pipeline\\Pipeline->Illuminate\\Pipeline\\{closure}(Object(Illuminate\\Http\\Request))
#33 D:\\1LuuDuLieuSV\\2001240399_TrinhHuuKienQuoc\\phplab\\buoi6\\Lab01_Framework\\vendor\\laravel\\framework\\src\\Illuminate\\Pipeline\\Pipeline.php(167): Illuminate\\Cookie\\Middleware\\EncryptCookies->handle(Object(Illuminate\\Http\\Request), Object(Closure))
#34 D:\\1LuuDuLieuSV\\2001240399_TrinhHuuKienQuoc\\phplab\\buoi6\\Lab01_Framework\\vendor\\laravel\\framework\\src\\Illuminate\\Pipeline\\Pipeline.php(103): Illuminate\\Pipeline\\Pipeline->Illuminate\\Pipeline\\{closure}(Object(Illuminate\\Http\\Request))
#35 D:\\1LuuDuLieuSV\\2001240399_TrinhHuuKienQuoc\\phplab\\buoi6\\Lab01_Framework\\vendor\\laravel\\framework\\src\\Illuminate\\Routing\\Router.php(723): Illuminate\\Pipeline\\Pipeline->then(Object(Closure))
#36 D:\\1LuuDuLieuSV\\2001240399_TrinhHuuKienQuoc\\phplab\\buoi6\\Lab01_Framework\\vendor\\laravel\\framework\\src\\Illuminate\\Routing\\Router.php(698): Illuminate\\Routing\\Router->runRouteWithinStack(Object(Illuminate\\Routing\\Route), Object(Illuminate\\Http\\Request))
#37 D:\\1LuuDuLieuSV\\2001240399_TrinhHuuKienQuoc\\phplab\\buoi6\\Lab01_Framework\\vendor\\laravel\\framework\\src\\Illuminate\\Routing\\Router.php(662): Illuminate\\Routing\\Router->runRoute(Object(Illuminate\\Http\\Request), Object(Illuminate\\Routing\\Route))
#38 D:\\1LuuDuLieuSV\\2001240399_TrinhHuuKienQuoc\\phplab\\buoi6\\Lab01_Framework\\vendor\\laravel\\framework\\src\\Illuminate\\Routing\\Router.php(651): Illuminate\\Routing\\Router->dispatchToRoute(Object(Illuminate\\Http\\Request))
#39 D:\\1LuuDuLieuSV\\2001240399_TrinhHuuKienQuoc\\phplab\\buoi6\\Lab01_Framework\\vendor\\laravel\\framework\\src\\Illuminate\\Foundation\\Http\\Kernel.php(167): Illuminate\\Routing\\Router->dispatch(Object(Illuminate\\Http\\Request))
#40 D:\\1LuuDuLieuSV\\2001240399_TrinhHuuKienQuoc\\phplab\\buoi6\\Lab01_Framework\\vendor\\laravel\\framework\\src\\Illuminate\\Pipeline\\Pipeline.php(128): Illuminate\\Foundation\\Http\\Kernel->Illuminate\\Foundation\\Http\\{closure}(Object(Illuminate\\Http\\Request))
#41 D:\\1LuuDuLieuSV\\2001240399_TrinhHuuKienQuoc\\phplab\\buoi6\\Lab01_Framework\\vendor\\laravel\\framework\\src\\Illuminate\\Foundation\\Http\\Middleware\\TransformsRequest.php(21): Illuminate\\Pipeline\\Pipeline->Illuminate\\Pipeline\\{closure}(Object(Illuminate\\Http\\Request))
#42 D:\\1LuuDuLieuSV\\2001240399_TrinhHuuKienQuoc\\phplab\\buoi6\\Lab01_Framework\\vendor\\laravel\\framework\\src\\Illuminate\\Foundation\\Http\\Middleware\\ConvertEmptyStringsToNull.php(31): Illuminate\\Foundation\\Http\\Middleware\\TransformsRequest->handle(Object(Illuminate\\Http\\Request), Object(Closure))
#43 D:\\1LuuDuLieuSV\\2001240399_TrinhHuuKienQuoc\\phplab\\buoi6\\Lab01_Framework\\vendor\\laravel\\framework\\src\\Illuminate\\Pipeline\\Pipeline.php(167): Illuminate\\Foundation\\Http\\Middleware\\ConvertEmptyStringsToNull->handle(Object(Illuminate\\Http\\Request), Object(Closure))
#44 D:\\1LuuDuLieuSV\\2001240399_TrinhHuuKienQuoc\\phplab\\buoi6\\Lab01_Framework\\vendor\\laravel\\framework\\src\\Illuminate\\Foundation\\Http\\Middleware\\TransformsRequest.php(21): Illuminate\\Pipeline\\Pipeline->Illuminate\\Pipeline\\{closure}(Object(Illuminate\\Http\\Request))
#45 D:\\1LuuDuLieuSV\\2001240399_TrinhHuuKienQuoc\\phplab\\buoi6\\Lab01_Framework\\vendor\\laravel\\framework\\src\\Illuminate\\Foundation\\Http\\Middleware\\TrimStrings.php(40): Illuminate\\Foundation\\Http\\Middleware\\TransformsRequest->handle(Object(Illuminate\\Http\\Request), Object(Closure))
#46 D:\\1LuuDuLieuSV\\2001240399_TrinhHuuKienQuoc\\phplab\\buoi6\\Lab01_Framework\\vendor\\laravel\\framework\\src\\Illuminate\\Pipeline\\Pipeline.php(167): Illuminate\\Foundation\\Http\\Middleware\\TrimStrings->handle(Object(Illuminate\\Http\\Request), Object(Closure))
#47 D:\\1LuuDuLieuSV\\2001240399_TrinhHuuKienQuoc\\phplab\\buoi6\\Lab01_Framework\\vendor\\laravel\\framework\\src\\Illuminate\\Foundation\\Http\\Middleware\\ValidatePostSize.php(27): Illuminate\\Pipeline\\Pipeline->Illuminate\\Pipeline\\{closure}(Object(Illuminate\\Http\\Request))
#48 D:\\1LuuDuLieuSV\\2001240399_TrinhHuuKienQuoc\\phplab\\buoi6\\Lab01_Framework\\vendor\\laravel\\framework\\src\\Illuminate\\Pipeline\\Pipeline.php(167): Illuminate\\Foundation\\Http\\Middleware\\ValidatePostSize->handle(Object(Illuminate\\Http\\Request), Object(Closure))
#49 D:\\1LuuDuLieuSV\\2001240399_TrinhHuuKienQuoc\\phplab\\buoi6\\Lab01_Framework\\vendor\\laravel\\framework\\src\\Illuminate\\Foundation\\Http\\Middleware\\PreventRequestsDuringMaintenance.php(86): Illuminate\\Pipeline\\Pipeline->Illuminate\\Pipeline\\{closure}(Object(Illuminate\\Http\\Request))
#50 D:\\1LuuDuLieuSV\\2001240399_TrinhHuuKienQuoc\\phplab\\buoi6\\Lab01_Framework\\vendor\\laravel\\framework\\src\\Illuminate\\Pipeline\\Pipeline.php(167): Illuminate\\Foundation\\Http\\Middleware\\PreventRequestsDuringMaintenance->handle(Object(Illuminate\\Http\\Request), Object(Closure))
#51 D:\\1LuuDuLieuSV\\2001240399_TrinhHuuKienQuoc\\phplab\\buoi6\\Lab01_Framework\\vendor\\fruitcake\\laravel-cors\\src\\HandleCors.php(38): Illuminate\\Pipeline\\Pipeline->Illuminate\\Pipeline\\{closure}(Object(Illuminate\\Http\\Request))
#52 D:\\1LuuDuLieuSV\\2001240399_TrinhHuuKienQuoc\\phplab\\buoi6\\Lab01_Framework\\vendor\\laravel\\framework\\src\\Illuminate\\Pipeline\\Pipeline.php(167): Fruitcake\\Cors\\HandleCors->handle(Object(Illuminate\\Http\\Request), Object(Closure))
#53 D:\\1LuuDuLieuSV\\2001240399_TrinhHuuKienQuoc\\phplab\\buoi6\\Lab01_Framework\\vendor\\laravel\\framework\\src\\Illuminate\\Http\\Middleware\\TrustProxies.php(39): Illuminate\\Pipeline\\Pipeline->Illuminate\\Pipeline\\{closure}(Object(Illuminate\\Http\\Request))
#54 D:\\1LuuDuLieuSV\\2001240399_TrinhHuuKienQuoc\\phplab\\buoi6\\Lab01_Framework\\vendor\\laravel\\framework\\src\\Illuminate\\Pipeline\\Pipeline.php(167): Illuminate\\Http\\Middleware\\TrustProxies->handle(Object(Illuminate\\Http\\Request), Object(Closure))
#55 D:\\1LuuDuLieuSV\\2001240399_TrinhHuuKienQuoc\\phplab\\buoi6\\Lab01_Framework\\vendor\\laravel\\framework\\src\\Illuminate\\Pipeline\\Pipeline.php(103): Illuminate\\Pipeline\\Pipeline->Illuminate\\Pipeline\\{closure}(Object(Illuminate\\Http\\Request))
#56 D:\\1LuuDuLieuSV\\2001240399_TrinhHuuKienQuoc\\phplab\\buoi6\\Lab01_Framework\\vendor\\laravel\\framework\\src\\Illuminate\\Foundation\\Http\\Kernel.php(142): Illuminate\\Pipeline\\Pipeline->then(Object(Closure))
#57 D:\\1LuuDuLieuSV\\2001240399_TrinhHuuKienQuoc\\phplab\\buoi6\\Lab01_Framework\\vendor\\laravel\\framework\\src\\Illuminate\\Foundation\\Http\\Kernel.php(111): Illuminate\\Foundation\\Http\\Kernel->sendRequestThroughRouter(Object(Illuminate\\Http\\Request))
#58 D:\\1LuuDuLieuSV\\2001240399_TrinhHuuKienQuoc\\phplab\\buoi6\\Lab01_Framework\\public\\index.php(52): Illuminate\\Foundation\\Http\\Kernel->handle(Object(Illuminate\\Http\\Request))
#59 D:\\1LuuDuLieuSV\\2001240399_TrinhHuuKienQuoc\\phplab\\buoi6\\Lab01_Framework\\server.php(21): require_once('D:\\\\1LuuDuLieuSV...')
#60 {main}

[previous exception] [object] (PDOException(code: 2002): SQLSTATE[HY000] [2002] No connection could be made because the target machine actively refused it.

 at D:\\1LuuDuLieuSV\\2001240399_TrinhHuuKienQuoc\\phplab\\buoi6\\Lab01_Framework\\vendor\\laravel\\framework\\src\\Illuminate\\Database\\Connectors\\Connector.php:70)
[stacktrace]
#0 D:\\1LuuDuLieuSV\\2001240399_TrinhHuuKienQuoc\\phplab\\buoi6\\Lab01_Framework\\vendor\\laravel\\framework\\src\\Illuminate\\Database\\Connectors\\Connector.php(70): PDO->__construct('mysql:host=127....', 'root', '', Array)
#1 D:\\1LuuDuLieuSV\\2001240399_TrinhHuuKienQuoc\\phplab\\buoi6\\Lab01_Framework\\vendor\\laravel\\framework\\src\\Illuminate\\Database\\Connectors\\Connector.php(46): Illuminate\\Database\\Connectors\\Connector->createPdoConnection('mysql:host=127....', 'root', '', Array)
#2 D:\\1LuuDuLieuSV\\2001240399_TrinhHuuKienQuoc\\phplab\\buoi6\\Lab01_Framework\\vendor\\laravel\\framework\\src\\Illuminate\\Database\\Connectors\\MySqlConnector.php(24): Illuminate\\Database\\Connectors\\Connector->createConnection('mysql:host=127....', Array, Array)
#3 D:\\1LuuDuLieuSV\\2001240399_TrinhHuuKienQuoc\\phplab\\buoi6\\Lab01_Framework\\vendor\\laravel\\framework\\src\\Illuminate\\Database\\Connectors\\ConnectionFactory.php(184): Illuminate\\Database\\Connectors\\MySqlConnector->connect(Array)
#4 [internal function]: Illuminate\\Database\\Connectors\\ConnectionFactory->Illuminate\\Database\\Connectors\\{closure}()
#5 D:\\1LuuDuLieuSV\\2001240399_TrinhHuuKienQuoc\\phplab\\buoi6\\Lab01_Framework\\vendor\\laravel\\framework\\src\\Illuminate\\Database\\Connection.php(1064): call_user_func(Object(Closure))
#6 D:\\1LuuDuLieuSV\\2001240399_TrinhHuuKienQuoc\\phplab\\buoi6\\Lab01_Framework\\vendor\\laravel\\framework\\src\\Illuminate\\Database\\Connection.php(1100): Illuminate\\Database\\Connection->getPdo()
#7 D:\\1LuuDuLieuSV\\2001240399_TrinhHuuKienQuoc\\phplab\\buoi6\\Lab01_Framework\\vendor\\laravel\\framework\\src\\Illuminate\\Database\\Connection.php(442): Illuminate\\Database\\Connection->getReadPdo()
#8 D:\\1LuuDuLieuSV\\2001240399_TrinhHuuKienQuoc\\phplab\\buoi6\\Lab01_Framework\\vendor\\laravel\\framework\\src\\Illuminate\\Database\\Connection.php(368): Illuminate\\Database\\Connection->getPdoForSelect(true)
#9 D:\\1LuuDuLieuSV\\2001240399_TrinhHuuKienQuoc\\phplab\\buoi6\\Lab01_Framework\\vendor\\laravel\\framework\\src\\Illuminate\\Database\\Connection.php(705): Illuminate\\Database\\Connection->Illuminate\\Database\\{closure}('select * from `...', Array)
#10 D:\\1LuuDuLieuSV\\2001240399_TrinhHuuKienQuoc\\phplab\\buoi6\\Lab01_Framework\\vendor\\laravel\\framework\\src\\Illuminate\\Database\\Connection.php(672): Illuminate\\Database\\Connection->runQueryCallback('select * from `...', Array, Object(Closure))
#11 D:\\1LuuDuLieuSV\\2001240399_TrinhHuuKienQuoc\\phplab\\buoi6\\Lab01_Framework\\vendor\\laravel\\framework\\src\\Illuminate\\Database\\Connection.php(376): Illuminate\\Database\\Connection->run('select * from `...', Array, Object(Closure))
#12 D:\\1LuuDuLieuSV\\2001240399_TrinhHuuKienQuoc\\phplab\\buoi6\\Lab01_Framework\\vendor\\laravel\\framework\\src\\Illuminate\\Database\\Query\\Builder.php(2414): Illuminate\\Database\\Connection->select('select * from `...', Array, true)
#13 D:\\1LuuDuLieuSV\\2001240399_TrinhHuuKienQuoc\\phplab\\buoi6\\Lab01_Framework\\vendor\\laravel\\framework\\src\\Illuminate\\Database\\Query\\Builder.php(2402): Illuminate\\Database\\Query\\Builder->runSelect()
#14 D:\\1LuuDuLieuSV\\2001240399_TrinhHuuKienQuoc\\phplab\\buoi6\\Lab01_Framework\\vendor\\laravel\\framework\\src\\Illuminate\\Database\\Query\\Builder.php(2936): Illuminate\\Database\\Query\\Builder->Illuminate\\Database\\Query\\{closure}()
#15 D:\\1LuuDuLieuSV\\2001240399_TrinhHuuKienQuoc\\phplab\\buoi6\\Lab01_Framework\\vendor\\laravel\\framework\\src\\Illuminate\\Database\\Query\\Builder.php(2403): Illuminate\\Database\\Query\\Builder->onceWithColumns(Array, Object(Closure))
#16 D:\\1LuuDuLieuSV\\2001240399_TrinhHuuKienQuoc\\phplab\\buoi6\\Lab01_Framework\\vendor\\laravel\\framework\\src\\Illuminate\\Database\\Eloquent\\Builder.php(625): Illuminate\\Database\\Query\\Builder->get(Array)
#17 D:\\1LuuDuLieuSV\\2001240399_TrinhHuuKienQuoc\\phplab\\buoi6\\Lab01_Framework\\vendor\\laravel\\framework\\src\\Illuminate\\Database\\Eloquent\\Builder.php(609): Illuminate\\Database\\Eloquent\\Builder->getModels(Array)
#18 D:\\1LuuDuLieuSV\\2001240399_TrinhHuuKienQuoc\\phplab\\buoi6\\Lab01_Framework\\vendor\\laravel\\framework\\src\\Illuminate\\Database\\Concerns\\BuildsQueries.php(294): Illuminate\\Database\\Eloquent\\Builder->get(Array)
#19 D:\\1LuuDuLieuSV\\2001240399_TrinhHuuKienQuoc\\phplab\\buoi6\\Lab01_Framework\\vendor\\laravel\\framework\\src\\Illuminate\\Database\\Eloquent\\Builder.php(400): Illuminate\\Database\\Eloquent\\Builder->first(Array)
#20 D:\\1LuuDuLieuSV\\2001240399_TrinhHuuKienQuoc\\phplab\\buoi6\\Lab01_Framework\\vendor\\laravel\\framework\\src\\Illuminate\\Database\\Eloquent\\Builder.php(432): Illuminate\\Database\\Eloquent\\Builder->find('1', Array)
#21 D:\\1LuuDuLieuSV\\2001240399_TrinhHuuKienQuoc\\phplab\\buoi6\\Lab01_Framework\\vendor\\laravel\\framework\\src\\Illuminate\\Support\\Traits\\ForwardsCalls.php(23): Illuminate\\Database\\Eloquent\\Builder->findOrFail('1')
#22 D:\\1LuuDuLieuSV\\2001240399_TrinhHuuKienQuoc\\phplab\\buoi6\\Lab01_Framework\\vendor\\laravel\\framework\\src\\Illuminate\\Database\\Eloquent\\Model.php(2132): Illuminate\\Database\\Eloquent\\Model->forwardCallTo(Object(Illuminate\\Database\\Eloquent\\Builder), 'findOrFail', Array)
#23 D:\\1LuuDuLieuSV\\2001240399_TrinhHuuKienQuoc\\phplab\\buoi6\\Lab01_Framework\\vendor\\laravel\\framework\\src\\Illuminate\\Database\\Eloquent\\Model.php(2144): Illuminate\\Database\\Eloquent\\Model->__call('findOrFail', Array)
#24 D:\\1LuuDuLieuSV\\2001240399_TrinhHuuKienQuoc\\phplab\\buoi6\\Lab01_Framework\\app\\Http\\Controllers\\ArticleController.php(99): Illuminate\\Database\\Eloquent\\Model::__callStatic('findOrFail', Array)
#25 D:\\1LuuDuLieuSV\\2001240399_TrinhHuuKienQuoc\\phplab\\buoi6\\Lab01_Framework\\vendor\\laravel\\framework\\src\\Illuminate\\Routing\\Controller.php(54): App\\Http\\Controllers\\ArticleController->destroy('1')
#26 D:\\1LuuDuLieuSV\\2001240399_TrinhHuuKienQuoc\\phplab\\buoi6\\Lab01_Framework\\vendor\\laravel\\framework\\src\\Illuminate\\Routing\\ControllerDispatcher.php(45): Illuminate\\Routing\\Controller->callAction('destroy', Array)
#27 D:\\1LuuDuLieuSV\\2001240399_TrinhHuuKienQuoc\\phplab\\buoi6\\Lab01_Framework\\vendor\\laravel\\framework\\src\\Illuminate\\Routing\\Route.php(262): Illuminate\\Routing\\ControllerDispatcher->dispatch(Object(Illuminate\\Routing\\Route), Object(App\\Http\\Controllers\\ArticleController), 'destroy')
#28 D:\\1LuuDuLieuSV\\2001240399_TrinhHuuKienQuoc\\phplab\\buoi6\\Lab01_Framework\\vendor\\laravel\\framework\\src\\Illuminate\\Routing\\Route.php(205): Illuminate\\Routing\\Route->runController()
#29 D:\\1LuuDuLieuSV\\2001240399_TrinhHuuKienQuoc\\phplab\\buoi6\\Lab01_Framework\\vendor\\laravel\\framework\\src\\Illuminate\\Routing\\Router.php(721): Illuminate\\Routing\\Route->run()
#30 D:\\1LuuDuLieuSV\\2001240399_TrinhHuuKienQuoc\\phplab\\buoi6\\Lab01_Framework\\vendor\\laravel\\framework\\src\\Illuminate\\Pipeline\\Pipeline.php(128): Illuminate\\Routing\\Router->Illuminate\\Routing\\{closure}(Object(Illuminate\\Http\\Request))
#31 D:\\1LuuDuLieuSV\\2001240399_TrinhHuuKienQuoc\\phplab\\buoi6\\Lab01_Framework\\vendor\\laravel\\framework\\src\\Illuminate\\Routing\\Middleware\\SubstituteBindings.php(50): Illuminate\\Pipeline\\Pipeline->Illuminate\\Pipeline\\{closure}(Object(Illuminate\\Http\\Request))
#32 D:\\1LuuDuLieuSV\\2001240399_TrinhHuuKienQuoc\\phplab\\buoi6\\Lab01_Framework\\vendor\\laravel\\framework\\src\\Illuminate\\Pipeline\\Pipeline.php(167): Illuminate\\Routing\\Middleware\\SubstituteBindings->handle(Object(Illuminate\\Http\\Request), Object(Closure))
#33 D:\\1LuuDuLieuSV\\2001240399_TrinhHuuKienQuoc\\phplab\\buoi6\\Lab01_Framework\\vendor\\laravel\\framework\\src\\Illuminate\\Foundation\\Http\\Middleware\\VerifyCsrfToken.php(78): Illuminate\\Pipeline\\Pipeline->Illuminate\\Pipeline\\{closure}(Object(Illuminate\\Http\\Request))
#34 D:\\1LuuDuLieuSV\\2001240399_TrinhHuuKienQuoc\\phplab\\buoi6\\Lab01_Framework\\vendor\\laravel\\framework\\src\\Illuminate\\Pipeline\\Pipeline.php(167): Illuminate\\Foundation\\Http\\Middleware\\VerifyCsrfToken->handle(Object(Illuminate\\Http\\Request), Object(Closure))
#35 D:\\1LuuDuLieuSV\\2001240399_TrinhHuuKienQuoc\\phplab\\buoi6\\Lab01_Framework\\vendor\\laravel\\framework\\src\\Illuminate\\View\\Middleware\\ShareErrorsFromSession.php(49): Illuminate\\Pipeline\\Pipeline->Illuminate\\Pipeline\\{closure}(Object(Illuminate\\Http\\Request))
#36 D:\\1LuuDuLieuSV\\2001240399_TrinhHuuKienQuoc\\phplab\\buoi6\\Lab01_Framework\\vendor\\laravel\\framework\\src\\Illuminate\\Pipeline\\Pipeline.php(167): Illuminate\\View\\Middleware\\ShareErrorsFromSession->handle(Object(Illuminate\\Http\\Request), Object(Closure))
#37 D:\\1LuuDuLieuSV\\2001240399_TrinhHuuKienQuoc\\phplab\\buoi6\\Lab01_Framework\\vendor\\laravel\\framework\\src\\Illuminate\\Session\\Middleware\\StartSession.php(121): Illuminate\\Pipeline\\Pipeline->Illuminate\\Pipeline\\{closure}(Object(Illuminate\\Http\\Request))
#38 D:\\1LuuDuLieuSV\\2001240399_TrinhHuuKienQuoc\\phplab\\buoi6\\Lab01_Framework\\vendor\\laravel\\framework\\src\\Illuminate\\Session\\Middleware\\StartSession.php(64): Illuminate\\Session\\Middleware\\StartSession->handleStatefulRequest(Object(Illuminate\\Http\\Request), Object(Illuminate\\Session\\Store), Object(Closure))
#39 D:\\1LuuDuLieuSV\\2001240399_TrinhHuuKienQuoc\\phplab\\buoi6\\Lab01_Framework\\vendor\\laravel\\framework\\src\\Illuminate\\Pipeline\\Pipeline.php(167): Illuminate\\Session\\Middleware\\StartSession->handle(Object(Illuminate\\Http\\Request), Object(Closure))
#40 D:\\1LuuDuLieuSV\\2001240399_TrinhHuuKienQuoc\\phplab\\buoi6\\Lab01_Framework\\vendor\\laravel\\framework\\src\\Illuminate\\Cookie\\Middleware\\AddQueuedCookiesToResponse.php(37): Illuminate\\Pipeline\\Pipeline->Illuminate\\Pipeline\\{closure}(Object(Illuminate\\Http\\Request))
#41 D:\\1LuuDuLieuSV\\2001240399_TrinhHuuKienQuoc\\phplab\\buoi6\\Lab01_Framework\\vendor\\laravel\\framework\\src\\Illuminate\\Pipeline\\Pipeline.php(167): Illuminate\\Cookie\\Middleware\\AddQueuedCookiesToResponse->handle(Object(Illuminate\\Http\\Request), Object(Closure))
#42 D:\\1LuuDuLieuSV\\2001240399_TrinhHuuKienQuoc\\phplab\\buoi6\\Lab01_Framework\\vendor\\laravel\\framework\\src\\Illuminate\\Cookie\\Middleware\\EncryptCookies.php(67): Illuminate\\Pipeline\\Pipeline->Illuminate\\Pipeline\\{closure}(Object(Illuminate\\Http\\Request))
#43 D:\\1LuuDuLieuSV\\2001240399_TrinhHuuKienQuoc\\phplab\\buoi6\\Lab01_Framework\\vendor\\laravel\\framework\\src\\Illuminate\\Pipeline\\Pipeline.php(167): Illuminate\\Cookie\\Middleware\\EncryptCookies->handle(Object(Illuminate\\Http\\Request), Object(Closure))
#44 D:\\1LuuDuLieuSV\\2001240399_TrinhHuuKienQuoc\\phplab\\buoi6\\Lab01_Framework\\vendor\\laravel\\framework\\src\\Illuminate\\Pipeline\\Pipeline.php(103): Illuminate\\Pipeline\\Pipeline->Illuminate\\Pipeline\\{closure}(Object(Illuminate\\Http\\Request))
#45 D:\\1LuuDuLieuSV\\2001240399_TrinhHuuKienQuoc\\phplab\\buoi6\\Lab01_Framework\\vendor\\laravel\\framework\\src\\Illuminate\\Routing\\Router.php(723): Illuminate\\Pipeline\\Pipeline->then(Object(Closure))
#46 D:\\1LuuDuLieuSV\\2001240399_TrinhHuuKienQuoc\\phplab\\buoi6\\Lab01_Framework\\vendor\\laravel\\framework\\src\\Illuminate\\Routing\\Router.php(698): Illuminate\\Routing\\Router->runRouteWithinStack(Object(Illuminate\\Routing\\Route), Object(Illuminate\\Http\\Request))
#47 D:\\1LuuDuLieuSV\\2001240399_TrinhHuuKienQuoc\\phplab\\buoi6\\Lab01_Framework\\vendor\\laravel\\framework\\src\\Illuminate\\Routing\\Router.php(662): Illuminate\\Routing\\Router->runRoute(Object(Illuminate\\Http\\Request), Object(Illuminate\\Routing\\Route))
#48 D:\\1LuuDuLieuSV\\2001240399_TrinhHuuKienQuoc\\phplab\\buoi6\\Lab01_Framework\\vendor\\laravel\\framework\\src\\Illuminate\\Routing\\Router.php(651): Illuminate\\Routing\\Router->dispatchToRoute(Object(Illuminate\\Http\\Request))
#49 D:\\1LuuDuLieuSV\\2001240399_TrinhHuuKienQuoc\\phplab\\buoi6\\Lab01_Framework\\vendor\\laravel\\framework\\src\\Illuminate\\Foundation\\Http\\Kernel.php(167): Illuminate\\Routing\\Router->dispatch(Object(Illuminate\\Http\\Request))
#50 D:\\1LuuDuLieuSV\\2001240399_TrinhHuuKienQuoc\\phplab\\buoi6\\Lab01_Framework\\vendor\\laravel\\framework\\src\\Illuminate\\Pipeline\\Pipeline.php(128): Illuminate\\Foundation\\Http\\Kernel->Illuminate\\Foundation\\Http\\{closure}(Object(Illuminate\\Http\\Request))
#51 D:\\1LuuDuLieuSV\\2001240399_TrinhHuuKienQuoc\\phplab\\buoi6\\Lab01_Framework\\vendor\\laravel\\framework\\src\\Illuminate\\Foundation\\Http\\Middleware\\TransformsRequest.php(21): Illuminate\\Pipeline\\Pipeline->Illuminate\\Pipeline\\{closure}(Object(Illuminate\\Http\\Request))
#52 D:\\1LuuDuLieuSV\\2001240399_TrinhHuuKienQuoc\\phplab\\buoi6\\Lab01_Framework\\vendor\\laravel\\framework\\src\\Illuminate\\Foundation\\Http\\Middleware\\ConvertEmptyStringsToNull.php(31): Illuminate\\Foundation\\Http\\Middleware\\TransformsRequest->handle(Object(Illuminate\\Http\\Request), Object(Closure))
#53 D:\\1LuuDuLieuSV\\2001240399_TrinhHuuKienQuoc\\phplab\\buoi6\\Lab01_Framework\\vendor\\laravel\\framework\\src\\Illuminate\\Pipeline\\Pipeline.php(167): Illuminate\\Foundation\\Http\\Middleware\\ConvertEmptyStringsToNull->handle(Object(Illuminate\\Http\\Request), Object(Closure))
#54 D:\\1LuuDuLieuSV\\2001240399_TrinhHuuKienQuoc\\phplab\\buoi6\\Lab01_Framework\\vendor\\laravel\\framework\\src\\Illuminate\\Foundation\\Http\\Middleware\\TransformsRequest.php(21): Illuminate\\Pipeline\\Pipeline->Illuminate\\Pipeline\\{closure}(Object(Illuminate\\Http\\Request))
#55 D:\\1LuuDuLieuSV\\2001240399_TrinhHuuKienQuoc\\phplab\\buoi6\\Lab01_Framework\\vendor\\laravel\\framework\\src\\Illuminate\\Foundation\\Http\\Middleware\\TrimStrings.php(40): Illuminate\\Foundation\\Http\\Middleware\\TransformsRequest->handle(Object(Illuminate\\Http\\Request), Object(Closure))
#56 D:\\1LuuDuLieuSV\\2001240399_TrinhHuuKienQuoc\\phplab\\buoi6\\Lab01_Framework\\vendor\\laravel\\framework\\src\\Illuminate\\Pipeline\\Pipeline.php(167): Illuminate\\Foundation\\Http\\Middleware\\TrimStrings->handle(Object(Illuminate\\Http\\Request), Object(Closure))
#57 D:\\1LuuDuLieuSV\\2001240399_TrinhHuuKienQuoc\\phplab\\buoi6\\Lab01_Framework\\vendor\\laravel\\framework\\src\\Illuminate\\Foundation\\Http\\Middleware\\ValidatePostSize.php(27): Illuminate\\Pipeline\\Pipeline->Illuminate\\Pipeline\\{closure}(Object(Illuminate\\Http\\Request))
#58 D:\\1LuuDuLieuSV\\2001240399_TrinhHuuKienQuoc\\phplab\\buoi6\\Lab01_Framework\\vendor\\laravel\\framework\\src\\Illuminate\\Pipeline\\Pipeline.php(167): Illuminate\\Foundation\\Http\\Middleware\\ValidatePostSize->handle(Object(Illuminate\\Http\\Request), Object(Closure))
#59 D:\\1LuuDuLieuSV\\2001240399_TrinhHuuKienQuoc\\phplab\\buoi6\\Lab01_Framework\\vendor\\laravel\\framework\\src\\Illuminate\\Foundation\\Http\\Middleware\\PreventRequestsDuringMaintenance.php(86): Illuminate\\Pipeline\\Pipeline->Illuminate\\Pipeline\\{closure}(Object(Illuminate\\Http\\Request))
#60 D:\\1LuuDuLieuSV\\2001240399_TrinhHuuKienQuoc\\phplab\\buoi6\\Lab01_Framework\\vendor\\laravel\\framework\\src\\Illuminate\\Pipeline\\Pipeline.php(167): Illuminate\\Foundation\\Http\\Middleware\\PreventRequestsDuringMaintenance->handle(Object(Illuminate\\Http\\Request), Object(Closure))
#61 D:\\1LuuDuLieuSV\\2001240399_TrinhHuuKienQuoc\\phplab\\buoi6\\Lab01_Framework\\vendor\\fruitcake\\laravel-cors\\src\\HandleCors.php(38): Illuminate\\Pipeline\\Pipeline->Illuminate\\Pipeline\\{closure}(Object(Illuminate\\Http\\Request))
#62 D:\\1LuuDuLieuSV\\2001240399_TrinhHuuKienQuoc\\phplab\\buoi6\\Lab01_Framework\\vendor\\laravel\\framework\\src\\Illuminate\\Pipeline\\Pipeline.php(167): Fruitcake\\Cors\\HandleCors->handle(Object(Illuminate\\Http\\Request), Object(Closure))
#63 D:\\1LuuDuLieuSV\\2001240399_TrinhHuuKienQuoc\\phplab\\buoi6\\Lab01_Framework\\vendor\\laravel\\framework\\src\\Illuminate\\Http\\Middleware\\TrustProxies.php(39): Illuminate\\Pipeline\\Pipeline->Illuminate\\Pipeline\\{closure}(Object(Illuminate\\Http\\Request))
#64 D:\\1LuuDuLieuSV\\2001240399_TrinhHuuKienQuoc\\phplab\\buoi6\\Lab01_Framework\\vendor\\laravel\\framework\\src\\Illuminate\\Pipeline\\Pipeline.php(167): Illuminate\\Http\\Middleware\\TrustProxies->handle(Object(Illuminate\\Http\\Request), Object(Closure))
#65 D:\\1LuuDuLieuSV\\2001240399_TrinhHuuKienQuoc\\phplab\\buoi6\\Lab01_Framework\\vendor\\laravel\\framework\\src\\Illuminate\\Pipeline\\Pipeline.php(103): Illuminate\\Pipeline\\Pipeline->Illuminate\\Pipeline\\{closure}(Object(Illuminate\\Http\\Request))
#66 D:\\1LuuDuLieuSV\\2001240399_TrinhHuuKienQuoc\\phplab\\buoi6\\Lab01_Framework\\vendor\\laravel\\framework\\src\\Illuminate\\Foundation\\Http\\Kernel.php(142): Illuminate\\Pipeline\\Pipeline->then(Object(Closure))
#67 D:\\1LuuDuLieuSV\\2001240399_TrinhHuuKienQuoc\\phplab\\buoi6\\Lab01_Framework\\vendor\\laravel\\framework\\src\\Illuminate\\Foundation\\Http\\Kernel.php(111): Illuminate\\Foundation\\Http\\Kernel->sendRequestThroughRouter(Object(Illuminate\\Http\\Request))
#68 D:\\1LuuDuLieuSV\\2001240399_TrinhHuuKienQuoc\\phplab\\buoi6\\Lab01_Framework\\public\\index.php(52): Illuminate\\Foundation\\Http\\Kernel->handle(Object(Illuminate\\Http\\Request))
#69 D:\\1LuuDuLieuSV\\2001240399_TrinhHuuKienQuoc\\phplab\\buoi6\\Lab01_Framework\\server.php(21): require_once('D:\\\\1LuuDuLieuSV...')
#70 {main}
"} 
[2026-09-21 08:42:10] local.ERROR: SQLSTATE[HY000] [2002] No connection could be made because the target machine actively refused it.
 (SQL: select * from `articles` where `articles`.`id` = 1 limit 1) {"exception":"[object] (Illuminate\\Database\\QueryException(code: 2002): SQLSTATE[HY000] [2002] No connection could be made because the target machine actively refused it.

 (SQL: select * from `articles` where `articles`.`id` = 1 limit 1) at D:\\1LuuDuLieuSV\\2001240399_TrinhHuuKienQuoc\\phplab\\buoi6\\Lab01_Framework\\vendor\\laravel\\framework\\src\\Illuminate\\Database\\Connection.php:712)
[stacktrace]
#0 D:\\1LuuDuLieuSV\\2001240399_TrinhHuuKienQuoc\\phplab\\buoi6\\Lab01_Framework\\vendor\\laravel\\framework\\src\\Illuminate\\Database\\Connection.php(672): Illuminate\\Database\\Connection->runQueryCallback('select * from `...', Array, Object(Closure))
#1 D:\\1LuuDuLieuSV\\2001240399_TrinhHuuKienQuoc\\phplab\\buoi6\\Lab01_Framework\\vendor\\laravel\\framework\\src\\Illuminate\\Database\\Connection.php(376): Illuminate\\Database\\Connection->run('select * from `...', Array, Object(Closure))
#2 D:\\1LuuDuLieuSV\\2001240399_TrinhHuuKienQuoc\\phplab\\buoi6\\Lab01_Framework\\vendor\\laravel\\framework\\src\\Illuminate\\Database\\Query\\Builder.php(2414): Illuminate\\Database\\Connection->select('select * from `...', Array, true)
#3 D:\\1LuuDuLieuSV\\2001240399_TrinhHuuKienQuoc\\phplab\\buoi6\\Lab01_Framework\\vendor\\laravel\\framework\\src\\Illuminate\\Database\\Query\\Builder.php(2402): Illuminate\\Database\\Query\\Builder->runSelect()
#4 D:\\1LuuDuLieuSV\\2001240399_TrinhHuuKienQuoc\\phplab\\buoi6\\Lab01_Framework\\vendor\\laravel\\framework\\src\\Illuminate\\Database\\Query\\Builder.php(2936): Illuminate\\Database\\Query\\Builder->Illuminate\\Database\\Query\\{closure}()
#5 D:\\1LuuDuLieuSV\\2001240399_TrinhHuuKienQuoc\\phplab\\buoi6\\Lab01_Framework\\vendor\\laravel\\framework\\src\\Illuminate\\Database\\Query\\Builder.php(2403): Illuminate\\Database\\Query\\Builder->onceWithColumns(Array, Object(Closure))
#6 D:\\1LuuDuLieuSV\\2001240399_TrinhHuuKienQuoc\\phplab\\buoi6\\Lab01_Framework\\vendor\\laravel\\framework\\src\\Illuminate\\Database\\Eloquent\\Builder.php(625): Illuminate\\Database\\Query\\Builder->get(Array)
#7 D:\\1LuuDuLieuSV\\2001240399_TrinhHuuKienQuoc\\phplab\\buoi6\\Lab01_Framework\\vendor\\laravel\\framework\\src\\Illuminate\\Database\\Eloquent\\Builder.php(609): Illuminate\\Database\\Eloquent\\Builder->getModels(Array)
#8 D:\\1LuuDuLieuSV\\2001240399_TrinhHuuKienQuoc\\phplab\\buoi6\\Lab01_Framework\\vendor\\laravel\\framework\\src\\Illuminate\\Database\\Concerns\\BuildsQueries.php(294): Illuminate\\Database\\Eloquent\\Builder->get(Array)
#9 D:\\1LuuDuLieuSV\\2001240399_TrinhHuuKienQuoc\\phplab\\buoi6\\Lab01_Framework\\vendor\\laravel\\framework\\src\\Illuminate\\Database\\Eloquent\\Builder.php(400): Illuminate\\Database\\Eloquent\\Builder->first(Array)
#10 D:\\1LuuDuLieuSV\\2001240399_TrinhHuuKienQuoc\\phplab\\buoi6\\Lab01_Framework\\vendor\\laravel\\framework\\src\\Illuminate\\Database\\Eloquent\\Builder.php(432): Illuminate\\Database\\Eloquent\\Builder->find('1', Array)
#11 D:\\1LuuDuLieuSV\\2001240399_TrinhHuuKienQuoc\\phplab\\buoi6\\Lab01_Framework\\vendor\\laravel\\framework\\src\\Illuminate\\Support\\Traits\\ForwardsCalls.php(23): Illuminate\\Database\\Eloquent\\Builder->findOrFail('1')
#12 D:\\1LuuDuLieuSV\\2001240399_TrinhHuuKienQuoc\\phplab\\buoi6\\Lab01_Framework\\vendor\\laravel\\framework\\src\\Illuminate\\Database\\Eloquent\\Model.php(2132): Illuminate\\Database\\Eloquent\\Model->forwardCallTo(Object(Illuminate\\Database\\Eloquent\\Builder), 'findOrFail', Array)
#13 D:\\1LuuDuLieuSV\\2001240399_TrinhHuuKienQuoc\\phplab\\buoi6\\Lab01_Framework\\vendor\\laravel\\framework\\src\\Illuminate\\Database\\Eloquent\\Model.php(2144): Illuminate\\Database\\Eloquent\\Model->__call('findOrFail', Array)
#14 D:\\1LuuDuLieuSV\\2001240399_TrinhHuuKienQuoc\\phplab\\buoi6\\Lab01_Framework\\app\\Http\\Controllers\\ArticleController.php(99): Illuminate\\Database\\Eloquent\\Model::__callStatic('findOrFail', Array)
#15 D:\\1LuuDuLieuSV\\2001240399_TrinhHuuKienQuoc\\phplab\\buoi6\\Lab01_Framework\\vendor\\laravel\\framework\\src\\Illuminate\\Routing\\Controller.php(54): App\\Http\\Controllers\\ArticleController->destroy('1')
#16 D:\\1LuuDuLieuSV\\2001240399_TrinhHuuKienQuoc\\phplab\\buoi6\\Lab01_Framework\\vendor\\laravel\\framework\\src\\Illuminate\\Routing\\ControllerDispatcher.php(45): Illuminate\\Routing\\Controller->callAction('destroy', Array)
#17 D:\\1LuuDuLieuSV\\2001240399_TrinhHuuKienQuoc\\phplab\\buoi6\\Lab01_Framework\\vendor\\laravel\\framework\\src\\Illuminate\\Routing\\Route.php(262): Illuminate\\Routing\\ControllerDispatcher->dispatch(Object(Illuminate\\Routing\\Route), Object(App\\Http\\Controllers\\ArticleController), 'destroy')
#18 D:\\1LuuDuLieuSV\\2001240399_TrinhHuuKienQuoc\\phplab\\buoi6\\Lab01_Framework\\vendor\\laravel\\framework\\src\\Illuminate\\Routing\\Route.php(205): Illuminate\\Routing\\Route->runController()
#19 D:\\1LuuDuLieuSV\\2001240399_TrinhHuuKienQuoc\\phplab\\buoi6\\Lab01_Framework\\vendor\\laravel\\framework\\src\\Illuminate\\Routing\\Router.php(721): Illuminate\\Routing\\Route->run()
#20 D:\\1LuuDuLieuSV\\2001240399_TrinhHuuKienQuoc\\phplab\\buoi6\\Lab01_Framework\\vendor\\laravel\\framework\\src\\Illuminate\\Pipeline\\Pipeline.php(128): Illuminate\\Routing\\Router->Illuminate\\Routing\\{closure}(Object(Illuminate\\Http\\Request))
#21 D:\\1LuuDuLieuSV\\2001240399_TrinhHuuKienQuoc\\phplab\\buoi6\\Lab01_Framework\\vendor\\laravel\\framework\\src\\Illuminate\\Routing\\Middleware\\SubstituteBindings.php(50): Illuminate\\Pipeline\\Pipeline->Illuminate\\Pipeline\\{closure}(Object(Illuminate\\Http\\Request))
#22 D:\\1LuuDuLieuSV\\2001240399_TrinhHuuKienQuoc\\phplab\\buoi6\\Lab01_Framework\\vendor\\laravel\\framework\\src\\Illuminate\\Pipeline\\Pipeline.php(167): Illuminate\\Routing\\Middleware\\SubstituteBindings->handle(Object(Illuminate\\Http\\Request), Object(Closure))
#23 D:\\1LuuDuLieuSV\\2001240399_TrinhHuuKienQuoc\\phplab\\buoi6\\Lab01_Framework\\vendor\\laravel\\framework\\src\\Illuminate\\Foundation\\Http\\Middleware\\VerifyCsrfToken.php(78): Illuminate\\Pipeline\\Pipeline->Illuminate\\Pipeline\\{closure}(Object(Illuminate\\Http\\Request))
#24 D:\\1LuuDuLieuSV\\2001240399_TrinhHuuKienQuoc\\phplab\\buoi6\\Lab01_Framework\\vendor\\laravel\\framework\\src\\Illuminate\\Pipeline\\Pipeline.php(167): Illuminate\\Foundation\\Http\\Middleware\\VerifyCsrfToken->handle(Object(Illuminate\\Http\\Request), Object(Closure))
#25 D:\\1LuuDuLieuSV\\2001240399_TrinhHuuKienQuoc\\phplab\\buoi6\\Lab01_Framework\\vendor\\laravel\\framework\\src\\Illuminate\\View\\Middleware\\ShareErrorsFromSession.php(49): Illuminate\\Pipeline\\Pipeline->Illuminate\\Pipeline\\{closure}(Object(Illuminate\\Http\\Request))
#26 D:\\1LuuDuLieuSV\\2001240399_TrinhHuuKienQuoc\\phplab\\buoi6\\Lab01_Framework\\vendor\\laravel\\framework\\src\\Illuminate\\Pipeline\\Pipeline.php(167): Illuminate\\View\\Middleware\\ShareErrorsFromSession->handle(Object(Illuminate\\Http\\Request), Object(Closure))
#27 D:\\1LuuDuLieuSV\\2001240399_TrinhHuuKienQuoc\\phplab\\buoi6\\Lab01_Framework\\vendor\\laravel\\framework\\src\\Illuminate\\Session\\Middleware\\StartSession.php(121): Illuminate\\Pipeline\\Pipeline->Illuminate\\Pipeline\\{closure}(Object(Illuminate\\Http\\Request))
#28 D:\\1LuuDuLieuSV\\2001240399_TrinhHuuKienQuoc\\phplab\\buoi6\\Lab01_Framework\\vendor\\laravel\\framework\\src\\Illuminate\\Session\\Middleware\\StartSession.php(64): Illuminate\\Session\\Middleware\\StartSession->handleStatefulRequest(Object(Illuminate\\Http\\Request), Object(Illuminate\\Session\\Store), Object(Closure))
#29 D:\\1LuuDuLieuSV\\2001240399_TrinhHuuKienQuoc\\phplab\\buoi6\\Lab01_Framework\\vendor\\laravel\\framework\\src\\Illuminate\\Pipeline\\Pipeline.php(167): Illuminate\\Session\\Middleware\\StartSession->handle(Object(Illuminate\\Http\\Request), Object(Closure))
#30 D:\\1LuuDuLieuSV\\2001240399_TrinhHuuKienQuoc\\phplab\\buoi6\\Lab01_Framework\\vendor\\laravel\\framework\\src\\Illuminate\\Cookie\\Middleware\\AddQueuedCookiesToResponse.php(37): Illuminate\\Pipeline\\Pipeline->Illuminate\\Pipeline\\{closure}(Object(Illuminate\\Http\\Request))
#31 D:\\1LuuDuLieuSV\\2001240399_TrinhHuuKienQuoc\\phplab\\buoi6\\Lab01_Framework\\vendor\\laravel\\framework\\src\\Illuminate\\Pipeline\\Pipeline.php(167): Illuminate\\Cookie\\Middleware\\AddQueuedCookiesToResponse->handle(Object(Illuminate\\Http\\Request), Object(Closure))
#32 D:\\1LuuDuLieuSV\\2001240399_TrinhHuuKienQuoc\\phplab\\buoi6\\Lab01_Framework\\vendor\\laravel\\framework\\src\\Illuminate\\Cookie\\Middleware\\EncryptCookies.php(67): Illuminate\\Pipeline\\Pipeline->Illuminate\\Pipeline\\{closure}(Object(Illuminate\\Http\\Request))
#33 D:\\1LuuDuLieuSV\\2001240399_TrinhHuuKienQuoc\\phplab\\buoi6\\Lab01_Framework\\vendor\\laravel\\framework\\src\\Illuminate\\Pipeline\\Pipeline.php(167): Illuminate\\Cookie\\Middleware\\EncryptCookies->handle(Object(Illuminate\\Http\\Request), Object(Closure))
#34 D:\\1LuuDuLieuSV\\2001240399_TrinhHuuKienQuoc\\phplab\\buoi6\\Lab01_Framework\\vendor\\laravel\\framework\\src\\Illuminate\\Pipeline\\Pipeline.php(103): Illuminate\\Pipeline\\Pipeline->Illuminate\\Pipeline\\{closure}(Object(Illuminate\\Http\\Request))
#35 D:\\1LuuDuLieuSV\\2001240399_TrinhHuuKienQuoc\\phplab\\buoi6\\Lab01_Framework\\vendor\\laravel\\framework\\src\\Illuminate\\Routing\\Router.php(723): Illuminate\\Pipeline\\Pipeline->then(Object(Closure))
#36 D:\\1LuuDuLieuSV\\2001240399_TrinhHuuKienQuoc\\phplab\\buoi6\\Lab01_Framework\\vendor\\laravel\\framework\\src\\Illuminate\\Routing\\Router.php(698): Illuminate\\Routing\\Router->runRouteWithinStack(Object(Illuminate\\Routing\\Route), Object(Illuminate\\Http\\Request))
#37 D:\\1LuuDuLieuSV\\2001240399_TrinhHuuKienQuoc\\phplab\\buoi6\\Lab01_Framework\\vendor\\laravel\\framework\\src\\Illuminate\\Routing\\Router.php(662): Illuminate\\Routing\\Router->runRoute(Object(Illuminate\\Http\\Request), Object(Illuminate\\Routing\\Route))
#38 D:\\1LuuDuLieuSV\\2001240399_TrinhHuuKienQuoc\\phplab\\buoi6\\Lab01_Framework\\vendor\\laravel\\framework\\src\\Illuminate\\Routing\\Router.php(651): Illuminate\\Routing\\Router->dispatchToRoute(Object(Illuminate\\Http\\Request))
#39 D:\\1LuuDuLieuSV\\2001240399_TrinhHuuKienQuoc\\phplab\\buoi6\\Lab01_Framework\\vendor\\laravel\\framework\\src\\Illuminate\\Foundation\\Http\\Kernel.php(167): Illuminate\\Routing\\Router->dispatch(Object(Illuminate\\Http\\Request))
#40 D:\\1LuuDuLieuSV\\2001240399_TrinhHuuKienQuoc\\phplab\\buoi6\\Lab01_Framework\\vendor\\laravel\\framework\\src\\Illuminate\\Pipeline\\Pipeline.php(128): Illuminate\\Foundation\\Http\\Kernel->Illuminate\\Foundation\\Http\\{closure}(Object(Illuminate\\Http\\Request))
#41 D:\\1LuuDuLieuSV\\2001240399_TrinhHuuKienQuoc\\phplab\\buoi6\\Lab01_Framework\\vendor\\laravel\\framework\\src\\Illuminate\\Foundation\\Http\\Middleware\\TransformsRequest.php(21): Illuminate\\Pipeline\\Pipeline->Illuminate\\Pipeline\\{closure}(Object(Illuminate\\Http\\Request))
#42 D:\\1LuuDuLieuSV\\2001240399_TrinhHuuKienQuoc\\phplab\\buoi6\\Lab01_Framework\\vendor\\laravel\\framework\\src\\Illuminate\\Foundation\\Http\\Middleware\\ConvertEmptyStringsToNull.php(31): Illuminate\\Foundation\\Http\\Middleware\\TransformsRequest->handle(Object(Illuminate\\Http\\Request), Object(Closure))
#43 D:\\1LuuDuLieuSV\\2001240399_TrinhHuuKienQuoc\\phplab\\buoi6\\Lab01_Framework\\vendor\\laravel\\framework\\src\\Illuminate\\Pipeline\\Pipeline.php(167): Illuminate\\Foundation\\Http\\Middleware\\ConvertEmptyStringsToNull->handle(Object(Illuminate\\Http\\Request), Object(Closure))
#44 D:\\1LuuDuLieuSV\\2001240399_TrinhHuuKienQuoc\\phplab\\buoi6\\Lab01_Framework\\vendor\\laravel\\framework\\src\\Illuminate\\Foundation\\Http\\Middleware\\TransformsRequest.php(21): Illuminate\\Pipeline\\Pipeline->Illuminate\\Pipeline\\{closure}(Object(Illuminate\\Http\\Request))
#45 D:\\1LuuDuLieuSV\\2001240399_TrinhHuuKienQuoc\\phplab\\buoi6\\Lab01_Framework\\vendor\\laravel\\framework\\src\\Illuminate\\Foundation\\Http\\Middleware\\TrimStrings.php(40): Illuminate\\Foundation\\Http\\Middleware\\TransformsRequest->handle(Object(Illuminate\\Http\\Request), Object(Closure))
#46 D:\\1LuuDuLieuSV\\2001240399_TrinhHuuKienQuoc\\phplab\\buoi6\\Lab01_Framework\\vendor\\laravel\\framework\\src\\Illuminate\\Pipeline\\Pipeline.php(167): Illuminate\\Foundation\\Http\\Middleware\\TrimStrings->handle(Object(Illuminate\\Http\\Request), Object(Closure))
#47 D:\\1LuuDuLieuSV\\2001240399_TrinhHuuKienQuoc\\phplab\\buoi6\\Lab01_Framework\\vendor\\laravel\\framework\\src\\Illuminate\\Foundation\\Http\\Middleware\\ValidatePostSize.php(27): Illuminate\\Pipeline\\Pipeline->Illuminate\\Pipeline\\{closure}(Object(Illuminate\\Http\\Request))
#48 D:\\1LuuDuLieuSV\\2001240399_TrinhHuuKienQuoc\\phplab\\buoi6\\Lab01_Framework\\vendor\\laravel\\framework\\src\\Illuminate\\Pipeline\\Pipeline.php(167): Illuminate\\Foundation\\Http\\Middleware\\ValidatePostSize->handle(Object(Illuminate\\Http\\Request), Object(Closure))
#49 D:\\1LuuDuLieuSV\\2001240399_TrinhHuuKienQuoc\\phplab\\buoi6\\Lab01_Framework\\vendor\\laravel\\framework\\src\\Illuminate\\Foundation\\Http\\Middleware\\PreventRequestsDuringMaintenance.php(86): Illuminate\\Pipeline\\Pipeline->Illuminate\\Pipeline\\{closure}(Object(Illuminate\\Http\\Request))
#50 D:\\1LuuDuLieuSV\\2001240399_TrinhHuuKienQuoc\\phplab\\buoi6\\Lab01_Framework\\vendor\\laravel\\framework\\src\\Illuminate\\Pipeline\\Pipeline.php(167): Illuminate\\Foundation\\Http\\Middleware\\PreventRequestsDuringMaintenance->handle(Object(Illuminate\\Http\\Request), Object(Closure))
#51 D:\\1LuuDuLieuSV\\2001240399_TrinhHuuKienQuoc\\phplab\\buoi6\\Lab01_Framework\\vendor\\fruitcake\\laravel-cors\\src\\HandleCors.php(38): Illuminate\\Pipeline\\Pipeline->Illuminate\\Pipeline\\{closure}(Object(Illuminate\\Http\\Request))
#52 D:\\1LuuDuLieuSV\\2001240399_TrinhHuuKienQuoc\\phplab\\buoi6\\Lab01_Framework\\vendor\\laravel\\framework\\src\\Illuminate\\Pipeline\\Pipeline.php(167): Fruitcake\\Cors\\HandleCors->handle(Object(Illuminate\\Http\\Request), Object(Closure))
#53 D:\\1LuuDuLieuSV\\2001240399_TrinhHuuKienQuoc\\phplab\\buoi6\\Lab01_Framework\\vendor\\laravel\\framework\\src\\Illuminate\\Http\\Middleware\\TrustProxies.php(39): Illuminate\\Pipeline\\Pipeline->Illuminate\\Pipeline\\{closure}(Object(Illuminate\\Http\\Request))
#54 D:\\1LuuDuLieuSV\\2001240399_TrinhHuuKienQuoc\\phplab\\buoi6\\Lab01_Framework\\vendor\\laravel\\framework\\src\\Illuminate\\Pipeline\\Pipeline.php(167): Illuminate\\Http\\Middleware\\TrustProxies->handle(Object(Illuminate\\Http\\Request), Object(Closure))
#55 D:\\1LuuDuLieuSV\\2001240399_TrinhHuuKienQuoc\\phplab\\buoi6\\Lab01_Framework\\vendor\\laravel\\framework\\src\\Illuminate\\Pipeline\\Pipeline.php(103): Illuminate\\Pipeline\\Pipeline->Illuminate\\Pipeline\\{closure}(Object(Illuminate\\Http\\Request))
#56 D:\\1LuuDuLieuSV\\2001240399_TrinhHuuKienQuoc\\phplab\\buoi6\\Lab01_Framework\\vendor\\laravel\\framework\\src\\Illuminate\\Foundation\\Http\\Kernel.php(142): Illuminate\\Pipeline\\Pipeline->then(Object(Closure))
#57 D:\\1LuuDuLieuSV\\2001240399_TrinhHuuKienQuoc\\phplab\\buoi6\\Lab01_Framework\\vendor\\laravel\\framework\\src\\Illuminate\\Foundation\\Http\\Kernel.php(111): Illuminate\\Foundation\\Http\\Kernel->sendRequestThroughRouter(Object(Illuminate\\Http\\Request))
#58 D:\\1LuuDuLieuSV\\2001240399_TrinhHuuKienQuoc\\phplab\\buoi6\\Lab01_Framework\\public\\index.php(52): Illuminate\\Foundation\\Http\\Kernel->handle(Object(Illuminate\\Http\\Request))
#59 D:\\1LuuDuLieuSV\\2001240399_TrinhHuuKienQuoc\\phplab\\buoi6\\Lab01_Framework\\server.php(21): require_once('D:\\\\1LuuDuLieuSV...')
#60 {main}

[previous exception] [object] (PDOException(code: 2002): SQLSTATE[HY000] [2002] No connection could be made because the target machine actively refused it.

 at D:\\1LuuDuLieuSV\\2001240399_TrinhHuuKienQuoc\\phplab\\buoi6\\Lab01_Framework\\vendor\\laravel\\framework\\src\\Illuminate\\Database\\Connectors\\Connector.php:70)
[stacktrace]
#0 D:\\1LuuDuLieuSV\\2001240399_TrinhHuuKienQuoc\\phplab\\buoi6\\Lab01_Framework\\vendor\\laravel\\framework\\src\\Illuminate\\Database\\Connectors\\Connector.php(70): PDO->__construct('mysql:host=127....', 'root', '', Array)
#1 D:\\1LuuDuLieuSV\\2001240399_TrinhHuuKienQuoc\\phplab\\buoi6\\Lab01_Framework\\vendor\\laravel\\framework\\src\\Illuminate\\Database\\Connectors\\Connector.php(46): Illuminate\\Database\\Connectors\\Connector->createPdoConnection('mysql:host=127....', 'root', '', Array)
#2 D:\\1LuuDuLieuSV\\2001240399_TrinhHuuKienQuoc\\phplab\\buoi6\\Lab01_Framework\\vendor\\laravel\\framework\\src\\Illuminate\\Database\\Connectors\\MySqlConnector.php(24): Illuminate\\Database\\Connectors\\Connector->createConnection('mysql:host=127....', Array, Array)
#3 D:\\1LuuDuLieuSV\\2001240399_TrinhHuuKienQuoc\\phplab\\buoi6\\Lab01_Framework\\vendor\\laravel\\framework\\src\\Illuminate\\Database\\Connectors\\ConnectionFactory.php(184): Illuminate\\Database\\Connectors\\MySqlConnector->connect(Array)
#4 [internal function]: Illuminate\\Database\\Connectors\\ConnectionFactory->Illuminate\\Database\\Connectors\\{closure}()
#5 D:\\1LuuDuLieuSV\\2001240399_TrinhHuuKienQuoc\\phplab\\buoi6\\Lab01_Framework\\vendor\\laravel\\framework\\src\\Illuminate\\Database\\Connection.php(1064): call_user_func(Object(Closure))
#6 D:\\1LuuDuLieuSV\\2001240399_TrinhHuuKienQuoc\\phplab\\buoi6\\Lab01_Framework\\vendor\\laravel\\framework\\src\\Illuminate\\Database\\Connection.php(1100): Illuminate\\Database\\Connection->getPdo()
#7 D:\\1LuuDuLieuSV\\2001240399_TrinhHuuKienQuoc\\phplab\\buoi6\\Lab01_Framework\\vendor\\laravel\\framework\\src\\Illuminate\\Database\\Connection.php(442): Illuminate\\Database\\Connection->getReadPdo()
#8 D:\\1LuuDuLieuSV\\2001240399_TrinhHuuKienQuoc\\phplab\\buoi6\\Lab01_Framework\\vendor\\laravel\\framework\\src\\Illuminate\\Database\\Connection.php(368): Illuminate\\Database\\Connection->getPdoForSelect(true)
#9 D:\\1LuuDuLieuSV\\2001240399_TrinhHuuKienQuoc\\phplab\\buoi6\\Lab01_Framework\\vendor\\laravel\\framework\\src\\Illuminate\\Database\\Connection.php(705): Illuminate\\Database\\Connection->Illuminate\\Database\\{closure}('select * from `...', Array)
#10 D:\\1LuuDuLieuSV\\2001240399_TrinhHuuKienQuoc\\phplab\\buoi6\\Lab01_Framework\\vendor\\laravel\\framework\\src\\Illuminate\\Database\\Connection.php(672): Illuminate\\Database\\Connection->runQueryCallback('select * from `...', Array, Object(Closure))
#11 D:\\1LuuDuLieuSV\\2001240399_TrinhHuuKienQuoc\\phplab\\buoi6\\Lab01_Framework\\vendor\\laravel\\framework\\src\\Illuminate\\Database\\Connection.php(376): Illuminate\\Database\\Connection->run('select * from `...', Array, Object(Closure))
#12 D:\\1LuuDuLieuSV\\2001240399_TrinhHuuKienQuoc\\phplab\\buoi6\\Lab01_Framework\\vendor\\laravel\\framework\\src\\Illuminate\\Database\\Query\\Builder.php(2414): Illuminate\\Database\\Connection->select('select * from `...', Array, true)
#13 D:\\1LuuDuLieuSV\\2001240399_TrinhHuuKienQuoc\\phplab\\buoi6\\Lab01_Framework\\vendor\\laravel\\framework\\src\\Illuminate\\Database\\Query\\Builder.php(2402): Illuminate\\Database\\Query\\Builder->runSelect()
#14 D:\\1LuuDuLieuSV\\2001240399_TrinhHuuKienQuoc\\phplab\\buoi6\\Lab01_Framework\\vendor\\laravel\\framework\\src\\Illuminate\\Database\\Query\\Builder.php(2936): Illuminate\\Database\\Query\\Builder->Illuminate\\Database\\Query\\{closure}()
#15 D:\\1LuuDuLieuSV\\2001240399_TrinhHuuKienQuoc\\phplab\\buoi6\\Lab01_Framework\\vendor\\laravel\\framework\\src\\Illuminate\\Database\\Query\\Builder.php(2403): Illuminate\\Database\\Query\\Builder->onceWithColumns(Array, Object(Closure))
#16 D:\\1LuuDuLieuSV\\2001240399_TrinhHuuKienQuoc\\phplab\\buoi6\\Lab01_Framework\\vendor\\laravel\\framework\\src\\Illuminate\\Database\\Eloquent\\Builder.php(625): Illuminate\\Database\\Query\\Builder->get(Array)
#17 D:\\1LuuDuLieuSV\\2001240399_TrinhHuuKienQuoc\\phplab\\buoi6\\Lab01_Framework\\vendor\\laravel\\framework\\src\\Illuminate\\Database\\Eloquent\\Builder.php(609): Illuminate\\Database\\Eloquent\\Builder->getModels(Array)
#18 D:\\1LuuDuLieuSV\\2001240399_TrinhHuuKienQuoc\\phplab\\buoi6\\Lab01_Framework\\vendor\\laravel\\framework\\src\\Illuminate\\Database\\Concerns\\BuildsQueries.php(294): Illuminate\\Database\\Eloquent\\Builder->get(Array)
#19 D:\\1LuuDuLieuSV\\2001240399_TrinhHuuKienQuoc\\phplab\\buoi6\\Lab01_Framework\\vendor\\laravel\\framework\\src\\Illuminate\\Database\\Eloquent\\Builder.php(400): Illuminate\\Database\\Eloquent\\Builder->first(Array)
#20 D:\\1LuuDuLieuSV\\2001240399_TrinhHuuKienQuoc\\phplab\\buoi6\\Lab01_Framework\\vendor\\laravel\\framework\\src\\Illuminate\\Database\\Eloquent\\Builder.php(432): Illuminate\\Database\\Eloquent\\Builder->find('1', Array)
#21 D:\\1LuuDuLieuSV\\2001240399_TrinhHuuKienQuoc\\phplab\\buoi6\\Lab01_Framework\\vendor\\laravel\\framework\\src\\Illuminate\\Support\\Traits\\ForwardsCalls.php(23): Illuminate\\Database\\Eloquent\\Builder->findOrFail('1')
#22 D:\\1LuuDuLieuSV\\2001240399_TrinhHuuKienQuoc\\phplab\\buoi6\\Lab01_Framework\\vendor\\laravel\\framework\\src\\Illuminate\\Database\\Eloquent\\Model.php(2132): Illuminate\\Database\\Eloquent\\Model->forwardCallTo(Object(Illuminate\\Database\\Eloquent\\Builder), 'findOrFail', Array)
#23 D:\\1LuuDuLieuSV\\2001240399_TrinhHuuKienQuoc\\phplab\\buoi6\\Lab01_Framework\\vendor\\laravel\\framework\\src\\Illuminate\\Database\\Eloquent\\Model.php(2144): Illuminate\\Database\\Eloquent\\Model->__call('findOrFail', Array)
#24 D:\\1LuuDuLieuSV\\2001240399_TrinhHuuKienQuoc\\phplab\\buoi6\\Lab01_Framework\\app\\Http\\Controllers\\ArticleController.php(99): Illuminate\\Database\\Eloquent\\Model::__callStatic('findOrFail', Array)
#25 D:\\1LuuDuLieuSV\\2001240399_TrinhHuuKienQuoc\\phplab\\buoi6\\Lab01_Framework\\vendor\\laravel\\framework\\src\\Illuminate\\Routing\\Controller.php(54): App\\Http\\Controllers\\ArticleController->destroy('1')
#26 D:\\1LuuDuLieuSV\\2001240399_TrinhHuuKienQuoc\\phplab\\buoi6\\Lab01_Framework\\vendor\\laravel\\framework\\src\\Illuminate\\Routing\\ControllerDispatcher.php(45): Illuminate\\Routing\\Controller->callAction('destroy', Array)
#27 D:\\1LuuDuLieuSV\\2001240399_TrinhHuuKienQuoc\\phplab\\buoi6\\Lab01_Framework\\vendor\\laravel\\framework\\src\\Illuminate\\Routing\\Route.php(262): Illuminate\\Routing\\ControllerDispatcher->dispatch(Object(Illuminate\\Routing\\Route), Object(App\\Http\\Controllers\\ArticleController), 'destroy')
#28 D:\\1LuuDuLieuSV\\2001240399_TrinhHuuKienQuoc\\phplab\\buoi6\\Lab01_Framework\\vendor\\laravel\\framework\\src\\Illuminate\\Routing\\Route.php(205): Illuminate\\Routing\\Route->runController()
#29 D:\\1LuuDuLieuSV\\2001240399_TrinhHuuKienQuoc\\phplab\\buoi6\\Lab01_Framework\\vendor\\laravel\\framework\\src\\Illuminate\\Routing\\Router.php(721): Illuminate\\Routing\\Route->run()
#30 D:\\1LuuDuLieuSV\\2001240399_TrinhHuuKienQuoc\\phplab\\buoi6\\Lab01_Framework\\vendor\\laravel\\framework\\src\\Illuminate\\Pipeline\\Pipeline.php(128): Illuminate\\Routing\\Router->Illuminate\\Routing\\{closure}(Object(Illuminate\\Http\\Request))
#31 D:\\1LuuDuLieuSV\\2001240399_TrinhHuuKienQuoc\\phplab\\buoi6\\Lab01_Framework\\vendor\\laravel\\framework\\src\\Illuminate\\Routing\\Middleware\\SubstituteBindings.php(50): Illuminate\\Pipeline\\Pipeline->Illuminate\\Pipeline\\{closure}(Object(Illuminate\\Http\\Request))
#32 D:\\1LuuDuLieuSV\\2001240399_TrinhHuuKienQuoc\\phplab\\buoi6\\Lab01_Framework\\vendor\\laravel\\framework\\src\\Illuminate\\Pipeline\\Pipeline.php(167): Illuminate\\Routing\\Middleware\\SubstituteBindings->handle(Object(Illuminate\\Http\\Request), Object(Closure))
#33 D:\\1LuuDuLieuSV\\2001240399_TrinhHuuKienQuoc\\phplab\\buoi6\\Lab01_Framework\\vendor\\laravel\\framework\\src\\Illuminate\\Foundation\\Http\\Middleware\\VerifyCsrfToken.php(78): Illuminate\\Pipeline\\Pipeline->Illuminate\\Pipeline\\{closure}(Object(Illuminate\\Http\\Request))
#34 D:\\1LuuDuLieuSV\\2001240399_TrinhHuuKienQuoc\\phplab\\buoi6\\Lab01_Framework\\vendor\\laravel\\framework\\src\\Illuminate\\Pipeline\\Pipeline.php(167): Illuminate\\Foundation\\Http\\Middleware\\VerifyCsrfToken->handle(Object(Illuminate\\Http\\Request), Object(Closure))
#35 D:\\1LuuDuLieuSV\\2001240399_TrinhHuuKienQuoc\\phplab\\buoi6\\Lab01_Framework\\vendor\\laravel\\framework\\src\\Illuminate\\View\\Middleware\\ShareErrorsFromSession.php(49): Illuminate\\Pipeline\\Pipeline->Illuminate\\Pipeline\\{closure}(Object(Illuminate\\Http\\Request))
#36 D:\\1LuuDuLieuSV\\2001240399_TrinhHuuKienQuoc\\phplab\\buoi6\\Lab01_Framework\\vendor\\laravel\\framework\\src\\Illuminate\\Pipeline\\Pipeline.php(167): Illuminate\\View\\Middleware\\ShareErrorsFromSession->handle(Object(Illuminate\\Http\\Request), Object(Closure))
#37 D:\\1LuuDuLieuSV\\2001240399_TrinhHuuKienQuoc\\phplab\\buoi6\\Lab01_Framework\\vendor\\laravel\\framework\\src\\Illuminate\\Session\\Middleware\\StartSession.php(121): Illuminate\\Pipeline\\Pipeline->Illuminate\\Pipeline\\{closure}(Object(Illuminate\\Http\\Request))
#38 D:\\1LuuDuLieuSV\\2001240399_TrinhHuuKienQuoc\\phplab\\buoi6\\Lab01_Framework\\vendor\\laravel\\framework\\src\\Illuminate\\Session\\Middleware\\StartSession.php(64): Illuminate\\Session\\Middleware\\StartSession->handleStatefulRequest(Object(Illuminate\\Http\\Request), Object(Illuminate\\Session\\Store), Object(Closure))
#39 D:\\1LuuDuLieuSV\\2001240399_TrinhHuuKienQuoc\\phplab\\buoi6\\Lab01_Framework\\vendor\\laravel\\framework\\src\\Illuminate\\Pipeline\\Pipeline.php(167): Illuminate\\Session\\Middleware\\StartSession->handle(Object(Illuminate\\Http\\Request), Object(Closure))
#40 D:\\1LuuDuLieuSV\\2001240399_TrinhHuuKienQuoc\\phplab\\buoi6\\Lab01_Framework\\vendor\\laravel\\framework\\src\\Illuminate\\Cookie\\Middleware\\AddQueuedCookiesToResponse.php(37): Illuminate\\Pipeline\\Pipeline->Illuminate\\Pipeline\\{closure}(Object(Illuminate\\Http\\Request))
#41 D:\\1LuuDuLieuSV\\2001240399_TrinhHuuKienQuoc\\phplab\\buoi6\\Lab01_Framework\\vendor\\laravel\\framework\\src\\Illuminate\\Pipeline\\Pipeline.php(167): Illuminate\\Cookie\\Middleware\\AddQueuedCookiesToResponse->handle(Object(Illuminate\\Http\\Request), Object(Closure))
#42 D:\\1LuuDuLieuSV\\2001240399_TrinhHuuKienQuoc\\phplab\\buoi6\\Lab01_Framework\\vendor\\laravel\\framework\\src\\Illuminate\\Cookie\\Middleware\\EncryptCookies.php(67): Illuminate\\Pipeline\\Pipeline->Illuminate\\Pipeline\\{closure}(Object(Illuminate\\Http\\Request))
#43 D:\\1LuuDuLieuSV\\2001240399_TrinhHuuKienQuoc\\phplab\\buoi6\\Lab01_Framework\\vendor\\laravel\\framework\\src\\Illuminate\\Pipeline\\Pipeline.php(167): Illuminate\\Cookie\\Middleware\\EncryptCookies->handle(Object(Illuminate\\Http\\Request), Object(Closure))
#44 D:\\1LuuDuLieuSV\\2001240399_TrinhHuuKienQuoc\\phplab\\buoi6\\Lab01_Framework\\vendor\\laravel\\framework\\src\\Illuminate\\Pipeline\\Pipeline.php(103): Illuminate\\Pipeline\\Pipeline->Illuminate\\Pipeline\\{closure}(Object(Illuminate\\Http\\Request))
#45 D:\\1LuuDuLieuSV\\2001240399_TrinhHuuKienQuoc\\phplab\\buoi6\\Lab01_Framework\\vendor\\laravel\\framework\\src\\Illuminate\\Routing\\Router.php(723): Illuminate\\Pipeline\\Pipeline->then(Object(Closure))
#46 D:\\1LuuDuLieuSV\\2001240399_TrinhHuuKienQuoc\\phplab\\buoi6\\Lab01_Framework\\vendor\\laravel\\framework\\src\\Illuminate\\Routing\\Router.php(698): Illuminate\\Routing\\Router->runRouteWithinStack(Object(Illuminate\\Routing\\Route), Object(Illuminate\\Http\\Request))
#47 D:\\1LuuDuLieuSV\\2001240399_TrinhHuuKienQuoc\\phplab\\buoi6\\Lab01_Framework\\vendor\\laravel\\framework\\src\\Illuminate\\Routing\\Router.php(662): Illuminate\\Routing\\Router->runRoute(Object(Illuminate\\Http\\Request), Object(Illuminate\\Routing\\Route))
#48 D:\\1LuuDuLieuSV\\2001240399_TrinhHuuKienQuoc\\phplab\\buoi6\\Lab01_Framework\\vendor\\laravel\\framework\\src\\Illuminate\\Routing\\Router.php(651): Illuminate\\Routing\\Router->dispatchToRoute(Object(Illuminate\\Http\\Request))
#49 D:\\1LuuDuLieuSV\\2001240399_TrinhHuuKienQuoc\\phplab\\buoi6\\Lab01_Framework\\vendor\\laravel\\framework\\src\\Illuminate\\Foundation\\Http\\Kernel.php(167): Illuminate\\Routing\\Router->dispatch(Object(Illuminate\\Http\\Request))
#50 D:\\1LuuDuLieuSV\\2001240399_TrinhHuuKienQuoc\\phplab\\buoi6\\Lab01_Framework\\vendor\\laravel\\framework\\src\\Illuminate\\Pipeline\\Pipeline.php(128): Illuminate\\Foundation\\Http\\Kernel->Illuminate\\Foundation\\Http\\{closure}(Object(Illuminate\\Http\\Request))
#51 D:\\1LuuDuLieuSV\\2001240399_TrinhHuuKienQuoc\\phplab\\buoi6\\Lab01_Framework\\vendor\\laravel\\framework\\src\\Illuminate\\Foundation\\Http\\Middleware\\TransformsRequest.php(21): Illuminate\\Pipeline\\Pipeline->Illuminate\\Pipeline\\{closure}(Object(Illuminate\\Http\\Request))
#52 D:\\1LuuDuLieuSV\\2001240399_TrinhHuuKienQuoc\\phplab\\buoi6\\Lab01_Framework\\vendor\\laravel\\framework\\src\\Illuminate\\Foundation\\Http\\Middleware\\ConvertEmptyStringsToNull.php(31): Illuminate\\Foundation\\Http\\Middleware\\TransformsRequest->handle(Object(Illuminate\\Http\\Request), Object(Closure))
#53 D:\\1LuuDuLieuSV\\2001240399_TrinhHuuKienQuoc\\phplab\\buoi6\\Lab01_Framework\\vendor\\laravel\\framework\\src\\Illuminate\\Pipeline\\Pipeline.php(167): Illuminate\\Foundation\\Http\\Middleware\\ConvertEmptyStringsToNull->handle(Object(Illuminate\\Http\\Request), Object(Closure))
#54 D:\\1LuuDuLieuSV\\2001240399_TrinhHuuKienQuoc\\phplab\\buoi6\\Lab01_Framework\\vendor\\laravel\\framework\\src\\Illuminate\\Foundation\\Http\\Middleware\\TransformsRequest.php(21): Illuminate\\Pipeline\\Pipeline->Illuminate\\Pipeline\\{closure}(Object(Illuminate\\Http\\Request))
#55 D:\\1LuuDuLieuSV\\2001240399_TrinhHuuKienQuoc\\phplab\\buoi6\\Lab01_Framework\\vendor\\laravel\\framework\\src\\Illuminate\\Foundation\\Http\\Middleware\\TrimStrings.php(40): Illuminate\\Foundation\\Http\\Middleware\\TransformsRequest->handle(Object(Illuminate\\Http\\Request), Object(Closure))
#56 D:\\1LuuDuLieuSV\\2001240399_TrinhHuuKienQuoc\\phplab\\buoi6\\Lab01_Framework\\vendor\\laravel\\framework\\src\\Illuminate\\Pipeline\\Pipeline.php(167): Illuminate\\Foundation\\Http\\Middleware\\TrimStrings->handle(Object(Illuminate\\Http\\Request), Object(Closure))
#57 D:\\1LuuDuLieuSV\\2001240399_TrinhHuuKienQuoc\\phplab\\buoi6\\Lab01_Framework\\vendor\\laravel\\framework\\src\\Illuminate\\Foundation\\Http\\Middleware\\ValidatePostSize.php(27): Illuminate\\Pipeline\\Pipeline->Illuminate\\Pipeline\\{closure}(Object(Illuminate\\Http\\Request))
#58 D:\\1LuuDuLieuSV\\2001240399_TrinhHuuKienQuoc\\phplab\\buoi6\\Lab01_Framework\\vendor\\laravel\\framework\\src\\Illuminate\\Pipeline\\Pipeline.php(167): Illuminate\\Foundation\\Http\\Middleware\\ValidatePostSize->handle(Object(Illuminate\\Http\\Request), Object(Closure))
#59 D:\\1LuuDuLieuSV\\2001240399_TrinhHuuKienQuoc\\phplab\\buoi6\\Lab01_Framework\\vendor\\laravel\\framework\\src\\Illuminate\\Foundation\\Http\\Middleware\\PreventRequestsDuringMaintenance.php(86): Illuminate\\Pipeline\\Pipeline->Illuminate\\Pipeline\\{closure}(Object(Illuminate\\Http\\Request))
#60 D:\\1LuuDuLieuSV\\2001240399_TrinhHuuKienQuoc\\phplab\\buoi6\\Lab01_Framework\\vendor\\laravel\\framework\\src\\Illuminate\\Pipeline\\Pipeline.php(167): Illuminate\\Foundation\\Http\\Middleware\\PreventRequestsDuringMaintenance->handle(Object(Illuminate\\Http\\Request), Object(Closure))
#61 D:\\1LuuDuLieuSV\\2001240399_TrinhHuuKienQuoc\\phplab\\buoi6\\Lab01_Framework\\vendor\\fruitcake\\laravel-cors\\src\\HandleCors.php(38): Illuminate\\Pipeline\\Pipeline->Illuminate\\Pipeline\\{closure}(Object(Illuminate\\Http\\Request))
#62 D:\\1LuuDuLieuSV\\2001240399_TrinhHuuKienQuoc\\phplab\\buoi6\\Lab01_Framework\\vendor\\laravel\\framework\\src\\Illuminate\\Pipeline\\Pipeline.php(167): Fruitcake\\Cors\\HandleCors->handle(Object(Illuminate\\Http\\Request), Object(Closure))
#63 D:\\1LuuDuLieuSV\\2001240399_TrinhHuuKienQuoc\\phplab\\buoi6\\Lab01_Framework\\vendor\\laravel\\framework\\src\\Illuminate\\Http\\Middleware\\TrustProxies.php(39): Illuminate\\Pipeline\\Pipeline->Illuminate\\Pipeline\\{closure}(Object(Illuminate\\Http\\Request))
#64 D:\\1LuuDuLieuSV\\2001240399_TrinhHuuKienQuoc\\phplab\\buoi6\\Lab01_Framework\\vendor\\laravel\\framework\\src\\Illuminate\\Pipeline\\Pipeline.php(167): Illuminate\\Http\\Middleware\\TrustProxies->handle(Object(Illuminate\\Http\\Request), Object(Closure))
#65 D:\\1LuuDuLieuSV\\2001240399_TrinhHuuKienQuoc\\phplab\\buoi6\\Lab01_Framework\\vendor\\laravel\\framework\\src\\Illuminate\\Pipeline\\Pipeline.php(103): Illuminate\\Pipeline\\Pipeline->Illuminate\\Pipeline\\{closure}(Object(Illuminate\\Http\\Request))
#66 D:\\1LuuDuLieuSV\\2001240399_TrinhHuuKienQuoc\\phplab\\buoi6\\Lab01_Framework\\vendor\\laravel\\framework\\src\\Illuminate\\Foundation\\Http\\Kernel.php(142): Illuminate\\Pipeline\\Pipeline->then(Object(Closure))
#67 D:\\1LuuDuLieuSV\\2001240399_TrinhHuuKienQuoc\\phplab\\buoi6\\Lab01_Framework\\vendor\\laravel\\framework\\src\\Illuminate\\Foundation\\Http\\Kernel.php(111): Illuminate\\Foundation\\Http\\Kernel->sendRequestThroughRouter(Object(Illuminate\\Http\\Request))
#68 D:\\1LuuDuLieuSV\\2001240399_TrinhHuuKienQuoc\\phplab\\buoi6\\Lab01_Framework\\public\\index.php(52): Illuminate\\Foundation\\Http\\Kernel->handle(Object(Illuminate\\Http\\Request))
#69 D:\\1LuuDuLieuSV\\2001240399_TrinhHuuKienQuoc\\phplab\\buoi6\\Lab01_Framework\\server.php(21): require_once('D:\\\\1LuuDuLieuSV...')
#70 {main}
"} 
[2026-09-21 08:42:12] local.ERROR: SQLSTATE[HY000] [2002] No connection could be made because the target machine actively refused it.
 (SQL: select * from `articles` where `articles`.`id` = 1 limit 1) {"exception":"[object] (Illuminate\\Database\\QueryException(code: 2002): SQLSTATE[HY000] [2002] No connection could be made because the target machine actively refused it.

 (SQL: select * from `articles` where `articles`.`id` = 1 limit 1) at D:\\1LuuDuLieuSV\\2001240399_TrinhHuuKienQuoc\\phplab\\buoi6\\Lab01_Framework\\vendor\\laravel\\framework\\src\\Illuminate\\Database\\Connection.php:712)
[stacktrace]
#0 D:\\1LuuDuLieuSV\\2001240399_TrinhHuuKienQuoc\\phplab\\buoi6\\Lab01_Framework\\vendor\\laravel\\framework\\src\\Illuminate\\Database\\Connection.php(672): Illuminate\\Database\\Connection->runQueryCallback('select * from `...', Array, Object(Closure))
#1 D:\\1LuuDuLieuSV\\2001240399_TrinhHuuKienQuoc\\phplab\\buoi6\\Lab01_Framework\\vendor\\laravel\\framework\\src\\Illuminate\\Database\\Connection.php(376): Illuminate\\Database\\Connection->run('select * from `...', Array, Object(Closure))
#2 D:\\1LuuDuLieuSV\\2001240399_TrinhHuuKienQuoc\\phplab\\buoi6\\Lab01_Framework\\vendor\\laravel\\framework\\src\\Illuminate\\Database\\Query\\Builder.php(2414): Illuminate\\Database\\Connection->select('select * from `...', Array, true)
#3 D:\\1LuuDuLieuSV\\2001240399_TrinhHuuKienQuoc\\phplab\\buoi6\\Lab01_Framework\\vendor\\laravel\\framework\\src\\Illuminate\\Database\\Query\\Builder.php(2402): Illuminate\\Database\\Query\\Builder->runSelect()
#4 D:\\1LuuDuLieuSV\\2001240399_TrinhHuuKienQuoc\\phplab\\buoi6\\Lab01_Framework\\vendor\\laravel\\framework\\src\\Illuminate\\Database\\Query\\Builder.php(2936): Illuminate\\Database\\Query\\Builder->Illuminate\\Database\\Query\\{closure}()
#5 D:\\1LuuDuLieuSV\\2001240399_TrinhHuuKienQuoc\\phplab\\buoi6\\Lab01_Framework\\vendor\\laravel\\framework\\src\\Illuminate\\Database\\Query\\Builder.php(2403): Illuminate\\Database\\Query\\Builder->onceWithColumns(Array, Object(Closure))
#6 D:\\1LuuDuLieuSV\\2001240399_TrinhHuuKienQuoc\\phplab\\buoi6\\Lab01_Framework\\vendor\\laravel\\framework\\src\\Illuminate\\Database\\Eloquent\\Builder.php(625): Illuminate\\Database\\Query\\Builder->get(Array)
#7 D:\\1LuuDuLieuSV\\2001240399_TrinhHuuKienQuoc\\phplab\\buoi6\\Lab01_Framework\\vendor\\laravel\\framework\\src\\Illuminate\\Database\\Eloquent\\Builder.php(609): Illuminate\\Database\\Eloquent\\Builder->getModels(Array)
#8 D:\\1LuuDuLieuSV\\2001240399_TrinhHuuKienQuoc\\phplab\\buoi6\\Lab01_Framework\\vendor\\laravel\\framework\\src\\Illuminate\\Database\\Concerns\\BuildsQueries.php(294): Illuminate\\Database\\Eloquent\\Builder->get(Array)
#9 D:\\1LuuDuLieuSV\\2001240399_TrinhHuuKienQuoc\\phplab\\buoi6\\Lab01_Framework\\vendor\\laravel\\framework\\src\\Illuminate\\Database\\Eloquent\\Builder.php(400): Illuminate\\Database\\Eloquent\\Builder->first(Array)
#10 D:\\1LuuDuLieuSV\\2001240399_TrinhHuuKienQuoc\\phplab\\buoi6\\Lab01_Framework\\vendor\\laravel\\framework\\src\\Illuminate\\Database\\Eloquent\\Builder.php(432): Illuminate\\Database\\Eloquent\\Builder->find('1', Array)
#11 D:\\1LuuDuLieuSV\\2001240399_TrinhHuuKienQuoc\\phplab\\buoi6\\Lab01_Framework\\vendor\\laravel\\framework\\src\\Illuminate\\Support\\Traits\\ForwardsCalls.php(23): Illuminate\\Database\\Eloquent\\Builder->findOrFail('1')
#12 D:\\1LuuDuLieuSV\\2001240399_TrinhHuuKienQuoc\\phplab\\buoi6\\Lab01_Framework\\vendor\\laravel\\framework\\src\\Illuminate\\Database\\Eloquent\\Model.php(2132): Illuminate\\Database\\Eloquent\\Model->forwardCallTo(Object(Illuminate\\Database\\Eloquent\\Builder), 'findOrFail', Array)
#13 D:\\1LuuDuLieuSV\\2001240399_TrinhHuuKienQuoc\\phplab\\buoi6\\Lab01_Framework\\vendor\\laravel\\framework\\src\\Illuminate\\Database\\Eloquent\\Model.php(2144): Illuminate\\Database\\Eloquent\\Model->__call('findOrFail', Array)
#14 D:\\1LuuDuLieuSV\\2001240399_TrinhHuuKienQuoc\\phplab\\buoi6\\Lab01_Framework\\app\\Http\\Controllers\\ArticleController.php(99): Illuminate\\Database\\Eloquent\\Model::__callStatic('findOrFail', Array)
#15 D:\\1LuuDuLieuSV\\2001240399_TrinhHuuKienQuoc\\phplab\\buoi6\\Lab01_Framework\\vendor\\laravel\\framework\\src\\Illuminate\\Routing\\Controller.php(54): App\\Http\\Controllers\\ArticleController->destroy('1')
#16 D:\\1LuuDuLieuSV\\2001240399_TrinhHuuKienQuoc\\phplab\\buoi6\\Lab01_Framework\\vendor\\laravel\\framework\\src\\Illuminate\\Routing\\ControllerDispatcher.php(45): Illuminate\\Routing\\Controller->callAction('destroy', Array)
#17 D:\\1LuuDuLieuSV\\2001240399_TrinhHuuKienQuoc\\phplab\\buoi6\\Lab01_Framework\\vendor\\laravel\\framework\\src\\Illuminate\\Routing\\Route.php(262): Illuminate\\Routing\\ControllerDispatcher->dispatch(Object(Illuminate\\Routing\\Route), Object(App\\Http\\Controllers\\ArticleController), 'destroy')
#18 D:\\1LuuDuLieuSV\\2001240399_TrinhHuuKienQuoc\\phplab\\buoi6\\Lab01_Framework\\vendor\\laravel\\framework\\src\\Illuminate\\Routing\\Route.php(205): Illuminate\\Routing\\Route->runController()
#19 D:\\1LuuDuLieuSV\\2001240399_TrinhHuuKienQuoc\\phplab\\buoi6\\Lab01_Framework\\vendor\\laravel\\framework\\src\\Illuminate\\Routing\\Router.php(721): Illuminate\\Routing\\Route->run()
#20 D:\\1LuuDuLieuSV\\2001240399_TrinhHuuKienQuoc\\phplab\\buoi6\\Lab01_Framework\\vendor\\laravel\\framework\\src\\Illuminate\\Pipeline\\Pipeline.php(128): Illuminate\\Routing\\Router->Illuminate\\Routing\\{closure}(Object(Illuminate\\Http\\Request))
#21 D:\\1LuuDuLieuSV\\2001240399_TrinhHuuKienQuoc\\phplab\\buoi6\\Lab01_Framework\\vendor\\laravel\\framework\\src\\Illuminate\\Routing\\Middleware\\SubstituteBindings.php(50): Illuminate\\Pipeline\\Pipeline->Illuminate\\Pipeline\\{closure}(Object(Illuminate\\Http\\Request))
#22 D:\\1LuuDuLieuSV\\2001240399_TrinhHuuKienQuoc\\phplab\\buoi6\\Lab01_Framework\\vendor\\laravel\\framework\\src\\Illuminate\\Pipeline\\Pipeline.php(167): Illuminate\\Routing\\Middleware\\SubstituteBindings->handle(Object(Illuminate\\Http\\Request), Object(Closure))
#23 D:\\1LuuDuLieuSV\\2001240399_TrinhHuuKienQuoc\\phplab\\buoi6\\Lab01_Framework\\vendor\\laravel\\framework\\src\\Illuminate\\Foundation\\Http\\Middleware\\VerifyCsrfToken.php(78): Illuminate\\Pipeline\\Pipeline->Illuminate\\Pipeline\\{closure}(Object(Illuminate\\Http\\Request))
#24 D:\\1LuuDuLieuSV\\2001240399_TrinhHuuKienQuoc\\phplab\\buoi6\\Lab01_Framework\\vendor\\laravel\\framework\\src\\Illuminate\\Pipeline\\Pipeline.php(167): Illuminate\\Foundation\\Http\\Middleware\\VerifyCsrfToken->handle(Object(Illuminate\\Http\\Request), Object(Closure))
#25 D:\\1LuuDuLieuSV\\2001240399_TrinhHuuKienQuoc\\phplab\\buoi6\\Lab01_Framework\\vendor\\laravel\\framework\\src\\Illuminate\\View\\Middleware\\ShareErrorsFromSession.php(49): Illuminate\\Pipeline\\Pipeline->Illuminate\\Pipeline\\{closure}(Object(Illuminate\\Http\\Request))
#26 D:\\1LuuDuLieuSV\\2001240399_TrinhHuuKienQuoc\\phplab\\buoi6\\Lab01_Framework\\vendor\\laravel\\framework\\src\\Illuminate\\Pipeline\\Pipeline.php(167): Illuminate\\View\\Middleware\\ShareErrorsFromSession->handle(Object(Illuminate\\Http\\Request), Object(Closure))
#27 D:\\1LuuDuLieuSV\\2001240399_TrinhHuuKienQuoc\\phplab\\buoi6\\Lab01_Framework\\vendor\\laravel\\framework\\src\\Illuminate\\Session\\Middleware\\StartSession.php(121): Illuminate\\Pipeline\\Pipeline->Illuminate\\Pipeline\\{closure}(Object(Illuminate\\Http\\Request))
#28 D:\\1LuuDuLieuSV\\2001240399_TrinhHuuKienQuoc\\phplab\\buoi6\\Lab01_Framework\\vendor\\laravel\\framework\\src\\Illuminate\\Session\\Middleware\\StartSession.php(64): Illuminate\\Session\\Middleware\\StartSession->handleStatefulRequest(Object(Illuminate\\Http\\Request), Object(Illuminate\\Session\\Store), Object(Closure))
#29 D:\\1LuuDuLieuSV\\2001240399_TrinhHuuKienQuoc\\phplab\\buoi6\\Lab01_Framework\\vendor\\laravel\\framework\\src\\Illuminate\\Pipeline\\Pipeline.php(167): Illuminate\\Session\\Middleware\\StartSession->handle(Object(Illuminate\\Http\\Request), Object(Closure))
#30 D:\\1LuuDuLieuSV\\2001240399_TrinhHuuKienQuoc\\phplab\\buoi6\\Lab01_Framework\\vendor\\laravel\\framework\\src\\Illuminate\\Cookie\\Middleware\\AddQueuedCookiesToResponse.php(37): Illuminate\\Pipeline\\Pipeline->Illuminate\\Pipeline\\{closure}(Object(Illuminate\\Http\\Request))
#31 D:\\1LuuDuLieuSV\\2001240399_TrinhHuuKienQuoc\\phplab\\buoi6\\Lab01_Framework\\vendor\\laravel\\framework\\src\\Illuminate\\Pipeline\\Pipeline.php(167): Illuminate\\Cookie\\Middleware\\AddQueuedCookiesToResponse->handle(Object(Illuminate\\Http\\Request), Object(Closure))
#32 D:\\1LuuDuLieuSV\\2001240399_TrinhHuuKienQuoc\\phplab\\buoi6\\Lab01_Framework\\vendor\\laravel\\framework\\src\\Illuminate\\Cookie\\Middleware\\EncryptCookies.php(67): Illuminate\\Pipeline\\Pipeline->Illuminate\\Pipeline\\{closure}(Object(Illuminate\\Http\\Request))
#33 D:\\1LuuDuLieuSV\\2001240399_TrinhHuuKienQuoc\\phplab\\buoi6\\Lab01_Framework\\vendor\\laravel\\framework\\src\\Illuminate\\Pipeline\\Pipeline.php(167): Illuminate\\Cookie\\Middleware\\EncryptCookies->handle(Object(Illuminate\\Http\\Request), Object(Closure))
#34 D:\\1LuuDuLieuSV\\2001240399_TrinhHuuKienQuoc\\phplab\\buoi6\\Lab01_Framework\\vendor\\laravel\\framework\\src\\Illuminate\\Pipeline\\Pipeline.php(103): Illuminate\\Pipeline\\Pipeline->Illuminate\\Pipeline\\{closure}(Object(Illuminate\\Http\\Request))
#35 D:\\1LuuDuLieuSV\\2001240399_TrinhHuuKienQuoc\\phplab\\buoi6\\Lab01_Framework\\vendor\\laravel\\framework\\src\\Illuminate\\Routing\\Router.php(723): Illuminate\\Pipeline\\Pipeline->then(Object(Closure))
#36 D:\\1LuuDuLieuSV\\2001240399_TrinhHuuKienQuoc\\phplab\\buoi6\\Lab01_Framework\\vendor\\laravel\\framework\\src\\Illuminate\\Routing\\Router.php(698): Illuminate\\Routing\\Router->runRouteWithinStack(Object(Illuminate\\Routing\\Route), Object(Illuminate\\Http\\Request))
#37 D:\\1LuuDuLieuSV\\2001240399_TrinhHuuKienQuoc\\phplab\\buoi6\\Lab01_Framework\\vendor\\laravel\\framework\\src\\Illuminate\\Routing\\Router.php(662): Illuminate\\Routing\\Router->runRoute(Object(Illuminate\\Http\\Request), Object(Illuminate\\Routing\\Route))
#38 D:\\1LuuDuLieuSV\\2001240399_TrinhHuuKienQuoc\\phplab\\buoi6\\Lab01_Framework\\vendor\\laravel\\framework\\src\\Illuminate\\Routing\\Router.php(651): Illuminate\\Routing\\Router->dispatchToRoute(Object(Illuminate\\Http\\Request))
#39 D:\\1LuuDuLieuSV\\2001240399_TrinhHuuKienQuoc\\phplab\\buoi6\\Lab01_Framework\\vendor\\laravel\\framework\\src\\Illuminate\\Foundation\\Http\\Kernel.php(167): Illuminate\\Routing\\Router->dispatch(Object(Illuminate\\Http\\Request))
#40 D:\\1LuuDuLieuSV\\2001240399_TrinhHuuKienQuoc\\phplab\\buoi6\\Lab01_Framework\\vendor\\laravel\\framework\\src\\Illuminate\\Pipeline\\Pipeline.php(128): Illuminate\\Foundation\\Http\\Kernel->Illuminate\\Foundation\\Http\\{closure}(Object(Illuminate\\Http\\Request))
#41 D:\\1LuuDuLieuSV\\2001240399_TrinhHuuKienQuoc\\phplab\\buoi6\\Lab01_Framework\\vendor\\laravel\\framework\\src\\Illuminate\\Foundation\\Http\\Middleware\\TransformsRequest.php(21): Illuminate\\Pipeline\\Pipeline->Illuminate\\Pipeline\\{closure}(Object(Illuminate\\Http\\Request))
#42 D:\\1LuuDuLieuSV\\2001240399_TrinhHuuKienQuoc\\phplab\\buoi6\\Lab01_Framework\\vendor\\laravel\\framework\\src\\Illuminate\\Foundation\\Http\\Middleware\\ConvertEmptyStringsToNull.php(31): Illuminate\\Foundation\\Http\\Middleware\\TransformsRequest->handle(Object(Illuminate\\Http\\Request), Object(Closure))
#43 D:\\1LuuDuLieuSV\\2001240399_TrinhHuuKienQuoc\\phplab\\buoi6\\Lab01_Framework\\vendor\\laravel\\framework\\src\\Illuminate\\Pipeline\\Pipeline.php(167): Illuminate\\Foundation\\Http\\Middleware\\ConvertEmptyStringsToNull->handle(Object(Illuminate\\Http\\Request), Object(Closure))
#44 D:\\1LuuDuLieuSV\\2001240399_TrinhHuuKienQuoc\\phplab\\buoi6\\Lab01_Framework\\vendor\\laravel\\framework\\src\\Illuminate\\Foundation\\Http\\Middleware\\TransformsRequest.php(21): Illuminate\\Pipeline\\Pipeline->Illuminate\\Pipeline\\{closure}(Object(Illuminate\\Http\\Request))
#45 D:\\1LuuDuLieuSV\\2001240399_TrinhHuuKienQuoc\\phplab\\buoi6\\Lab01_Framework\\vendor\\laravel\\framework\\src\\Illuminate\\Foundation\\Http\\Middleware\\TrimStrings.php(40): Illuminate\\Foundation\\Http\\Middleware\\TransformsRequest->handle(Object(Illuminate\\Http\\Request), Object(Closure))
#46 D:\\1LuuDuLieuSV\\2001240399_TrinhHuuKienQuoc\\phplab\\buoi6\\Lab01_Framework\\vendor\\laravel\\framework\\src\\Illuminate\\Pipeline\\Pipeline.php(167): Illuminate\\Foundation\\Http\\Middleware\\TrimStrings->handle(Object(Illuminate\\Http\\Request), Object(Closure))
#47 D:\\1LuuDuLieuSV\\2001240399_TrinhHuuKienQuoc\\phplab\\buoi6\\Lab01_Framework\\vendor\\laravel\\framework\\src\\Illuminate\\Foundation\\Http\\Middleware\\ValidatePostSize.php(27): Illuminate\\Pipeline\\Pipeline->Illuminate\\Pipeline\\{closure}(Object(Illuminate\\Http\\Request))
#48 D:\\1LuuDuLieuSV\\2001240399_TrinhHuuKienQuoc\\phplab\\buoi6\\Lab01_Framework\\vendor\\laravel\\framework\\src\\Illuminate\\Pipeline\\Pipeline.php(167): Illuminate\\Foundation\\Http\\Middleware\\ValidatePostSize->handle(Object(Illuminate\\Http\\Request), Object(Closure))
#49 D:\\1LuuDuLieuSV\\2001240399_TrinhHuuKienQuoc\\phplab\\buoi6\\Lab01_Framework\\vendor\\laravel\\framework\\src\\Illuminate\\Foundation\\Http\\Middleware\\PreventRequestsDuringMaintenance.php(86): Illuminate\\Pipeline\\Pipeline->Illuminate\\Pipeline\\{closure}(Object(Illuminate\\Http\\Request))
#50 D:\\1LuuDuLieuSV\\2001240399_TrinhHuuKienQuoc\\phplab\\buoi6\\Lab01_Framework\\vendor\\laravel\\framework\\src\\Illuminate\\Pipeline\\Pipeline.php(167): Illuminate\\Foundation\\Http\\Middleware\\PreventRequestsDuringMaintenance->handle(Object(Illuminate\\Http\\Request), Object(Closure))
#51 D:\\1LuuDuLieuSV\\2001240399_TrinhHuuKienQuoc\\phplab\\buoi6\\Lab01_Framework\\vendor\\fruitcake\\laravel-cors\\src\\HandleCors.php(38): Illuminate\\Pipeline\\Pipeline->Illuminate\\Pipeline\\{closure}(Object(Illuminate\\Http\\Request))
#52 D:\\1LuuDuLieuSV\\2001240399_TrinhHuuKienQuoc\\phplab\\buoi6\\Lab01_Framework\\vendor\\laravel\\framework\\src\\Illuminate\\Pipeline\\Pipeline.php(167): Fruitcake\\Cors\\HandleCors->handle(Object(Illuminate\\Http\\Request), Object(Closure))
#53 D:\\1LuuDuLieuSV\\2001240399_TrinhHuuKienQuoc\\phplab\\buoi6\\Lab01_Framework\\vendor\\laravel\\framework\\src\\Illuminate\\Http\\Middleware\\TrustProxies.php(39): Illuminate\\Pipeline\\Pipeline->Illuminate\\Pipeline\\{closure}(Object(Illuminate\\Http\\Request))
#54 D:\\1LuuDuLieuSV\\2001240399_TrinhHuuKienQuoc\\phplab\\buoi6\\Lab01_Framework\\vendor\\laravel\\framework\\src\\Illuminate\\Pipeline\\Pipeline.php(167): Illuminate\\Http\\Middleware\\TrustProxies->handle(Object(Illuminate\\Http\\Request), Object(Closure))
#55 D:\\1LuuDuLieuSV\\2001240399_TrinhHuuKienQuoc\\phplab\\buoi6\\Lab01_Framework\\vendor\\laravel\\framework\\src\\Illuminate\\Pipeline\\Pipeline.php(103): Illuminate\\Pipeline\\Pipeline->Illuminate\\Pipeline\\{closure}(Object(Illuminate\\Http\\Request))
#56 D:\\1LuuDuLieuSV\\2001240399_TrinhHuuKienQuoc\\phplab\\buoi6\\Lab01_Framework\\vendor\\laravel\\framework\\src\\Illuminate\\Foundation\\Http\\Kernel.php(142): Illuminate\\Pipeline\\Pipeline->then(Object(Closure))
#57 D:\\1LuuDuLieuSV\\2001240399_TrinhHuuKienQuoc\\phplab\\buoi6\\Lab01_Framework\\vendor\\laravel\\framework\\src\\Illuminate\\Foundation\\Http\\Kernel.php(111): Illuminate\\Foundation\\Http\\Kernel->sendRequestThroughRouter(Object(Illuminate\\Http\\Request))
#58 D:\\1LuuDuLieuSV\\2001240399_TrinhHuuKienQuoc\\phplab\\buoi6\\Lab01_Framework\\public\\index.php(52): Illuminate\\Foundation\\Http\\Kernel->handle(Object(Illuminate\\Http\\Request))
#59 D:\\1LuuDuLieuSV\\2001240399_TrinhHuuKienQuoc\\phplab\\buoi6\\Lab01_Framework\\server.php(21): require_once('D:\\\\1LuuDuLieuSV...')
#60 {main}

[previous exception] [object] (PDOException(code: 2002): SQLSTATE[HY000] [2002] No connection could be made because the target machine actively refused it.

 at D:\\1LuuDuLieuSV\\2001240399_TrinhHuuKienQuoc\\phplab\\buoi6\\Lab01_Framework\\vendor\\laravel\\framework\\src\\Illuminate\\Database\\Connectors\\Connector.php:70)
[stacktrace]
#0 D:\\1LuuDuLieuSV\\2001240399_TrinhHuuKienQuoc\\phplab\\buoi6\\Lab01_Framework\\vendor\\laravel\\framework\\src\\Illuminate\\Database\\Connectors\\Connector.php(70): PDO->__construct('mysql:host=127....', 'root', '', Array)
#1 D:\\1LuuDuLieuSV\\2001240399_TrinhHuuKienQuoc\\phplab\\buoi6\\Lab01_Framework\\vendor\\laravel\\framework\\src\\Illuminate\\Database\\Connectors\\Connector.php(46): Illuminate\\Database\\Connectors\\Connector->createPdoConnection('mysql:host=127....', 'root', '', Array)
#2 D:\\1LuuDuLieuSV\\2001240399_TrinhHuuKienQuoc\\phplab\\buoi6\\Lab01_Framework\\vendor\\laravel\\framework\\src\\Illuminate\\Database\\Connectors\\MySqlConnector.php(24): Illuminate\\Database\\Connectors\\Connector->createConnection('mysql:host=127....', Array, Array)
#3 D:\\1LuuDuLieuSV\\2001240399_TrinhHuuKienQuoc\\phplab\\buoi6\\Lab01_Framework\\vendor\\laravel\\framework\\src\\Illuminate\\Database\\Connectors\\ConnectionFactory.php(184): Illuminate\\Database\\Connectors\\MySqlConnector->connect(Array)
#4 [internal function]: Illuminate\\Database\\Connectors\\ConnectionFactory->Illuminate\\Database\\Connectors\\{closure}()
#5 D:\\1LuuDuLieuSV\\2001240399_TrinhHuuKienQuoc\\phplab\\buoi6\\Lab01_Framework\\vendor\\laravel\\framework\\src\\Illuminate\\Database\\Connection.php(1064): call_user_func(Object(Closure))
#6 D:\\1LuuDuLieuSV\\2001240399_TrinhHuuKienQuoc\\phplab\\buoi6\\Lab01_Framework\\vendor\\laravel\\framework\\src\\Illuminate\\Database\\Connection.php(1100): Illuminate\\Database\\Connection->getPdo()
#7 D:\\1LuuDuLieuSV\\2001240399_TrinhHuuKienQuoc\\phplab\\buoi6\\Lab01_Framework\\vendor\\laravel\\framework\\src\\Illuminate\\Database\\Connection.php(442): Illuminate\\Database\\Connection->getReadPdo()
#8 D:\\1LuuDuLieuSV\\2001240399_TrinhHuuKienQuoc\\phplab\\buoi6\\Lab01_Framework\\vendor\\laravel\\framework\\src\\Illuminate\\Database\\Connection.php(368): Illuminate\\Database\\Connection->getPdoForSelect(true)
#9 D:\\1LuuDuLieuSV\\2001240399_TrinhHuuKienQuoc\\phplab\\buoi6\\Lab01_Framework\\vendor\\laravel\\framework\\src\\Illuminate\\Database\\Connection.php(705): Illuminate\\Database\\Connection->Illuminate\\Database\\{closure}('select * from `...', Array)
#10 D:\\1LuuDuLieuSV\\2001240399_TrinhHuuKienQuoc\\phplab\\buoi6\\Lab01_Framework\\vendor\\laravel\\framework\\src\\Illuminate\\Database\\Connection.php(672): Illuminate\\Database\\Connection->runQueryCallback('select * from `...', Array, Object(Closure))
#11 D:\\1LuuDuLieuSV\\2001240399_TrinhHuuKienQuoc\\phplab\\buoi6\\Lab01_Framework\\vendor\\laravel\\framework\\src\\Illuminate\\Database\\Connection.php(376): Illuminate\\Database\\Connection->run('select * from `...', Array, Object(Closure))
#12 D:\\1LuuDuLieuSV\\2001240399_TrinhHuuKienQuoc\\phplab\\buoi6\\Lab01_Framework\\vendor\\laravel\\framework\\src\\Illuminate\\Database\\Query\\Builder.php(2414): Illuminate\\Database\\Connection->select('select * from `...', Array, true)
#13 D:\\1LuuDuLieuSV\\2001240399_TrinhHuuKienQuoc\\phplab\\buoi6\\Lab01_Framework\\vendor\\laravel\\framework\\src\\Illuminate\\Database\\Query\\Builder.php(2402): Illuminate\\Database\\Query\\Builder->runSelect()
#14 D:\\1LuuDuLieuSV\\2001240399_TrinhHuuKienQuoc\\phplab\\buoi6\\Lab01_Framework\\vendor\\laravel\\framework\\src\\Illuminate\\Database\\Query\\Builder.php(2936): Illuminate\\Database\\Query\\Builder->Illuminate\\Database\\Query\\{closure}()
#15 D:\\1LuuDuLieuSV\\2001240399_TrinhHuuKienQuoc\\phplab\\buoi6\\Lab01_Framework\\vendor\\laravel\\framework\\src\\Illuminate\\Database\\Query\\Builder.php(2403): Illuminate\\Database\\Query\\Builder->onceWithColumns(Array, Object(Closure))
#16 D:\\1LuuDuLieuSV\\2001240399_TrinhHuuKienQuoc\\phplab\\buoi6\\Lab01_Framework\\vendor\\laravel\\framework\\src\\Illuminate\\Database\\Eloquent\\Builder.php(625): Illuminate\\Database\\Query\\Builder->get(Array)
#17 D:\\1LuuDuLieuSV\\2001240399_TrinhHuuKienQuoc\\phplab\\buoi6\\Lab01_Framework\\vendor\\laravel\\framework\\src\\Illuminate\\Database\\Eloquent\\Builder.php(609): Illuminate\\Database\\Eloquent\\Builder->getModels(Array)
#18 D:\\1LuuDuLieuSV\\2001240399_TrinhHuuKienQuoc\\phplab\\buoi6\\Lab01_Framework\\vendor\\laravel\\framework\\src\\Illuminate\\Database\\Concerns\\BuildsQueries.php(294): Illuminate\\Database\\Eloquent\\Builder->get(Array)
#19 D:\\1LuuDuLieuSV\\2001240399_TrinhHuuKienQuoc\\phplab\\buoi6\\Lab01_Framework\\vendor\\laravel\\framework\\src\\Illuminate\\Database\\Eloquent\\Builder.php(400): Illuminate\\Database\\Eloquent\\Builder->first(Array)
#20 D:\\1LuuDuLieuSV\\2001240399_TrinhHuuKienQuoc\\phplab\\buoi6\\Lab01_Framework\\vendor\\laravel\\framework\\src\\Illuminate\\Database\\Eloquent\\Builder.php(432): Illuminate\\Database\\Eloquent\\Builder->find('1', Array)
#21 D:\\1LuuDuLieuSV\\2001240399_TrinhHuuKienQuoc\\phplab\\buoi6\\Lab01_Framework\\vendor\\laravel\\framework\\src\\Illuminate\\Support\\Traits\\ForwardsCalls.php(23): Illuminate\\Database\\Eloquent\\Builder->findOrFail('1')
#22 D:\\1LuuDuLieuSV\\2001240399_TrinhHuuKienQuoc\\phplab\\buoi6\\Lab01_Framework\\vendor\\laravel\\framework\\src\\Illuminate\\Database\\Eloquent\\Model.php(2132): Illuminate\\Database\\Eloquent\\Model->forwardCallTo(Object(Illuminate\\Database\\Eloquent\\Builder), 'findOrFail', Array)
#23 D:\\1LuuDuLieuSV\\2001240399_TrinhHuuKienQuoc\\phplab\\buoi6\\Lab01_Framework\\vendor\\laravel\\framework\\src\\Illuminate\\Database\\Eloquent\\Model.php(2144): Illuminate\\Database\\Eloquent\\Model->__call('findOrFail', Array)
#24 D:\\1LuuDuLieuSV\\2001240399_TrinhHuuKienQuoc\\phplab\\buoi6\\Lab01_Framework\\app\\Http\\Controllers\\ArticleController.php(99): Illuminate\\Database\\Eloquent\\Model::__callStatic('findOrFail', Array)
#25 D:\\1LuuDuLieuSV\\2001240399_TrinhHuuKienQuoc\\phplab\\buoi6\\Lab01_Framework\\vendor\\laravel\\framework\\src\\Illuminate\\Routing\\Controller.php(54): App\\Http\\Controllers\\ArticleController->destroy('1')
#26 D:\\1LuuDuLieuSV\\2001240399_TrinhHuuKienQuoc\\phplab\\buoi6\\Lab01_Framework\\vendor\\laravel\\framework\\src\\Illuminate\\Routing\\ControllerDispatcher.php(45): Illuminate\\Routing\\Controller->callAction('destroy', Array)
#27 D:\\1LuuDuLieuSV\\2001240399_TrinhHuuKienQuoc\\phplab\\buoi6\\Lab01_Framework\\vendor\\laravel\\framework\\src\\Illuminate\\Routing\\Route.php(262): Illuminate\\Routing\\ControllerDispatcher->dispatch(Object(Illuminate\\Routing\\Route), Object(App\\Http\\Controllers\\ArticleController), 'destroy')
#28 D:\\1LuuDuLieuSV\\2001240399_TrinhHuuKienQuoc\\phplab\\buoi6\\Lab01_Framework\\vendor\\laravel\\framework\\src\\Illuminate\\Routing\\Route.php(205): Illuminate\\Routing\\Route->runController()
#29 D:\\1LuuDuLieuSV\\2001240399_TrinhHuuKienQuoc\\phplab\\buoi6\\Lab01_Framework\\vendor\\laravel\\framework\\src\\Illuminate\\Routing\\Router.php(721): Illuminate\\Routing\\Route->run()
#30 D:\\1LuuDuLieuSV\\2001240399_TrinhHuuKienQuoc\\phplab\\buoi6\\Lab01_Framework\\vendor\\laravel\\framework\\src\\Illuminate\\Pipeline\\Pipeline.php(128): Illuminate\\Routing\\Router->Illuminate\\Routing\\{closure}(Object(Illuminate\\Http\\Request))
#31 D:\\1LuuDuLieuSV\\2001240399_TrinhHuuKienQuoc\\phplab\\buoi6\\Lab01_Framework\\vendor\\laravel\\framework\\src\\Illuminate\\Routing\\Middleware\\SubstituteBindings.php(50): Illuminate\\Pipeline\\Pipeline->Illuminate\\Pipeline\\{closure}(Object(Illuminate\\Http\\Request))
#32 D:\\1LuuDuLieuSV\\2001240399_TrinhHuuKienQuoc\\phplab\\buoi6\\Lab01_Framework\\vendor\\laravel\\framework\\src\\Illuminate\\Pipeline\\Pipeline.php(167): Illuminate\\Routing\\Middleware\\SubstituteBindings->handle(Object(Illuminate\\Http\\Request), Object(Closure))
#33 D:\\1LuuDuLieuSV\\2001240399_TrinhHuuKienQuoc\\phplab\\buoi6\\Lab01_Framework\\vendor\\laravel\\framework\\src\\Illuminate\\Foundation\\Http\\Middleware\\VerifyCsrfToken.php(78): Illuminate\\Pipeline\\Pipeline->Illuminate\\Pipeline\\{closure}(Object(Illuminate\\Http\\Request))
#34 D:\\1LuuDuLieuSV\\2001240399_TrinhHuuKienQuoc\\phplab\\buoi6\\Lab01_Framework\\vendor\\laravel\\framework\\src\\Illuminate\\Pipeline\\Pipeline.php(167): Illuminate\\Foundation\\Http\\Middleware\\VerifyCsrfToken->handle(Object(Illuminate\\Http\\Request), Object(Closure))
#35 D:\\1LuuDuLieuSV\\2001240399_TrinhHuuKienQuoc\\phplab\\buoi6\\Lab01_Framework\\vendor\\laravel\\framework\\src\\Illuminate\\View\\Middleware\\ShareErrorsFromSession.php(49): Illuminate\\Pipeline\\Pipeline->Illuminate\\Pipeline\\{closure}(Object(Illuminate\\Http\\Request))
#36 D:\\1LuuDuLieuSV\\2001240399_TrinhHuuKienQuoc\\phplab\\buoi6\\Lab01_Framework\\vendor\\laravel\\framework\\src\\Illuminate\\Pipeline\\Pipeline.php(167): Illuminate\\View\\Middleware\\ShareErrorsFromSession->handle(Object(Illuminate\\Http\\Request), Object(Closure))
#37 D:\\1LuuDuLieuSV\\2001240399_TrinhHuuKienQuoc\\phplab\\buoi6\\Lab01_Framework\\vendor\\laravel\\framework\\src\\Illuminate\\Session\\Middleware\\StartSession.php(121): Illuminate\\Pipeline\\Pipeline->Illuminate\\Pipeline\\{closure}(Object(Illuminate\\Http\\Request))
#38 D:\\1LuuDuLieuSV\\2001240399_TrinhHuuKienQuoc\\phplab\\buoi6\\Lab01_Framework\\vendor\\laravel\\framework\\src\\Illuminate\\Session\\Middleware\\StartSession.php(64): Illuminate\\Session\\Middleware\\StartSession->handleStatefulRequest(Object(Illuminate\\Http\\Request), Object(Illuminate\\Session\\Store), Object(Closure))
#39 D:\\1LuuDuLieuSV\\2001240399_TrinhHuuKienQuoc\\phplab\\buoi6\\Lab01_Framework\\vendor\\laravel\\framework\\src\\Illuminate\\Pipeline\\Pipeline.php(167): Illuminate\\Session\\Middleware\\StartSession->handle(Object(Illuminate\\Http\\Request), Object(Closure))
#40 D:\\1LuuDuLieuSV\\2001240399_TrinhHuuKienQuoc\\phplab\\buoi6\\Lab01_Framework\\vendor\\laravel\\framework\\src\\Illuminate\\Cookie\\Middleware\\AddQueuedCookiesToResponse.php(37): Illuminate\\Pipeline\\Pipeline->Illuminate\\Pipeline\\{closure}(Object(Illuminate\\Http\\Request))
#41 D:\\1LuuDuLieuSV\\2001240399_TrinhHuuKienQuoc\\phplab\\buoi6\\Lab01_Framework\\vendor\\laravel\\framework\\src\\Illuminate\\Pipeline\\Pipeline.php(167): Illuminate\\Cookie\\Middleware\\AddQueuedCookiesToResponse->handle(Object(Illuminate\\Http\\Request), Object(Closure))
#42 D:\\1LuuDuLieuSV\\2001240399_TrinhHuuKienQuoc\\phplab\\buoi6\\Lab01_Framework\\vendor\\laravel\\framework\\src\\Illuminate\\Cookie\\Middleware\\EncryptCookies.php(67): Illuminate\\Pipeline\\Pipeline->Illuminate\\Pipeline\\{closure}(Object(Illuminate\\Http\\Request))
#43 D:\\1LuuDuLieuSV\\2001240399_TrinhHuuKienQuoc\\phplab\\buoi6\\Lab01_Framework\\vendor\\laravel\\framework\\src\\Illuminate\\Pipeline\\Pipeline.php(167): Illuminate\\Cookie\\Middleware\\EncryptCookies->handle(Object(Illuminate\\Http\\Request), Object(Closure))
#44 D:\\1LuuDuLieuSV\\2001240399_TrinhHuuKienQuoc\\phplab\\buoi6\\Lab01_Framework\\vendor\\laravel\\framework\\src\\Illuminate\\Pipeline\\Pipeline.php(103): Illuminate\\Pipeline\\Pipeline->Illuminate\\Pipeline\\{closure}(Object(Illuminate\\Http\\Request))
#45 D:\\1LuuDuLieuSV\\2001240399_TrinhHuuKienQuoc\\phplab\\buoi6\\Lab01_Framework\\vendor\\laravel\\framework\\src\\Illuminate\\Routing\\Router.php(723): Illuminate\\Pipeline\\Pipeline->then(Object(Closure))
#46 D:\\1LuuDuLieuSV\\2001240399_TrinhHuuKienQuoc\\phplab\\buoi6\\Lab01_Framework\\vendor\\laravel\\framework\\src\\Illuminate\\Routing\\Router.php(698): Illuminate\\Routing\\Router->runRouteWithinStack(Object(Illuminate\\Routing\\Route), Object(Illuminate\\Http\\Request))
#47 D:\\1LuuDuLieuSV\\2001240399_TrinhHuuKienQuoc\\phplab\\buoi6\\Lab01_Framework\\vendor\\laravel\\framework\\src\\Illuminate\\Routing\\Router.php(662): Illuminate\\Routing\\Router->runRoute(Object(Illuminate\\Http\\Request), Object(Illuminate\\Routing\\Route))
#48 D:\\1LuuDuLieuSV\\2001240399_TrinhHuuKienQuoc\\phplab\\buoi6\\Lab01_Framework\\vendor\\laravel\\framework\\src\\Illuminate\\Routing\\Router.php(651): Illuminate\\Routing\\Router->dispatchToRoute(Object(Illuminate\\Http\\Request))
#49 D:\\1LuuDuLieuSV\\2001240399_TrinhHuuKienQuoc\\phplab\\buoi6\\Lab01_Framework\\vendor\\laravel\\framework\\src\\Illuminate\\Foundation\\Http\\Kernel.php(167): Illuminate\\Routing\\Router->dispatch(Object(Illuminate\\Http\\Request))
#50 D:\\1LuuDuLieuSV\\2001240399_TrinhHuuKienQuoc\\phplab\\buoi6\\Lab01_Framework\\vendor\\laravel\\framework\\src\\Illuminate\\Pipeline\\Pipeline.php(128): Illuminate\\Foundation\\Http\\Kernel->Illuminate\\Foundation\\Http\\{closure}(Object(Illuminate\\Http\\Request))
#51 D:\\1LuuDuLieuSV\\2001240399_TrinhHuuKienQuoc\\phplab\\buoi6\\Lab01_Framework\\vendor\\laravel\\framework\\src\\Illuminate\\Foundation\\Http\\Middleware\\TransformsRequest.php(21): Illuminate\\Pipeline\\Pipeline->Illuminate\\Pipeline\\{closure}(Object(Illuminate\\Http\\Request))
#52 D:\\1LuuDuLieuSV\\2001240399_TrinhHuuKienQuoc\\phplab\\buoi6\\Lab01_Framework\\vendor\\laravel\\framework\\src\\Illuminate\\Foundation\\Http\\Middleware\\ConvertEmptyStringsToNull.php(31): Illuminate\\Foundation\\Http\\Middleware\\TransformsRequest->handle(Object(Illuminate\\Http\\Request), Object(Closure))
#53 D:\\1LuuDuLieuSV\\2001240399_TrinhHuuKienQuoc\\phplab\\buoi6\\Lab01_Framework\\vendor\\laravel\\framework\\src\\Illuminate\\Pipeline\\Pipeline.php(167): Illuminate\\Foundation\\Http\\Middleware\\ConvertEmptyStringsToNull->handle(Object(Illuminate\\Http\\Request), Object(Closure))
#54 D:\\1LuuDuLieuSV\\2001240399_TrinhHuuKienQuoc\\phplab\\buoi6\\Lab01_Framework\\vendor\\laravel\\framework\\src\\Illuminate\\Foundation\\Http\\Middleware\\TransformsRequest.php(21): Illuminate\\Pipeline\\Pipeline->Illuminate\\Pipeline\\{closure}(Object(Illuminate\\Http\\Request))
#55 D:\\1LuuDuLieuSV\\2001240399_TrinhHuuKienQuoc\\phplab\\buoi6\\Lab01_Framework\\vendor\\laravel\\framework\\src\\Illuminate\\Foundation\\Http\\Middleware\\TrimStrings.php(40): Illuminate\\Foundation\\Http\\Middleware\\TransformsRequest->handle(Object(Illuminate\\Http\\Request), Object(Closure))
#56 D:\\1LuuDuLieuSV\\2001240399_TrinhHuuKienQuoc\\phplab\\buoi6\\Lab01_Framework\\vendor\\laravel\\framework\\src\\Illuminate\\Pipeline\\Pipeline.php(167): Illuminate\\Foundation\\Http\\Middleware\\TrimStrings->handle(Object(Illuminate\\Http\\Request), Object(Closure))
#57 D:\\1LuuDuLieuSV\\2001240399_TrinhHuuKienQuoc\\phplab\\buoi6\\Lab01_Framework\\vendor\\laravel\\framework\\src\\Illuminate\\Foundation\\Http\\Middleware\\ValidatePostSize.php(27): Illuminate\\Pipeline\\Pipeline->Illuminate\\Pipeline\\{closure}(Object(Illuminate\\Http\\Request))
#58 D:\\1LuuDuLieuSV\\2001240399_TrinhHuuKienQuoc\\phplab\\buoi6\\Lab01_Framework\\vendor\\laravel\\framework\\src\\Illuminate\\Pipeline\\Pipeline.php(167): Illuminate\\Foundation\\Http\\Middleware\\ValidatePostSize->handle(Object(Illuminate\\Http\\Request), Object(Closure))
#59 D:\\1LuuDuLieuSV\\2001240399_TrinhHuuKienQuoc\\phplab\\buoi6\\Lab01_Framework\\vendor\\laravel\\framework\\src\\Illuminate\\Foundation\\Http\\Middleware\\PreventRequestsDuringMaintenance.php(86): Illuminate\\Pipeline\\Pipeline->Illuminate\\Pipeline\\{closure}(Object(Illuminate\\Http\\Request))
#60 D:\\1LuuDuLieuSV\\2001240399_TrinhHuuKienQuoc\\phplab\\buoi6\\Lab01_Framework\\vendor\\laravel\\framework\\src\\Illuminate\\Pipeline\\Pipeline.php(167): Illuminate\\Foundation\\Http\\Middleware\\PreventRequestsDuringMaintenance->handle(Object(Illuminate\\Http\\Request), Object(Closure))
#61 D:\\1LuuDuLieuSV\\2001240399_TrinhHuuKienQuoc\\phplab\\buoi6\\Lab01_Framework\\vendor\\fruitcake\\laravel-cors\\src\\HandleCors.php(38): Illuminate\\Pipeline\\Pipeline->Illuminate\\Pipeline\\{closure}(Object(Illuminate\\Http\\Request))
#62 D:\\1LuuDuLieuSV\\2001240399_TrinhHuuKienQuoc\\phplab\\buoi6\\Lab01_Framework\\vendor\\laravel\\framework\\src\\Illuminate\\Pipeline\\Pipeline.php(167): Fruitcake\\Cors\\HandleCors->handle(Object(Illuminate\\Http\\Request), Object(Closure))
#63 D:\\1LuuDuLieuSV\\2001240399_TrinhHuuKienQuoc\\phplab\\buoi6\\Lab01_Framework\\vendor\\laravel\\framework\\src\\Illuminate\\Http\\Middleware\\TrustProxies.php(39): Illuminate\\Pipeline\\Pipeline->Illuminate\\Pipeline\\{closure}(Object(Illuminate\\Http\\Request))
#64 D:\\1LuuDuLieuSV\\2001240399_TrinhHuuKienQuoc\\phplab\\buoi6\\Lab01_Framework\\vendor\\laravel\\framework\\src\\Illuminate\\Pipeline\\Pipeline.php(167): Illuminate\\Http\\Middleware\\TrustProxies->handle(Object(Illuminate\\Http\\Request), Object(Closure))
#65 D:\\1LuuDuLieuSV\\2001240399_TrinhHuuKienQuoc\\phplab\\buoi6\\Lab01_Framework\\vendor\\laravel\\framework\\src\\Illuminate\\Pipeline\\Pipeline.php(103): Illuminate\\Pipeline\\Pipeline->Illuminate\\Pipeline\\{closure}(Object(Illuminate\\Http\\Request))
#66 D:\\1LuuDuLieuSV\\2001240399_TrinhHuuKienQuoc\\phplab\\buoi6\\Lab01_Framework\\vendor\\laravel\\framework\\src\\Illuminate\\Foundation\\Http\\Kernel.php(142): Illuminate\\Pipeline\\Pipeline->then(Object(Closure))
#67 D:\\1LuuDuLieuSV\\2001240399_TrinhHuuKienQuoc\\phplab\\buoi6\\Lab01_Framework\\vendor\\laravel\\framework\\src\\Illuminate\\Foundation\\Http\\Kernel.php(111): Illuminate\\Foundation\\Http\\Kernel->sendRequestThroughRouter(Object(Illuminate\\Http\\Request))
#68 D:\\1LuuDuLieuSV\\2001240399_TrinhHuuKienQuoc\\phplab\\buoi6\\Lab01_Framework\\public\\index.php(52): Illuminate\\Foundation\\Http\\Kernel->handle(Object(Illuminate\\Http\\Request))
#69 D:\\1LuuDuLieuSV\\2001240399_TrinhHuuKienQuoc\\phplab\\buoi6\\Lab01_Framework\\server.php(21): require_once('D:\\\\1LuuDuLieuSV...')
#70 {main}
"} 
[2026-09-21 08:42:14] local.ERROR: SQLSTATE[HY000] [2002] No connection could be made because the target machine actively refused it.
 (SQL: select * from `articles` where `articles`.`id` = 1 limit 1) {"exception":"[object] (Illuminate\\Database\\QueryException(code: 2002): SQLSTATE[HY000] [2002] No connection could be made because the target machine actively refused it.

 (SQL: select * from `articles` where `articles`.`id` = 1 limit 1) at D:\\1LuuDuLieuSV\\2001240399_TrinhHuuKienQuoc\\phplab\\buoi6\\Lab01_Framework\\vendor\\laravel\\framework\\src\\Illuminate\\Database\\Connection.php:712)
[stacktrace]
#0 D:\\1LuuDuLieuSV\\2001240399_TrinhHuuKienQuoc\\phplab\\buoi6\\Lab01_Framework\\vendor\\laravel\\framework\\src\\Illuminate\\Database\\Connection.php(672): Illuminate\\Database\\Connection->runQueryCallback('select * from `...', Array, Object(Closure))
#1 D:\\1LuuDuLieuSV\\2001240399_TrinhHuuKienQuoc\\phplab\\buoi6\\Lab01_Framework\\vendor\\laravel\\framework\\src\\Illuminate\\Database\\Connection.php(376): Illuminate\\Database\\Connection->run('select * from `...', Array, Object(Closure))
#2 D:\\1LuuDuLieuSV\\2001240399_TrinhHuuKienQuoc\\phplab\\buoi6\\Lab01_Framework\\vendor\\laravel\\framework\\src\\Illuminate\\Database\\Query\\Builder.php(2414): Illuminate\\Database\\Connection->select('select * from `...', Array, true)
#3 D:\\1LuuDuLieuSV\\2001240399_TrinhHuuKienQuoc\\phplab\\buoi6\\Lab01_Framework\\vendor\\laravel\\framework\\src\\Illuminate\\Database\\Query\\Builder.php(2402): Illuminate\\Database\\Query\\Builder->runSelect()
#4 D:\\1LuuDuLieuSV\\2001240399_TrinhHuuKienQuoc\\phplab\\buoi6\\Lab01_Framework\\vendor\\laravel\\framework\\src\\Illuminate\\Database\\Query\\Builder.php(2936): Illuminate\\Database\\Query\\Builder->Illuminate\\Database\\Query\\{closure}()
#5 D:\\1LuuDuLieuSV\\2001240399_TrinhHuuKienQuoc\\phplab\\buoi6\\Lab01_Framework\\vendor\\laravel\\framework\\src\\Illuminate\\Database\\Query\\Builder.php(2403): Illuminate\\Database\\Query\\Builder->onceWithColumns(Array, Object(Closure))
#6 D:\\1LuuDuLieuSV\\2001240399_TrinhHuuKienQuoc\\phplab\\buoi6\\Lab01_Framework\\vendor\\laravel\\framework\\src\\Illuminate\\Database\\Eloquent\\Builder.php(625): Illuminate\\Database\\Query\\Builder->get(Array)
#7 D:\\1LuuDuLieuSV\\2001240399_TrinhHuuKienQuoc\\phplab\\buoi6\\Lab01_Framework\\vendor\\laravel\\framework\\src\\Illuminate\\Database\\Eloquent\\Builder.php(609): Illuminate\\Database\\Eloquent\\Builder->getModels(Array)
#8 D:\\1LuuDuLieuSV\\2001240399_TrinhHuuKienQuoc\\phplab\\buoi6\\Lab01_Framework\\vendor\\laravel\\framework\\src\\Illuminate\\Database\\Concerns\\BuildsQueries.php(294): Illuminate\\Database\\Eloquent\\Builder->get(Array)
#9 D:\\1LuuDuLieuSV\\2001240399_TrinhHuuKienQuoc\\phplab\\buoi6\\Lab01_Framework\\vendor\\laravel\\framework\\src\\Illuminate\\Database\\Eloquent\\Builder.php(400): Illuminate\\Database\\Eloquent\\Builder->first(Array)
#10 D:\\1LuuDuLieuSV\\2001240399_TrinhHuuKienQuoc\\phplab\\buoi6\\Lab01_Framework\\vendor\\laravel\\framework\\src\\Illuminate\\Database\\Eloquent\\Builder.php(432): Illuminate\\Database\\Eloquent\\Builder->find('1', Array)
#11 D:\\1LuuDuLieuSV\\2001240399_TrinhHuuKienQuoc\\phplab\\buoi6\\Lab01_Framework\\vendor\\laravel\\framework\\src\\Illuminate\\Support\\Traits\\ForwardsCalls.php(23): Illuminate\\Database\\Eloquent\\Builder->findOrFail('1')
#12 D:\\1LuuDuLieuSV\\2001240399_TrinhHuuKienQuoc\\phplab\\buoi6\\Lab01_Framework\\vendor\\laravel\\framework\\src\\Illuminate\\Database\\Eloquent\\Model.php(2132): Illuminate\\Database\\Eloquent\\Model->forwardCallTo(Object(Illuminate\\Database\\Eloquent\\Builder), 'findOrFail', Array)
#13 D:\\1LuuDuLieuSV\\2001240399_TrinhHuuKienQuoc\\phplab\\buoi6\\Lab01_Framework\\vendor\\laravel\\framework\\src\\Illuminate\\Database\\Eloquent\\Model.php(2144): Illuminate\\Database\\Eloquent\\Model->__call('findOrFail', Array)
#14 D:\\1LuuDuLieuSV\\2001240399_TrinhHuuKienQuoc\\phplab\\buoi6\\Lab01_Framework\\app\\Http\\Controllers\\ArticleController.php(99): Illuminate\\Database\\Eloquent\\Model::__callStatic('findOrFail', Array)
#15 D:\\1LuuDuLieuSV\\2001240399_TrinhHuuKienQuoc\\phplab\\buoi6\\Lab01_Framework\\vendor\\laravel\\framework\\src\\Illuminate\\Routing\\Controller.php(54): App\\Http\\Controllers\\ArticleController->destroy('1')
#16 D:\\1LuuDuLieuSV\\2001240399_TrinhHuuKienQuoc\\phplab\\buoi6\\Lab01_Framework\\vendor\\laravel\\framework\\src\\Illuminate\\Routing\\ControllerDispatcher.php(45): Illuminate\\Routing\\Controller->callAction('destroy', Array)
#17 D:\\1LuuDuLieuSV\\2001240399_TrinhHuuKienQuoc\\phplab\\buoi6\\Lab01_Framework\\vendor\\laravel\\framework\\src\\Illuminate\\Routing\\Route.php(262): Illuminate\\Routing\\ControllerDispatcher->dispatch(Object(Illuminate\\Routing\\Route), Object(App\\Http\\Controllers\\ArticleController), 'destroy')
#18 D:\\1LuuDuLieuSV\\2001240399_TrinhHuuKienQuoc\\phplab\\buoi6\\Lab01_Framework\\vendor\\laravel\\framework\\src\\Illuminate\\Routing\\Route.php(205): Illuminate\\Routing\\Route->runController()
#19 D:\\1LuuDuLieuSV\\2001240399_TrinhHuuKienQuoc\\phplab\\buoi6\\Lab01_Framework\\vendor\\laravel\\framework\\src\\Illuminate\\Routing\\Router.php(721): Illuminate\\Routing\\Route->run()
#20 D:\\1LuuDuLieuSV\\2001240399_TrinhHuuKienQuoc\\phplab\\buoi6\\Lab01_Framework\\vendor\\laravel\\framework\\src\\Illuminate\\Pipeline\\Pipeline.php(128): Illuminate\\Routing\\Router->Illuminate\\Routing\\{closure}(Object(Illuminate\\Http\\Request))
#21 D:\\1LuuDuLieuSV\\2001240399_TrinhHuuKienQuoc\\phplab\\buoi6\\Lab01_Framework\\vendor\\laravel\\framework\\src\\Illuminate\\Routing\\Middleware\\SubstituteBindings.php(50): Illuminate\\Pipeline\\Pipeline->Illuminate\\Pipeline\\{closure}(Object(Illuminate\\Http\\Request))
#22 D:\\1LuuDuLieuSV\\2001240399_TrinhHuuKienQuoc\\phplab\\buoi6\\Lab01_Framework\\vendor\\laravel\\framework\\src\\Illuminate\\Pipeline\\Pipeline.php(167): Illuminate\\Routing\\Middleware\\SubstituteBindings->handle(Object(Illuminate\\Http\\Request), Object(Closure))
#23 D:\\1LuuDuLieuSV\\2001240399_TrinhHuuKienQuoc\\phplab\\buoi6\\Lab01_Framework\\vendor\\laravel\\framework\\src\\Illuminate\\Foundation\\Http\\Middleware\\VerifyCsrfToken.php(78): Illuminate\\Pipeline\\Pipeline->Illuminate\\Pipeline\\{closure}(Object(Illuminate\\Http\\Request))
#24 D:\\1LuuDuLieuSV\\2001240399_TrinhHuuKienQuoc\\phplab\\buoi6\\Lab01_Framework\\vendor\\laravel\\framework\\src\\Illuminate\\Pipeline\\Pipeline.php(167): Illuminate\\Foundation\\Http\\Middleware\\VerifyCsrfToken->handle(Object(Illuminate\\Http\\Request), Object(Closure))
#25 D:\\1LuuDuLieuSV\\2001240399_TrinhHuuKienQuoc\\phplab\\buoi6\\Lab01_Framework\\vendor\\laravel\\framework\\src\\Illuminate\\View\\Middleware\\ShareErrorsFromSession.php(49): Illuminate\\Pipeline\\Pipeline->Illuminate\\Pipeline\\{closure}(Object(Illuminate\\Http\\Request))
#26 D:\\1LuuDuLieuSV\\2001240399_TrinhHuuKienQuoc\\phplab\\buoi6\\Lab01_Framework\\vendor\\laravel\\framework\\src\\Illuminate\\Pipeline\\Pipeline.php(167): Illuminate\\View\\Middleware\\ShareErrorsFromSession->handle(Object(Illuminate\\Http\\Request), Object(Closure))
#27 D:\\1LuuDuLieuSV\\2001240399_TrinhHuuKienQuoc\\phplab\\buoi6\\Lab01_Framework\\vendor\\laravel\\framework\\src\\Illuminate\\Session\\Middleware\\StartSession.php(121): Illuminate\\Pipeline\\Pipeline->Illuminate\\Pipeline\\{closure}(Object(Illuminate\\Http\\Request))
#28 D:\\1LuuDuLieuSV\\2001240399_TrinhHuuKienQuoc\\phplab\\buoi6\\Lab01_Framework\\vendor\\laravel\\framework\\src\\Illuminate\\Session\\Middleware\\StartSession.php(64): Illuminate\\Session\\Middleware\\StartSession->handleStatefulRequest(Object(Illuminate\\Http\\Request), Object(Illuminate\\Session\\Store), Object(Closure))
#29 D:\\1LuuDuLieuSV\\2001240399_TrinhHuuKienQuoc\\phplab\\buoi6\\Lab01_Framework\\vendor\\laravel\\framework\\src\\Illuminate\\Pipeline\\Pipeline.php(167): Illuminate\\Session\\Middleware\\StartSession->handle(Object(Illuminate\\Http\\Request), Object(Closure))
#30 D:\\1LuuDuLieuSV\\2001240399_TrinhHuuKienQuoc\\phplab\\buoi6\\Lab01_Framework\\vendor\\laravel\\framework\\src\\Illuminate\\Cookie\\Middleware\\AddQueuedCookiesToResponse.php(37): Illuminate\\Pipeline\\Pipeline->Illuminate\\Pipeline\\{closure}(Object(Illuminate\\Http\\Request))
#31 D:\\1LuuDuLieuSV\\2001240399_TrinhHuuKienQuoc\\phplab\\buoi6\\Lab01_Framework\\vendor\\laravel\\framework\\src\\Illuminate\\Pipeline\\Pipeline.php(167): Illuminate\\Cookie\\Middleware\\AddQueuedCookiesToResponse->handle(Object(Illuminate\\Http\\Request), Object(Closure))
#32 D:\\1LuuDuLieuSV\\2001240399_TrinhHuuKienQuoc\\phplab\\buoi6\\Lab01_Framework\\vendor\\laravel\\framework\\src\\Illuminate\\Cookie\\Middleware\\EncryptCookies.php(67): Illuminate\\Pipeline\\Pipeline->Illuminate\\Pipeline\\{closure}(Object(Illuminate\\Http\\Request))
#33 D:\\1LuuDuLieuSV\\2001240399_TrinhHuuKienQuoc\\phplab\\buoi6\\Lab01_Framework\\vendor\\laravel\\framework\\src\\Illuminate\\Pipeline\\Pipeline.php(167): Illuminate\\Cookie\\Middleware\\EncryptCookies->handle(Object(Illuminate\\Http\\Request), Object(Closure))
#34 D:\\1LuuDuLieuSV\\2001240399_TrinhHuuKienQuoc\\phplab\\buoi6\\Lab01_Framework\\vendor\\laravel\\framework\\src\\Illuminate\\Pipeline\\Pipeline.php(103): Illuminate\\Pipeline\\Pipeline->Illuminate\\Pipeline\\{closure}(Object(Illuminate\\Http\\Request))
#35 D:\\1LuuDuLieuSV\\2001240399_TrinhHuuKienQuoc\\phplab\\buoi6\\Lab01_Framework\\vendor\\laravel\\framework\\src\\Illuminate\\Routing\\Router.php(723): Illuminate\\Pipeline\\Pipeline->then(Object(Closure))
#36 D:\\1LuuDuLieuSV\\2001240399_TrinhHuuKienQuoc\\phplab\\buoi6\\Lab01_Framework\\vendor\\laravel\\framework\\src\\Illuminate\\Routing\\Router.php(698): Illuminate\\Routing\\Router->runRouteWithinStack(Object(Illuminate\\Routing\\Route), Object(Illuminate\\Http\\Request))
#37 D:\\1LuuDuLieuSV\\2001240399_TrinhHuuKienQuoc\\phplab\\buoi6\\Lab01_Framework\\vendor\\laravel\\framework\\src\\Illuminate\\Routing\\Router.php(662): Illuminate\\Routing\\Router->runRoute(Object(Illuminate\\Http\\Request), Object(Illuminate\\Routing\\Route))
#38 D:\\1LuuDuLieuSV\\2001240399_TrinhHuuKienQuoc\\phplab\\buoi6\\Lab01_Framework\\vendor\\laravel\\framework\\src\\Illuminate\\Routing\\Router.php(651): Illuminate\\Routing\\Router->dispatchToRoute(Object(Illuminate\\Http\\Request))
#39 D:\\1LuuDuLieuSV\\2001240399_TrinhHuuKienQuoc\\phplab\\buoi6\\Lab01_Framework\\vendor\\laravel\\framework\\src\\Illuminate\\Foundation\\Http\\Kernel.php(167): Illuminate\\Routing\\Router->dispatch(Object(Illuminate\\Http\\Request))
#40 D:\\1LuuDuLieuSV\\2001240399_TrinhHuuKienQuoc\\phplab\\buoi6\\Lab01_Framework\\vendor\\laravel\\framework\\src\\Illuminate\\Pipeline\\Pipeline.php(128): Illuminate\\Foundation\\Http\\Kernel->Illuminate\\Foundation\\Http\\{closure}(Object(Illuminate\\Http\\Request))
#41 D:\\1LuuDuLieuSV\\2001240399_TrinhHuuKienQuoc\\phplab\\buoi6\\Lab01_Framework\\vendor\\laravel\\framework\\src\\Illuminate\\Foundation\\Http\\Middleware\\TransformsRequest.php(21): Illuminate\\Pipeline\\Pipeline->Illuminate\\Pipeline\\{closure}(Object(Illuminate\\Http\\Request))
#42 D:\\1LuuDuLieuSV\\2001240399_TrinhHuuKienQuoc\\phplab\\buoi6\\Lab01_Framework\\vendor\\laravel\\framework\\src\\Illuminate\\Foundation\\Http\\Middleware\\ConvertEmptyStringsToNull.php(31): Illuminate\\Foundation\\Http\\Middleware\\TransformsRequest->handle(Object(Illuminate\\Http\\Request), Object(Closure))
#43 D:\\1LuuDuLieuSV\\2001240399_TrinhHuuKienQuoc\\phplab\\buoi6\\Lab01_Framework\\vendor\\laravel\\framework\\src\\Illuminate\\Pipeline\\Pipeline.php(167): Illuminate\\Foundation\\Http\\Middleware\\ConvertEmptyStringsToNull->handle(Object(Illuminate\\Http\\Request), Object(Closure))
#44 D:\\1LuuDuLieuSV\\2001240399_TrinhHuuKienQuoc\\phplab\\buoi6\\Lab01_Framework\\vendor\\laravel\\framework\\src\\Illuminate\\Foundation\\Http\\Middleware\\TransformsRequest.php(21): Illuminate\\Pipeline\\Pipeline->Illuminate\\Pipeline\\{closure}(Object(Illuminate\\Http\\Request))
#45 D:\\1LuuDuLieuSV\\2001240399_TrinhHuuKienQuoc\\phplab\\buoi6\\Lab01_Framework\\vendor\\laravel\\framework\\src\\Illuminate\\Foundation\\Http\\Middleware\\TrimStrings.php(40): Illuminate\\Foundation\\Http\\Middleware\\TransformsRequest->handle(Object(Illuminate\\Http\\Request), Object(Closure))
#46 D:\\1LuuDuLieuSV\\2001240399_TrinhHuuKienQuoc\\phplab\\buoi6\\Lab01_Framework\\vendor\\laravel\\framework\\src\\Illuminate\\Pipeline\\Pipeline.php(167): Illuminate\\Foundation\\Http\\Middleware\\TrimStrings->handle(Object(Illuminate\\Http\\Request), Object(Closure))
#47 D:\\1LuuDuLieuSV\\2001240399_TrinhHuuKienQuoc\\phplab\\buoi6\\Lab01_Framework\\vendor\\laravel\\framework\\src\\Illuminate\\Foundation\\Http\\Middleware\\ValidatePostSize.php(27): Illuminate\\Pipeline\\Pipeline->Illuminate\\Pipeline\\{closure}(Object(Illuminate\\Http\\Request))
#48 D:\\1LuuDuLieuSV\\2001240399_TrinhHuuKienQuoc\\phplab\\buoi6\\Lab01_Framework\\vendor\\laravel\\framework\\src\\Illuminate\\Pipeline\\Pipeline.php(167): Illuminate\\Foundation\\Http\\Middleware\\ValidatePostSize->handle(Object(Illuminate\\Http\\Request), Object(Closure))
#49 D:\\1LuuDuLieuSV\\2001240399_TrinhHuuKienQuoc\\phplab\\buoi6\\Lab01_Framework\\vendor\\laravel\\framework\\src\\Illuminate\\Foundation\\Http\\Middleware\\PreventRequestsDuringMaintenance.php(86): Illuminate\\Pipeline\\Pipeline->Illuminate\\Pipeline\\{closure}(Object(Illuminate\\Http\\Request))
#50 D:\\1LuuDuLieuSV\\2001240399_TrinhHuuKienQuoc\\phplab\\buoi6\\Lab01_Framework\\vendor\\laravel\\framework\\src\\Illuminate\\Pipeline\\Pipeline.php(167): Illuminate\\Foundation\\Http\\Middleware\\PreventRequestsDuringMaintenance->handle(Object(Illuminate\\Http\\Request), Object(Closure))
#51 D:\\1LuuDuLieuSV\\2001240399_TrinhHuuKienQuoc\\phplab\\buoi6\\Lab01_Framework\\vendor\\fruitcake\\laravel-cors\\src\\HandleCors.php(38): Illuminate\\Pipeline\\Pipeline->Illuminate\\Pipeline\\{closure}(Object(Illuminate\\Http\\Request))
#52 D:\\1LuuDuLieuSV\\2001240399_TrinhHuuKienQuoc\\phplab\\buoi6\\Lab01_Framework\\vendor\\laravel\\framework\\src\\Illuminate\\Pipeline\\Pipeline.php(167): Fruitcake\\Cors\\HandleCors->handle(Object(Illuminate\\Http\\Request), Object(Closure))
#53 D:\\1LuuDuLieuSV\\2001240399_TrinhHuuKienQuoc\\phplab\\buoi6\\Lab01_Framework\\vendor\\laravel\\framework\\src\\Illuminate\\Http\\Middleware\\TrustProxies.php(39): Illuminate\\Pipeline\\Pipeline->Illuminate\\Pipeline\\{closure}(Object(Illuminate\\Http\\Request))
#54 D:\\1LuuDuLieuSV\\2001240399_TrinhHuuKienQuoc\\phplab\\buoi6\\Lab01_Framework\\vendor\\laravel\\framework\\src\\Illuminate\\Pipeline\\Pipeline.php(167): Illuminate\\Http\\Middleware\\TrustProxies->handle(Object(Illuminate\\Http\\Request), Object(Closure))
#55 D:\\1LuuDuLieuSV\\2001240399_TrinhHuuKienQuoc\\phplab\\buoi6\\Lab01_Framework\\vendor\\laravel\\framework\\src\\Illuminate\\Pipeline\\Pipeline.php(103): Illuminate\\Pipeline\\Pipeline->Illuminate\\Pipeline\\{closure}(Object(Illuminate\\Http\\Request))
#56 D:\\1LuuDuLieuSV\\2001240399_TrinhHuuKienQuoc\\phplab\\buoi6\\Lab01_Framework\\vendor\\laravel\\framework\\src\\Illuminate\\Foundation\\Http\\Kernel.php(142): Illuminate\\Pipeline\\Pipeline->then(Object(Closure))
#57 D:\\1LuuDuLieuSV\\2001240399_TrinhHuuKienQuoc\\phplab\\buoi6\\Lab01_Framework\\vendor\\laravel\\framework\\src\\Illuminate\\Foundation\\Http\\Kernel.php(111): Illuminate\\Foundation\\Http\\Kernel->sendRequestThroughRouter(Object(Illuminate\\Http\\Request))
#58 D:\\1LuuDuLieuSV\\2001240399_TrinhHuuKienQuoc\\phplab\\buoi6\\Lab01_Framework\\public\\index.php(52): Illuminate\\Foundation\\Http\\Kernel->handle(Object(Illuminate\\Http\\Request))
#59 D:\\1LuuDuLieuSV\\2001240399_TrinhHuuKienQuoc\\phplab\\buoi6\\Lab01_Framework\\server.php(21): require_once('D:\\\\1LuuDuLieuSV...')
#60 {main}

[previous exception] [object] (PDOException(code: 2002): SQLSTATE[HY000] [2002] No connection could be made because the target machine actively refused it.

 at D:\\1LuuDuLieuSV\\2001240399_TrinhHuuKienQuoc\\phplab\\buoi6\\Lab01_Framework\\vendor\\laravel\\framework\\src\\Illuminate\\Database\\Connectors\\Connector.php:70)
[stacktrace]
#0 D:\\1LuuDuLieuSV\\2001240399_TrinhHuuKienQuoc\\phplab\\buoi6\\Lab01_Framework\\vendor\\laravel\\framework\\src\\Illuminate\\Database\\Connectors\\Connector.php(70): PDO->__construct('mysql:host=127....', 'root', '', Array)
#1 D:\\1LuuDuLieuSV\\2001240399_TrinhHuuKienQuoc\\phplab\\buoi6\\Lab01_Framework\\vendor\\laravel\\framework\\src\\Illuminate\\Database\\Connectors\\Connector.php(46): Illuminate\\Database\\Connectors\\Connector->createPdoConnection('mysql:host=127....', 'root', '', Array)
#2 D:\\1LuuDuLieuSV\\2001240399_TrinhHuuKienQuoc\\phplab\\buoi6\\Lab01_Framework\\vendor\\laravel\\framework\\src\\Illuminate\\Database\\Connectors\\MySqlConnector.php(24): Illuminate\\Database\\Connectors\\Connector->createConnection('mysql:host=127....', Array, Array)
#3 D:\\1LuuDuLieuSV\\2001240399_TrinhHuuKienQuoc\\phplab\\buoi6\\Lab01_Framework\\vendor\\laravel\\framework\\src\\Illuminate\\Database\\Connectors\\ConnectionFactory.php(184): Illuminate\\Database\\Connectors\\MySqlConnector->connect(Array)
#4 [internal function]: Illuminate\\Database\\Connectors\\ConnectionFactory->Illuminate\\Database\\Connectors\\{closure}()
#5 D:\\1LuuDuLieuSV\\2001240399_TrinhHuuKienQuoc\\phplab\\buoi6\\Lab01_Framework\\vendor\\laravel\\framework\\src\\Illuminate\\Database\\Connection.php(1064): call_user_func(Object(Closure))
#6 D:\\1LuuDuLieuSV\\2001240399_TrinhHuuKienQuoc\\phplab\\buoi6\\Lab01_Framework\\vendor\\laravel\\framework\\src\\Illuminate\\Database\\Connection.php(1100): Illuminate\\Database\\Connection->getPdo()
#7 D:\\1LuuDuLieuSV\\2001240399_TrinhHuuKienQuoc\\phplab\\buoi6\\Lab01_Framework\\vendor\\laravel\\framework\\src\\Illuminate\\Database\\Connection.php(442): Illuminate\\Database\\Connection->getReadPdo()
#8 D:\\1LuuDuLieuSV\\2001240399_TrinhHuuKienQuoc\\phplab\\buoi6\\Lab01_Framework\\vendor\\laravel\\framework\\src\\Illuminate\\Database\\Connection.php(368): Illuminate\\Database\\Connection->getPdoForSelect(true)
#9 D:\\1LuuDuLieuSV\\2001240399_TrinhHuuKienQuoc\\phplab\\buoi6\\Lab01_Framework\\vendor\\laravel\\framework\\src\\Illuminate\\Database\\Connection.php(705): Illuminate\\Database\\Connection->Illuminate\\Database\\{closure}('select * from `...', Array)
#10 D:\\1LuuDuLieuSV\\2001240399_TrinhHuuKienQuoc\\phplab\\buoi6\\Lab01_Framework\\vendor\\laravel\\framework\\src\\Illuminate\\Database\\Connection.php(672): Illuminate\\Database\\Connection->runQueryCallback('select * from `...', Array, Object(Closure))
#11 D:\\1LuuDuLieuSV\\2001240399_TrinhHuuKienQuoc\\phplab\\buoi6\\Lab01_Framework\\vendor\\laravel\\framework\\src\\Illuminate\\Database\\Connection.php(376): Illuminate\\Database\\Connection->run('select * from `...', Array, Object(Closure))
#12 D:\\1LuuDuLieuSV\\2001240399_TrinhHuuKienQuoc\\phplab\\buoi6\\Lab01_Framework\\vendor\\laravel\\framework\\src\\Illuminate\\Database\\Query\\Builder.php(2414): Illuminate\\Database\\Connection->select('select * from `...', Array, true)
#13 D:\\1LuuDuLieuSV\\2001240399_TrinhHuuKienQuoc\\phplab\\buoi6\\Lab01_Framework\\vendor\\laravel\\framework\\src\\Illuminate\\Database\\Query\\Builder.php(2402): Illuminate\\Database\\Query\\Builder->runSelect()
#14 D:\\1LuuDuLieuSV\\2001240399_TrinhHuuKienQuoc\\phplab\\buoi6\\Lab01_Framework\\vendor\\laravel\\framework\\src\\Illuminate\\Database\\Query\\Builder.php(2936): Illuminate\\Database\\Query\\Builder->Illuminate\\Database\\Query\\{closure}()
#15 D:\\1LuuDuLieuSV\\2001240399_TrinhHuuKienQuoc\\phplab\\buoi6\\Lab01_Framework\\vendor\\laravel\\framework\\src\\Illuminate\\Database\\Query\\Builder.php(2403): Illuminate\\Database\\Query\\Builder->onceWithColumns(Array, Object(Closure))
#16 D:\\1LuuDuLieuSV\\2001240399_TrinhHuuKienQuoc\\phplab\\buoi6\\Lab01_Framework\\vendor\\laravel\\framework\\src\\Illuminate\\Database\\Eloquent\\Builder.php(625): Illuminate\\Database\\Query\\Builder->get(Array)
#17 D:\\1LuuDuLieuSV\\2001240399_TrinhHuuKienQuoc\\phplab\\buoi6\\Lab01_Framework\\vendor\\laravel\\framework\\src\\Illuminate\\Database\\Eloquent\\Builder.php(609): Illuminate\\Database\\Eloquent\\Builder->getModels(Array)
#18 D:\\1LuuDuLieuSV\\2001240399_TrinhHuuKienQuoc\\phplab\\buoi6\\Lab01_Framework\\vendor\\laravel\\framework\\src\\Illuminate\\Database\\Concerns\\BuildsQueries.php(294): Illuminate\\Database\\Eloquent\\Builder->get(Array)
#19 D:\\1LuuDuLieuSV\\2001240399_TrinhHuuKienQuoc\\phplab\\buoi6\\Lab01_Framework\\vendor\\laravel\\framework\\src\\Illuminate\\Database\\Eloquent\\Builder.php(400): Illuminate\\Database\\Eloquent\\Builder->first(Array)
#20 D:\\1LuuDuLieuSV\\2001240399_TrinhHuuKienQuoc\\phplab\\buoi6\\Lab01_Framework\\vendor\\laravel\\framework\\src\\Illuminate\\Database\\Eloquent\\Builder.php(432): Illuminate\\Database\\Eloquent\\Builder->find('1', Array)
#21 D:\\1LuuDuLieuSV\\2001240399_TrinhHuuKienQuoc\\phplab\\buoi6\\Lab01_Framework\\vendor\\laravel\\framework\\src\\Illuminate\\Support\\Traits\\ForwardsCalls.php(23): Illuminate\\Database\\Eloquent\\Builder->findOrFail('1')
#22 D:\\1LuuDuLieuSV\\2001240399_TrinhHuuKienQuoc\\phplab\\buoi6\\Lab01_Framework\\vendor\\laravel\\framework\\src\\Illuminate\\Database\\Eloquent\\Model.php(2132): Illuminate\\Database\\Eloquent\\Model->forwardCallTo(Object(Illuminate\\Database\\Eloquent\\Builder), 'findOrFail', Array)
#23 D:\\1LuuDuLieuSV\\2001240399_TrinhHuuKienQuoc\\phplab\\buoi6\\Lab01_Framework\\vendor\\laravel\\framework\\src\\Illuminate\\Database\\Eloquent\\Model.php(2144): Illuminate\\Database\\Eloquent\\Model->__call('findOrFail', Array)
#24 D:\\1LuuDuLieuSV\\2001240399_TrinhHuuKienQuoc\\phplab\\buoi6\\Lab01_Framework\\app\\Http\\Controllers\\ArticleController.php(99): Illuminate\\Database\\Eloquent\\Model::__callStatic('findOrFail', Array)
#25 D:\\1LuuDuLieuSV\\2001240399_TrinhHuuKienQuoc\\phplab\\buoi6\\Lab01_Framework\\vendor\\laravel\\framework\\src\\Illuminate\\Routing\\Controller.php(54): App\\Http\\Controllers\\ArticleController->destroy('1')
#26 D:\\1LuuDuLieuSV\\2001240399_TrinhHuuKienQuoc\\phplab\\buoi6\\Lab01_Framework\\vendor\\laravel\\framework\\src\\Illuminate\\Routing\\ControllerDispatcher.php(45): Illuminate\\Routing\\Controller->callAction('destroy', Array)
#27 D:\\1LuuDuLieuSV\\2001240399_TrinhHuuKienQuoc\\phplab\\buoi6\\Lab01_Framework\\vendor\\laravel\\framework\\src\\Illuminate\\Routing\\Route.php(262): Illuminate\\Routing\\ControllerDispatcher->dispatch(Object(Illuminate\\Routing\\Route), Object(App\\Http\\Controllers\\ArticleController), 'destroy')
#28 D:\\1LuuDuLieuSV\\2001240399_TrinhHuuKienQuoc\\phplab\\buoi6\\Lab01_Framework\\vendor\\laravel\\framework\\src\\Illuminate\\Routing\\Route.php(205): Illuminate\\Routing\\Route->runController()
#29 D:\\1LuuDuLieuSV\\2001240399_TrinhHuuKienQuoc\\phplab\\buoi6\\Lab01_Framework\\vendor\\laravel\\framework\\src\\Illuminate\\Routing\\Router.php(721): Illuminate\\Routing\\Route->run()
#30 D:\\1LuuDuLieuSV\\2001240399_TrinhHuuKienQuoc\\phplab\\buoi6\\Lab01_Framework\\vendor\\laravel\\framework\\src\\Illuminate\\Pipeline\\Pipeline.php(128): Illuminate\\Routing\\Router->Illuminate\\Routing\\{closure}(Object(Illuminate\\Http\\Request))
#31 D:\\1LuuDuLieuSV\\2001240399_TrinhHuuKienQuoc\\phplab\\buoi6\\Lab01_Framework\\vendor\\laravel\\framework\\src\\Illuminate\\Routing\\Middleware\\SubstituteBindings.php(50): Illuminate\\Pipeline\\Pipeline->Illuminate\\Pipeline\\{closure}(Object(Illuminate\\Http\\Request))
#32 D:\\1LuuDuLieuSV\\2001240399_TrinhHuuKienQuoc\\phplab\\buoi6\\Lab01_Framework\\vendor\\laravel\\framework\\src\\Illuminate\\Pipeline\\Pipeline.php(167): Illuminate\\Routing\\Middleware\\SubstituteBindings->handle(Object(Illuminate\\Http\\Request), Object(Closure))
#33 D:\\1LuuDuLieuSV\\2001240399_TrinhHuuKienQuoc\\phplab\\buoi6\\Lab01_Framework\\vendor\\laravel\\framework\\src\\Illuminate\\Foundation\\Http\\Middleware\\VerifyCsrfToken.php(78): Illuminate\\Pipeline\\Pipeline->Illuminate\\Pipeline\\{closure}(Object(Illuminate\\Http\\Request))
#34 D:\\1LuuDuLieuSV\\2001240399_TrinhHuuKienQuoc\\phplab\\buoi6\\Lab01_Framework\\vendor\\laravel\\framework\\src\\Illuminate\\Pipeline\\Pipeline.php(167): Illuminate\\Foundation\\Http\\Middleware\\VerifyCsrfToken->handle(Object(Illuminate\\Http\\Request), Object(Closure))
#35 D:\\1LuuDuLieuSV\\2001240399_TrinhHuuKienQuoc\\phplab\\buoi6\\Lab01_Framework\\vendor\\laravel\\framework\\src\\Illuminate\\View\\Middleware\\ShareErrorsFromSession.php(49): Illuminate\\Pipeline\\Pipeline->Illuminate\\Pipeline\\{closure}(Object(Illuminate\\Http\\Request))
#36 D:\\1LuuDuLieuSV\\2001240399_TrinhHuuKienQuoc\\phplab\\buoi6\\Lab01_Framework\\vendor\\laravel\\framework\\src\\Illuminate\\Pipeline\\Pipeline.php(167): Illuminate\\View\\Middleware\\ShareErrorsFromSession->handle(Object(Illuminate\\Http\\Request), Object(Closure))
#37 D:\\1LuuDuLieuSV\\2001240399_TrinhHuuKienQuoc\\phplab\\buoi6\\Lab01_Framework\\vendor\\laravel\\framework\\src\\Illuminate\\Session\\Middleware\\StartSession.php(121): Illuminate\\Pipeline\\Pipeline->Illuminate\\Pipeline\\{closure}(Object(Illuminate\\Http\\Request))
#38 D:\\1LuuDuLieuSV\\2001240399_TrinhHuuKienQuoc\\phplab\\buoi6\\Lab01_Framework\\vendor\\laravel\\framework\\src\\Illuminate\\Session\\Middleware\\StartSession.php(64): Illuminate\\Session\\Middleware\\StartSession->handleStatefulRequest(Object(Illuminate\\Http\\Request), Object(Illuminate\\Session\\Store), Object(Closure))
#39 D:\\1LuuDuLieuSV\\2001240399_TrinhHuuKienQuoc\\phplab\\buoi6\\Lab01_Framework\\vendor\\laravel\\framework\\src\\Illuminate\\Pipeline\\Pipeline.php(167): Illuminate\\Session\\Middleware\\StartSession->handle(Object(Illuminate\\Http\\Request), Object(Closure))
#40 D:\\1LuuDuLieuSV\\2001240399_TrinhHuuKienQuoc\\phplab\\buoi6\\Lab01_Framework\\vendor\\laravel\\framework\\src\\Illuminate\\Cookie\\Middleware\\AddQueuedCookiesToResponse.php(37): Illuminate\\Pipeline\\Pipeline->Illuminate\\Pipeline\\{closure}(Object(Illuminate\\Http\\Request))
#41 D:\\1LuuDuLieuSV\\2001240399_TrinhHuuKienQuoc\\phplab\\buoi6\\Lab01_Framework\\vendor\\laravel\\framework\\src\\Illuminate\\Pipeline\\Pipeline.php(167): Illuminate\\Cookie\\Middleware\\AddQueuedCookiesToResponse->handle(Object(Illuminate\\Http\\Request), Object(Closure))
#42 D:\\1LuuDuLieuSV\\2001240399_TrinhHuuKienQuoc\\phplab\\buoi6\\Lab01_Framework\\vendor\\laravel\\framework\\src\\Illuminate\\Cookie\\Middleware\\EncryptCookies.php(67): Illuminate\\Pipeline\\Pipeline->Illuminate\\Pipeline\\{closure}(Object(Illuminate\\Http\\Request))
#43 D:\\1LuuDuLieuSV\\2001240399_TrinhHuuKienQuoc\\phplab\\buoi6\\Lab01_Framework\\vendor\\laravel\\framework\\src\\Illuminate\\Pipeline\\Pipeline.php(167): Illuminate\\Cookie\\Middleware\\EncryptCookies->handle(Object(Illuminate\\Http\\Request), Object(Closure))
#44 D:\\1LuuDuLieuSV\\2001240399_TrinhHuuKienQuoc\\phplab\\buoi6\\Lab01_Framework\\vendor\\laravel\\framework\\src\\Illuminate\\Pipeline\\Pipeline.php(103): Illuminate\\Pipeline\\Pipeline->Illuminate\\Pipeline\\{closure}(Object(Illuminate\\Http\\Request))
#45 D:\\1LuuDuLieuSV\\2001240399_TrinhHuuKienQuoc\\phplab\\buoi6\\Lab01_Framework\\vendor\\laravel\\framework\\src\\Illuminate\\Routing\\Router.php(723): Illuminate\\Pipeline\\Pipeline->then(Object(Closure))
#46 D:\\1LuuDuLieuSV\\2001240399_TrinhHuuKienQuoc\\phplab\\buoi6\\Lab01_Framework\\vendor\\laravel\\framework\\src\\Illuminate\\Routing\\Router.php(698): Illuminate\\Routing\\Router->runRouteWithinStack(Object(Illuminate\\Routing\\Route), Object(Illuminate\\Http\\Request))
#47 D:\\1LuuDuLieuSV\\2001240399_TrinhHuuKienQuoc\\phplab\\buoi6\\Lab01_Framework\\vendor\\laravel\\framework\\src\\Illuminate\\Routing\\Router.php(662): Illuminate\\Routing\\Router->runRoute(Object(Illuminate\\Http\\Request), Object(Illuminate\\Routing\\Route))
#48 D:\\1LuuDuLieuSV\\2001240399_TrinhHuuKienQuoc\\phplab\\buoi6\\Lab01_Framework\\vendor\\laravel\\framework\\src\\Illuminate\\Routing\\Router.php(651): Illuminate\\Routing\\Router->dispatchToRoute(Object(Illuminate\\Http\\Request))
#49 D:\\1LuuDuLieuSV\\2001240399_TrinhHuuKienQuoc\\phplab\\buoi6\\Lab01_Framework\\vendor\\laravel\\framework\\src\\Illuminate\\Foundation\\Http\\Kernel.php(167): Illuminate\\Routing\\Router->dispatch(Object(Illuminate\\Http\\Request))
#50 D:\\1LuuDuLieuSV\\2001240399_TrinhHuuKienQuoc\\phplab\\buoi6\\Lab01_Framework\\vendor\\laravel\\framework\\src\\Illuminate\\Pipeline\\Pipeline.php(128): Illuminate\\Foundation\\Http\\Kernel->Illuminate\\Foundation\\Http\\{closure}(Object(Illuminate\\Http\\Request))
#51 D:\\1LuuDuLieuSV\\2001240399_TrinhHuuKienQuoc\\phplab\\buoi6\\Lab01_Framework\\vendor\\laravel\\framework\\src\\Illuminate\\Foundation\\Http\\Middleware\\TransformsRequest.php(21): Illuminate\\Pipeline\\Pipeline->Illuminate\\Pipeline\\{closure}(Object(Illuminate\\Http\\Request))
#52 D:\\1LuuDuLieuSV\\2001240399_TrinhHuuKienQuoc\\phplab\\buoi6\\Lab01_Framework\\vendor\\laravel\\framework\\src\\Illuminate\\Foundation\\Http\\Middleware\\ConvertEmptyStringsToNull.php(31): Illuminate\\Foundation\\Http\\Middleware\\TransformsRequest->handle(Object(Illuminate\\Http\\Request), Object(Closure))
#53 D:\\1LuuDuLieuSV\\2001240399_TrinhHuuKienQuoc\\phplab\\buoi6\\Lab01_Framework\\vendor\\laravel\\framework\\src\\Illuminate\\Pipeline\\Pipeline.php(167): Illuminate\\Foundation\\Http\\Middleware\\ConvertEmptyStringsToNull->handle(Object(Illuminate\\Http\\Request), Object(Closure))
#54 D:\\1LuuDuLieuSV\\2001240399_TrinhHuuKienQuoc\\phplab\\buoi6\\Lab01_Framework\\vendor\\laravel\\framework\\src\\Illuminate\\Foundation\\Http\\Middleware\\TransformsRequest.php(21): Illuminate\\Pipeline\\Pipeline->Illuminate\\Pipeline\\{closure}(Object(Illuminate\\Http\\Request))
#55 D:\\1LuuDuLieuSV\\2001240399_TrinhHuuKienQuoc\\phplab\\buoi6\\Lab01_Framework\\vendor\\laravel\\framework\\src\\Illuminate\\Foundation\\Http\\Middleware\\TrimStrings.php(40): Illuminate\\Foundation\\Http\\Middleware\\TransformsRequest->handle(Object(Illuminate\\Http\\Request), Object(Closure))
#56 D:\\1LuuDuLieuSV\\2001240399_TrinhHuuKienQuoc\\phplab\\buoi6\\Lab01_Framework\\vendor\\laravel\\framework\\src\\Illuminate\\Pipeline\\Pipeline.php(167): Illuminate\\Foundation\\Http\\Middleware\\TrimStrings->handle(Object(Illuminate\\Http\\Request), Object(Closure))
#57 D:\\1LuuDuLieuSV\\2001240399_TrinhHuuKienQuoc\\phplab\\buoi6\\Lab01_Framework\\vendor\\laravel\\framework\\src\\Illuminate\\Foundation\\Http\\Middleware\\ValidatePostSize.php(27): Illuminate\\Pipeline\\Pipeline->Illuminate\\Pipeline\\{closure}(Object(Illuminate\\Http\\Request))
#58 D:\\1LuuDuLieuSV\\2001240399_TrinhHuuKienQuoc\\phplab\\buoi6\\Lab01_Framework\\vendor\\laravel\\framework\\src\\Illuminate\\Pipeline\\Pipeline.php(167): Illuminate\\Foundation\\Http\\Middleware\\ValidatePostSize->handle(Object(Illuminate\\Http\\Request), Object(Closure))
#59 D:\\1LuuDuLieuSV\\2001240399_TrinhHuuKienQuoc\\phplab\\buoi6\\Lab01_Framework\\vendor\\laravel\\framework\\src\\Illuminate\\Foundation\\Http\\Middleware\\PreventRequestsDuringMaintenance.php(86): Illuminate\\Pipeline\\Pipeline->Illuminate\\Pipeline\\{closure}(Object(Illuminate\\Http\\Request))
#60 D:\\1LuuDuLieuSV\\2001240399_TrinhHuuKienQuoc\\phplab\\buoi6\\Lab01_Framework\\vendor\\laravel\\framework\\src\\Illuminate\\Pipeline\\Pipeline.php(167): Illuminate\\Foundation\\Http\\Middleware\\PreventRequestsDuringMaintenance->handle(Object(Illuminate\\Http\\Request), Object(Closure))
#61 D:\\1LuuDuLieuSV\\2001240399_TrinhHuuKienQuoc\\phplab\\buoi6\\Lab01_Framework\\vendor\\fruitcake\\laravel-cors\\src\\HandleCors.php(38): Illuminate\\Pipeline\\Pipeline->Illuminate\\Pipeline\\{closure}(Object(Illuminate\\Http\\Request))
#62 D:\\1LuuDuLieuSV\\2001240399_TrinhHuuKienQuoc\\phplab\\buoi6\\Lab01_Framework\\vendor\\laravel\\framework\\src\\Illuminate\\Pipeline\\Pipeline.php(167): Fruitcake\\Cors\\HandleCors->handle(Object(Illuminate\\Http\\Request), Object(Closure))
#63 D:\\1LuuDuLieuSV\\2001240399_TrinhHuuKienQuoc\\phplab\\buoi6\\Lab01_Framework\\vendor\\laravel\\framework\\src\\Illuminate\\Http\\Middleware\\TrustProxies.php(39): Illuminate\\Pipeline\\Pipeline->Illuminate\\Pipeline\\{closure}(Object(Illuminate\\Http\\Request))
#64 D:\\1LuuDuLieuSV\\2001240399_TrinhHuuKienQuoc\\phplab\\buoi6\\Lab01_Framework\\vendor\\laravel\\framework\\src\\Illuminate\\Pipeline\\Pipeline.php(167): Illuminate\\Http\\Middleware\\TrustProxies->handle(Object(Illuminate\\Http\\Request), Object(Closure))
#65 D:\\1LuuDuLieuSV\\2001240399_TrinhHuuKienQuoc\\phplab\\buoi6\\Lab01_Framework\\vendor\\laravel\\framework\\src\\Illuminate\\Pipeline\\Pipeline.php(103): Illuminate\\Pipeline\\Pipeline->Illuminate\\Pipeline\\{closure}(Object(Illuminate\\Http\\Request))
#66 D:\\1LuuDuLieuSV\\2001240399_TrinhHuuKienQuoc\\phplab\\buoi6\\Lab01_Framework\\vendor\\laravel\\framework\\src\\Illuminate\\Foundation\\Http\\Kernel.php(142): Illuminate\\Pipeline\\Pipeline->then(Object(Closure))
#67 D:\\1LuuDuLieuSV\\2001240399_TrinhHuuKienQuoc\\phplab\\buoi6\\Lab01_Framework\\vendor\\laravel\\framework\\src\\Illuminate\\Foundation\\Http\\Kernel.php(111): Illuminate\\Foundation\\Http\\Kernel->sendRequestThroughRouter(Object(Illuminate\\Http\\Request))
#68 D:\\1LuuDuLieuSV\\2001240399_TrinhHuuKienQuoc\\phplab\\buoi6\\Lab01_Framework\\public\\index.php(52): Illuminate\\Foundation\\Http\\Kernel->handle(Object(Illuminate\\Http\\Request))
#69 D:\\1LuuDuLieuSV\\2001240399_TrinhHuuKienQuoc\\phplab\\buoi6\\Lab01_Framework\\server.php(21): require_once('D:\\\\1LuuDuLieuSV...')
#70 {main}
"} 
[2026-09-21 08:42:16] local.ERROR: SQLSTATE[HY000] [2002] No connection could be made because the target machine actively refused it.
 (SQL: select * from `articles` where `articles`.`id` = 1 limit 1) {"exception":"[object] (Illuminate\\Database\\QueryException(code: 2002): SQLSTATE[HY000] [2002] No connection could be made because the target machine actively refused it.

 (SQL: select * from `articles` where `articles`.`id` = 1 limit 1) at D:\\1LuuDuLieuSV\\2001240399_TrinhHuuKienQuoc\\phplab\\buoi6\\Lab01_Framework\\vendor\\laravel\\framework\\src\\Illuminate\\Database\\Connection.php:712)
[stacktrace]
#0 D:\\1LuuDuLieuSV\\2001240399_TrinhHuuKienQuoc\\phplab\\buoi6\\Lab01_Framework\\vendor\\laravel\\framework\\src\\Illuminate\\Database\\Connection.php(672): Illuminate\\Database\\Connection->runQueryCallback('select * from `...', Array, Object(Closure))
#1 D:\\1LuuDuLieuSV\\2001240399_TrinhHuuKienQuoc\\phplab\\buoi6\\Lab01_Framework\\vendor\\laravel\\framework\\src\\Illuminate\\Database\\Connection.php(376): Illuminate\\Database\\Connection->run('select * from `...', Array, Object(Closure))
#2 D:\\1LuuDuLieuSV\\2001240399_TrinhHuuKienQuoc\\phplab\\buoi6\\Lab01_Framework\\vendor\\laravel\\framework\\src\\Illuminate\\Database\\Query\\Builder.php(2414): Illuminate\\Database\\Connection->select('select * from `...', Array, true)
#3 D:\\1LuuDuLieuSV\\2001240399_TrinhHuuKienQuoc\\phplab\\buoi6\\Lab01_Framework\\vendor\\laravel\\framework\\src\\Illuminate\\Database\\Query\\Builder.php(2402): Illuminate\\Database\\Query\\Builder->runSelect()
#4 D:\\1LuuDuLieuSV\\2001240399_TrinhHuuKienQuoc\\phplab\\buoi6\\Lab01_Framework\\vendor\\laravel\\framework\\src\\Illuminate\\Database\\Query\\Builder.php(2936): Illuminate\\Database\\Query\\Builder->Illuminate\\Database\\Query\\{closure}()
#5 D:\\1LuuDuLieuSV\\2001240399_TrinhHuuKienQuoc\\phplab\\buoi6\\Lab01_Framework\\vendor\\laravel\\framework\\src\\Illuminate\\Database\\Query\\Builder.php(2403): Illuminate\\Database\\Query\\Builder->onceWithColumns(Array, Object(Closure))
#6 D:\\1LuuDuLieuSV\\2001240399_TrinhHuuKienQuoc\\phplab\\buoi6\\Lab01_Framework\\vendor\\laravel\\framework\\src\\Illuminate\\Database\\Eloquent\\Builder.php(625): Illuminate\\Database\\Query\\Builder->get(Array)
#7 D:\\1LuuDuLieuSV\\2001240399_TrinhHuuKienQuoc\\phplab\\buoi6\\Lab01_Framework\\vendor\\laravel\\framework\\src\\Illuminate\\Database\\Eloquent\\Builder.php(609): Illuminate\\Database\\Eloquent\\Builder->getModels(Array)
#8 D:\\1LuuDuLieuSV\\2001240399_TrinhHuuKienQuoc\\phplab\\buoi6\\Lab01_Framework\\vendor\\laravel\\framework\\src\\Illuminate\\Database\\Concerns\\BuildsQueries.php(294): Illuminate\\Database\\Eloquent\\Builder->get(Array)
#9 D:\\1LuuDuLieuSV\\2001240399_TrinhHuuKienQuoc\\phplab\\buoi6\\Lab01_Framework\\vendor\\laravel\\framework\\src\\Illuminate\\Database\\Eloquent\\Builder.php(400): Illuminate\\Database\\Eloquent\\Builder->first(Array)
#10 D:\\1LuuDuLieuSV\\2001240399_TrinhHuuKienQuoc\\phplab\\buoi6\\Lab01_Framework\\vendor\\laravel\\framework\\src\\Illuminate\\Database\\Eloquent\\Builder.php(432): Illuminate\\Database\\Eloquent\\Builder->find('1', Array)
#11 D:\\1LuuDuLieuSV\\2001240399_TrinhHuuKienQuoc\\phplab\\buoi6\\Lab01_Framework\\vendor\\laravel\\framework\\src\\Illuminate\\Support\\Traits\\ForwardsCalls.php(23): Illuminate\\Database\\Eloquent\\Builder->findOrFail('1')
#12 D:\\1LuuDuLieuSV\\2001240399_TrinhHuuKienQuoc\\phplab\\buoi6\\Lab01_Framework\\vendor\\laravel\\framework\\src\\Illuminate\\Database\\Eloquent\\Model.php(2132): Illuminate\\Database\\Eloquent\\Model->forwardCallTo(Object(Illuminate\\Database\\Eloquent\\Builder), 'findOrFail', Array)
#13 D:\\1LuuDuLieuSV\\2001240399_TrinhHuuKienQuoc\\phplab\\buoi6\\Lab01_Framework\\vendor\\laravel\\framework\\src\\Illuminate\\Database\\Eloquent\\Model.php(2144): Illuminate\\Database\\Eloquent\\Model->__call('findOrFail', Array)
#14 D:\\1LuuDuLieuSV\\2001240399_TrinhHuuKienQuoc\\phplab\\buoi6\\Lab01_Framework\\app\\Http\\Controllers\\ArticleController.php(99): Illuminate\\Database\\Eloquent\\Model::__callStatic('findOrFail', Array)
#15 D:\\1LuuDuLieuSV\\2001240399_TrinhHuuKienQuoc\\phplab\\buoi6\\Lab01_Framework\\vendor\\laravel\\framework\\src\\Illuminate\\Routing\\Controller.php(54): App\\Http\\Controllers\\ArticleController->destroy('1')
#16 D:\\1LuuDuLieuSV\\2001240399_TrinhHuuKienQuoc\\phplab\\buoi6\\Lab01_Framework\\vendor\\laravel\\framework\\src\\Illuminate\\Routing\\ControllerDispatcher.php(45): Illuminate\\Routing\\Controller->callAction('destroy', Array)
#17 D:\\1LuuDuLieuSV\\2001240399_TrinhHuuKienQuoc\\phplab\\buoi6\\Lab01_Framework\\vendor\\laravel\\framework\\src\\Illuminate\\Routing\\Route.php(262): Illuminate\\Routing\\ControllerDispatcher->dispatch(Object(Illuminate\\Routing\\Route), Object(App\\Http\\Controllers\\ArticleController), 'destroy')
#18 D:\\1LuuDuLieuSV\\2001240399_TrinhHuuKienQuoc\\phplab\\buoi6\\Lab01_Framework\\vendor\\laravel\\framework\\src\\Illuminate\\Routing\\Route.php(205): Illuminate\\Routing\\Route->runController()
#19 D:\\1LuuDuLieuSV\\2001240399_TrinhHuuKienQuoc\\phplab\\buoi6\\Lab01_Framework\\vendor\\laravel\\framework\\src\\Illuminate\\Routing\\Router.php(721): Illuminate\\Routing\\Route->run()
#20 D:\\1LuuDuLieuSV\\2001240399_TrinhHuuKienQuoc\\phplab\\buoi6\\Lab01_Framework\\vendor\\laravel\\framework\\src\\Illuminate\\Pipeline\\Pipeline.php(128): Illuminate\\Routing\\Router->Illuminate\\Routing\\{closure}(Object(Illuminate\\Http\\Request))
#21 D:\\1LuuDuLieuSV\\2001240399_TrinhHuuKienQuoc\\phplab\\buoi6\\Lab01_Framework\\vendor\\laravel\\framework\\src\\Illuminate\\Routing\\Middleware\\SubstituteBindings.php(50): Illuminate\\Pipeline\\Pipeline->Illuminate\\Pipeline\\{closure}(Object(Illuminate\\Http\\Request))
#22 D:\\1LuuDuLieuSV\\2001240399_TrinhHuuKienQuoc\\phplab\\buoi6\\Lab01_Framework\\vendor\\laravel\\framework\\src\\Illuminate\\Pipeline\\Pipeline.php(167): Illuminate\\Routing\\Middleware\\SubstituteBindings->handle(Object(Illuminate\\Http\\Request), Object(Closure))
#23 D:\\1LuuDuLieuSV\\2001240399_TrinhHuuKienQuoc\\phplab\\buoi6\\Lab01_Framework\\vendor\\laravel\\framework\\src\\Illuminate\\Foundation\\Http\\Middleware\\VerifyCsrfToken.php(78): Illuminate\\Pipeline\\Pipeline->Illuminate\\Pipeline\\{closure}(Object(Illuminate\\Http\\Request))
#24 D:\\1LuuDuLieuSV\\2001240399_TrinhHuuKienQuoc\\phplab\\buoi6\\Lab01_Framework\\vendor\\laravel\\framework\\src\\Illuminate\\Pipeline\\Pipeline.php(167): Illuminate\\Foundation\\Http\\Middleware\\VerifyCsrfToken->handle(Object(Illuminate\\Http\\Request), Object(Closure))
#25 D:\\1LuuDuLieuSV\\2001240399_TrinhHuuKienQuoc\\phplab\\buoi6\\Lab01_Framework\\vendor\\laravel\\framework\\src\\Illuminate\\View\\Middleware\\ShareErrorsFromSession.php(49): Illuminate\\Pipeline\\Pipeline->Illuminate\\Pipeline\\{closure}(Object(Illuminate\\Http\\Request))
#26 D:\\1LuuDuLieuSV\\2001240399_TrinhHuuKienQuoc\\phplab\\buoi6\\Lab01_Framework\\vendor\\laravel\\framework\\src\\Illuminate\\Pipeline\\Pipeline.php(167): Illuminate\\View\\Middleware\\ShareErrorsFromSession->handle(Object(Illuminate\\Http\\Request), Object(Closure))
#27 D:\\1LuuDuLieuSV\\2001240399_TrinhHuuKienQuoc\\phplab\\buoi6\\Lab01_Framework\\vendor\\laravel\\framework\\src\\Illuminate\\Session\\Middleware\\StartSession.php(121): Illuminate\\Pipeline\\Pipeline->Illuminate\\Pipeline\\{closure}(Object(Illuminate\\Http\\Request))
#28 D:\\1LuuDuLieuSV\\2001240399_TrinhHuuKienQuoc\\phplab\\buoi6\\Lab01_Framework\\vendor\\laravel\\framework\\src\\Illuminate\\Session\\Middleware\\StartSession.php(64): Illuminate\\Session\\Middleware\\StartSession->handleStatefulRequest(Object(Illuminate\\Http\\Request), Object(Illuminate\\Session\\Store), Object(Closure))
#29 D:\\1LuuDuLieuSV\\2001240399_TrinhHuuKienQuoc\\phplab\\buoi6\\Lab01_Framework\\vendor\\laravel\\framework\\src\\Illuminate\\Pipeline\\Pipeline.php(167): Illuminate\\Session\\Middleware\\StartSession->handle(Object(Illuminate\\Http\\Request), Object(Closure))
#30 D:\\1LuuDuLieuSV\\2001240399_TrinhHuuKienQuoc\\phplab\\buoi6\\Lab01_Framework\\vendor\\laravel\\framework\\src\\Illuminate\\Cookie\\Middleware\\AddQueuedCookiesToResponse.php(37): Illuminate\\Pipeline\\Pipeline->Illuminate\\Pipeline\\{closure}(Object(Illuminate\\Http\\Request))
#31 D:\\1LuuDuLieuSV\\2001240399_TrinhHuuKienQuoc\\phplab\\buoi6\\Lab01_Framework\\vendor\\laravel\\framework\\src\\Illuminate\\Pipeline\\Pipeline.php(167): Illuminate\\Cookie\\Middleware\\AddQueuedCookiesToResponse->handle(Object(Illuminate\\Http\\Request), Object(Closure))
#32 D:\\1LuuDuLieuSV\\2001240399_TrinhHuuKienQuoc\\phplab\\buoi6\\Lab01_Framework\\vendor\\laravel\\framework\\src\\Illuminate\\Cookie\\Middleware\\EncryptCookies.php(67): Illuminate\\Pipeline\\Pipeline->Illuminate\\Pipeline\\{closure}(Object(Illuminate\\Http\\Request))
#33 D:\\1LuuDuLieuSV\\2001240399_TrinhHuuKienQuoc\\phplab\\buoi6\\Lab01_Framework\\vendor\\laravel\\framework\\src\\Illuminate\\Pipeline\\Pipeline.php(167): Illuminate\\Cookie\\Middleware\\EncryptCookies->handle(Object(Illuminate\\Http\\Request), Object(Closure))
#34 D:\\1LuuDuLieuSV\\2001240399_TrinhHuuKienQuoc\\phplab\\buoi6\\Lab01_Framework\\vendor\\laravel\\framework\\src\\Illuminate\\Pipeline\\Pipeline.php(103): Illuminate\\Pipeline\\Pipeline->Illuminate\\Pipeline\\{closure}(Object(Illuminate\\Http\\Request))
#35 D:\\1LuuDuLieuSV\\2001240399_TrinhHuuKienQuoc\\phplab\\buoi6\\Lab01_Framework\\vendor\\laravel\\framework\\src\\Illuminate\\Routing\\Router.php(723): Illuminate\\Pipeline\\Pipeline->then(Object(Closure))
#36 D:\\1LuuDuLieuSV\\2001240399_TrinhHuuKienQuoc\\phplab\\buoi6\\Lab01_Framework\\vendor\\laravel\\framework\\src\\Illuminate\\Routing\\Router.php(698): Illuminate\\Routing\\Router->runRouteWithinStack(Object(Illuminate\\Routing\\Route), Object(Illuminate\\Http\\Request))
#37 D:\\1LuuDuLieuSV\\2001240399_TrinhHuuKienQuoc\\phplab\\buoi6\\Lab01_Framework\\vendor\\laravel\\framework\\src\\Illuminate\\Routing\\Router.php(662): Illuminate\\Routing\\Router->runRoute(Object(Illuminate\\Http\\Request), Object(Illuminate\\Routing\\Route))
#38 D:\\1LuuDuLieuSV\\2001240399_TrinhHuuKienQuoc\\phplab\\buoi6\\Lab01_Framework\\vendor\\laravel\\framework\\src\\Illuminate\\Routing\\Router.php(651): Illuminate\\Routing\\Router->dispatchToRoute(Object(Illuminate\\Http\\Request))
#39 D:\\1LuuDuLieuSV\\2001240399_TrinhHuuKienQuoc\\phplab\\buoi6\\Lab01_Framework\\vendor\\laravel\\framework\\src\\Illuminate\\Foundation\\Http\\Kernel.php(167): Illuminate\\Routing\\Router->dispatch(Object(Illuminate\\Http\\Request))
#40 D:\\1LuuDuLieuSV\\2001240399_TrinhHuuKienQuoc\\phplab\\buoi6\\Lab01_Framework\\vendor\\laravel\\framework\\src\\Illuminate\\Pipeline\\Pipeline.php(128): Illuminate\\Foundation\\Http\\Kernel->Illuminate\\Foundation\\Http\\{closure}(Object(Illuminate\\Http\\Request))
#41 D:\\1LuuDuLieuSV\\2001240399_TrinhHuuKienQuoc\\phplab\\buoi6\\Lab01_Framework\\vendor\\laravel\\framework\\src\\Illuminate\\Foundation\\Http\\Middleware\\TransformsRequest.php(21): Illuminate\\Pipeline\\Pipeline->Illuminate\\Pipeline\\{closure}(Object(Illuminate\\Http\\Request))
#42 D:\\1LuuDuLieuSV\\2001240399_TrinhHuuKienQuoc\\phplab\\buoi6\\Lab01_Framework\\vendor\\laravel\\framework\\src\\Illuminate\\Foundation\\Http\\Middleware\\ConvertEmptyStringsToNull.php(31): Illuminate\\Foundation\\Http\\Middleware\\TransformsRequest->handle(Object(Illuminate\\Http\\Request), Object(Closure))
#43 D:\\1LuuDuLieuSV\\2001240399_TrinhHuuKienQuoc\\phplab\\buoi6\\Lab01_Framework\\vendor\\laravel\\framework\\src\\Illuminate\\Pipeline\\Pipeline.php(167): Illuminate\\Foundation\\Http\\Middleware\\ConvertEmptyStringsToNull->handle(Object(Illuminate\\Http\\Request), Object(Closure))
#44 D:\\1LuuDuLieuSV\\2001240399_TrinhHuuKienQuoc\\phplab\\buoi6\\Lab01_Framework\\vendor\\laravel\\framework\\src\\Illuminate\\Foundation\\Http\\Middleware\\TransformsRequest.php(21): Illuminate\\Pipeline\\Pipeline->Illuminate\\Pipeline\\{closure}(Object(Illuminate\\Http\\Request))
#45 D:\\1LuuDuLieuSV\\2001240399_TrinhHuuKienQuoc\\phplab\\buoi6\\Lab01_Framework\\vendor\\laravel\\framework\\src\\Illuminate\\Foundation\\Http\\Middleware\\TrimStrings.php(40): Illuminate\\Foundation\\Http\\Middleware\\TransformsRequest->handle(Object(Illuminate\\Http\\Request), Object(Closure))
#46 D:\\1LuuDuLieuSV\\2001240399_TrinhHuuKienQuoc\\phplab\\buoi6\\Lab01_Framework\\vendor\\laravel\\framework\\src\\Illuminate\\Pipeline\\Pipeline.php(167): Illuminate\\Foundation\\Http\\Middleware\\TrimStrings->handle(Object(Illuminate\\Http\\Request), Object(Closure))
#47 D:\\1LuuDuLieuSV\\2001240399_TrinhHuuKienQuoc\\phplab\\buoi6\\Lab01_Framework\\vendor\\laravel\\framework\\src\\Illuminate\\Foundation\\Http\\Middleware\\ValidatePostSize.php(27): Illuminate\\Pipeline\\Pipeline->Illuminate\\Pipeline\\{closure}(Object(Illuminate\\Http\\Request))
#48 D:\\1LuuDuLieuSV\\2001240399_TrinhHuuKienQuoc\\phplab\\buoi6\\Lab01_Framework\\vendor\\laravel\\framework\\src\\Illuminate\\Pipeline\\Pipeline.php(167): Illuminate\\Foundation\\Http\\Middleware\\ValidatePostSize->handle(Object(Illuminate\\Http\\Request), Object(Closure))
#49 D:\\1LuuDuLieuSV\\2001240399_TrinhHuuKienQuoc\\phplab\\buoi6\\Lab01_Framework\\vendor\\laravel\\framework\\src\\Illuminate\\Foundation\\Http\\Middleware\\PreventRequestsDuringMaintenance.php(86): Illuminate\\Pipeline\\Pipeline->Illuminate\\Pipeline\\{closure}(Object(Illuminate\\Http\\Request))
#50 D:\\1LuuDuLieuSV\\2001240399_TrinhHuuKienQuoc\\phplab\\buoi6\\Lab01_Framework\\vendor\\laravel\\framework\\src\\Illuminate\\Pipeline\\Pipeline.php(167): Illuminate\\Foundation\\Http\\Middleware\\PreventRequestsDuringMaintenance->handle(Object(Illuminate\\Http\\Request), Object(Closure))
#51 D:\\1LuuDuLieuSV\\2001240399_TrinhHuuKienQuoc\\phplab\\buoi6\\Lab01_Framework\\vendor\\fruitcake\\laravel-cors\\src\\HandleCors.php(38): Illuminate\\Pipeline\\Pipeline->Illuminate\\Pipeline\\{closure}(Object(Illuminate\\Http\\Request))
#52 D:\\1LuuDuLieuSV\\2001240399_TrinhHuuKienQuoc\\phplab\\buoi6\\Lab01_Framework\\vendor\\laravel\\framework\\src\\Illuminate\\Pipeline\\Pipeline.php(167): Fruitcake\\Cors\\HandleCors->handle(Object(Illuminate\\Http\\Request), Object(Closure))
#53 D:\\1LuuDuLieuSV\\2001240399_TrinhHuuKienQuoc\\phplab\\buoi6\\Lab01_Framework\\vendor\\laravel\\framework\\src\\Illuminate\\Http\\Middleware\\TrustProxies.php(39): Illuminate\\Pipeline\\Pipeline->Illuminate\\Pipeline\\{closure}(Object(Illuminate\\Http\\Request))
#54 D:\\1LuuDuLieuSV\\2001240399_TrinhHuuKienQuoc\\phplab\\buoi6\\Lab01_Framework\\vendor\\laravel\\framework\\src\\Illuminate\\Pipeline\\Pipeline.php(167): Illuminate\\Http\\Middleware\\TrustProxies->handle(Object(Illuminate\\Http\\Request), Object(Closure))
#55 D:\\1LuuDuLieuSV\\2001240399_TrinhHuuKienQuoc\\phplab\\buoi6\\Lab01_Framework\\vendor\\laravel\\framework\\src\\Illuminate\\Pipeline\\Pipeline.php(103): Illuminate\\Pipeline\\Pipeline->Illuminate\\Pipeline\\{closure}(Object(Illuminate\\Http\\Request))
#56 D:\\1LuuDuLieuSV\\2001240399_TrinhHuuKienQuoc\\phplab\\buoi6\\Lab01_Framework\\vendor\\laravel\\framework\\src\\Illuminate\\Foundation\\Http\\Kernel.php(142): Illuminate\\Pipeline\\Pipeline->then(Object(Closure))
#57 D:\\1LuuDuLieuSV\\2001240399_TrinhHuuKienQuoc\\phplab\\buoi6\\Lab01_Framework\\vendor\\laravel\\framework\\src\\Illuminate\\Foundation\\Http\\Kernel.php(111): Illuminate\\Foundation\\Http\\Kernel->sendRequestThroughRouter(Object(Illuminate\\Http\\Request))
#58 D:\\1LuuDuLieuSV\\2001240399_TrinhHuuKienQuoc\\phplab\\buoi6\\Lab01_Framework\\public\\index.php(52): Illuminate\\Foundation\\Http\\Kernel->handle(Object(Illuminate\\Http\\Request))
#59 D:\\1LuuDuLieuSV\\2001240399_TrinhHuuKienQuoc\\phplab\\buoi6\\Lab01_Framework\\server.php(21): require_once('D:\\\\1LuuDuLieuSV...')
#60 {main}

[previous exception] [object] (PDOException(code: 2002): SQLSTATE[HY000] [2002] No connection could be made because the target machine actively refused it.

 at D:\\1LuuDuLieuSV\\2001240399_TrinhHuuKienQuoc\\phplab\\buoi6\\Lab01_Framework\\vendor\\laravel\\framework\\src\\Illuminate\\Database\\Connectors\\Connector.php:70)
[stacktrace]
#0 D:\\1LuuDuLieuSV\\2001240399_TrinhHuuKienQuoc\\phplab\\buoi6\\Lab01_Framework\\vendor\\laravel\\framework\\src\\Illuminate\\Database\\Connectors\\Connector.php(70): PDO->__construct('mysql:host=127....', 'root', '', Array)
#1 D:\\1LuuDuLieuSV\\2001240399_TrinhHuuKienQuoc\\phplab\\buoi6\\Lab01_Framework\\vendor\\laravel\\framework\\src\\Illuminate\\Database\\Connectors\\Connector.php(46): Illuminate\\Database\\Connectors\\Connector->createPdoConnection('mysql:host=127....', 'root', '', Array)
#2 D:\\1LuuDuLieuSV\\2001240399_TrinhHuuKienQuoc\\phplab\\buoi6\\Lab01_Framework\\vendor\\laravel\\framework\\src\\Illuminate\\Database\\Connectors\\MySqlConnector.php(24): Illuminate\\Database\\Connectors\\Connector->createConnection('mysql:host=127....', Array, Array)
#3 D:\\1LuuDuLieuSV\\2001240399_TrinhHuuKienQuoc\\phplab\\buoi6\\Lab01_Framework\\vendor\\laravel\\framework\\src\\Illuminate\\Database\\Connectors\\ConnectionFactory.php(184): Illuminate\\Database\\Connectors\\MySqlConnector->connect(Array)
#4 [internal function]: Illuminate\\Database\\Connectors\\ConnectionFactory->Illuminate\\Database\\Connectors\\{closure}()
#5 D:\\1LuuDuLieuSV\\2001240399_TrinhHuuKienQuoc\\phplab\\buoi6\\Lab01_Framework\\vendor\\laravel\\framework\\src\\Illuminate\\Database\\Connection.php(1064): call_user_func(Object(Closure))
#6 D:\\1LuuDuLieuSV\\2001240399_TrinhHuuKienQuoc\\phplab\\buoi6\\Lab01_Framework\\vendor\\laravel\\framework\\src\\Illuminate\\Database\\Connection.php(1100): Illuminate\\Database\\Connection->getPdo()
#7 D:\\1LuuDuLieuSV\\2001240399_TrinhHuuKienQuoc\\phplab\\buoi6\\Lab01_Framework\\vendor\\laravel\\framework\\src\\Illuminate\\Database\\Connection.php(442): Illuminate\\Database\\Connection->getReadPdo()
#8 D:\\1LuuDuLieuSV\\2001240399_TrinhHuuKienQuoc\\phplab\\buoi6\\Lab01_Framework\\vendor\\laravel\\framework\\src\\Illuminate\\Database\\Connection.php(368): Illuminate\\Database\\Connection->getPdoForSelect(true)
#9 D:\\1LuuDuLieuSV\\2001240399_TrinhHuuKienQuoc\\phplab\\buoi6\\Lab01_Framework\\vendor\\laravel\\framework\\src\\Illuminate\\Database\\Connection.php(705): Illuminate\\Database\\Connection->Illuminate\\Database\\{closure}('select * from `...', Array)
#10 D:\\1LuuDuLieuSV\\2001240399_TrinhHuuKienQuoc\\phplab\\buoi6\\Lab01_Framework\\vendor\\laravel\\framework\\src\\Illuminate\\Database\\Connection.php(672): Illuminate\\Database\\Connection->runQueryCallback('select * from `...', Array, Object(Closure))
#11 D:\\1LuuDuLieuSV\\2001240399_TrinhHuuKienQuoc\\phplab\\buoi6\\Lab01_Framework\\vendor\\laravel\\framework\\src\\Illuminate\\Database\\Connection.php(376): Illuminate\\Database\\Connection->run('select * from `...', Array, Object(Closure))
#12 D:\\1LuuDuLieuSV\\2001240399_TrinhHuuKienQuoc\\phplab\\buoi6\\Lab01_Framework\\vendor\\laravel\\framework\\src\\Illuminate\\Database\\Query\\Builder.php(2414): Illuminate\\Database\\Connection->select('select * from `...', Array, true)
#13 D:\\1LuuDuLieuSV\\2001240399_TrinhHuuKienQuoc\\phplab\\buoi6\\Lab01_Framework\\vendor\\laravel\\framework\\src\\Illuminate\\Database\\Query\\Builder.php(2402): Illuminate\\Database\\Query\\Builder->runSelect()
#14 D:\\1LuuDuLieuSV\\2001240399_TrinhHuuKienQuoc\\phplab\\buoi6\\Lab01_Framework\\vendor\\laravel\\framework\\src\\Illuminate\\Database\\Query\\Builder.php(2936): Illuminate\\Database\\Query\\Builder->Illuminate\\Database\\Query\\{closure}()
#15 D:\\1LuuDuLieuSV\\2001240399_TrinhHuuKienQuoc\\phplab\\buoi6\\Lab01_Framework\\vendor\\laravel\\framework\\src\\Illuminate\\Database\\Query\\Builder.php(2403): Illuminate\\Database\\Query\\Builder->onceWithColumns(Array, Object(Closure))
#16 D:\\1LuuDuLieuSV\\2001240399_TrinhHuuKienQuoc\\phplab\\buoi6\\Lab01_Framework\\vendor\\laravel\\framework\\src\\Illuminate\\Database\\Eloquent\\Builder.php(625): Illuminate\\Database\\Query\\Builder->get(Array)
#17 D:\\1LuuDuLieuSV\\2001240399_TrinhHuuKienQuoc\\phplab\\buoi6\\Lab01_Framework\\vendor\\laravel\\framework\\src\\Illuminate\\Database\\Eloquent\\Builder.php(609): Illuminate\\Database\\Eloquent\\Builder->getModels(Array)
#18 D:\\1LuuDuLieuSV\\2001240399_TrinhHuuKienQuoc\\phplab\\buoi6\\Lab01_Framework\\vendor\\laravel\\framework\\src\\Illuminate\\Database\\Concerns\\BuildsQueries.php(294): Illuminate\\Database\\Eloquent\\Builder->get(Array)
#19 D:\\1LuuDuLieuSV\\2001240399_TrinhHuuKienQuoc\\phplab\\buoi6\\Lab01_Framework\\vendor\\laravel\\framework\\src\\Illuminate\\Database\\Eloquent\\Builder.php(400): Illuminate\\Database\\Eloquent\\Builder->first(Array)
#20 D:\\1LuuDuLieuSV\\2001240399_TrinhHuuKienQuoc\\phplab\\buoi6\\Lab01_Framework\\vendor\\laravel\\framework\\src\\Illuminate\\Database\\Eloquent\\Builder.php(432): Illuminate\\Database\\Eloquent\\Builder->find('1', Array)
#21 D:\\1LuuDuLieuSV\\2001240399_TrinhHuuKienQuoc\\phplab\\buoi6\\Lab01_Framework\\vendor\\laravel\\framework\\src\\Illuminate\\Support\\Traits\\ForwardsCalls.php(23): Illuminate\\Database\\Eloquent\\Builder->findOrFail('1')
#22 D:\\1LuuDuLieuSV\\2001240399_TrinhHuuKienQuoc\\phplab\\buoi6\\Lab01_Framework\\vendor\\laravel\\framework\\src\\Illuminate\\Database\\Eloquent\\Model.php(2132): Illuminate\\Database\\Eloquent\\Model->forwardCallTo(Object(Illuminate\\Database\\Eloquent\\Builder), 'findOrFail', Array)
#23 D:\\1LuuDuLieuSV\\2001240399_TrinhHuuKienQuoc\\phplab\\buoi6\\Lab01_Framework\\vendor\\laravel\\framework\\src\\Illuminate\\Database\\Eloquent\\Model.php(2144): Illuminate\\Database\\Eloquent\\Model->__call('findOrFail', Array)
#24 D:\\1LuuDuLieuSV\\2001240399_TrinhHuuKienQuoc\\phplab\\buoi6\\Lab01_Framework\\app\\Http\\Controllers\\ArticleController.php(99): Illuminate\\Database\\Eloquent\\Model::__callStatic('findOrFail', Array)
#25 D:\\1LuuDuLieuSV\\2001240399_TrinhHuuKienQuoc\\phplab\\buoi6\\Lab01_Framework\\vendor\\laravel\\framework\\src\\Illuminate\\Routing\\Controller.php(54): App\\Http\\Controllers\\ArticleController->destroy('1')
#26 D:\\1LuuDuLieuSV\\2001240399_TrinhHuuKienQuoc\\phplab\\buoi6\\Lab01_Framework\\vendor\\laravel\\framework\\src\\Illuminate\\Routing\\ControllerDispatcher.php(45): Illuminate\\Routing\\Controller->callAction('destroy', Array)
#27 D:\\1LuuDuLieuSV\\2001240399_TrinhHuuKienQuoc\\phplab\\buoi6\\Lab01_Framework\\vendor\\laravel\\framework\\src\\Illuminate\\Routing\\Route.php(262): Illuminate\\Routing\\ControllerDispatcher->dispatch(Object(Illuminate\\Routing\\Route), Object(App\\Http\\Controllers\\ArticleController), 'destroy')
#28 D:\\1LuuDuLieuSV\\2001240399_TrinhHuuKienQuoc\\phplab\\buoi6\\Lab01_Framework\\vendor\\laravel\\framework\\src\\Illuminate\\Routing\\Route.php(205): Illuminate\\Routing\\Route->runController()
#29 D:\\1LuuDuLieuSV\\2001240399_TrinhHuuKienQuoc\\phplab\\buoi6\\Lab01_Framework\\vendor\\laravel\\framework\\src\\Illuminate\\Routing\\Router.php(721): Illuminate\\Routing\\Route->run()
#30 D:\\1LuuDuLieuSV\\2001240399_TrinhHuuKienQuoc\\phplab\\buoi6\\Lab01_Framework\\vendor\\laravel\\framework\\src\\Illuminate\\Pipeline\\Pipeline.php(128): Illuminate\\Routing\\Router->Illuminate\\Routing\\{closure}(Object(Illuminate\\Http\\Request))
#31 D:\\1LuuDuLieuSV\\2001240399_TrinhHuuKienQuoc\\phplab\\buoi6\\Lab01_Framework\\vendor\\laravel\\framework\\src\\Illuminate\\Routing\\Middleware\\SubstituteBindings.php(50): Illuminate\\Pipeline\\Pipeline->Illuminate\\Pipeline\\{closure}(Object(Illuminate\\Http\\Request))
#32 D:\\1LuuDuLieuSV\\2001240399_TrinhHuuKienQuoc\\phplab\\buoi6\\Lab01_Framework\\vendor\\laravel\\framework\\src\\Illuminate\\Pipeline\\Pipeline.php(167): Illuminate\\Routing\\Middleware\\SubstituteBindings->handle(Object(Illuminate\\Http\\Request), Object(Closure))
#33 D:\\1LuuDuLieuSV\\2001240399_TrinhHuuKienQuoc\\phplab\\buoi6\\Lab01_Framework\\vendor\\laravel\\framework\\src\\Illuminate\\Foundation\\Http\\Middleware\\VerifyCsrfToken.php(78): Illuminate\\Pipeline\\Pipeline->Illuminate\\Pipeline\\{closure}(Object(Illuminate\\Http\\Request))
#34 D:\\1LuuDuLieuSV\\2001240399_TrinhHuuKienQuoc\\phplab\\buoi6\\Lab01_Framework\\vendor\\laravel\\framework\\src\\Illuminate\\Pipeline\\Pipeline.php(167): Illuminate\\Foundation\\Http\\Middleware\\VerifyCsrfToken->handle(Object(Illuminate\\Http\\Request), Object(Closure))
#35 D:\\1LuuDuLieuSV\\2001240399_TrinhHuuKienQuoc\\phplab\\buoi6\\Lab01_Framework\\vendor\\laravel\\framework\\src\\Illuminate\\View\\Middleware\\ShareErrorsFromSession.php(49): Illuminate\\Pipeline\\Pipeline->Illuminate\\Pipeline\\{closure}(Object(Illuminate\\Http\\Request))
#36 D:\\1LuuDuLieuSV\\2001240399_TrinhHuuKienQuoc\\phplab\\buoi6\\Lab01_Framework\\vendor\\laravel\\framework\\src\\Illuminate\\Pipeline\\Pipeline.php(167): Illuminate\\View\\Middleware\\ShareErrorsFromSession->handle(Object(Illuminate\\Http\\Request), Object(Closure))
#37 D:\\1LuuDuLieuSV\\2001240399_TrinhHuuKienQuoc\\phplab\\buoi6\\Lab01_Framework\\vendor\\laravel\\framework\\src\\Illuminate\\Session\\Middleware\\StartSession.php(121): Illuminate\\Pipeline\\Pipeline->Illuminate\\Pipeline\\{closure}(Object(Illuminate\\Http\\Request))
#38 D:\\1LuuDuLieuSV\\2001240399_TrinhHuuKienQuoc\\phplab\\buoi6\\Lab01_Framework\\vendor\\laravel\\framework\\src\\Illuminate\\Session\\Middleware\\StartSession.php(64): Illuminate\\Session\\Middleware\\StartSession->handleStatefulRequest(Object(Illuminate\\Http\\Request), Object(Illuminate\\Session\\Store), Object(Closure))
#39 D:\\1LuuDuLieuSV\\2001240399_TrinhHuuKienQuoc\\phplab\\buoi6\\Lab01_Framework\\vendor\\laravel\\framework\\src\\Illuminate\\Pipeline\\Pipeline.php(167): Illuminate\\Session\\Middleware\\StartSession->handle(Object(Illuminate\\Http\\Request), Object(Closure))
#40 D:\\1LuuDuLieuSV\\2001240399_TrinhHuuKienQuoc\\phplab\\buoi6\\Lab01_Framework\\vendor\\laravel\\framework\\src\\Illuminate\\Cookie\\Middleware\\AddQueuedCookiesToResponse.php(37): Illuminate\\Pipeline\\Pipeline->Illuminate\\Pipeline\\{closure}(Object(Illuminate\\Http\\Request))
#41 D:\\1LuuDuLieuSV\\2001240399_TrinhHuuKienQuoc\\phplab\\buoi6\\Lab01_Framework\\vendor\\laravel\\framework\\src\\Illuminate\\Pipeline\\Pipeline.php(167): Illuminate\\Cookie\\Middleware\\AddQueuedCookiesToResponse->handle(Object(Illuminate\\Http\\Request), Object(Closure))
#42 D:\\1LuuDuLieuSV\\2001240399_TrinhHuuKienQuoc\\phplab\\buoi6\\Lab01_Framework\\vendor\\laravel\\framework\\src\\Illuminate\\Cookie\\Middleware\\EncryptCookies.php(67): Illuminate\\Pipeline\\Pipeline->Illuminate\\Pipeline\\{closure}(Object(Illuminate\\Http\\Request))
#43 D:\\1LuuDuLieuSV\\2001240399_TrinhHuuKienQuoc\\phplab\\buoi6\\Lab01_Framework\\vendor\\laravel\\framework\\src\\Illuminate\\Pipeline\\Pipeline.php(167): Illuminate\\Cookie\\Middleware\\EncryptCookies->handle(Object(Illuminate\\Http\\Request), Object(Closure))
#44 D:\\1LuuDuLieuSV\\2001240399_TrinhHuuKienQuoc\\phplab\\buoi6\\Lab01_Framework\\vendor\\laravel\\framework\\src\\Illuminate\\Pipeline\\Pipeline.php(103): Illuminate\\Pipeline\\Pipeline->Illuminate\\Pipeline\\{closure}(Object(Illuminate\\Http\\Request))
#45 D:\\1LuuDuLieuSV\\2001240399_TrinhHuuKienQuoc\\phplab\\buoi6\\Lab01_Framework\\vendor\\laravel\\framework\\src\\Illuminate\\Routing\\Router.php(723): Illuminate\\Pipeline\\Pipeline->then(Object(Closure))
#46 D:\\1LuuDuLieuSV\\2001240399_TrinhHuuKienQuoc\\phplab\\buoi6\\Lab01_Framework\\vendor\\laravel\\framework\\src\\Illuminate\\Routing\\Router.php(698): Illuminate\\Routing\\Router->runRouteWithinStack(Object(Illuminate\\Routing\\Route), Object(Illuminate\\Http\\Request))
#47 D:\\1LuuDuLieuSV\\2001240399_TrinhHuuKienQuoc\\phplab\\buoi6\\Lab01_Framework\\vendor\\laravel\\framework\\src\\Illuminate\\Routing\\Router.php(662): Illuminate\\Routing\\Router->runRoute(Object(Illuminate\\Http\\Request), Object(Illuminate\\Routing\\Route))
#48 D:\\1LuuDuLieuSV\\2001240399_TrinhHuuKienQuoc\\phplab\\buoi6\\Lab01_Framework\\vendor\\laravel\\framework\\src\\Illuminate\\Routing\\Router.php(651): Illuminate\\Routing\\Router->dispatchToRoute(Object(Illuminate\\Http\\Request))
#49 D:\\1LuuDuLieuSV\\2001240399_TrinhHuuKienQuoc\\phplab\\buoi6\\Lab01_Framework\\vendor\\laravel\\framework\\src\\Illuminate\\Foundation\\Http\\Kernel.php(167): Illuminate\\Routing\\Router->dispatch(Object(Illuminate\\Http\\Request))
#50 D:\\1LuuDuLieuSV\\2001240399_TrinhHuuKienQuoc\\phplab\\buoi6\\Lab01_Framework\\vendor\\laravel\\framework\\src\\Illuminate\\Pipeline\\Pipeline.php(128): Illuminate\\Foundation\\Http\\Kernel->Illuminate\\Foundation\\Http\\{closure}(Object(Illuminate\\Http\\Request))
#51 D:\\1LuuDuLieuSV\\2001240399_TrinhHuuKienQuoc\\phplab\\buoi6\\Lab01_Framework\\vendor\\laravel\\framework\\src\\Illuminate\\Foundation\\Http\\Middleware\\TransformsRequest.php(21): Illuminate\\Pipeline\\Pipeline->Illuminate\\Pipeline\\{closure}(Object(Illuminate\\Http\\Request))
#52 D:\\1LuuDuLieuSV\\2001240399_TrinhHuuKienQuoc\\phplab\\buoi6\\Lab01_Framework\\vendor\\laravel\\framework\\src\\Illuminate\\Foundation\\Http\\Middleware\\ConvertEmptyStringsToNull.php(31): Illuminate\\Foundation\\Http\\Middleware\\TransformsRequest->handle(Object(Illuminate\\Http\\Request), Object(Closure))
#53 D:\\1LuuDuLieuSV\\2001240399_TrinhHuuKienQuoc\\phplab\\buoi6\\Lab01_Framework\\vendor\\laravel\\framework\\src\\Illuminate\\Pipeline\\Pipeline.php(167): Illuminate\\Foundation\\Http\\Middleware\\ConvertEmptyStringsToNull->handle(Object(Illuminate\\Http\\Request), Object(Closure))
#54 D:\\1LuuDuLieuSV\\2001240399_TrinhHuuKienQuoc\\phplab\\buoi6\\Lab01_Framework\\vendor\\laravel\\framework\\src\\Illuminate\\Foundation\\Http\\Middleware\\TransformsRequest.php(21): Illuminate\\Pipeline\\Pipeline->Illuminate\\Pipeline\\{closure}(Object(Illuminate\\Http\\Request))
#55 D:\\1LuuDuLieuSV\\2001240399_TrinhHuuKienQuoc\\phplab\\buoi6\\Lab01_Framework\\vendor\\laravel\\framework\\src\\Illuminate\\Foundation\\Http\\Middleware\\TrimStrings.php(40): Illuminate\\Foundation\\Http\\Middleware\\TransformsRequest->handle(Object(Illuminate\\Http\\Request), Object(Closure))
#56 D:\\1LuuDuLieuSV\\2001240399_TrinhHuuKienQuoc\\phplab\\buoi6\\Lab01_Framework\\vendor\\laravel\\framework\\src\\Illuminate\\Pipeline\\Pipeline.php(167): Illuminate\\Foundation\\Http\\Middleware\\TrimStrings->handle(Object(Illuminate\\Http\\Request), Object(Closure))
#57 D:\\1LuuDuLieuSV\\2001240399_TrinhHuuKienQuoc\\phplab\\buoi6\\Lab01_Framework\\vendor\\laravel\\framework\\src\\Illuminate\\Foundation\\Http\\Middleware\\ValidatePostSize.php(27): Illuminate\\Pipeline\\Pipeline->Illuminate\\Pipeline\\{closure}(Object(Illuminate\\Http\\Request))
#58 D:\\1LuuDuLieuSV\\2001240399_TrinhHuuKienQuoc\\phplab\\buoi6\\Lab01_Framework\\vendor\\laravel\\framework\\src\\Illuminate\\Pipeline\\Pipeline.php(167): Illuminate\\Foundation\\Http\\Middleware\\ValidatePostSize->handle(Object(Illuminate\\Http\\Request), Object(Closure))
#59 D:\\1LuuDuLieuSV\\2001240399_TrinhHuuKienQuoc\\phplab\\buoi6\\Lab01_Framework\\vendor\\laravel\\framework\\src\\Illuminate\\Foundation\\Http\\Middleware\\PreventRequestsDuringMaintenance.php(86): Illuminate\\Pipeline\\Pipeline->Illuminate\\Pipeline\\{closure}(Object(Illuminate\\Http\\Request))
#60 D:\\1LuuDuLieuSV\\2001240399_TrinhHuuKienQuoc\\phplab\\buoi6\\Lab01_Framework\\vendor\\laravel\\framework\\src\\Illuminate\\Pipeline\\Pipeline.php(167): Illuminate\\Foundation\\Http\\Middleware\\PreventRequestsDuringMaintenance->handle(Object(Illuminate\\Http\\Request), Object(Closure))
#61 D:\\1LuuDuLieuSV\\2001240399_TrinhHuuKienQuoc\\phplab\\buoi6\\Lab01_Framework\\vendor\\fruitcake\\laravel-cors\\src\\HandleCors.php(38): Illuminate\\Pipeline\\Pipeline->Illuminate\\Pipeline\\{closure}(Object(Illuminate\\Http\\Request))
#62 D:\\1LuuDuLieuSV\\2001240399_TrinhHuuKienQuoc\\phplab\\buoi6\\Lab01_Framework\\vendor\\laravel\\framework\\src\\Illuminate\\Pipeline\\Pipeline.php(167): Fruitcake\\Cors\\HandleCors->handle(Object(Illuminate\\Http\\Request), Object(Closure))
#63 D:\\1LuuDuLieuSV\\2001240399_TrinhHuuKienQuoc\\phplab\\buoi6\\Lab01_Framework\\vendor\\laravel\\framework\\src\\Illuminate\\Http\\Middleware\\TrustProxies.php(39): Illuminate\\Pipeline\\Pipeline->Illuminate\\Pipeline\\{closure}(Object(Illuminate\\Http\\Request))
#64 D:\\1LuuDuLieuSV\\2001240399_TrinhHuuKienQuoc\\phplab\\buoi6\\Lab01_Framework\\vendor\\laravel\\framework\\src\\Illuminate\\Pipeline\\Pipeline.php(167): Illuminate\\Http\\Middleware\\TrustProxies->handle(Object(Illuminate\\Http\\Request), Object(Closure))
#65 D:\\1LuuDuLieuSV\\2001240399_TrinhHuuKienQuoc\\phplab\\buoi6\\Lab01_Framework\\vendor\\laravel\\framework\\src\\Illuminate\\Pipeline\\Pipeline.php(103): Illuminate\\Pipeline\\Pipeline->Illuminate\\Pipeline\\{closure}(Object(Illuminate\\Http\\Request))
#66 D:\\1LuuDuLieuSV\\2001240399_TrinhHuuKienQuoc\\phplab\\buoi6\\Lab01_Framework\\vendor\\laravel\\framework\\src\\Illuminate\\Foundation\\Http\\Kernel.php(142): Illuminate\\Pipeline\\Pipeline->then(Object(Closure))
#67 D:\\1LuuDuLieuSV\\2001240399_TrinhHuuKienQuoc\\phplab\\buoi6\\Lab01_Framework\\vendor\\laravel\\framework\\src\\Illuminate\\Foundation\\Http\\Kernel.php(111): Illuminate\\Foundation\\Http\\Kernel->sendRequestThroughRouter(Object(Illuminate\\Http\\Request))
#68 D:\\1LuuDuLieuSV\\2001240399_TrinhHuuKienQuoc\\phplab\\buoi6\\Lab01_Framework\\public\\index.php(52): Illuminate\\Foundation\\Http\\Kernel->handle(Object(Illuminate\\Http\\Request))
#69 D:\\1LuuDuLieuSV\\2001240399_TrinhHuuKienQuoc\\phplab\\buoi6\\Lab01_Framework\\server.php(21): require_once('D:\\\\1LuuDuLieuSV...')
#70 {main}
"} 
[2026-09-21 08:42:18] local.ERROR: SQLSTATE[HY000] [2002] No connection could be made because the target machine actively refused it.
 (SQL: select * from `articles` where `articles`.`id` = 1 limit 1) {"exception":"[object] (Illuminate\\Database\\QueryException(code: 2002): SQLSTATE[HY000] [2002] No connection could be made because the target machine actively refused it.

 (SQL: select * from `articles` where `articles`.`id` = 1 limit 1) at D:\\1LuuDuLieuSV\\2001240399_TrinhHuuKienQuoc\\phplab\\buoi6\\Lab01_Framework\\vendor\\laravel\\framework\\src\\Illuminate\\Database\\Connection.php:712)
[stacktrace]
#0 D:\\1LuuDuLieuSV\\2001240399_TrinhHuuKienQuoc\\phplab\\buoi6\\Lab01_Framework\\vendor\\laravel\\framework\\src\\Illuminate\\Database\\Connection.php(672): Illuminate\\Database\\Connection->runQueryCallback('select * from `...', Array, Object(Closure))
#1 D:\\1LuuDuLieuSV\\2001240399_TrinhHuuKienQuoc\\phplab\\buoi6\\Lab01_Framework\\vendor\\laravel\\framework\\src\\Illuminate\\Database\\Connection.php(376): Illuminate\\Database\\Connection->run('select * from `...', Array, Object(Closure))
#2 D:\\1LuuDuLieuSV\\2001240399_TrinhHuuKienQuoc\\phplab\\buoi6\\Lab01_Framework\\vendor\\laravel\\framework\\src\\Illuminate\\Database\\Query\\Builder.php(2414): Illuminate\\Database\\Connection->select('select * from `...', Array, true)
#3 D:\\1LuuDuLieuSV\\2001240399_TrinhHuuKienQuoc\\phplab\\buoi6\\Lab01_Framework\\vendor\\laravel\\framework\\src\\Illuminate\\Database\\Query\\Builder.php(2402): Illuminate\\Database\\Query\\Builder->runSelect()
#4 D:\\1LuuDuLieuSV\\2001240399_TrinhHuuKienQuoc\\phplab\\buoi6\\Lab01_Framework\\vendor\\laravel\\framework\\src\\Illuminate\\Database\\Query\\Builder.php(2936): Illuminate\\Database\\Query\\Builder->Illuminate\\Database\\Query\\{closure}()
#5 D:\\1LuuDuLieuSV\\2001240399_TrinhHuuKienQuoc\\phplab\\buoi6\\Lab01_Framework\\vendor\\laravel\\framework\\src\\Illuminate\\Database\\Query\\Builder.php(2403): Illuminate\\Database\\Query\\Builder->onceWithColumns(Array, Object(Closure))
#6 D:\\1LuuDuLieuSV\\2001240399_TrinhHuuKienQuoc\\phplab\\buoi6\\Lab01_Framework\\vendor\\laravel\\framework\\src\\Illuminate\\Database\\Eloquent\\Builder.php(625): Illuminate\\Database\\Query\\Builder->get(Array)
#7 D:\\1LuuDuLieuSV\\2001240399_TrinhHuuKienQuoc\\phplab\\buoi6\\Lab01_Framework\\vendor\\laravel\\framework\\src\\Illuminate\\Database\\Eloquent\\Builder.php(609): Illuminate\\Database\\Eloquent\\Builder->getModels(Array)
#8 D:\\1LuuDuLieuSV\\2001240399_TrinhHuuKienQuoc\\phplab\\buoi6\\Lab01_Framework\\vendor\\laravel\\framework\\src\\Illuminate\\Database\\Concerns\\BuildsQueries.php(294): Illuminate\\Database\\Eloquent\\Builder->get(Array)
#9 D:\\1LuuDuLieuSV\\2001240399_TrinhHuuKienQuoc\\phplab\\buoi6\\Lab01_Framework\\vendor\\laravel\\framework\\src\\Illuminate\\Database\\Eloquent\\Builder.php(400): Illuminate\\Database\\Eloquent\\Builder->first(Array)
#10 D:\\1LuuDuLieuSV\\2001240399_TrinhHuuKienQuoc\\phplab\\buoi6\\Lab01_Framework\\vendor\\laravel\\framework\\src\\Illuminate\\Database\\Eloquent\\Builder.php(432): Illuminate\\Database\\Eloquent\\Builder->find('1', Array)
#11 D:\\1LuuDuLieuSV\\2001240399_TrinhHuuKienQuoc\\phplab\\buoi6\\Lab01_Framework\\vendor\\laravel\\framework\\src\\Illuminate\\Support\\Traits\\ForwardsCalls.php(23): Illuminate\\Database\\Eloquent\\Builder->findOrFail('1')
#12 D:\\1LuuDuLieuSV\\2001240399_TrinhHuuKienQuoc\\phplab\\buoi6\\Lab01_Framework\\vendor\\laravel\\framework\\src\\Illuminate\\Database\\Eloquent\\Model.php(2132): Illuminate\\Database\\Eloquent\\Model->forwardCallTo(Object(Illuminate\\Database\\Eloquent\\Builder), 'findOrFail', Array)
#13 D:\\1LuuDuLieuSV\\2001240399_TrinhHuuKienQuoc\\phplab\\buoi6\\Lab01_Framework\\vendor\\laravel\\framework\\src\\Illuminate\\Database\\Eloquent\\Model.php(2144): Illuminate\\Database\\Eloquent\\Model->__call('findOrFail', Array)
#14 D:\\1LuuDuLieuSV\\2001240399_TrinhHuuKienQuoc\\phplab\\buoi6\\Lab01_Framework\\app\\Http\\Controllers\\ArticleController.php(99): Illuminate\\Database\\Eloquent\\Model::__callStatic('findOrFail', Array)
#15 D:\\1LuuDuLieuSV\\2001240399_TrinhHuuKienQuoc\\phplab\\buoi6\\Lab01_Framework\\vendor\\laravel\\framework\\src\\Illuminate\\Routing\\Controller.php(54): App\\Http\\Controllers\\ArticleController->destroy('1')
#16 D:\\1LuuDuLieuSV\\2001240399_TrinhHuuKienQuoc\\phplab\\buoi6\\Lab01_Framework\\vendor\\laravel\\framework\\src\\Illuminate\\Routing\\ControllerDispatcher.php(45): Illuminate\\Routing\\Controller->callAction('destroy', Array)
#17 D:\\1LuuDuLieuSV\\2001240399_TrinhHuuKienQuoc\\phplab\\buoi6\\Lab01_Framework\\vendor\\laravel\\framework\\src\\Illuminate\\Routing\\Route.php(262): Illuminate\\Routing\\ControllerDispatcher->dispatch(Object(Illuminate\\Routing\\Route), Object(App\\Http\\Controllers\\ArticleController), 'destroy')
#18 D:\\1LuuDuLieuSV\\2001240399_TrinhHuuKienQuoc\\phplab\\buoi6\\Lab01_Framework\\vendor\\laravel\\framework\\src\\Illuminate\\Routing\\Route.php(205): Illuminate\\Routing\\Route->runController()
#19 D:\\1LuuDuLieuSV\\2001240399_TrinhHuuKienQuoc\\phplab\\buoi6\\Lab01_Framework\\vendor\\laravel\\framework\\src\\Illuminate\\Routing\\Router.php(721): Illuminate\\Routing\\Route->run()
#20 D:\\1LuuDuLieuSV\\2001240399_TrinhHuuKienQuoc\\phplab\\buoi6\\Lab01_Framework\\vendor\\laravel\\framework\\src\\Illuminate\\Pipeline\\Pipeline.php(128): Illuminate\\Routing\\Router->Illuminate\\Routing\\{closure}(Object(Illuminate\\Http\\Request))
#21 D:\\1LuuDuLieuSV\\2001240399_TrinhHuuKienQuoc\\phplab\\buoi6\\Lab01_Framework\\vendor\\laravel\\framework\\src\\Illuminate\\Routing\\Middleware\\SubstituteBindings.php(50): Illuminate\\Pipeline\\Pipeline->Illuminate\\Pipeline\\{closure}(Object(Illuminate\\Http\\Request))
#22 D:\\1LuuDuLieuSV\\2001240399_TrinhHuuKienQuoc\\phplab\\buoi6\\Lab01_Framework\\vendor\\laravel\\framework\\src\\Illuminate\\Pipeline\\Pipeline.php(167): Illuminate\\Routing\\Middleware\\SubstituteBindings->handle(Object(Illuminate\\Http\\Request), Object(Closure))
#23 D:\\1LuuDuLieuSV\\2001240399_TrinhHuuKienQuoc\\phplab\\buoi6\\Lab01_Framework\\vendor\\laravel\\framework\\src\\Illuminate\\Foundation\\Http\\Middleware\\VerifyCsrfToken.php(78): Illuminate\\Pipeline\\Pipeline->Illuminate\\Pipeline\\{closure}(Object(Illuminate\\Http\\Request))
#24 D:\\1LuuDuLieuSV\\2001240399_TrinhHuuKienQuoc\\phplab\\buoi6\\Lab01_Framework\\vendor\\laravel\\framework\\src\\Illuminate\\Pipeline\\Pipeline.php(167): Illuminate\\Foundation\\Http\\Middleware\\VerifyCsrfToken->handle(Object(Illuminate\\Http\\Request), Object(Closure))
#25 D:\\1LuuDuLieuSV\\2001240399_TrinhHuuKienQuoc\\phplab\\buoi6\\Lab01_Framework\\vendor\\laravel\\framework\\src\\Illuminate\\View\\Middleware\\ShareErrorsFromSession.php(49): Illuminate\\Pipeline\\Pipeline->Illuminate\\Pipeline\\{closure}(Object(Illuminate\\Http\\Request))
#26 D:\\1LuuDuLieuSV\\2001240399_TrinhHuuKienQuoc\\phplab\\buoi6\\Lab01_Framework\\vendor\\laravel\\framework\\src\\Illuminate\\Pipeline\\Pipeline.php(167): Illuminate\\View\\Middleware\\ShareErrorsFromSession->handle(Object(Illuminate\\Http\\Request), Object(Closure))
#27 D:\\1LuuDuLieuSV\\2001240399_TrinhHuuKienQuoc\\phplab\\buoi6\\Lab01_Framework\\vendor\\laravel\\framework\\src\\Illuminate\\Session\\Middleware\\StartSession.php(121): Illuminate\\Pipeline\\Pipeline->Illuminate\\Pipeline\\{closure}(Object(Illuminate\\Http\\Request))
#28 D:\\1LuuDuLieuSV\\2001240399_TrinhHuuKienQuoc\\phplab\\buoi6\\Lab01_Framework\\vendor\\laravel\\framework\\src\\Illuminate\\Session\\Middleware\\StartSession.php(64): Illuminate\\Session\\Middleware\\StartSession->handleStatefulRequest(Object(Illuminate\\Http\\Request), Object(Illuminate\\Session\\Store), Object(Closure))
#29 D:\\1LuuDuLieuSV\\2001240399_TrinhHuuKienQuoc\\phplab\\buoi6\\Lab01_Framework\\vendor\\laravel\\framework\\src\\Illuminate\\Pipeline\\Pipeline.php(167): Illuminate\\Session\\Middleware\\StartSession->handle(Object(Illuminate\\Http\\Request), Object(Closure))
#30 D:\\1LuuDuLieuSV\\2001240399_TrinhHuuKienQuoc\\phplab\\buoi6\\Lab01_Framework\\vendor\\laravel\\framework\\src\\Illuminate\\Cookie\\Middleware\\AddQueuedCookiesToResponse.php(37): Illuminate\\Pipeline\\Pipeline->Illuminate\\Pipeline\\{closure}(Object(Illuminate\\Http\\Request))
#31 D:\\1LuuDuLieuSV\\2001240399_TrinhHuuKienQuoc\\phplab\\buoi6\\Lab01_Framework\\vendor\\laravel\\framework\\src\\Illuminate\\Pipeline\\Pipeline.php(167): Illuminate\\Cookie\\Middleware\\AddQueuedCookiesToResponse->handle(Object(Illuminate\\Http\\Request), Object(Closure))
#32 D:\\1LuuDuLieuSV\\2001240399_TrinhHuuKienQuoc\\phplab\\buoi6\\Lab01_Framework\\vendor\\laravel\\framework\\src\\Illuminate\\Cookie\\Middleware\\EncryptCookies.php(67): Illuminate\\Pipeline\\Pipeline->Illuminate\\Pipeline\\{closure}(Object(Illuminate\\Http\\Request))
#33 D:\\1LuuDuLieuSV\\2001240399_TrinhHuuKienQuoc\\phplab\\buoi6\\Lab01_Framework\\vendor\\laravel\\framework\\src\\Illuminate\\Pipeline\\Pipeline.php(167): Illuminate\\Cookie\\Middleware\\EncryptCookies->handle(Object(Illuminate\\Http\\Request), Object(Closure))
#34 D:\\1LuuDuLieuSV\\2001240399_TrinhHuuKienQuoc\\phplab\\buoi6\\Lab01_Framework\\vendor\\laravel\\framework\\src\\Illuminate\\Pipeline\\Pipeline.php(103): Illuminate\\Pipeline\\Pipeline->Illuminate\\Pipeline\\{closure}(Object(Illuminate\\Http\\Request))
#35 D:\\1LuuDuLieuSV\\2001240399_TrinhHuuKienQuoc\\phplab\\buoi6\\Lab01_Framework\\vendor\\laravel\\framework\\src\\Illuminate\\Routing\\Router.php(723): Illuminate\\Pipeline\\Pipeline->then(Object(Closure))
#36 D:\\1LuuDuLieuSV\\2001240399_TrinhHuuKienQuoc\\phplab\\buoi6\\Lab01_Framework\\vendor\\laravel\\framework\\src\\Illuminate\\Routing\\Router.php(698): Illuminate\\Routing\\Router->runRouteWithinStack(Object(Illuminate\\Routing\\Route), Object(Illuminate\\Http\\Request))
#37 D:\\1LuuDuLieuSV\\2001240399_TrinhHuuKienQuoc\\phplab\\buoi6\\Lab01_Framework\\vendor\\laravel\\framework\\src\\Illuminate\\Routing\\Router.php(662): Illuminate\\Routing\\Router->runRoute(Object(Illuminate\\Http\\Request), Object(Illuminate\\Routing\\Route))
#38 D:\\1LuuDuLieuSV\\2001240399_TrinhHuuKienQuoc\\phplab\\buoi6\\Lab01_Framework\\vendor\\laravel\\framework\\src\\Illuminate\\Routing\\Router.php(651): Illuminate\\Routing\\Router->dispatchToRoute(Object(Illuminate\\Http\\Request))
#39 D:\\1LuuDuLieuSV\\2001240399_TrinhHuuKienQuoc\\phplab\\buoi6\\Lab01_Framework\\vendor\\laravel\\framework\\src\\Illuminate\\Foundation\\Http\\Kernel.php(167): Illuminate\\Routing\\Router->dispatch(Object(Illuminate\\Http\\Request))
#40 D:\\1LuuDuLieuSV\\2001240399_TrinhHuuKienQuoc\\phplab\\buoi6\\Lab01_Framework\\vendor\\laravel\\framework\\src\\Illuminate\\Pipeline\\Pipeline.php(128): Illuminate\\Foundation\\Http\\Kernel->Illuminate\\Foundation\\Http\\{closure}(Object(Illuminate\\Http\\Request))
#41 D:\\1LuuDuLieuSV\\2001240399_TrinhHuuKienQuoc\\phplab\\buoi6\\Lab01_Framework\\vendor\\laravel\\framework\\src\\Illuminate\\Foundation\\Http\\Middleware\\TransformsRequest.php(21): Illuminate\\Pipeline\\Pipeline->Illuminate\\Pipeline\\{closure}(Object(Illuminate\\Http\\Request))
#42 D:\\1LuuDuLieuSV\\2001240399_TrinhHuuKienQuoc\\phplab\\buoi6\\Lab01_Framework\\vendor\\laravel\\framework\\src\\Illuminate\\Foundation\\Http\\Middleware\\ConvertEmptyStringsToNull.php(31): Illuminate\\Foundation\\Http\\Middleware\\TransformsRequest->handle(Object(Illuminate\\Http\\Request), Object(Closure))
#43 D:\\1LuuDuLieuSV\\2001240399_TrinhHuuKienQuoc\\phplab\\buoi6\\Lab01_Framework\\vendor\\laravel\\framework\\src\\Illuminate\\Pipeline\\Pipeline.php(167): Illuminate\\Foundation\\Http\\Middleware\\ConvertEmptyStringsToNull->handle(Object(Illuminate\\Http\\Request), Object(Closure))
#44 D:\\1LuuDuLieuSV\\2001240399_TrinhHuuKienQuoc\\phplab\\buoi6\\Lab01_Framework\\vendor\\laravel\\framework\\src\\Illuminate\\Foundation\\Http\\Middleware\\TransformsRequest.php(21): Illuminate\\Pipeline\\Pipeline->Illuminate\\Pipeline\\{closure}(Object(Illuminate\\Http\\Request))
#45 D:\\1LuuDuLieuSV\\2001240399_TrinhHuuKienQuoc\\phplab\\buoi6\\Lab01_Framework\\vendor\\laravel\\framework\\src\\Illuminate\\Foundation\\Http\\Middleware\\TrimStrings.php(40): Illuminate\\Foundation\\Http\\Middleware\\TransformsRequest->handle(Object(Illuminate\\Http\\Request), Object(Closure))
#46 D:\\1LuuDuLieuSV\\2001240399_TrinhHuuKienQuoc\\phplab\\buoi6\\Lab01_Framework\\vendor\\laravel\\framework\\src\\Illuminate\\Pipeline\\Pipeline.php(167): Illuminate\\Foundation\\Http\\Middleware\\TrimStrings->handle(Object(Illuminate\\Http\\Request), Object(Closure))
#47 D:\\1LuuDuLieuSV\\2001240399_TrinhHuuKienQuoc\\phplab\\buoi6\\Lab01_Framework\\vendor\\laravel\\framework\\src\\Illuminate\\Foundation\\Http\\Middleware\\ValidatePostSize.php(27): Illuminate\\Pipeline\\Pipeline->Illuminate\\Pipeline\\{closure}(Object(Illuminate\\Http\\Request))
#48 D:\\1LuuDuLieuSV\\2001240399_TrinhHuuKienQuoc\\phplab\\buoi6\\Lab01_Framework\\vendor\\laravel\\framework\\src\\Illuminate\\Pipeline\\Pipeline.php(167): Illuminate\\Foundation\\Http\\Middleware\\ValidatePostSize->handle(Object(Illuminate\\Http\\Request), Object(Closure))
#49 D:\\1LuuDuLieuSV\\2001240399_TrinhHuuKienQuoc\\phplab\\buoi6\\Lab01_Framework\\vendor\\laravel\\framework\\src\\Illuminate\\Foundation\\Http\\Middleware\\PreventRequestsDuringMaintenance.php(86): Illuminate\\Pipeline\\Pipeline->Illuminate\\Pipeline\\{closure}(Object(Illuminate\\Http\\Request))
#50 D:\\1LuuDuLieuSV\\2001240399_TrinhHuuKienQuoc\\phplab\\buoi6\\Lab01_Framework\\vendor\\laravel\\framework\\src\\Illuminate\\Pipeline\\Pipeline.php(167): Illuminate\\Foundation\\Http\\Middleware\\PreventRequestsDuringMaintenance->handle(Object(Illuminate\\Http\\Request), Object(Closure))
#51 D:\\1LuuDuLieuSV\\2001240399_TrinhHuuKienQuoc\\phplab\\buoi6\\Lab01_Framework\\vendor\\fruitcake\\laravel-cors\\src\\HandleCors.php(38): Illuminate\\Pipeline\\Pipeline->Illuminate\\Pipeline\\{closure}(Object(Illuminate\\Http\\Request))
#52 D:\\1LuuDuLieuSV\\2001240399_TrinhHuuKienQuoc\\phplab\\buoi6\\Lab01_Framework\\vendor\\laravel\\framework\\src\\Illuminate\\Pipeline\\Pipeline.php(167): Fruitcake\\Cors\\HandleCors->handle(Object(Illuminate\\Http\\Request), Object(Closure))
#53 D:\\1LuuDuLieuSV\\2001240399_TrinhHuuKienQuoc\\phplab\\buoi6\\Lab01_Framework\\vendor\\laravel\\framework\\src\\Illuminate\\Http\\Middleware\\TrustProxies.php(39): Illuminate\\Pipeline\\Pipeline->Illuminate\\Pipeline\\{closure}(Object(Illuminate\\Http\\Request))
#54 D:\\1LuuDuLieuSV\\2001240399_TrinhHuuKienQuoc\\phplab\\buoi6\\Lab01_Framework\\vendor\\laravel\\framework\\src\\Illuminate\\Pipeline\\Pipeline.php(167): Illuminate\\Http\\Middleware\\TrustProxies->handle(Object(Illuminate\\Http\\Request), Object(Closure))
#55 D:\\1LuuDuLieuSV\\2001240399_TrinhHuuKienQuoc\\phplab\\buoi6\\Lab01_Framework\\vendor\\laravel\\framework\\src\\Illuminate\\Pipeline\\Pipeline.php(103): Illuminate\\Pipeline\\Pipeline->Illuminate\\Pipeline\\{closure}(Object(Illuminate\\Http\\Request))
#56 D:\\1LuuDuLieuSV\\2001240399_TrinhHuuKienQuoc\\phplab\\buoi6\\Lab01_Framework\\vendor\\laravel\\framework\\src\\Illuminate\\Foundation\\Http\\Kernel.php(142): Illuminate\\Pipeline\\Pipeline->then(Object(Closure))
#57 D:\\1LuuDuLieuSV\\2001240399_TrinhHuuKienQuoc\\phplab\\buoi6\\Lab01_Framework\\vendor\\laravel\\framework\\src\\Illuminate\\Foundation\\Http\\Kernel.php(111): Illuminate\\Foundation\\Http\\Kernel->sendRequestThroughRouter(Object(Illuminate\\Http\\Request))
#58 D:\\1LuuDuLieuSV\\2001240399_TrinhHuuKienQuoc\\phplab\\buoi6\\Lab01_Framework\\public\\index.php(52): Illuminate\\Foundation\\Http\\Kernel->handle(Object(Illuminate\\Http\\Request))
#59 D:\\1LuuDuLieuSV\\2001240399_TrinhHuuKienQuoc\\phplab\\buoi6\\Lab01_Framework\\server.php(21): require_once('D:\\\\1LuuDuLieuSV...')
#60 {main}

[previous exception] [object] (PDOException(code: 2002): SQLSTATE[HY000] [2002] No connection could be made because the target machine actively refused it.

 at D:\\1LuuDuLieuSV\\2001240399_TrinhHuuKienQuoc\\phplab\\buoi6\\Lab01_Framework\\vendor\\laravel\\framework\\src\\Illuminate\\Database\\Connectors\\Connector.php:70)
[stacktrace]
#0 D:\\1LuuDuLieuSV\\2001240399_TrinhHuuKienQuoc\\phplab\\buoi6\\Lab01_Framework\\vendor\\laravel\\framework\\src\\Illuminate\\Database\\Connectors\\Connector.php(70): PDO->__construct('mysql:host=127....', 'root', '', Array)
#1 D:\\1LuuDuLieuSV\\2001240399_TrinhHuuKienQuoc\\phplab\\buoi6\\Lab01_Framework\\vendor\\laravel\\framework\\src\\Illuminate\\Database\\Connectors\\Connector.php(46): Illuminate\\Database\\Connectors\\Connector->createPdoConnection('mysql:host=127....', 'root', '', Array)
#2 D:\\1LuuDuLieuSV\\2001240399_TrinhHuuKienQuoc\\phplab\\buoi6\\Lab01_Framework\\vendor\\laravel\\framework\\src\\Illuminate\\Database\\Connectors\\MySqlConnector.php(24): Illuminate\\Database\\Connectors\\Connector->createConnection('mysql:host=127....', Array, Array)
#3 D:\\1LuuDuLieuSV\\2001240399_TrinhHuuKienQuoc\\phplab\\buoi6\\Lab01_Framework\\vendor\\laravel\\framework\\src\\Illuminate\\Database\\Connectors\\ConnectionFactory.php(184): Illuminate\\Database\\Connectors\\MySqlConnector->connect(Array)
#4 [internal function]: Illuminate\\Database\\Connectors\\ConnectionFactory->Illuminate\\Database\\Connectors\\{closure}()
#5 D:\\1LuuDuLieuSV\\2001240399_TrinhHuuKienQuoc\\phplab\\buoi6\\Lab01_Framework\\vendor\\laravel\\framework\\src\\Illuminate\\Database\\Connection.php(1064): call_user_func(Object(Closure))
#6 D:\\1LuuDuLieuSV\\2001240399_TrinhHuuKienQuoc\\phplab\\buoi6\\Lab01_Framework\\vendor\\laravel\\framework\\src\\Illuminate\\Database\\Connection.php(1100): Illuminate\\Database\\Connection->getPdo()
#7 D:\\1LuuDuLieuSV\\2001240399_TrinhHuuKienQuoc\\phplab\\buoi6\\Lab01_Framework\\vendor\\laravel\\framework\\src\\Illuminate\\Database\\Connection.php(442): Illuminate\\Database\\Connection->getReadPdo()
#8 D:\\1LuuDuLieuSV\\2001240399_TrinhHuuKienQuoc\\phplab\\buoi6\\Lab01_Framework\\vendor\\laravel\\framework\\src\\Illuminate\\Database\\Connection.php(368): Illuminate\\Database\\Connection->getPdoForSelect(true)
#9 D:\\1LuuDuLieuSV\\2001240399_TrinhHuuKienQuoc\\phplab\\buoi6\\Lab01_Framework\\vendor\\laravel\\framework\\src\\Illuminate\\Database\\Connection.php(705): Illuminate\\Database\\Connection->Illuminate\\Database\\{closure}('select * from `...', Array)
#10 D:\\1LuuDuLieuSV\\2001240399_TrinhHuuKienQuoc\\phplab\\buoi6\\Lab01_Framework\\vendor\\laravel\\framework\\src\\Illuminate\\Database\\Connection.php(672): Illuminate\\Database\\Connection->runQueryCallback('select * from `...', Array, Object(Closure))
#11 D:\\1LuuDuLieuSV\\2001240399_TrinhHuuKienQuoc\\phplab\\buoi6\\Lab01_Framework\\vendor\\laravel\\framework\\src\\Illuminate\\Database\\Connection.php(376): Illuminate\\Database\\Connection->run('select * from `...', Array, Object(Closure))
#12 D:\\1LuuDuLieuSV\\2001240399_TrinhHuuKienQuoc\\phplab\\buoi6\\Lab01_Framework\\vendor\\laravel\\framework\\src\\Illuminate\\Database\\Query\\Builder.php(2414): Illuminate\\Database\\Connection->select('select * from `...', Array, true)
#13 D:\\1LuuDuLieuSV\\2001240399_TrinhHuuKienQuoc\\phplab\\buoi6\\Lab01_Framework\\vendor\\laravel\\framework\\src\\Illuminate\\Database\\Query\\Builder.php(2402): Illuminate\\Database\\Query\\Builder->runSelect()
#14 D:\\1LuuDuLieuSV\\2001240399_TrinhHuuKienQuoc\\phplab\\buoi6\\Lab01_Framework\\vendor\\laravel\\framework\\src\\Illuminate\\Database\\Query\\Builder.php(2936): Illuminate\\Database\\Query\\Builder->Illuminate\\Database\\Query\\{closure}()
#15 D:\\1LuuDuLieuSV\\2001240399_TrinhHuuKienQuoc\\phplab\\buoi6\\Lab01_Framework\\vendor\\laravel\\framework\\src\\Illuminate\\Database\\Query\\Builder.php(2403): Illuminate\\Database\\Query\\Builder->onceWithColumns(Array, Object(Closure))
#16 D:\\1LuuDuLieuSV\\2001240399_TrinhHuuKienQuoc\\phplab\\buoi6\\Lab01_Framework\\vendor\\laravel\\framework\\src\\Illuminate\\Database\\Eloquent\\Builder.php(625): Illuminate\\Database\\Query\\Builder->get(Array)
#17 D:\\1LuuDuLieuSV\\2001240399_TrinhHuuKienQuoc\\phplab\\buoi6\\Lab01_Framework\\vendor\\laravel\\framework\\src\\Illuminate\\Database\\Eloquent\\Builder.php(609): Illuminate\\Database\\Eloquent\\Builder->getModels(Array)
#18 D:\\1LuuDuLieuSV\\2001240399_TrinhHuuKienQuoc\\phplab\\buoi6\\Lab01_Framework\\vendor\\laravel\\framework\\src\\Illuminate\\Database\\Concerns\\BuildsQueries.php(294): Illuminate\\Database\\Eloquent\\Builder->get(Array)
#19 D:\\1LuuDuLieuSV\\2001240399_TrinhHuuKienQuoc\\phplab\\buoi6\\Lab01_Framework\\vendor\\laravel\\framework\\src\\Illuminate\\Database\\Eloquent\\Builder.php(400): Illuminate\\Database\\Eloquent\\Builder->first(Array)
#20 D:\\1LuuDuLieuSV\\2001240399_TrinhHuuKienQuoc\\phplab\\buoi6\\Lab01_Framework\\vendor\\laravel\\framework\\src\\Illuminate\\Database\\Eloquent\\Builder.php(432): Illuminate\\Database\\Eloquent\\Builder->find('1', Array)
#21 D:\\1LuuDuLieuSV\\2001240399_TrinhHuuKienQuoc\\phplab\\buoi6\\Lab01_Framework\\vendor\\laravel\\framework\\src\\Illuminate\\Support\\Traits\\ForwardsCalls.php(23): Illuminate\\Database\\Eloquent\\Builder->findOrFail('1')
#22 D:\\1LuuDuLieuSV\\2001240399_TrinhHuuKienQuoc\\phplab\\buoi6\\Lab01_Framework\\vendor\\laravel\\framework\\src\\Illuminate\\Database\\Eloquent\\Model.php(2132): Illuminate\\Database\\Eloquent\\Model->forwardCallTo(Object(Illuminate\\Database\\Eloquent\\Builder), 'findOrFail', Array)
#23 D:\\1LuuDuLieuSV\\2001240399_TrinhHuuKienQuoc\\phplab\\buoi6\\Lab01_Framework\\vendor\\laravel\\framework\\src\\Illuminate\\Database\\Eloquent\\Model.php(2144): Illuminate\\Database\\Eloquent\\Model->__call('findOrFail', Array)
#24 D:\\1LuuDuLieuSV\\2001240399_TrinhHuuKienQuoc\\phplab\\buoi6\\Lab01_Framework\\app\\Http\\Controllers\\ArticleController.php(99): Illuminate\\Database\\Eloquent\\Model::__callStatic('findOrFail', Array)
#25 D:\\1LuuDuLieuSV\\2001240399_TrinhHuuKienQuoc\\phplab\\buoi6\\Lab01_Framework\\vendor\\laravel\\framework\\src\\Illuminate\\Routing\\Controller.php(54): App\\Http\\Controllers\\ArticleController->destroy('1')
#26 D:\\1LuuDuLieuSV\\2001240399_TrinhHuuKienQuoc\\phplab\\buoi6\\Lab01_Framework\\vendor\\laravel\\framework\\src\\Illuminate\\Routing\\ControllerDispatcher.php(45): Illuminate\\Routing\\Controller->callAction('destroy', Array)
#27 D:\\1LuuDuLieuSV\\2001240399_TrinhHuuKienQuoc\\phplab\\buoi6\\Lab01_Framework\\vendor\\laravel\\framework\\src\\Illuminate\\Routing\\Route.php(262): Illuminate\\Routing\\ControllerDispatcher->dispatch(Object(Illuminate\\Routing\\Route), Object(App\\Http\\Controllers\\ArticleController), 'destroy')
#28 D:\\1LuuDuLieuSV\\2001240399_TrinhHuuKienQuoc\\phplab\\buoi6\\Lab01_Framework\\vendor\\laravel\\framework\\src\\Illuminate\\Routing\\Route.php(205): Illuminate\\Routing\\Route->runController()
#29 D:\\1LuuDuLieuSV\\2001240399_TrinhHuuKienQuoc\\phplab\\buoi6\\Lab01_Framework\\vendor\\laravel\\framework\\src\\Illuminate\\Routing\\Router.php(721): Illuminate\\Routing\\Route->run()
#30 D:\\1LuuDuLieuSV\\2001240399_TrinhHuuKienQuoc\\phplab\\buoi6\\Lab01_Framework\\vendor\\laravel\\framework\\src\\Illuminate\\Pipeline\\Pipeline.php(128): Illuminate\\Routing\\Router->Illuminate\\Routing\\{closure}(Object(Illuminate\\Http\\Request))
#31 D:\\1LuuDuLieuSV\\2001240399_TrinhHuuKienQuoc\\phplab\\buoi6\\Lab01_Framework\\vendor\\laravel\\framework\\src\\Illuminate\\Routing\\Middleware\\SubstituteBindings.php(50): Illuminate\\Pipeline\\Pipeline->Illuminate\\Pipeline\\{closure}(Object(Illuminate\\Http\\Request))
#32 D:\\1LuuDuLieuSV\\2001240399_TrinhHuuKienQuoc\\phplab\\buoi6\\Lab01_Framework\\vendor\\laravel\\framework\\src\\Illuminate\\Pipeline\\Pipeline.php(167): Illuminate\\Routing\\Middleware\\SubstituteBindings->handle(Object(Illuminate\\Http\\Request), Object(Closure))
#33 D:\\1LuuDuLieuSV\\2001240399_TrinhHuuKienQuoc\\phplab\\buoi6\\Lab01_Framework\\vendor\\laravel\\framework\\src\\Illuminate\\Foundation\\Http\\Middleware\\VerifyCsrfToken.php(78): Illuminate\\Pipeline\\Pipeline->Illuminate\\Pipeline\\{closure}(Object(Illuminate\\Http\\Request))
#34 D:\\1LuuDuLieuSV\\2001240399_TrinhHuuKienQuoc\\phplab\\buoi6\\Lab01_Framework\\vendor\\laravel\\framework\\src\\Illuminate\\Pipeline\\Pipeline.php(167): Illuminate\\Foundation\\Http\\Middleware\\VerifyCsrfToken->handle(Object(Illuminate\\Http\\Request), Object(Closure))
#35 D:\\1LuuDuLieuSV\\2001240399_TrinhHuuKienQuoc\\phplab\\buoi6\\Lab01_Framework\\vendor\\laravel\\framework\\src\\Illuminate\\View\\Middleware\\ShareErrorsFromSession.php(49): Illuminate\\Pipeline\\Pipeline->Illuminate\\Pipeline\\{closure}(Object(Illuminate\\Http\\Request))
#36 D:\\1LuuDuLieuSV\\2001240399_TrinhHuuKienQuoc\\phplab\\buoi6\\Lab01_Framework\\vendor\\laravel\\framework\\src\\Illuminate\\Pipeline\\Pipeline.php(167): Illuminate\\View\\Middleware\\ShareErrorsFromSession->handle(Object(Illuminate\\Http\\Request), Object(Closure))
#37 D:\\1LuuDuLieuSV\\2001240399_TrinhHuuKienQuoc\\phplab\\buoi6\\Lab01_Framework\\vendor\\laravel\\framework\\src\\Illuminate\\Session\\Middleware\\StartSession.php(121): Illuminate\\Pipeline\\Pipeline->Illuminate\\Pipeline\\{closure}(Object(Illuminate\\Http\\Request))
#38 D:\\1LuuDuLieuSV\\2001240399_TrinhHuuKienQuoc\\phplab\\buoi6\\Lab01_Framework\\vendor\\laravel\\framework\\src\\Illuminate\\Session\\Middleware\\StartSession.php(64): Illuminate\\Session\\Middleware\\StartSession->handleStatefulRequest(Object(Illuminate\\Http\\Request), Object(Illuminate\\Session\\Store), Object(Closure))
#39 D:\\1LuuDuLieuSV\\2001240399_TrinhHuuKienQuoc\\phplab\\buoi6\\Lab01_Framework\\vendor\\laravel\\framework\\src\\Illuminate\\Pipeline\\Pipeline.php(167): Illuminate\\Session\\Middleware\\StartSession->handle(Object(Illuminate\\Http\\Request), Object(Closure))
#40 D:\\1LuuDuLieuSV\\2001240399_TrinhHuuKienQuoc\\phplab\\buoi6\\Lab01_Framework\\vendor\\laravel\\framework\\src\\Illuminate\\Cookie\\Middleware\\AddQueuedCookiesToResponse.php(37): Illuminate\\Pipeline\\Pipeline->Illuminate\\Pipeline\\{closure}(Object(Illuminate\\Http\\Request))
#41 D:\\1LuuDuLieuSV\\2001240399_TrinhHuuKienQuoc\\phplab\\buoi6\\Lab01_Framework\\vendor\\laravel\\framework\\src\\Illuminate\\Pipeline\\Pipeline.php(167): Illuminate\\Cookie\\Middleware\\AddQueuedCookiesToResponse->handle(Object(Illuminate\\Http\\Request), Object(Closure))
#42 D:\\1LuuDuLieuSV\\2001240399_TrinhHuuKienQuoc\\phplab\\buoi6\\Lab01_Framework\\vendor\\laravel\\framework\\src\\Illuminate\\Cookie\\Middleware\\EncryptCookies.php(67): Illuminate\\Pipeline\\Pipeline->Illuminate\\Pipeline\\{closure}(Object(Illuminate\\Http\\Request))
#43 D:\\1LuuDuLieuSV\\2001240399_TrinhHuuKienQuoc\\phplab\\buoi6\\Lab01_Framework\\vendor\\laravel\\framework\\src\\Illuminate\\Pipeline\\Pipeline.php(167): Illuminate\\Cookie\\Middleware\\EncryptCookies->handle(Object(Illuminate\\Http\\Request), Object(Closure))
#44 D:\\1LuuDuLieuSV\\2001240399_TrinhHuuKienQuoc\\phplab\\buoi6\\Lab01_Framework\\vendor\\laravel\\framework\\src\\Illuminate\\Pipeline\\Pipeline.php(103): Illuminate\\Pipeline\\Pipeline->Illuminate\\Pipeline\\{closure}(Object(Illuminate\\Http\\Request))
#45 D:\\1LuuDuLieuSV\\2001240399_TrinhHuuKienQuoc\\phplab\\buoi6\\Lab01_Framework\\vendor\\laravel\\framework\\src\\Illuminate\\Routing\\Router.php(723): Illuminate\\Pipeline\\Pipeline->then(Object(Closure))
#46 D:\\1LuuDuLieuSV\\2001240399_TrinhHuuKienQuoc\\phplab\\buoi6\\Lab01_Framework\\vendor\\laravel\\framework\\src\\Illuminate\\Routing\\Router.php(698): Illuminate\\Routing\\Router->runRouteWithinStack(Object(Illuminate\\Routing\\Route), Object(Illuminate\\Http\\Request))
#47 D:\\1LuuDuLieuSV\\2001240399_TrinhHuuKienQuoc\\phplab\\buoi6\\Lab01_Framework\\vendor\\laravel\\framework\\src\\Illuminate\\Routing\\Router.php(662): Illuminate\\Routing\\Router->runRoute(Object(Illuminate\\Http\\Request), Object(Illuminate\\Routing\\Route))
#48 D:\\1LuuDuLieuSV\\2001240399_TrinhHuuKienQuoc\\phplab\\buoi6\\Lab01_Framework\\vendor\\laravel\\framework\\src\\Illuminate\\Routing\\Router.php(651): Illuminate\\Routing\\Router->dispatchToRoute(Object(Illuminate\\Http\\Request))
#49 D:\\1LuuDuLieuSV\\2001240399_TrinhHuuKienQuoc\\phplab\\buoi6\\Lab01_Framework\\vendor\\laravel\\framework\\src\\Illuminate\\Foundation\\Http\\Kernel.php(167): Illuminate\\Routing\\Router->dispatch(Object(Illuminate\\Http\\Request))
#50 D:\\1LuuDuLieuSV\\2001240399_TrinhHuuKienQuoc\\phplab\\buoi6\\Lab01_Framework\\vendor\\laravel\\framework\\src\\Illuminate\\Pipeline\\Pipeline.php(128): Illuminate\\Foundation\\Http\\Kernel->Illuminate\\Foundation\\Http\\{closure}(Object(Illuminate\\Http\\Request))
#51 D:\\1LuuDuLieuSV\\2001240399_TrinhHuuKienQuoc\\phplab\\buoi6\\Lab01_Framework\\vendor\\laravel\\framework\\src\\Illuminate\\Foundation\\Http\\Middleware\\TransformsRequest.php(21): Illuminate\\Pipeline\\Pipeline->Illuminate\\Pipeline\\{closure}(Object(Illuminate\\Http\\Request))
#52 D:\\1LuuDuLieuSV\\2001240399_TrinhHuuKienQuoc\\phplab\\buoi6\\Lab01_Framework\\vendor\\laravel\\framework\\src\\Illuminate\\Foundation\\Http\\Middleware\\ConvertEmptyStringsToNull.php(31): Illuminate\\Foundation\\Http\\Middleware\\TransformsRequest->handle(Object(Illuminate\\Http\\Request), Object(Closure))
#53 D:\\1LuuDuLieuSV\\2001240399_TrinhHuuKienQuoc\\phplab\\buoi6\\Lab01_Framework\\vendor\\laravel\\framework\\src\\Illuminate\\Pipeline\\Pipeline.php(167): Illuminate\\Foundation\\Http\\Middleware\\ConvertEmptyStringsToNull->handle(Object(Illuminate\\Http\\Request), Object(Closure))
#54 D:\\1LuuDuLieuSV\\2001240399_TrinhHuuKienQuoc\\phplab\\buoi6\\Lab01_Framework\\vendor\\laravel\\framework\\src\\Illuminate\\Foundation\\Http\\Middleware\\TransformsRequest.php(21): Illuminate\\Pipeline\\Pipeline->Illuminate\\Pipeline\\{closure}(Object(Illuminate\\Http\\Request))
#55 D:\\1LuuDuLieuSV\\2001240399_TrinhHuuKienQuoc\\phplab\\buoi6\\Lab01_Framework\\vendor\\laravel\\framework\\src\\Illuminate\\Foundation\\Http\\Middleware\\TrimStrings.php(40): Illuminate\\Foundation\\Http\\Middleware\\TransformsRequest->handle(Object(Illuminate\\Http\\Request), Object(Closure))
#56 D:\\1LuuDuLieuSV\\2001240399_TrinhHuuKienQuoc\\phplab\\buoi6\\Lab01_Framework\\vendor\\laravel\\framework\\src\\Illuminate\\Pipeline\\Pipeline.php(167): Illuminate\\Foundation\\Http\\Middleware\\TrimStrings->handle(Object(Illuminate\\Http\\Request), Object(Closure))
#57 D:\\1LuuDuLieuSV\\2001240399_TrinhHuuKienQuoc\\phplab\\buoi6\\Lab01_Framework\\vendor\\laravel\\framework\\src\\Illuminate\\Foundation\\Http\\Middleware\\ValidatePostSize.php(27): Illuminate\\Pipeline\\Pipeline->Illuminate\\Pipeline\\{closure}(Object(Illuminate\\Http\\Request))
#58 D:\\1LuuDuLieuSV\\2001240399_TrinhHuuKienQuoc\\phplab\\buoi6\\Lab01_Framework\\vendor\\laravel\\framework\\src\\Illuminate\\Pipeline\\Pipeline.php(167): Illuminate\\Foundation\\Http\\Middleware\\ValidatePostSize->handle(Object(Illuminate\\Http\\Request), Object(Closure))
#59 D:\\1LuuDuLieuSV\\2001240399_TrinhHuuKienQuoc\\phplab\\buoi6\\Lab01_Framework\\vendor\\laravel\\framework\\src\\Illuminate\\Foundation\\Http\\Middleware\\PreventRequestsDuringMaintenance.php(86): Illuminate\\Pipeline\\Pipeline->Illuminate\\Pipeline\\{closure}(Object(Illuminate\\Http\\Request))
#60 D:\\1LuuDuLieuSV\\2001240399_TrinhHuuKienQuoc\\phplab\\buoi6\\Lab01_Framework\\vendor\\laravel\\framework\\src\\Illuminate\\Pipeline\\Pipeline.php(167): Illuminate\\Foundation\\Http\\Middleware\\PreventRequestsDuringMaintenance->handle(Object(Illuminate\\Http\\Request), Object(Closure))
#61 D:\\1LuuDuLieuSV\\2001240399_TrinhHuuKienQuoc\\phplab\\buoi6\\Lab01_Framework\\vendor\\fruitcake\\laravel-cors\\src\\HandleCors.php(38): Illuminate\\Pipeline\\Pipeline->Illuminate\\Pipeline\\{closure}(Object(Illuminate\\Http\\Request))
#62 D:\\1LuuDuLieuSV\\2001240399_TrinhHuuKienQuoc\\phplab\\buoi6\\Lab01_Framework\\vendor\\laravel\\framework\\src\\Illuminate\\Pipeline\\Pipeline.php(167): Fruitcake\\Cors\\HandleCors->handle(Object(Illuminate\\Http\\Request), Object(Closure))
#63 D:\\1LuuDuLieuSV\\2001240399_TrinhHuuKienQuoc\\phplab\\buoi6\\Lab01_Framework\\vendor\\laravel\\framework\\src\\Illuminate\\Http\\Middleware\\TrustProxies.php(39): Illuminate\\Pipeline\\Pipeline->Illuminate\\Pipeline\\{closure}(Object(Illuminate\\Http\\Request))
#64 D:\\1LuuDuLieuSV\\2001240399_TrinhHuuKienQuoc\\phplab\\buoi6\\Lab01_Framework\\vendor\\laravel\\framework\\src\\Illuminate\\Pipeline\\Pipeline.php(167): Illuminate\\Http\\Middleware\\TrustProxies->handle(Object(Illuminate\\Http\\Request), Object(Closure))
#65 D:\\1LuuDuLieuSV\\2001240399_TrinhHuuKienQuoc\\phplab\\buoi6\\Lab01_Framework\\vendor\\laravel\\framework\\src\\Illuminate\\Pipeline\\Pipeline.php(103): Illuminate\\Pipeline\\Pipeline->Illuminate\\Pipeline\\{closure}(Object(Illuminate\\Http\\Request))
#66 D:\\1LuuDuLieuSV\\2001240399_TrinhHuuKienQuoc\\phplab\\buoi6\\Lab01_Framework\\vendor\\laravel\\framework\\src\\Illuminate\\Foundation\\Http\\Kernel.php(142): Illuminate\\Pipeline\\Pipeline->then(Object(Closure))
#67 D:\\1LuuDuLieuSV\\2001240399_TrinhHuuKienQuoc\\phplab\\buoi6\\Lab01_Framework\\vendor\\laravel\\framework\\src\\Illuminate\\Foundation\\Http\\Kernel.php(111): Illuminate\\Foundation\\Http\\Kernel->sendRequestThroughRouter(Object(Illuminate\\Http\\Request))
#68 D:\\1LuuDuLieuSV\\2001240399_TrinhHuuKienQuoc\\phplab\\buoi6\\Lab01_Framework\\public\\index.php(52): Illuminate\\Foundation\\Http\\Kernel->handle(Object(Illuminate\\Http\\Request))
#69 D:\\1LuuDuLieuSV\\2001240399_TrinhHuuKienQuoc\\phplab\\buoi6\\Lab01_Framework\\server.php(21): require_once('D:\\\\1LuuDuLieuSV...')
#70 {main}
"} 
[2026-09-21 08:42:54] local.ERROR: SQLSTATE[HY000] [2002] No connection could be made because the target machine actively refused it.
 (SQL: select * from `articles` where `articles`.`id` = 1 limit 1) {"exception":"[object] (Illuminate\\Database\\QueryException(code: 2002): SQLSTATE[HY000] [2002] No connection could be made because the target machine actively refused it.

 (SQL: select * from `articles` where `articles`.`id` = 1 limit 1) at D:\\1LuuDuLieuSV\\2001240399_TrinhHuuKienQuoc\\phplab\\buoi6\\Lab01_Framework\\vendor\\laravel\\framework\\src\\Illuminate\\Database\\Connection.php:712)
[stacktrace]
#0 D:\\1LuuDuLieuSV\\2001240399_TrinhHuuKienQuoc\\phplab\\buoi6\\Lab01_Framework\\vendor\\laravel\\framework\\src\\Illuminate\\Database\\Connection.php(672): Illuminate\\Database\\Connection->runQueryCallback('select * from `...', Array, Object(Closure))
#1 D:\\1LuuDuLieuSV\\2001240399_TrinhHuuKienQuoc\\phplab\\buoi6\\Lab01_Framework\\vendor\\laravel\\framework\\src\\Illuminate\\Database\\Connection.php(376): Illuminate\\Database\\Connection->run('select * from `...', Array, Object(Closure))
#2 D:\\1LuuDuLieuSV\\2001240399_TrinhHuuKienQuoc\\phplab\\buoi6\\Lab01_Framework\\vendor\\laravel\\framework\\src\\Illuminate\\Database\\Query\\Builder.php(2414): Illuminate\\Database\\Connection->select('select * from `...', Array, true)
#3 D:\\1LuuDuLieuSV\\2001240399_TrinhHuuKienQuoc\\phplab\\buoi6\\Lab01_Framework\\vendor\\laravel\\framework\\src\\Illuminate\\Database\\Query\\Builder.php(2402): Illuminate\\Database\\Query\\Builder->runSelect()
#4 D:\\1LuuDuLieuSV\\2001240399_TrinhHuuKienQuoc\\phplab\\buoi6\\Lab01_Framework\\vendor\\laravel\\framework\\src\\Illuminate\\Database\\Query\\Builder.php(2936): Illuminate\\Database\\Query\\Builder->Illuminate\\Database\\Query\\{closure}()
#5 D:\\1LuuDuLieuSV\\2001240399_TrinhHuuKienQuoc\\phplab\\buoi6\\Lab01_Framework\\vendor\\laravel\\framework\\src\\Illuminate\\Database\\Query\\Builder.php(2403): Illuminate\\Database\\Query\\Builder->onceWithColumns(Array, Object(Closure))
#6 D:\\1LuuDuLieuSV\\2001240399_TrinhHuuKienQuoc\\phplab\\buoi6\\Lab01_Framework\\vendor\\laravel\\framework\\src\\Illuminate\\Database\\Eloquent\\Builder.php(625): Illuminate\\Database\\Query\\Builder->get(Array)
#7 D:\\1LuuDuLieuSV\\2001240399_TrinhHuuKienQuoc\\phplab\\buoi6\\Lab01_Framework\\vendor\\laravel\\framework\\src\\Illuminate\\Database\\Eloquent\\Builder.php(609): Illuminate\\Database\\Eloquent\\Builder->getModels(Array)
#8 D:\\1LuuDuLieuSV\\2001240399_TrinhHuuKienQuoc\\phplab\\buoi6\\Lab01_Framework\\vendor\\laravel\\framework\\src\\Illuminate\\Database\\Concerns\\BuildsQueries.php(294): Illuminate\\Database\\Eloquent\\Builder->get(Array)
#9 D:\\1LuuDuLieuSV\\2001240399_TrinhHuuKienQuoc\\phplab\\buoi6\\Lab01_Framework\\vendor\\laravel\\framework\\src\\Illuminate\\Database\\Eloquent\\Builder.php(400): Illuminate\\Database\\Eloquent\\Builder->first(Array)
#10 D:\\1LuuDuLieuSV\\2001240399_TrinhHuuKienQuoc\\phplab\\buoi6\\Lab01_Framework\\vendor\\laravel\\framework\\src\\Illuminate\\Database\\Eloquent\\Builder.php(432): Illuminate\\Database\\Eloquent\\Builder->find('1', Array)
#11 D:\\1LuuDuLieuSV\\2001240399_TrinhHuuKienQuoc\\phplab\\buoi6\\Lab01_Framework\\vendor\\laravel\\framework\\src\\Illuminate\\Support\\Traits\\ForwardsCalls.php(23): Illuminate\\Database\\Eloquent\\Builder->findOrFail('1')
#12 D:\\1LuuDuLieuSV\\2001240399_TrinhHuuKienQuoc\\phplab\\buoi6\\Lab01_Framework\\vendor\\laravel\\framework\\src\\Illuminate\\Database\\Eloquent\\Model.php(2132): Illuminate\\Database\\Eloquent\\Model->forwardCallTo(Object(Illuminate\\Database\\Eloquent\\Builder), 'findOrFail', Array)
#13 D:\\1LuuDuLieuSV\\2001240399_TrinhHuuKienQuoc\\phplab\\buoi6\\Lab01_Framework\\vendor\\laravel\\framework\\src\\Illuminate\\Database\\Eloquent\\Model.php(2144): Illuminate\\Database\\Eloquent\\Model->__call('findOrFail', Array)
#14 D:\\1LuuDuLieuSV\\2001240399_TrinhHuuKienQuoc\\phplab\\buoi6\\Lab01_Framework\\app\\Http\\Controllers\\ArticleController.php(99): Illuminate\\Database\\Eloquent\\Model::__callStatic('findOrFail', Array)
#15 D:\\1LuuDuLieuSV\\2001240399_TrinhHuuKienQuoc\\phplab\\buoi6\\Lab01_Framework\\vendor\\laravel\\framework\\src\\Illuminate\\Routing\\Controller.php(54): App\\Http\\Controllers\\ArticleController->destroy('1')
#16 D:\\1LuuDuLieuSV\\2001240399_TrinhHuuKienQuoc\\phplab\\buoi6\\Lab01_Framework\\vendor\\laravel\\framework\\src\\Illuminate\\Routing\\ControllerDispatcher.php(45): Illuminate\\Routing\\Controller->callAction('destroy', Array)
#17 D:\\1LuuDuLieuSV\\2001240399_TrinhHuuKienQuoc\\phplab\\buoi6\\Lab01_Framework\\vendor\\laravel\\framework\\src\\Illuminate\\Routing\\Route.php(262): Illuminate\\Routing\\ControllerDispatcher->dispatch(Object(Illuminate\\Routing\\Route), Object(App\\Http\\Controllers\\ArticleController), 'destroy')
#18 D:\\1LuuDuLieuSV\\2001240399_TrinhHuuKienQuoc\\phplab\\buoi6\\Lab01_Framework\\vendor\\laravel\\framework\\src\\Illuminate\\Routing\\Route.php(205): Illuminate\\Routing\\Route->runController()
#19 D:\\1LuuDuLieuSV\\2001240399_TrinhHuuKienQuoc\\phplab\\buoi6\\Lab01_Framework\\vendor\\laravel\\framework\\src\\Illuminate\\Routing\\Router.php(721): Illuminate\\Routing\\Route->run()
#20 D:\\1LuuDuLieuSV\\2001240399_TrinhHuuKienQuoc\\phplab\\buoi6\\Lab01_Framework\\vendor\\laravel\\framework\\src\\Illuminate\\Pipeline\\Pipeline.php(128): Illuminate\\Routing\\Router->Illuminate\\Routing\\{closure}(Object(Illuminate\\Http\\Request))
#21 D:\\1LuuDuLieuSV\\2001240399_TrinhHuuKienQuoc\\phplab\\buoi6\\Lab01_Framework\\vendor\\laravel\\framework\\src\\Illuminate\\Routing\\Middleware\\SubstituteBindings.php(50): Illuminate\\Pipeline\\Pipeline->Illuminate\\Pipeline\\{closure}(Object(Illuminate\\Http\\Request))
#22 D:\\1LuuDuLieuSV\\2001240399_TrinhHuuKienQuoc\\phplab\\buoi6\\Lab01_Framework\\vendor\\laravel\\framework\\src\\Illuminate\\Pipeline\\Pipeline.php(167): Illuminate\\Routing\\Middleware\\SubstituteBindings->handle(Object(Illuminate\\Http\\Request), Object(Closure))
#23 D:\\1LuuDuLieuSV\\2001240399_TrinhHuuKienQuoc\\phplab\\buoi6\\Lab01_Framework\\vendor\\laravel\\framework\\src\\Illuminate\\Foundation\\Http\\Middleware\\VerifyCsrfToken.php(78): Illuminate\\Pipeline\\Pipeline->Illuminate\\Pipeline\\{closure}(Object(Illuminate\\Http\\Request))
#24 D:\\1LuuDuLieuSV\\2001240399_TrinhHuuKienQuoc\\phplab\\buoi6\\Lab01_Framework\\vendor\\laravel\\framework\\src\\Illuminate\\Pipeline\\Pipeline.php(167): Illuminate\\Foundation\\Http\\Middleware\\VerifyCsrfToken->handle(Object(Illuminate\\Http\\Request), Object(Closure))
#25 D:\\1LuuDuLieuSV\\2001240399_TrinhHuuKienQuoc\\phplab\\buoi6\\Lab01_Framework\\vendor\\laravel\\framework\\src\\Illuminate\\View\\Middleware\\ShareErrorsFromSession.php(49): Illuminate\\Pipeline\\Pipeline->Illuminate\\Pipeline\\{closure}(Object(Illuminate\\Http\\Request))
#26 D:\\1LuuDuLieuSV\\2001240399_TrinhHuuKienQuoc\\phplab\\buoi6\\Lab01_Framework\\vendor\\laravel\\framework\\src\\Illuminate\\Pipeline\\Pipeline.php(167): Illuminate\\View\\Middleware\\ShareErrorsFromSession->handle(Object(Illuminate\\Http\\Request), Object(Closure))
#27 D:\\1LuuDuLieuSV\\2001240399_TrinhHuuKienQuoc\\phplab\\buoi6\\Lab01_Framework\\vendor\\laravel\\framework\\src\\Illuminate\\Session\\Middleware\\StartSession.php(121): Illuminate\\Pipeline\\Pipeline->Illuminate\\Pipeline\\{closure}(Object(Illuminate\\Http\\Request))
#28 D:\\1LuuDuLieuSV\\2001240399_TrinhHuuKienQuoc\\phplab\\buoi6\\Lab01_Framework\\vendor\\laravel\\framework\\src\\Illuminate\\Session\\Middleware\\StartSession.php(64): Illuminate\\Session\\Middleware\\StartSession->handleStatefulRequest(Object(Illuminate\\Http\\Request), Object(Illuminate\\Session\\Store), Object(Closure))
#29 D:\\1LuuDuLieuSV\\2001240399_TrinhHuuKienQuoc\\phplab\\buoi6\\Lab01_Framework\\vendor\\laravel\\framework\\src\\Illuminate\\Pipeline\\Pipeline.php(167): Illuminate\\Session\\Middleware\\StartSession->handle(Object(Illuminate\\Http\\Request), Object(Closure))
#30 D:\\1LuuDuLieuSV\\2001240399_TrinhHuuKienQuoc\\phplab\\buoi6\\Lab01_Framework\\vendor\\laravel\\framework\\src\\Illuminate\\Cookie\\Middleware\\AddQueuedCookiesToResponse.php(37): Illuminate\\Pipeline\\Pipeline->Illuminate\\Pipeline\\{closure}(Object(Illuminate\\Http\\Request))
#31 D:\\1LuuDuLieuSV\\2001240399_TrinhHuuKienQuoc\\phplab\\buoi6\\Lab01_Framework\\vendor\\laravel\\framework\\src\\Illuminate\\Pipeline\\Pipeline.php(167): Illuminate\\Cookie\\Middleware\\AddQueuedCookiesToResponse->handle(Object(Illuminate\\Http\\Request), Object(Closure))
#32 D:\\1LuuDuLieuSV\\2001240399_TrinhHuuKienQuoc\\phplab\\buoi6\\Lab01_Framework\\vendor\\laravel\\framework\\src\\Illuminate\\Cookie\\Middleware\\EncryptCookies.php(67): Illuminate\\Pipeline\\Pipeline->Illuminate\\Pipeline\\{closure}(Object(Illuminate\\Http\\Request))
#33 D:\\1LuuDuLieuSV\\2001240399_TrinhHuuKienQuoc\\phplab\\buoi6\\Lab01_Framework\\vendor\\laravel\\framework\\src\\Illuminate\\Pipeline\\Pipeline.php(167): Illuminate\\Cookie\\Middleware\\EncryptCookies->handle(Object(Illuminate\\Http\\Request), Object(Closure))
#34 D:\\1LuuDuLieuSV\\2001240399_TrinhHuuKienQuoc\\phplab\\buoi6\\Lab01_Framework\\vendor\\laravel\\framework\\src\\Illuminate\\Pipeline\\Pipeline.php(103): Illuminate\\Pipeline\\Pipeline->Illuminate\\Pipeline\\{closure}(Object(Illuminate\\Http\\Request))
#35 D:\\1LuuDuLieuSV\\2001240399_TrinhHuuKienQuoc\\phplab\\buoi6\\Lab01_Framework\\vendor\\laravel\\framework\\src\\Illuminate\\Routing\\Router.php(723): Illuminate\\Pipeline\\Pipeline->then(Object(Closure))
#36 D:\\1LuuDuLieuSV\\2001240399_TrinhHuuKienQuoc\\phplab\\buoi6\\Lab01_Framework\\vendor\\laravel\\framework\\src\\Illuminate\\Routing\\Router.php(698): Illuminate\\Routing\\Router->runRouteWithinStack(Object(Illuminate\\Routing\\Route), Object(Illuminate\\Http\\Request))
#37 D:\\1LuuDuLieuSV\\2001240399_TrinhHuuKienQuoc\\phplab\\buoi6\\Lab01_Framework\\vendor\\laravel\\framework\\src\\Illuminate\\Routing\\Router.php(662): Illuminate\\Routing\\Router->runRoute(Object(Illuminate\\Http\\Request), Object(Illuminate\\Routing\\Route))
#38 D:\\1LuuDuLieuSV\\2001240399_TrinhHuuKienQuoc\\phplab\\buoi6\\Lab01_Framework\\vendor\\laravel\\framework\\src\\Illuminate\\Routing\\Router.php(651): Illuminate\\Routing\\Router->dispatchToRoute(Object(Illuminate\\Http\\Request))
#39 D:\\1LuuDuLieuSV\\2001240399_TrinhHuuKienQuoc\\phplab\\buoi6\\Lab01_Framework\\vendor\\laravel\\framework\\src\\Illuminate\\Foundation\\Http\\Kernel.php(167): Illuminate\\Routing\\Router->dispatch(Object(Illuminate\\Http\\Request))
#40 D:\\1LuuDuLieuSV\\2001240399_TrinhHuuKienQuoc\\phplab\\buoi6\\Lab01_Framework\\vendor\\laravel\\framework\\src\\Illuminate\\Pipeline\\Pipeline.php(128): Illuminate\\Foundation\\Http\\Kernel->Illuminate\\Foundation\\Http\\{closure}(Object(Illuminate\\Http\\Request))
#41 D:\\1LuuDuLieuSV\\2001240399_TrinhHuuKienQuoc\\phplab\\buoi6\\Lab01_Framework\\vendor\\laravel\\framework\\src\\Illuminate\\Foundation\\Http\\Middleware\\TransformsRequest.php(21): Illuminate\\Pipeline\\Pipeline->Illuminate\\Pipeline\\{closure}(Object(Illuminate\\Http\\Request))
#42 D:\\1LuuDuLieuSV\\2001240399_TrinhHuuKienQuoc\\phplab\\buoi6\\Lab01_Framework\\vendor\\laravel\\framework\\src\\Illuminate\\Foundation\\Http\\Middleware\\ConvertEmptyStringsToNull.php(31): Illuminate\\Foundation\\Http\\Middleware\\TransformsRequest->handle(Object(Illuminate\\Http\\Request), Object(Closure))
#43 D:\\1LuuDuLieuSV\\2001240399_TrinhHuuKienQuoc\\phplab\\buoi6\\Lab01_Framework\\vendor\\laravel\\framework\\src\\Illuminate\\Pipeline\\Pipeline.php(167): Illuminate\\Foundation\\Http\\Middleware\\ConvertEmptyStringsToNull->handle(Object(Illuminate\\Http\\Request), Object(Closure))
#44 D:\\1LuuDuLieuSV\\2001240399_TrinhHuuKienQuoc\\phplab\\buoi6\\Lab01_Framework\\vendor\\laravel\\framework\\src\\Illuminate\\Foundation\\Http\\Middleware\\TransformsRequest.php(21): Illuminate\\Pipeline\\Pipeline->Illuminate\\Pipeline\\{closure}(Object(Illuminate\\Http\\Request))
#45 D:\\1LuuDuLieuSV\\2001240399_TrinhHuuKienQuoc\\phplab\\buoi6\\Lab01_Framework\\vendor\\laravel\\framework\\src\\Illuminate\\Foundation\\Http\\Middleware\\TrimStrings.php(40): Illuminate\\Foundation\\Http\\Middleware\\TransformsRequest->handle(Object(Illuminate\\Http\\Request), Object(Closure))
#46 D:\\1LuuDuLieuSV\\2001240399_TrinhHuuKienQuoc\\phplab\\buoi6\\Lab01_Framework\\vendor\\laravel\\framework\\src\\Illuminate\\Pipeline\\Pipeline.php(167): Illuminate\\Foundation\\Http\\Middleware\\TrimStrings->handle(Object(Illuminate\\Http\\Request), Object(Closure))
#47 D:\\1LuuDuLieuSV\\2001240399_TrinhHuuKienQuoc\\phplab\\buoi6\\Lab01_Framework\\vendor\\laravel\\framework\\src\\Illuminate\\Foundation\\Http\\Middleware\\ValidatePostSize.php(27): Illuminate\\Pipeline\\Pipeline->Illuminate\\Pipeline\\{closure}(Object(Illuminate\\Http\\Request))
#48 D:\\1LuuDuLieuSV\\2001240399_TrinhHuuKienQuoc\\phplab\\buoi6\\Lab01_Framework\\vendor\\laravel\\framework\\src\\Illuminate\\Pipeline\\Pipeline.php(167): Illuminate\\Foundation\\Http\\Middleware\\ValidatePostSize->handle(Object(Illuminate\\Http\\Request), Object(Closure))
#49 D:\\1LuuDuLieuSV\\2001240399_TrinhHuuKienQuoc\\phplab\\buoi6\\Lab01_Framework\\vendor\\laravel\\framework\\src\\Illuminate\\Foundation\\Http\\Middleware\\PreventRequestsDuringMaintenance.php(86): Illuminate\\Pipeline\\Pipeline->Illuminate\\Pipeline\\{closure}(Object(Illuminate\\Http\\Request))
#50 D:\\1LuuDuLieuSV\\2001240399_TrinhHuuKienQuoc\\phplab\\buoi6\\Lab01_Framework\\vendor\\laravel\\framework\\src\\Illuminate\\Pipeline\\Pipeline.php(167): Illuminate\\Foundation\\Http\\Middleware\\PreventRequestsDuringMaintenance->handle(Object(Illuminate\\Http\\Request), Object(Closure))
#51 D:\\1LuuDuLieuSV\\2001240399_TrinhHuuKienQuoc\\phplab\\buoi6\\Lab01_Framework\\vendor\\fruitcake\\laravel-cors\\src\\HandleCors.php(38): Illuminate\\Pipeline\\Pipeline->Illuminate\\Pipeline\\{closure}(Object(Illuminate\\Http\\Request))
#52 D:\\1LuuDuLieuSV\\2001240399_TrinhHuuKienQuoc\\phplab\\buoi6\\Lab01_Framework\\vendor\\laravel\\framework\\src\\Illuminate\\Pipeline\\Pipeline.php(167): Fruitcake\\Cors\\HandleCors->handle(Object(Illuminate\\Http\\Request), Object(Closure))
#53 D:\\1LuuDuLieuSV\\2001240399_TrinhHuuKienQuoc\\phplab\\buoi6\\Lab01_Framework\\vendor\\laravel\\framework\\src\\Illuminate\\Http\\Middleware\\TrustProxies.php(39): Illuminate\\Pipeline\\Pipeline->Illuminate\\Pipeline\\{closure}(Object(Illuminate\\Http\\Request))
#54 D:\\1LuuDuLieuSV\\2001240399_TrinhHuuKienQuoc\\phplab\\buoi6\\Lab01_Framework\\vendor\\laravel\\framework\\src\\Illuminate\\Pipeline\\Pipeline.php(167): Illuminate\\Http\\Middleware\\TrustProxies->handle(Object(Illuminate\\Http\\Request), Object(Closure))
#55 D:\\1LuuDuLieuSV\\2001240399_TrinhHuuKienQuoc\\phplab\\buoi6\\Lab01_Framework\\vendor\\laravel\\framework\\src\\Illuminate\\Pipeline\\Pipeline.php(103): Illuminate\\Pipeline\\Pipeline->Illuminate\\Pipeline\\{closure}(Object(Illuminate\\Http\\Request))
#56 D:\\1LuuDuLieuSV\\2001240399_TrinhHuuKienQuoc\\phplab\\buoi6\\Lab01_Framework\\vendor\\laravel\\framework\\src\\Illuminate\\Foundation\\Http\\Kernel.php(142): Illuminate\\Pipeline\\Pipeline->then(Object(Closure))
#57 D:\\1LuuDuLieuSV\\2001240399_TrinhHuuKienQuoc\\phplab\\buoi6\\Lab01_Framework\\vendor\\laravel\\framework\\src\\Illuminate\\Foundation\\Http\\Kernel.php(111): Illuminate\\Foundation\\Http\\Kernel->sendRequestThroughRouter(Object(Illuminate\\Http\\Request))
#58 D:\\1LuuDuLieuSV\\2001240399_TrinhHuuKienQuoc\\phplab\\buoi6\\Lab01_Framework\\public\\index.php(52): Illuminate\\Foundation\\Http\\Kernel->handle(Object(Illuminate\\Http\\Request))
#59 D:\\1LuuDuLieuSV\\2001240399_TrinhHuuKienQuoc\\phplab\\buoi6\\Lab01_Framework\\server.php(21): require_once('D:\\\\1LuuDuLieuSV...')
#60 {main}

[previous exception] [object] (PDOException(code: 2002): SQLSTATE[HY000] [2002] No connection could be made because the target machine actively refused it.

 at D:\\1LuuDuLieuSV\\2001240399_TrinhHuuKienQuoc\\phplab\\buoi6\\Lab01_Framework\\vendor\\laravel\\framework\\src\\Illuminate\\Database\\Connectors\\Connector.php:70)
[stacktrace]
#0 D:\\1LuuDuLieuSV\\2001240399_TrinhHuuKienQuoc\\phplab\\buoi6\\Lab01_Framework\\vendor\\laravel\\framework\\src\\Illuminate\\Database\\Connectors\\Connector.php(70): PDO->__construct('mysql:host=127....', 'root', '', Array)
#1 D:\\1LuuDuLieuSV\\2001240399_TrinhHuuKienQuoc\\phplab\\buoi6\\Lab01_Framework\\vendor\\laravel\\framework\\src\\Illuminate\\Database\\Connectors\\Connector.php(46): Illuminate\\Database\\Connectors\\Connector->createPdoConnection('mysql:host=127....', 'root', '', Array)
#2 D:\\1LuuDuLieuSV\\2001240399_TrinhHuuKienQuoc\\phplab\\buoi6\\Lab01_Framework\\vendor\\laravel\\framework\\src\\Illuminate\\Database\\Connectors\\MySqlConnector.php(24): Illuminate\\Database\\Connectors\\Connector->createConnection('mysql:host=127....', Array, Array)
#3 D:\\1LuuDuLieuSV\\2001240399_TrinhHuuKienQuoc\\phplab\\buoi6\\Lab01_Framework\\vendor\\laravel\\framework\\src\\Illuminate\\Database\\Connectors\\ConnectionFactory.php(184): Illuminate\\Database\\Connectors\\MySqlConnector->connect(Array)
#4 [internal function]: Illuminate\\Database\\Connectors\\ConnectionFactory->Illuminate\\Database\\Connectors\\{closure}()
#5 D:\\1LuuDuLieuSV\\2001240399_TrinhHuuKienQuoc\\phplab\\buoi6\\Lab01_Framework\\vendor\\laravel\\framework\\src\\Illuminate\\Database\\Connection.php(1064): call_user_func(Object(Closure))
#6 D:\\1LuuDuLieuSV\\2001240399_TrinhHuuKienQuoc\\phplab\\buoi6\\Lab01_Framework\\vendor\\laravel\\framework\\src\\Illuminate\\Database\\Connection.php(1100): Illuminate\\Database\\Connection->getPdo()
#7 D:\\1LuuDuLieuSV\\2001240399_TrinhHuuKienQuoc\\phplab\\buoi6\\Lab01_Framework\\vendor\\laravel\\framework\\src\\Illuminate\\Database\\Connection.php(442): Illuminate\\Database\\Connection->getReadPdo()
#8 D:\\1LuuDuLieuSV\\2001240399_TrinhHuuKienQuoc\\phplab\\buoi6\\Lab01_Framework\\vendor\\laravel\\framework\\src\\Illuminate\\Database\\Connection.php(368): Illuminate\\Database\\Connection->getPdoForSelect(true)
#9 D:\\1LuuDuLieuSV\\2001240399_TrinhHuuKienQuoc\\phplab\\buoi6\\Lab01_Framework\\vendor\\laravel\\framework\\src\\Illuminate\\Database\\Connection.php(705): Illuminate\\Database\\Connection->Illuminate\\Database\\{closure}('select * from `...', Array)
#10 D:\\1LuuDuLieuSV\\2001240399_TrinhHuuKienQuoc\\phplab\\buoi6\\Lab01_Framework\\vendor\\laravel\\framework\\src\\Illuminate\\Database\\Connection.php(672): Illuminate\\Database\\Connection->runQueryCallback('select * from `...', Array, Object(Closure))
#11 D:\\1LuuDuLieuSV\\2001240399_TrinhHuuKienQuoc\\phplab\\buoi6\\Lab01_Framework\\vendor\\laravel\\framework\\src\\Illuminate\\Database\\Connection.php(376): Illuminate\\Database\\Connection->run('select * from `...', Array, Object(Closure))
#12 D:\\1LuuDuLieuSV\\2001240399_TrinhHuuKienQuoc\\phplab\\buoi6\\Lab01_Framework\\vendor\\laravel\\framework\\src\\Illuminate\\Database\\Query\\Builder.php(2414): Illuminate\\Database\\Connection->select('select * from `...', Array, true)
#13 D:\\1LuuDuLieuSV\\2001240399_TrinhHuuKienQuoc\\phplab\\buoi6\\Lab01_Framework\\vendor\\laravel\\framework\\src\\Illuminate\\Database\\Query\\Builder.php(2402): Illuminate\\Database\\Query\\Builder->runSelect()
#14 D:\\1LuuDuLieuSV\\2001240399_TrinhHuuKienQuoc\\phplab\\buoi6\\Lab01_Framework\\vendor\\laravel\\framework\\src\\Illuminate\\Database\\Query\\Builder.php(2936): Illuminate\\Database\\Query\\Builder->Illuminate\\Database\\Query\\{closure}()
#15 D:\\1LuuDuLieuSV\\2001240399_TrinhHuuKienQuoc\\phplab\\buoi6\\Lab01_Framework\\vendor\\laravel\\framework\\src\\Illuminate\\Database\\Query\\Builder.php(2403): Illuminate\\Database\\Query\\Builder->onceWithColumns(Array, Object(Closure))
#16 D:\\1LuuDuLieuSV\\2001240399_TrinhHuuKienQuoc\\phplab\\buoi6\\Lab01_Framework\\vendor\\laravel\\framework\\src\\Illuminate\\Database\\Eloquent\\Builder.php(625): Illuminate\\Database\\Query\\Builder->get(Array)
#17 D:\\1LuuDuLieuSV\\2001240399_TrinhHuuKienQuoc\\phplab\\buoi6\\Lab01_Framework\\vendor\\laravel\\framework\\src\\Illuminate\\Database\\Eloquent\\Builder.php(609): Illuminate\\Database\\Eloquent\\Builder->getModels(Array)
#18 D:\\1LuuDuLieuSV\\2001240399_TrinhHuuKienQuoc\\phplab\\buoi6\\Lab01_Framework\\vendor\\laravel\\framework\\src\\Illuminate\\Database\\Concerns\\BuildsQueries.php(294): Illuminate\\Database\\Eloquent\\Builder->get(Array)
#19 D:\\1LuuDuLieuSV\\2001240399_TrinhHuuKienQuoc\\phplab\\buoi6\\Lab01_Framework\\vendor\\laravel\\framework\\src\\Illuminate\\Database\\Eloquent\\Builder.php(400): Illuminate\\Database\\Eloquent\\Builder->first(Array)
#20 D:\\1LuuDuLieuSV\\2001240399_TrinhHuuKienQuoc\\phplab\\buoi6\\Lab01_Framework\\vendor\\laravel\\framework\\src\\Illuminate\\Database\\Eloquent\\Builder.php(432): Illuminate\\Database\\Eloquent\\Builder->find('1', Array)
#21 D:\\1LuuDuLieuSV\\2001240399_TrinhHuuKienQuoc\\phplab\\buoi6\\Lab01_Framework\\vendor\\laravel\\framework\\src\\Illuminate\\Support\\Traits\\ForwardsCalls.php(23): Illuminate\\Database\\Eloquent\\Builder->findOrFail('1')
#22 D:\\1LuuDuLieuSV\\2001240399_TrinhHuuKienQuoc\\phplab\\buoi6\\Lab01_Framework\\vendor\\laravel\\framework\\src\\Illuminate\\Database\\Eloquent\\Model.php(2132): Illuminate\\Database\\Eloquent\\Model->forwardCallTo(Object(Illuminate\\Database\\Eloquent\\Builder), 'findOrFail', Array)
#23 D:\\1LuuDuLieuSV\\2001240399_TrinhHuuKienQuoc\\phplab\\buoi6\\Lab01_Framework\\vendor\\laravel\\framework\\src\\Illuminate\\Database\\Eloquent\\Model.php(2144): Illuminate\\Database\\Eloquent\\Model->__call('findOrFail', Array)
#24 D:\\1LuuDuLieuSV\\2001240399_TrinhHuuKienQuoc\\phplab\\buoi6\\Lab01_Framework\\app\\Http\\Controllers\\ArticleController.php(99): Illuminate\\Database\\Eloquent\\Model::__callStatic('findOrFail', Array)
#25 D:\\1LuuDuLieuSV\\2001240399_TrinhHuuKienQuoc\\phplab\\buoi6\\Lab01_Framework\\vendor\\laravel\\framework\\src\\Illuminate\\Routing\\Controller.php(54): App\\Http\\Controllers\\ArticleController->destroy('1')
#26 D:\\1LuuDuLieuSV\\2001240399_TrinhHuuKienQuoc\\phplab\\buoi6\\Lab01_Framework\\vendor\\laravel\\framework\\src\\Illuminate\\Routing\\ControllerDispatcher.php(45): Illuminate\\Routing\\Controller->callAction('destroy', Array)
#27 D:\\1LuuDuLieuSV\\2001240399_TrinhHuuKienQuoc\\phplab\\buoi6\\Lab01_Framework\\vendor\\laravel\\framework\\src\\Illuminate\\Routing\\Route.php(262): Illuminate\\Routing\\ControllerDispatcher->dispatch(Object(Illuminate\\Routing\\Route), Object(App\\Http\\Controllers\\ArticleController), 'destroy')
#28 D:\\1LuuDuLieuSV\\2001240399_TrinhHuuKienQuoc\\phplab\\buoi6\\Lab01_Framework\\vendor\\laravel\\framework\\src\\Illuminate\\Routing\\Route.php(205): Illuminate\\Routing\\Route->runController()
#29 D:\\1LuuDuLieuSV\\2001240399_TrinhHuuKienQuoc\\phplab\\buoi6\\Lab01_Framework\\vendor\\laravel\\framework\\src\\Illuminate\\Routing\\Router.php(721): Illuminate\\Routing\\Route->run()
#30 D:\\1LuuDuLieuSV\\2001240399_TrinhHuuKienQuoc\\phplab\\buoi6\\Lab01_Framework\\vendor\\laravel\\framework\\src\\Illuminate\\Pipeline\\Pipeline.php(128): Illuminate\\Routing\\Router->Illuminate\\Routing\\{closure}(Object(Illuminate\\Http\\Request))
#31 D:\\1LuuDuLieuSV\\2001240399_TrinhHuuKienQuoc\\phplab\\buoi6\\Lab01_Framework\\vendor\\laravel\\framework\\src\\Illuminate\\Routing\\Middleware\\SubstituteBindings.php(50): Illuminate\\Pipeline\\Pipeline->Illuminate\\Pipeline\\{closure}(Object(Illuminate\\Http\\Request))
#32 D:\\1LuuDuLieuSV\\2001240399_TrinhHuuKienQuoc\\phplab\\buoi6\\Lab01_Framework\\vendor\\laravel\\framework\\src\\Illuminate\\Pipeline\\Pipeline.php(167): Illuminate\\Routing\\Middleware\\SubstituteBindings->handle(Object(Illuminate\\Http\\Request), Object(Closure))
#33 D:\\1LuuDuLieuSV\\2001240399_TrinhHuuKienQuoc\\phplab\\buoi6\\Lab01_Framework\\vendor\\laravel\\framework\\src\\Illuminate\\Foundation\\Http\\Middleware\\VerifyCsrfToken.php(78): Illuminate\\Pipeline\\Pipeline->Illuminate\\Pipeline\\{closure}(Object(Illuminate\\Http\\Request))
#34 D:\\1LuuDuLieuSV\\2001240399_TrinhHuuKienQuoc\\phplab\\buoi6\\Lab01_Framework\\vendor\\laravel\\framework\\src\\Illuminate\\Pipeline\\Pipeline.php(167): Illuminate\\Foundation\\Http\\Middleware\\VerifyCsrfToken->handle(Object(Illuminate\\Http\\Request), Object(Closure))
#35 D:\\1LuuDuLieuSV\\2001240399_TrinhHuuKienQuoc\\phplab\\buoi6\\Lab01_Framework\\vendor\\laravel\\framework\\src\\Illuminate\\View\\Middleware\\ShareErrorsFromSession.php(49): Illuminate\\Pipeline\\Pipeline->Illuminate\\Pipeline\\{closure}(Object(Illuminate\\Http\\Request))
#36 D:\\1LuuDuLieuSV\\2001240399_TrinhHuuKienQuoc\\phplab\\buoi6\\Lab01_Framework\\vendor\\laravel\\framework\\src\\Illuminate\\Pipeline\\Pipeline.php(167): Illuminate\\View\\Middleware\\ShareErrorsFromSession->handle(Object(Illuminate\\Http\\Request), Object(Closure))
#37 D:\\1LuuDuLieuSV\\2001240399_TrinhHuuKienQuoc\\phplab\\buoi6\\Lab01_Framework\\vendor\\laravel\\framework\\src\\Illuminate\\Session\\Middleware\\StartSession.php(121): Illuminate\\Pipeline\\Pipeline->Illuminate\\Pipeline\\{closure}(Object(Illuminate\\Http\\Request))
#38 D:\\1LuuDuLieuSV\\2001240399_TrinhHuuKienQuoc\\phplab\\buoi6\\Lab01_Framework\\vendor\\laravel\\framework\\src\\Illuminate\\Session\\Middleware\\StartSession.php(64): Illuminate\\Session\\Middleware\\StartSession->handleStatefulRequest(Object(Illuminate\\Http\\Request), Object(Illuminate\\Session\\Store), Object(Closure))
#39 D:\\1LuuDuLieuSV\\2001240399_TrinhHuuKienQuoc\\phplab\\buoi6\\Lab01_Framework\\vendor\\laravel\\framework\\src\\Illuminate\\Pipeline\\Pipeline.php(167): Illuminate\\Session\\Middleware\\StartSession->handle(Object(Illuminate\\Http\\Request), Object(Closure))
#40 D:\\1LuuDuLieuSV\\2001240399_TrinhHuuKienQuoc\\phplab\\buoi6\\Lab01_Framework\\vendor\\laravel\\framework\\src\\Illuminate\\Cookie\\Middleware\\AddQueuedCookiesToResponse.php(37): Illuminate\\Pipeline\\Pipeline->Illuminate\\Pipeline\\{closure}(Object(Illuminate\\Http\\Request))
#41 D:\\1LuuDuLieuSV\\2001240399_TrinhHuuKienQuoc\\phplab\\buoi6\\Lab01_Framework\\vendor\\laravel\\framework\\src\\Illuminate\\Pipeline\\Pipeline.php(167): Illuminate\\Cookie\\Middleware\\AddQueuedCookiesToResponse->handle(Object(Illuminate\\Http\\Request), Object(Closure))
#42 D:\\1LuuDuLieuSV\\2001240399_TrinhHuuKienQuoc\\phplab\\buoi6\\Lab01_Framework\\vendor\\laravel\\framework\\src\\Illuminate\\Cookie\\Middleware\\EncryptCookies.php(67): Illuminate\\Pipeline\\Pipeline->Illuminate\\Pipeline\\{closure}(Object(Illuminate\\Http\\Request))
#43 D:\\1LuuDuLieuSV\\2001240399_TrinhHuuKienQuoc\\phplab\\buoi6\\Lab01_Framework\\vendor\\laravel\\framework\\src\\Illuminate\\Pipeline\\Pipeline.php(167): Illuminate\\Cookie\\Middleware\\EncryptCookies->handle(Object(Illuminate\\Http\\Request), Object(Closure))
#44 D:\\1LuuDuLieuSV\\2001240399_TrinhHuuKienQuoc\\phplab\\buoi6\\Lab01_Framework\\vendor\\laravel\\framework\\src\\Illuminate\\Pipeline\\Pipeline.php(103): Illuminate\\Pipeline\\Pipeline->Illuminate\\Pipeline\\{closure}(Object(Illuminate\\Http\\Request))
#45 D:\\1LuuDuLieuSV\\2001240399_TrinhHuuKienQuoc\\phplab\\buoi6\\Lab01_Framework\\vendor\\laravel\\framework\\src\\Illuminate\\Routing\\Router.php(723): Illuminate\\Pipeline\\Pipeline->then(Object(Closure))
#46 D:\\1LuuDuLieuSV\\2001240399_TrinhHuuKienQuoc\\phplab\\buoi6\\Lab01_Framework\\vendor\\laravel\\framework\\src\\Illuminate\\Routing\\Router.php(698): Illuminate\\Routing\\Router->runRouteWithinStack(Object(Illuminate\\Routing\\Route), Object(Illuminate\\Http\\Request))
#47 D:\\1LuuDuLieuSV\\2001240399_TrinhHuuKienQuoc\\phplab\\buoi6\\Lab01_Framework\\vendor\\laravel\\framework\\src\\Illuminate\\Routing\\Router.php(662): Illuminate\\Routing\\Router->runRoute(Object(Illuminate\\Http\\Request), Object(Illuminate\\Routing\\Route))
#48 D:\\1LuuDuLieuSV\\2001240399_TrinhHuuKienQuoc\\phplab\\buoi6\\Lab01_Framework\\vendor\\laravel\\framework\\src\\Illuminate\\Routing\\Router.php(651): Illuminate\\Routing\\Router->dispatchToRoute(Object(Illuminate\\Http\\Request))
#49 D:\\1LuuDuLieuSV\\2001240399_TrinhHuuKienQuoc\\phplab\\buoi6\\Lab01_Framework\\vendor\\laravel\\framework\\src\\Illuminate\\Foundation\\Http\\Kernel.php(167): Illuminate\\Routing\\Router->dispatch(Object(Illuminate\\Http\\Request))
#50 D:\\1LuuDuLieuSV\\2001240399_TrinhHuuKienQuoc\\phplab\\buoi6\\Lab01_Framework\\vendor\\laravel\\framework\\src\\Illuminate\\Pipeline\\Pipeline.php(128): Illuminate\\Foundation\\Http\\Kernel->Illuminate\\Foundation\\Http\\{closure}(Object(Illuminate\\Http\\Request))
#51 D:\\1LuuDuLieuSV\\2001240399_TrinhHuuKienQuoc\\phplab\\buoi6\\Lab01_Framework\\vendor\\laravel\\framework\\src\\Illuminate\\Foundation\\Http\\Middleware\\TransformsRequest.php(21): Illuminate\\Pipeline\\Pipeline->Illuminate\\Pipeline\\{closure}(Object(Illuminate\\Http\\Request))
#52 D:\\1LuuDuLieuSV\\2001240399_TrinhHuuKienQuoc\\phplab\\buoi6\\Lab01_Framework\\vendor\\laravel\\framework\\src\\Illuminate\\Foundation\\Http\\Middleware\\ConvertEmptyStringsToNull.php(31): Illuminate\\Foundation\\Http\\Middleware\\TransformsRequest->handle(Object(Illuminate\\Http\\Request), Object(Closure))
#53 D:\\1LuuDuLieuSV\\2001240399_TrinhHuuKienQuoc\\phplab\\buoi6\\Lab01_Framework\\vendor\\laravel\\framework\\src\\Illuminate\\Pipeline\\Pipeline.php(167): Illuminate\\Foundation\\Http\\Middleware\\ConvertEmptyStringsToNull->handle(Object(Illuminate\\Http\\Request), Object(Closure))
#54 D:\\1LuuDuLieuSV\\2001240399_TrinhHuuKienQuoc\\phplab\\buoi6\\Lab01_Framework\\vendor\\laravel\\framework\\src\\Illuminate\\Foundation\\Http\\Middleware\\TransformsRequest.php(21): Illuminate\\Pipeline\\Pipeline->Illuminate\\Pipeline\\{closure}(Object(Illuminate\\Http\\Request))
#55 D:\\1LuuDuLieuSV\\2001240399_TrinhHuuKienQuoc\\phplab\\buoi6\\Lab01_Framework\\vendor\\laravel\\framework\\src\\Illuminate\\Foundation\\Http\\Middleware\\TrimStrings.php(40): Illuminate\\Foundation\\Http\\Middleware\\TransformsRequest->handle(Object(Illuminate\\Http\\Request), Object(Closure))
#56 D:\\1LuuDuLieuSV\\2001240399_TrinhHuuKienQuoc\\phplab\\buoi6\\Lab01_Framework\\vendor\\laravel\\framework\\src\\Illuminate\\Pipeline\\Pipeline.php(167): Illuminate\\Foundation\\Http\\Middleware\\TrimStrings->handle(Object(Illuminate\\Http\\Request), Object(Closure))
#57 D:\\1LuuDuLieuSV\\2001240399_TrinhHuuKienQuoc\\phplab\\buoi6\\Lab01_Framework\\vendor\\laravel\\framework\\src\\Illuminate\\Foundation\\Http\\Middleware\\ValidatePostSize.php(27): Illuminate\\Pipeline\\Pipeline->Illuminate\\Pipeline\\{closure}(Object(Illuminate\\Http\\Request))
#58 D:\\1LuuDuLieuSV\\2001240399_TrinhHuuKienQuoc\\phplab\\buoi6\\Lab01_Framework\\vendor\\laravel\\framework\\src\\Illuminate\\Pipeline\\Pipeline.php(167): Illuminate\\Foundation\\Http\\Middleware\\ValidatePostSize->handle(Object(Illuminate\\Http\\Request), Object(Closure))
#59 D:\\1LuuDuLieuSV\\2001240399_TrinhHuuKienQuoc\\phplab\\buoi6\\Lab01_Framework\\vendor\\laravel\\framework\\src\\Illuminate\\Foundation\\Http\\Middleware\\PreventRequestsDuringMaintenance.php(86): Illuminate\\Pipeline\\Pipeline->Illuminate\\Pipeline\\{closure}(Object(Illuminate\\Http\\Request))
#60 D:\\1LuuDuLieuSV\\2001240399_TrinhHuuKienQuoc\\phplab\\buoi6\\Lab01_Framework\\vendor\\laravel\\framework\\src\\Illuminate\\Pipeline\\Pipeline.php(167): Illuminate\\Foundation\\Http\\Middleware\\PreventRequestsDuringMaintenance->handle(Object(Illuminate\\Http\\Request), Object(Closure))
#61 D:\\1LuuDuLieuSV\\2001240399_TrinhHuuKienQuoc\\phplab\\buoi6\\Lab01_Framework\\vendor\\fruitcake\\laravel-cors\\src\\HandleCors.php(38): Illuminate\\Pipeline\\Pipeline->Illuminate\\Pipeline\\{closure}(Object(Illuminate\\Http\\Request))
#62 D:\\1LuuDuLieuSV\\2001240399_TrinhHuuKienQuoc\\phplab\\buoi6\\Lab01_Framework\\vendor\\laravel\\framework\\src\\Illuminate\\Pipeline\\Pipeline.php(167): Fruitcake\\Cors\\HandleCors->handle(Object(Illuminate\\Http\\Request), Object(Closure))
#63 D:\\1LuuDuLieuSV\\2001240399_TrinhHuuKienQuoc\\phplab\\buoi6\\Lab01_Framework\\vendor\\laravel\\framework\\src\\Illuminate\\Http\\Middleware\\TrustProxies.php(39): Illuminate\\Pipeline\\Pipeline->Illuminate\\Pipeline\\{closure}(Object(Illuminate\\Http\\Request))
#64 D:\\1LuuDuLieuSV\\2001240399_TrinhHuuKienQuoc\\phplab\\buoi6\\Lab01_Framework\\vendor\\laravel\\framework\\src\\Illuminate\\Pipeline\\Pipeline.php(167): Illuminate\\Http\\Middleware\\TrustProxies->handle(Object(Illuminate\\Http\\Request), Object(Closure))
#65 D:\\1LuuDuLieuSV\\2001240399_TrinhHuuKienQuoc\\phplab\\buoi6\\Lab01_Framework\\vendor\\laravel\\framework\\src\\Illuminate\\Pipeline\\Pipeline.php(103): Illuminate\\Pipeline\\Pipeline->Illuminate\\Pipeline\\{closure}(Object(Illuminate\\Http\\Request))
#66 D:\\1LuuDuLieuSV\\2001240399_TrinhHuuKienQuoc\\phplab\\buoi6\\Lab01_Framework\\vendor\\laravel\\framework\\src\\Illuminate\\Foundation\\Http\\Kernel.php(142): Illuminate\\Pipeline\\Pipeline->then(Object(Closure))
#67 D:\\1LuuDuLieuSV\\2001240399_TrinhHuuKienQuoc\\phplab\\buoi6\\Lab01_Framework\\vendor\\laravel\\framework\\src\\Illuminate\\Foundation\\Http\\Kernel.php(111): Illuminate\\Foundation\\Http\\Kernel->sendRequestThroughRouter(Object(Illuminate\\Http\\Request))
#68 D:\\1LuuDuLieuSV\\2001240399_TrinhHuuKienQuoc\\phplab\\buoi6\\Lab01_Framework\\public\\index.php(52): Illuminate\\Foundation\\Http\\Kernel->handle(Object(Illuminate\\Http\\Request))
#69 D:\\1LuuDuLieuSV\\2001240399_TrinhHuuKienQuoc\\phplab\\buoi6\\Lab01_Framework\\server.php(21): require_once('D:\\\\1LuuDuLieuSV...')
#70 {main}
"} 
[2026-09-21 08:43:32] local.ERROR: SQLSTATE[HY000] [2002] No connection could be made because the target machine actively refused it.
 (SQL: select * from `articles` where `articles`.`id` = 1 limit 1) {"exception":"[object] (Illuminate\\Database\\QueryException(code: 2002): SQLSTATE[HY000] [2002] No connection could be made because the target machine actively refused it.

 (SQL: select * from `articles` where `articles`.`id` = 1 limit 1) at D:\\1LuuDuLieuSV\\2001240399_TrinhHuuKienQuoc\\phplab\\buoi6\\Lab01_Framework\\vendor\\laravel\\framework\\src\\Illuminate\\Database\\Connection.php:712)
[stacktrace]
#0 D:\\1LuuDuLieuSV\\2001240399_TrinhHuuKienQuoc\\phplab\\buoi6\\Lab01_Framework\\vendor\\laravel\\framework\\src\\Illuminate\\Database\\Connection.php(672): Illuminate\\Database\\Connection->runQueryCallback('select * from `...', Array, Object(Closure))
#1 D:\\1LuuDuLieuSV\\2001240399_TrinhHuuKienQuoc\\phplab\\buoi6\\Lab01_Framework\\vendor\\laravel\\framework\\src\\Illuminate\\Database\\Connection.php(376): Illuminate\\Database\\Connection->run('select * from `...', Array, Object(Closure))
#2 D:\\1LuuDuLieuSV\\2001240399_TrinhHuuKienQuoc\\phplab\\buoi6\\Lab01_Framework\\vendor\\laravel\\framework\\src\\Illuminate\\Database\\Query\\Builder.php(2414): Illuminate\\Database\\Connection->select('select * from `...', Array, true)
#3 D:\\1LuuDuLieuSV\\2001240399_TrinhHuuKienQuoc\\phplab\\buoi6\\Lab01_Framework\\vendor\\laravel\\framework\\src\\Illuminate\\Database\\Query\\Builder.php(2402): Illuminate\\Database\\Query\\Builder->runSelect()
#4 D:\\1LuuDuLieuSV\\2001240399_TrinhHuuKienQuoc\\phplab\\buoi6\\Lab01_Framework\\vendor\\laravel\\framework\\src\\Illuminate\\Database\\Query\\Builder.php(2936): Illuminate\\Database\\Query\\Builder->Illuminate\\Database\\Query\\{closure}()
#5 D:\\1LuuDuLieuSV\\2001240399_TrinhHuuKienQuoc\\phplab\\buoi6\\Lab01_Framework\\vendor\\laravel\\framework\\src\\Illuminate\\Database\\Query\\Builder.php(2403): Illuminate\\Database\\Query\\Builder->onceWithColumns(Array, Object(Closure))
#6 D:\\1LuuDuLieuSV\\2001240399_TrinhHuuKienQuoc\\phplab\\buoi6\\Lab01_Framework\\vendor\\laravel\\framework\\src\\Illuminate\\Database\\Eloquent\\Builder.php(625): Illuminate\\Database\\Query\\Builder->get(Array)
#7 D:\\1LuuDuLieuSV\\2001240399_TrinhHuuKienQuoc\\phplab\\buoi6\\Lab01_Framework\\vendor\\laravel\\framework\\src\\Illuminate\\Database\\Eloquent\\Builder.php(609): Illuminate\\Database\\Eloquent\\Builder->getModels(Array)
#8 D:\\1LuuDuLieuSV\\2001240399_TrinhHuuKienQuoc\\phplab\\buoi6\\Lab01_Framework\\vendor\\laravel\\framework\\src\\Illuminate\\Database\\Concerns\\BuildsQueries.php(294): Illuminate\\Database\\Eloquent\\Builder->get(Array)
#9 D:\\1LuuDuLieuSV\\2001240399_TrinhHuuKienQuoc\\phplab\\buoi6\\Lab01_Framework\\vendor\\laravel\\framework\\src\\Illuminate\\Database\\Eloquent\\Builder.php(400): Illuminate\\Database\\Eloquent\\Builder->first(Array)
#10 D:\\1LuuDuLieuSV\\2001240399_TrinhHuuKienQuoc\\phplab\\buoi6\\Lab01_Framework\\vendor\\laravel\\framework\\src\\Illuminate\\Database\\Eloquent\\Builder.php(432): Illuminate\\Database\\Eloquent\\Builder->find('1', Array)
#11 D:\\1LuuDuLieuSV\\2001240399_TrinhHuuKienQuoc\\phplab\\buoi6\\Lab01_Framework\\vendor\\laravel\\framework\\src\\Illuminate\\Support\\Traits\\ForwardsCalls.php(23): Illuminate\\Database\\Eloquent\\Builder->findOrFail('1')
#12 D:\\1LuuDuLieuSV\\2001240399_TrinhHuuKienQuoc\\phplab\\buoi6\\Lab01_Framework\\vendor\\laravel\\framework\\src\\Illuminate\\Database\\Eloquent\\Model.php(2132): Illuminate\\Database\\Eloquent\\Model->forwardCallTo(Object(Illuminate\\Database\\Eloquent\\Builder), 'findOrFail', Array)
#13 D:\\1LuuDuLieuSV\\2001240399_TrinhHuuKienQuoc\\phplab\\buoi6\\Lab01_Framework\\vendor\\laravel\\framework\\src\\Illuminate\\Database\\Eloquent\\Model.php(2144): Illuminate\\Database\\Eloquent\\Model->__call('findOrFail', Array)
#14 D:\\1LuuDuLieuSV\\2001240399_TrinhHuuKienQuoc\\phplab\\buoi6\\Lab01_Framework\\app\\Http\\Controllers\\ArticleController.php(99): Illuminate\\Database\\Eloquent\\Model::__callStatic('findOrFail', Array)
#15 D:\\1LuuDuLieuSV\\2001240399_TrinhHuuKienQuoc\\phplab\\buoi6\\Lab01_Framework\\vendor\\laravel\\framework\\src\\Illuminate\\Routing\\Controller.php(54): App\\Http\\Controllers\\ArticleController->destroy('1')
#16 D:\\1LuuDuLieuSV\\2001240399_TrinhHuuKienQuoc\\phplab\\buoi6\\Lab01_Framework\\vendor\\laravel\\framework\\src\\Illuminate\\Routing\\ControllerDispatcher.php(45): Illuminate\\Routing\\Controller->callAction('destroy', Array)
#17 D:\\1LuuDuLieuSV\\2001240399_TrinhHuuKienQuoc\\phplab\\buoi6\\Lab01_Framework\\vendor\\laravel\\framework\\src\\Illuminate\\Routing\\Route.php(262): Illuminate\\Routing\\ControllerDispatcher->dispatch(Object(Illuminate\\Routing\\Route), Object(App\\Http\\Controllers\\ArticleController), 'destroy')
#18 D:\\1LuuDuLieuSV\\2001240399_TrinhHuuKienQuoc\\phplab\\buoi6\\Lab01_Framework\\vendor\\laravel\\framework\\src\\Illuminate\\Routing\\Route.php(205): Illuminate\\Routing\\Route->runController()
#19 D:\\1LuuDuLieuSV\\2001240399_TrinhHuuKienQuoc\\phplab\\buoi6\\Lab01_Framework\\vendor\\laravel\\framework\\src\\Illuminate\\Routing\\Router.php(721): Illuminate\\Routing\\Route->run()
#20 D:\\1LuuDuLieuSV\\2001240399_TrinhHuuKienQuoc\\phplab\\buoi6\\Lab01_Framework\\vendor\\laravel\\framework\\src\\Illuminate\\Pipeline\\Pipeline.php(128): Illuminate\\Routing\\Router->Illuminate\\Routing\\{closure}(Object(Illuminate\\Http\\Request))
#21 D:\\1LuuDuLieuSV\\2001240399_TrinhHuuKienQuoc\\phplab\\buoi6\\Lab01_Framework\\vendor\\laravel\\framework\\src\\Illuminate\\Routing\\Middleware\\SubstituteBindings.php(50): Illuminate\\Pipeline\\Pipeline->Illuminate\\Pipeline\\{closure}(Object(Illuminate\\Http\\Request))
#22 D:\\1LuuDuLieuSV\\2001240399_TrinhHuuKienQuoc\\phplab\\buoi6\\Lab01_Framework\\vendor\\laravel\\framework\\src\\Illuminate\\Pipeline\\Pipeline.php(167): Illuminate\\Routing\\Middleware\\SubstituteBindings->handle(Object(Illuminate\\Http\\Request), Object(Closure))
#23 D:\\1LuuDuLieuSV\\2001240399_TrinhHuuKienQuoc\\phplab\\buoi6\\Lab01_Framework\\vendor\\laravel\\framework\\src\\Illuminate\\Foundation\\Http\\Middleware\\VerifyCsrfToken.php(78): Illuminate\\Pipeline\\Pipeline->Illuminate\\Pipeline\\{closure}(Object(Illuminate\\Http\\Request))
#24 D:\\1LuuDuLieuSV\\2001240399_TrinhHuuKienQuoc\\phplab\\buoi6\\Lab01_Framework\\vendor\\laravel\\framework\\src\\Illuminate\\Pipeline\\Pipeline.php(167): Illuminate\\Foundation\\Http\\Middleware\\VerifyCsrfToken->handle(Object(Illuminate\\Http\\Request), Object(Closure))
#25 D:\\1LuuDuLieuSV\\2001240399_TrinhHuuKienQuoc\\phplab\\buoi6\\Lab01_Framework\\vendor\\laravel\\framework\\src\\Illuminate\\View\\Middleware\\ShareErrorsFromSession.php(49): Illuminate\\Pipeline\\Pipeline->Illuminate\\Pipeline\\{closure}(Object(Illuminate\\Http\\Request))
#26 D:\\1LuuDuLieuSV\\2001240399_TrinhHuuKienQuoc\\phplab\\buoi6\\Lab01_Framework\\vendor\\laravel\\framework\\src\\Illuminate\\Pipeline\\Pipeline.php(167): Illuminate\\View\\Middleware\\ShareErrorsFromSession->handle(Object(Illuminate\\Http\\Request), Object(Closure))
#27 D:\\1LuuDuLieuSV\\2001240399_TrinhHuuKienQuoc\\phplab\\buoi6\\Lab01_Framework\\vendor\\laravel\\framework\\src\\Illuminate\\Session\\Middleware\\StartSession.php(121): Illuminate\\Pipeline\\Pipeline->Illuminate\\Pipeline\\{closure}(Object(Illuminate\\Http\\Request))
#28 D:\\1LuuDuLieuSV\\2001240399_TrinhHuuKienQuoc\\phplab\\buoi6\\Lab01_Framework\\vendor\\laravel\\framework\\src\\Illuminate\\Session\\Middleware\\StartSession.php(64): Illuminate\\Session\\Middleware\\StartSession->handleStatefulRequest(Object(Illuminate\\Http\\Request), Object(Illuminate\\Session\\Store), Object(Closure))
#29 D:\\1LuuDuLieuSV\\2001240399_TrinhHuuKienQuoc\\phplab\\buoi6\\Lab01_Framework\\vendor\\laravel\\framework\\src\\Illuminate\\Pipeline\\Pipeline.php(167): Illuminate\\Session\\Middleware\\StartSession->handle(Object(Illuminate\\Http\\Request), Object(Closure))
#30 D:\\1LuuDuLieuSV\\2001240399_TrinhHuuKienQuoc\\phplab\\buoi6\\Lab01_Framework\\vendor\\laravel\\framework\\src\\Illuminate\\Cookie\\Middleware\\AddQueuedCookiesToResponse.php(37): Illuminate\\Pipeline\\Pipeline->Illuminate\\Pipeline\\{closure}(Object(Illuminate\\Http\\Request))
#31 D:\\1LuuDuLieuSV\\2001240399_TrinhHuuKienQuoc\\phplab\\buoi6\\Lab01_Framework\\vendor\\laravel\\framework\\src\\Illuminate\\Pipeline\\Pipeline.php(167): Illuminate\\Cookie\\Middleware\\AddQueuedCookiesToResponse->handle(Object(Illuminate\\Http\\Request), Object(Closure))
#32 D:\\1LuuDuLieuSV\\2001240399_TrinhHuuKienQuoc\\phplab\\buoi6\\Lab01_Framework\\vendor\\laravel\\framework\\src\\Illuminate\\Cookie\\Middleware\\EncryptCookies.php(67): Illuminate\\Pipeline\\Pipeline->Illuminate\\Pipeline\\{closure}(Object(Illuminate\\Http\\Request))
#33 D:\\1LuuDuLieuSV\\2001240399_TrinhHuuKienQuoc\\phplab\\buoi6\\Lab01_Framework\\vendor\\laravel\\framework\\src\\Illuminate\\Pipeline\\Pipeline.php(167): Illuminate\\Cookie\\Middleware\\EncryptCookies->handle(Object(Illuminate\\Http\\Request), Object(Closure))
#34 D:\\1LuuDuLieuSV\\2001240399_TrinhHuuKienQuoc\\phplab\\buoi6\\Lab01_Framework\\vendor\\laravel\\framework\\src\\Illuminate\\Pipeline\\Pipeline.php(103): Illuminate\\Pipeline\\Pipeline->Illuminate\\Pipeline\\{closure}(Object(Illuminate\\Http\\Request))
#35 D:\\1LuuDuLieuSV\\2001240399_TrinhHuuKienQuoc\\phplab\\buoi6\\Lab01_Framework\\vendor\\laravel\\framework\\src\\Illuminate\\Routing\\Router.php(723): Illuminate\\Pipeline\\Pipeline->then(Object(Closure))
#36 D:\\1LuuDuLieuSV\\2001240399_TrinhHuuKienQuoc\\phplab\\buoi6\\Lab01_Framework\\vendor\\laravel\\framework\\src\\Illuminate\\Routing\\Router.php(698): Illuminate\\Routing\\Router->runRouteWithinStack(Object(Illuminate\\Routing\\Route), Object(Illuminate\\Http\\Request))
#37 D:\\1LuuDuLieuSV\\2001240399_TrinhHuuKienQuoc\\phplab\\buoi6\\Lab01_Framework\\vendor\\laravel\\framework\\src\\Illuminate\\Routing\\Router.php(662): Illuminate\\Routing\\Router->runRoute(Object(Illuminate\\Http\\Request), Object(Illuminate\\Routing\\Route))
#38 D:\\1LuuDuLieuSV\\2001240399_TrinhHuuKienQuoc\\phplab\\buoi6\\Lab01_Framework\\vendor\\laravel\\framework\\src\\Illuminate\\Routing\\Router.php(651): Illuminate\\Routing\\Router->dispatchToRoute(Object(Illuminate\\Http\\Request))
#39 D:\\1LuuDuLieuSV\\2001240399_TrinhHuuKienQuoc\\phplab\\buoi6\\Lab01_Framework\\vendor\\laravel\\framework\\src\\Illuminate\\Foundation\\Http\\Kernel.php(167): Illuminate\\Routing\\Router->dispatch(Object(Illuminate\\Http\\Request))
#40 D:\\1LuuDuLieuSV\\2001240399_TrinhHuuKienQuoc\\phplab\\buoi6\\Lab01_Framework\\vendor\\laravel\\framework\\src\\Illuminate\\Pipeline\\Pipeline.php(128): Illuminate\\Foundation\\Http\\Kernel->Illuminate\\Foundation\\Http\\{closure}(Object(Illuminate\\Http\\Request))
#41 D:\\1LuuDuLieuSV\\2001240399_TrinhHuuKienQuoc\\phplab\\buoi6\\Lab01_Framework\\vendor\\laravel\\framework\\src\\Illuminate\\Foundation\\Http\\Middleware\\TransformsRequest.php(21): Illuminate\\Pipeline\\Pipeline->Illuminate\\Pipeline\\{closure}(Object(Illuminate\\Http\\Request))
#42 D:\\1LuuDuLieuSV\\2001240399_TrinhHuuKienQuoc\\phplab\\buoi6\\Lab01_Framework\\vendor\\laravel\\framework\\src\\Illuminate\\Foundation\\Http\\Middleware\\ConvertEmptyStringsToNull.php(31): Illuminate\\Foundation\\Http\\Middleware\\TransformsRequest->handle(Object(Illuminate\\Http\\Request), Object(Closure))
#43 D:\\1LuuDuLieuSV\\2001240399_TrinhHuuKienQuoc\\phplab\\buoi6\\Lab01_Framework\\vendor\\laravel\\framework\\src\\Illuminate\\Pipeline\\Pipeline.php(167): Illuminate\\Foundation\\Http\\Middleware\\ConvertEmptyStringsToNull->handle(Object(Illuminate\\Http\\Request), Object(Closure))
#44 D:\\1LuuDuLieuSV\\2001240399_TrinhHuuKienQuoc\\phplab\\buoi6\\Lab01_Framework\\vendor\\laravel\\framework\\src\\Illuminate\\Foundation\\Http\\Middleware\\TransformsRequest.php(21): Illuminate\\Pipeline\\Pipeline->Illuminate\\Pipeline\\{closure}(Object(Illuminate\\Http\\Request))
#45 D:\\1LuuDuLieuSV\\2001240399_TrinhHuuKienQuoc\\phplab\\buoi6\\Lab01_Framework\\vendor\\laravel\\framework\\src\\Illuminate\\Foundation\\Http\\Middleware\\TrimStrings.php(40): Illuminate\\Foundation\\Http\\Middleware\\TransformsRequest->handle(Object(Illuminate\\Http\\Request), Object(Closure))
#46 D:\\1LuuDuLieuSV\\2001240399_TrinhHuuKienQuoc\\phplab\\buoi6\\Lab01_Framework\\vendor\\laravel\\framework\\src\\Illuminate\\Pipeline\\Pipeline.php(167): Illuminate\\Foundation\\Http\\Middleware\\TrimStrings->handle(Object(Illuminate\\Http\\Request), Object(Closure))
#47 D:\\1LuuDuLieuSV\\2001240399_TrinhHuuKienQuoc\\phplab\\buoi6\\Lab01_Framework\\vendor\\laravel\\framework\\src\\Illuminate\\Foundation\\Http\\Middleware\\ValidatePostSize.php(27): Illuminate\\Pipeline\\Pipeline->Illuminate\\Pipeline\\{closure}(Object(Illuminate\\Http\\Request))
#48 D:\\1LuuDuLieuSV\\2001240399_TrinhHuuKienQuoc\\phplab\\buoi6\\Lab01_Framework\\vendor\\laravel\\framework\\src\\Illuminate\\Pipeline\\Pipeline.php(167): Illuminate\\Foundation\\Http\\Middleware\\ValidatePostSize->handle(Object(Illuminate\\Http\\Request), Object(Closure))
#49 D:\\1LuuDuLieuSV\\2001240399_TrinhHuuKienQuoc\\phplab\\buoi6\\Lab01_Framework\\vendor\\laravel\\framework\\src\\Illuminate\\Foundation\\Http\\Middleware\\PreventRequestsDuringMaintenance.php(86): Illuminate\\Pipeline\\Pipeline->Illuminate\\Pipeline\\{closure}(Object(Illuminate\\Http\\Request))
#50 D:\\1LuuDuLieuSV\\2001240399_TrinhHuuKienQuoc\\phplab\\buoi6\\Lab01_Framework\\vendor\\laravel\\framework\\src\\Illuminate\\Pipeline\\Pipeline.php(167): Illuminate\\Foundation\\Http\\Middleware\\PreventRequestsDuringMaintenance->handle(Object(Illuminate\\Http\\Request), Object(Closure))
#51 D:\\1LuuDuLieuSV\\2001240399_TrinhHuuKienQuoc\\phplab\\buoi6\\Lab01_Framework\\vendor\\fruitcake\\laravel-cors\\src\\HandleCors.php(38): Illuminate\\Pipeline\\Pipeline->Illuminate\\Pipeline\\{closure}(Object(Illuminate\\Http\\Request))
#52 D:\\1LuuDuLieuSV\\2001240399_TrinhHuuKienQuoc\\phplab\\buoi6\\Lab01_Framework\\vendor\\laravel\\framework\\src\\Illuminate\\Pipeline\\Pipeline.php(167): Fruitcake\\Cors\\HandleCors->handle(Object(Illuminate\\Http\\Request), Object(Closure))
#53 D:\\1LuuDuLieuSV\\2001240399_TrinhHuuKienQuoc\\phplab\\buoi6\\Lab01_Framework\\vendor\\laravel\\framework\\src\\Illuminate\\Http\\Middleware\\TrustProxies.php(39): Illuminate\\Pipeline\\Pipeline->Illuminate\\Pipeline\\{closure}(Object(Illuminate\\Http\\Request))
#54 D:\\1LuuDuLieuSV\\2001240399_TrinhHuuKienQuoc\\phplab\\buoi6\\Lab01_Framework\\vendor\\laravel\\framework\\src\\Illuminate\\Pipeline\\Pipeline.php(167): Illuminate\\Http\\Middleware\\TrustProxies->handle(Object(Illuminate\\Http\\Request), Object(Closure))
#55 D:\\1LuuDuLieuSV\\2001240399_TrinhHuuKienQuoc\\phplab\\buoi6\\Lab01_Framework\\vendor\\laravel\\framework\\src\\Illuminate\\Pipeline\\Pipeline.php(103): Illuminate\\Pipeline\\Pipeline->Illuminate\\Pipeline\\{closure}(Object(Illuminate\\Http\\Request))
#56 D:\\1LuuDuLieuSV\\2001240399_TrinhHuuKienQuoc\\phplab\\buoi6\\Lab01_Framework\\vendor\\laravel\\framework\\src\\Illuminate\\Foundation\\Http\\Kernel.php(142): Illuminate\\Pipeline\\Pipeline->then(Object(Closure))
#57 D:\\1LuuDuLieuSV\\2001240399_TrinhHuuKienQuoc\\phplab\\buoi6\\Lab01_Framework\\vendor\\laravel\\framework\\src\\Illuminate\\Foundation\\Http\\Kernel.php(111): Illuminate\\Foundation\\Http\\Kernel->sendRequestThroughRouter(Object(Illuminate\\Http\\Request))
#58 D:\\1LuuDuLieuSV\\2001240399_TrinhHuuKienQuoc\\phplab\\buoi6\\Lab01_Framework\\public\\index.php(52): Illuminate\\Foundation\\Http\\Kernel->handle(Object(Illuminate\\Http\\Request))
#59 D:\\1LuuDuLieuSV\\2001240399_TrinhHuuKienQuoc\\phplab\\buoi6\\Lab01_Framework\\server.php(21): require_once('D:\\\\1LuuDuLieuSV...')
#60 {main}

[previous exception] [object] (PDOException(code: 2002): SQLSTATE[HY000] [2002] No connection could be made because the target machine actively refused it.

 at D:\\1LuuDuLieuSV\\2001240399_TrinhHuuKienQuoc\\phplab\\buoi6\\Lab01_Framework\\vendor\\laravel\\framework\\src\\Illuminate\\Database\\Connectors\\Connector.php:70)
[stacktrace]
#0 D:\\1LuuDuLieuSV\\2001240399_TrinhHuuKienQuoc\\phplab\\buoi6\\Lab01_Framework\\vendor\\laravel\\framework\\src\\Illuminate\\Database\\Connectors\\Connector.php(70): PDO->__construct('mysql:host=127....', 'root', '', Array)
#1 D:\\1LuuDuLieuSV\\2001240399_TrinhHuuKienQuoc\\phplab\\buoi6\\Lab01_Framework\\vendor\\laravel\\framework\\src\\Illuminate\\Database\\Connectors\\Connector.php(46): Illuminate\\Database\\Connectors\\Connector->createPdoConnection('mysql:host=127....', 'root', '', Array)
#2 D:\\1LuuDuLieuSV\\2001240399_TrinhHuuKienQuoc\\phplab\\buoi6\\Lab01_Framework\\vendor\\laravel\\framework\\src\\Illuminate\\Database\\Connectors\\MySqlConnector.php(24): Illuminate\\Database\\Connectors\\Connector->createConnection('mysql:host=127....', Array, Array)
#3 D:\\1LuuDuLieuSV\\2001240399_TrinhHuuKienQuoc\\phplab\\buoi6\\Lab01_Framework\\vendor\\laravel\\framework\\src\\Illuminate\\Database\\Connectors\\ConnectionFactory.php(184): Illuminate\\Database\\Connectors\\MySqlConnector->connect(Array)
#4 [internal function]: Illuminate\\Database\\Connectors\\ConnectionFactory->Illuminate\\Database\\Connectors\\{closure}()
#5 D:\\1LuuDuLieuSV\\2001240399_TrinhHuuKienQuoc\\phplab\\buoi6\\Lab01_Framework\\vendor\\laravel\\framework\\src\\Illuminate\\Database\\Connection.php(1064): call_user_func(Object(Closure))
#6 D:\\1LuuDuLieuSV\\2001240399_TrinhHuuKienQuoc\\phplab\\buoi6\\Lab01_Framework\\vendor\\laravel\\framework\\src\\Illuminate\\Database\\Connection.php(1100): Illuminate\\Database\\Connection->getPdo()
#7 D:\\1LuuDuLieuSV\\2001240399_TrinhHuuKienQuoc\\phplab\\buoi6\\Lab01_Framework\\vendor\\laravel\\framework\\src\\Illuminate\\Database\\Connection.php(442): Illuminate\\Database\\Connection->getReadPdo()
#8 D:\\1LuuDuLieuSV\\2001240399_TrinhHuuKienQuoc\\phplab\\buoi6\\Lab01_Framework\\vendor\\laravel\\framework\\src\\Illuminate\\Database\\Connection.php(368): Illuminate\\Database\\Connection->getPdoForSelect(true)
#9 D:\\1LuuDuLieuSV\\2001240399_TrinhHuuKienQuoc\\phplab\\buoi6\\Lab01_Framework\\vendor\\laravel\\framework\\src\\Illuminate\\Database\\Connection.php(705): Illuminate\\Database\\Connection->Illuminate\\Database\\{closure}('select * from `...', Array)
#10 D:\\1LuuDuLieuSV\\2001240399_TrinhHuuKienQuoc\\phplab\\buoi6\\Lab01_Framework\\vendor\\laravel\\framework\\src\\Illuminate\\Database\\Connection.php(672): Illuminate\\Database\\Connection->runQueryCallback('select * from `...', Array, Object(Closure))
#11 D:\\1LuuDuLieuSV\\2001240399_TrinhHuuKienQuoc\\phplab\\buoi6\\Lab01_Framework\\vendor\\laravel\\framework\\src\\Illuminate\\Database\\Connection.php(376): Illuminate\\Database\\Connection->run('select * from `...', Array, Object(Closure))
#12 D:\\1LuuDuLieuSV\\2001240399_TrinhHuuKienQuoc\\phplab\\buoi6\\Lab01_Framework\\vendor\\laravel\\framework\\src\\Illuminate\\Database\\Query\\Builder.php(2414): Illuminate\\Database\\Connection->select('select * from `...', Array, true)
#13 D:\\1LuuDuLieuSV\\2001240399_TrinhHuuKienQuoc\\phplab\\buoi6\\Lab01_Framework\\vendor\\laravel\\framework\\src\\Illuminate\\Database\\Query\\Builder.php(2402): Illuminate\\Database\\Query\\Builder->runSelect()
#14 D:\\1LuuDuLieuSV\\2001240399_TrinhHuuKienQuoc\\phplab\\buoi6\\Lab01_Framework\\vendor\\laravel\\framework\\src\\Illuminate\\Database\\Query\\Builder.php(2936): Illuminate\\Database\\Query\\Builder->Illuminate\\Database\\Query\\{closure}()
#15 D:\\1LuuDuLieuSV\\2001240399_TrinhHuuKienQuoc\\phplab\\buoi6\\Lab01_Framework\\vendor\\laravel\\framework\\src\\Illuminate\\Database\\Query\\Builder.php(2403): Illuminate\\Database\\Query\\Builder->onceWithColumns(Array, Object(Closure))
#16 D:\\1LuuDuLieuSV\\2001240399_TrinhHuuKienQuoc\\phplab\\buoi6\\Lab01_Framework\\vendor\\laravel\\framework\\src\\Illuminate\\Database\\Eloquent\\Builder.php(625): Illuminate\\Database\\Query\\Builder->get(Array)
#17 D:\\1LuuDuLieuSV\\2001240399_TrinhHuuKienQuoc\\phplab\\buoi6\\Lab01_Framework\\vendor\\laravel\\framework\\src\\Illuminate\\Database\\Eloquent\\Builder.php(609): Illuminate\\Database\\Eloquent\\Builder->getModels(Array)
#18 D:\\1LuuDuLieuSV\\2001240399_TrinhHuuKienQuoc\\phplab\\buoi6\\Lab01_Framework\\vendor\\laravel\\framework\\src\\Illuminate\\Database\\Concerns\\BuildsQueries.php(294): Illuminate\\Database\\Eloquent\\Builder->get(Array)
#19 D:\\1LuuDuLieuSV\\2001240399_TrinhHuuKienQuoc\\phplab\\buoi6\\Lab01_Framework\\vendor\\laravel\\framework\\src\\Illuminate\\Database\\Eloquent\\Builder.php(400): Illuminate\\Database\\Eloquent\\Builder->first(Array)
#20 D:\\1LuuDuLieuSV\\2001240399_TrinhHuuKienQuoc\\phplab\\buoi6\\Lab01_Framework\\vendor\\laravel\\framework\\src\\Illuminate\\Database\\Eloquent\\Builder.php(432): Illuminate\\Database\\Eloquent\\Builder->find('1', Array)
#21 D:\\1LuuDuLieuSV\\2001240399_TrinhHuuKienQuoc\\phplab\\buoi6\\Lab01_Framework\\vendor\\laravel\\framework\\src\\Illuminate\\Support\\Traits\\ForwardsCalls.php(23): Illuminate\\Database\\Eloquent\\Builder->findOrFail('1')
#22 D:\\1LuuDuLieuSV\\2001240399_TrinhHuuKienQuoc\\phplab\\buoi6\\Lab01_Framework\\vendor\\laravel\\framework\\src\\Illuminate\\Database\\Eloquent\\Model.php(2132): Illuminate\\Database\\Eloquent\\Model->forwardCallTo(Object(Illuminate\\Database\\Eloquent\\Builder), 'findOrFail', Array)
#23 D:\\1LuuDuLieuSV\\2001240399_TrinhHuuKienQuoc\\phplab\\buoi6\\Lab01_Framework\\vendor\\laravel\\framework\\src\\Illuminate\\Database\\Eloquent\\Model.php(2144): Illuminate\\Database\\Eloquent\\Model->__call('findOrFail', Array)
#24 D:\\1LuuDuLieuSV\\2001240399_TrinhHuuKienQuoc\\phplab\\buoi6\\Lab01_Framework\\app\\Http\\Controllers\\ArticleController.php(99): Illuminate\\Database\\Eloquent\\Model::__callStatic('findOrFail', Array)
#25 D:\\1LuuDuLieuSV\\2001240399_TrinhHuuKienQuoc\\phplab\\buoi6\\Lab01_Framework\\vendor\\laravel\\framework\\src\\Illuminate\\Routing\\Controller.php(54): App\\Http\\Controllers\\ArticleController->destroy('1')
#26 D:\\1LuuDuLieuSV\\2001240399_TrinhHuuKienQuoc\\phplab\\buoi6\\Lab01_Framework\\vendor\\laravel\\framework\\src\\Illuminate\\Routing\\ControllerDispatcher.php(45): Illuminate\\Routing\\Controller->callAction('destroy', Array)
#27 D:\\1LuuDuLieuSV\\2001240399_TrinhHuuKienQuoc\\phplab\\buoi6\\Lab01_Framework\\vendor\\laravel\\framework\\src\\Illuminate\\Routing\\Route.php(262): Illuminate\\Routing\\ControllerDispatcher->dispatch(Object(Illuminate\\Routing\\Route), Object(App\\Http\\Controllers\\ArticleController), 'destroy')
#28 D:\\1LuuDuLieuSV\\2001240399_TrinhHuuKienQuoc\\phplab\\buoi6\\Lab01_Framework\\vendor\\laravel\\framework\\src\\Illuminate\\Routing\\Route.php(205): Illuminate\\Routing\\Route->runController()
#29 D:\\1LuuDuLieuSV\\2001240399_TrinhHuuKienQuoc\\phplab\\buoi6\\Lab01_Framework\\vendor\\laravel\\framework\\src\\Illuminate\\Routing\\Router.php(721): Illuminate\\Routing\\Route->run()
#30 D:\\1LuuDuLieuSV\\2001240399_TrinhHuuKienQuoc\\phplab\\buoi6\\Lab01_Framework\\vendor\\laravel\\framework\\src\\Illuminate\\Pipeline\\Pipeline.php(128): Illuminate\\Routing\\Router->Illuminate\\Routing\\{closure}(Object(Illuminate\\Http\\Request))
#31 D:\\1LuuDuLieuSV\\2001240399_TrinhHuuKienQuoc\\phplab\\buoi6\\Lab01_Framework\\vendor\\laravel\\framework\\src\\Illuminate\\Routing\\Middleware\\SubstituteBindings.php(50): Illuminate\\Pipeline\\Pipeline->Illuminate\\Pipeline\\{closure}(Object(Illuminate\\Http\\Request))
#32 D:\\1LuuDuLieuSV\\2001240399_TrinhHuuKienQuoc\\phplab\\buoi6\\Lab01_Framework\\vendor\\laravel\\framework\\src\\Illuminate\\Pipeline\\Pipeline.php(167): Illuminate\\Routing\\Middleware\\SubstituteBindings->handle(Object(Illuminate\\Http\\Request), Object(Closure))
#33 D:\\1LuuDuLieuSV\\2001240399_TrinhHuuKienQuoc\\phplab\\buoi6\\Lab01_Framework\\vendor\\laravel\\framework\\src\\Illuminate\\Foundation\\Http\\Middleware\\VerifyCsrfToken.php(78): Illuminate\\Pipeline\\Pipeline->Illuminate\\Pipeline\\{closure}(Object(Illuminate\\Http\\Request))
#34 D:\\1LuuDuLieuSV\\2001240399_TrinhHuuKienQuoc\\phplab\\buoi6\\Lab01_Framework\\vendor\\laravel\\framework\\src\\Illuminate\\Pipeline\\Pipeline.php(167): Illuminate\\Foundation\\Http\\Middleware\\VerifyCsrfToken->handle(Object(Illuminate\\Http\\Request), Object(Closure))
#35 D:\\1LuuDuLieuSV\\2001240399_TrinhHuuKienQuoc\\phplab\\buoi6\\Lab01_Framework\\vendor\\laravel\\framework\\src\\Illuminate\\View\\Middleware\\ShareErrorsFromSession.php(49): Illuminate\\Pipeline\\Pipeline->Illuminate\\Pipeline\\{closure}(Object(Illuminate\\Http\\Request))
#36 D:\\1LuuDuLieuSV\\2001240399_TrinhHuuKienQuoc\\phplab\\buoi6\\Lab01_Framework\\vendor\\laravel\\framework\\src\\Illuminate\\Pipeline\\Pipeline.php(167): Illuminate\\View\\Middleware\\ShareErrorsFromSession->handle(Object(Illuminate\\Http\\Request), Object(Closure))
#37 D:\\1LuuDuLieuSV\\2001240399_TrinhHuuKienQuoc\\phplab\\buoi6\\Lab01_Framework\\vendor\\laravel\\framework\\src\\Illuminate\\Session\\Middleware\\StartSession.php(121): Illuminate\\Pipeline\\Pipeline->Illuminate\\Pipeline\\{closure}(Object(Illuminate\\Http\\Request))
#38 D:\\1LuuDuLieuSV\\2001240399_TrinhHuuKienQuoc\\phplab\\buoi6\\Lab01_Framework\\vendor\\laravel\\framework\\src\\Illuminate\\Session\\Middleware\\StartSession.php(64): Illuminate\\Session\\Middleware\\StartSession->handleStatefulRequest(Object(Illuminate\\Http\\Request), Object(Illuminate\\Session\\Store), Object(Closure))
#39 D:\\1LuuDuLieuSV\\2001240399_TrinhHuuKienQuoc\\phplab\\buoi6\\Lab01_Framework\\vendor\\laravel\\framework\\src\\Illuminate\\Pipeline\\Pipeline.php(167): Illuminate\\Session\\Middleware\\StartSession->handle(Object(Illuminate\\Http\\Request), Object(Closure))
#40 D:\\1LuuDuLieuSV\\2001240399_TrinhHuuKienQuoc\\phplab\\buoi6\\Lab01_Framework\\vendor\\laravel\\framework\\src\\Illuminate\\Cookie\\Middleware\\AddQueuedCookiesToResponse.php(37): Illuminate\\Pipeline\\Pipeline->Illuminate\\Pipeline\\{closure}(Object(Illuminate\\Http\\Request))
#41 D:\\1LuuDuLieuSV\\2001240399_TrinhHuuKienQuoc\\phplab\\buoi6\\Lab01_Framework\\vendor\\laravel\\framework\\src\\Illuminate\\Pipeline\\Pipeline.php(167): Illuminate\\Cookie\\Middleware\\AddQueuedCookiesToResponse->handle(Object(Illuminate\\Http\\Request), Object(Closure))
#42 D:\\1LuuDuLieuSV\\2001240399_TrinhHuuKienQuoc\\phplab\\buoi6\\Lab01_Framework\\vendor\\laravel\\framework\\src\\Illuminate\\Cookie\\Middleware\\EncryptCookies.php(67): Illuminate\\Pipeline\\Pipeline->Illuminate\\Pipeline\\{closure}(Object(Illuminate\\Http\\Request))
#43 D:\\1LuuDuLieuSV\\2001240399_TrinhHuuKienQuoc\\phplab\\buoi6\\Lab01_Framework\\vendor\\laravel\\framework\\src\\Illuminate\\Pipeline\\Pipeline.php(167): Illuminate\\Cookie\\Middleware\\EncryptCookies->handle(Object(Illuminate\\Http\\Request), Object(Closure))
#44 D:\\1LuuDuLieuSV\\2001240399_TrinhHuuKienQuoc\\phplab\\buoi6\\Lab01_Framework\\vendor\\laravel\\framework\\src\\Illuminate\\Pipeline\\Pipeline.php(103): Illuminate\\Pipeline\\Pipeline->Illuminate\\Pipeline\\{closure}(Object(Illuminate\\Http\\Request))
#45 D:\\1LuuDuLieuSV\\2001240399_TrinhHuuKienQuoc\\phplab\\buoi6\\Lab01_Framework\\vendor\\laravel\\framework\\src\\Illuminate\\Routing\\Router.php(723): Illuminate\\Pipeline\\Pipeline->then(Object(Closure))
#46 D:\\1LuuDuLieuSV\\2001240399_TrinhHuuKienQuoc\\phplab\\buoi6\\Lab01_Framework\\vendor\\laravel\\framework\\src\\Illuminate\\Routing\\Router.php(698): Illuminate\\Routing\\Router->runRouteWithinStack(Object(Illuminate\\Routing\\Route), Object(Illuminate\\Http\\Request))
#47 D:\\1LuuDuLieuSV\\2001240399_TrinhHuuKienQuoc\\phplab\\buoi6\\Lab01_Framework\\vendor\\laravel\\framework\\src\\Illuminate\\Routing\\Router.php(662): Illuminate\\Routing\\Router->runRoute(Object(Illuminate\\Http\\Request), Object(Illuminate\\Routing\\Route))
#48 D:\\1LuuDuLieuSV\\2001240399_TrinhHuuKienQuoc\\phplab\\buoi6\\Lab01_Framework\\vendor\\laravel\\framework\\src\\Illuminate\\Routing\\Router.php(651): Illuminate\\Routing\\Router->dispatchToRoute(Object(Illuminate\\Http\\Request))
#49 D:\\1LuuDuLieuSV\\2001240399_TrinhHuuKienQuoc\\phplab\\buoi6\\Lab01_Framework\\vendor\\laravel\\framework\\src\\Illuminate\\Foundation\\Http\\Kernel.php(167): Illuminate\\Routing\\Router->dispatch(Object(Illuminate\\Http\\Request))
#50 D:\\1LuuDuLieuSV\\2001240399_TrinhHuuKienQuoc\\phplab\\buoi6\\Lab01_Framework\\vendor\\laravel\\framework\\src\\Illuminate\\Pipeline\\Pipeline.php(128): Illuminate\\Foundation\\Http\\Kernel->Illuminate\\Foundation\\Http\\{closure}(Object(Illuminate\\Http\\Request))
#51 D:\\1LuuDuLieuSV\\2001240399_TrinhHuuKienQuoc\\phplab\\buoi6\\Lab01_Framework\\vendor\\laravel\\framework\\src\\Illuminate\\Foundation\\Http\\Middleware\\TransformsRequest.php(21): Illuminate\\Pipeline\\Pipeline->Illuminate\\Pipeline\\{closure}(Object(Illuminate\\Http\\Request))
#52 D:\\1LuuDuLieuSV\\2001240399_TrinhHuuKienQuoc\\phplab\\buoi6\\Lab01_Framework\\vendor\\laravel\\framework\\src\\Illuminate\\Foundation\\Http\\Middleware\\ConvertEmptyStringsToNull.php(31): Illuminate\\Foundation\\Http\\Middleware\\TransformsRequest->handle(Object(Illuminate\\Http\\Request), Object(Closure))
#53 D:\\1LuuDuLieuSV\\2001240399_TrinhHuuKienQuoc\\phplab\\buoi6\\Lab01_Framework\\vendor\\laravel\\framework\\src\\Illuminate\\Pipeline\\Pipeline.php(167): Illuminate\\Foundation\\Http\\Middleware\\ConvertEmptyStringsToNull->handle(Object(Illuminate\\Http\\Request), Object(Closure))
#54 D:\\1LuuDuLieuSV\\2001240399_TrinhHuuKienQuoc\\phplab\\buoi6\\Lab01_Framework\\vendor\\laravel\\framework\\src\\Illuminate\\Foundation\\Http\\Middleware\\TransformsRequest.php(21): Illuminate\\Pipeline\\Pipeline->Illuminate\\Pipeline\\{closure}(Object(Illuminate\\Http\\Request))
#55 D:\\1LuuDuLieuSV\\2001240399_TrinhHuuKienQuoc\\phplab\\buoi6\\Lab01_Framework\\vendor\\laravel\\framework\\src\\Illuminate\\Foundation\\Http\\Middleware\\TrimStrings.php(40): Illuminate\\Foundation\\Http\\Middleware\\TransformsRequest->handle(Object(Illuminate\\Http\\Request), Object(Closure))
#56 D:\\1LuuDuLieuSV\\2001240399_TrinhHuuKienQuoc\\phplab\\buoi6\\Lab01_Framework\\vendor\\laravel\\framework\\src\\Illuminate\\Pipeline\\Pipeline.php(167): Illuminate\\Foundation\\Http\\Middleware\\TrimStrings->handle(Object(Illuminate\\Http\\Request), Object(Closure))
#57 D:\\1LuuDuLieuSV\\2001240399_TrinhHuuKienQuoc\\phplab\\buoi6\\Lab01_Framework\\vendor\\laravel\\framework\\src\\Illuminate\\Foundation\\Http\\Middleware\\ValidatePostSize.php(27): Illuminate\\Pipeline\\Pipeline->Illuminate\\Pipeline\\{closure}(Object(Illuminate\\Http\\Request))
#58 D:\\1LuuDuLieuSV\\2001240399_TrinhHuuKienQuoc\\phplab\\buoi6\\Lab01_Framework\\vendor\\laravel\\framework\\src\\Illuminate\\Pipeline\\Pipeline.php(167): Illuminate\\Foundation\\Http\\Middleware\\ValidatePostSize->handle(Object(Illuminate\\Http\\Request), Object(Closure))
#59 D:\\1LuuDuLieuSV\\2001240399_TrinhHuuKienQuoc\\phplab\\buoi6\\Lab01_Framework\\vendor\\laravel\\framework\\src\\Illuminate\\Foundation\\Http\\Middleware\\PreventRequestsDuringMaintenance.php(86): Illuminate\\Pipeline\\Pipeline->Illuminate\\Pipeline\\{closure}(Object(Illuminate\\Http\\Request))
#60 D:\\1LuuDuLieuSV\\2001240399_TrinhHuuKienQuoc\\phplab\\buoi6\\Lab01_Framework\\vendor\\laravel\\framework\\src\\Illuminate\\Pipeline\\Pipeline.php(167): Illuminate\\Foundation\\Http\\Middleware\\PreventRequestsDuringMaintenance->handle(Object(Illuminate\\Http\\Request), Object(Closure))
#61 D:\\1LuuDuLieuSV\\2001240399_TrinhHuuKienQuoc\\phplab\\buoi6\\Lab01_Framework\\vendor\\fruitcake\\laravel-cors\\src\\HandleCors.php(38): Illuminate\\Pipeline\\Pipeline->Illuminate\\Pipeline\\{closure}(Object(Illuminate\\Http\\Request))
#62 D:\\1LuuDuLieuSV\\2001240399_TrinhHuuKienQuoc\\phplab\\buoi6\\Lab01_Framework\\vendor\\laravel\\framework\\src\\Illuminate\\Pipeline\\Pipeline.php(167): Fruitcake\\Cors\\HandleCors->handle(Object(Illuminate\\Http\\Request), Object(Closure))
#63 D:\\1LuuDuLieuSV\\2001240399_TrinhHuuKienQuoc\\phplab\\buoi6\\Lab01_Framework\\vendor\\laravel\\framework\\src\\Illuminate\\Http\\Middleware\\TrustProxies.php(39): Illuminate\\Pipeline\\Pipeline->Illuminate\\Pipeline\\{closure}(Object(Illuminate\\Http\\Request))
#64 D:\\1LuuDuLieuSV\\2001240399_TrinhHuuKienQuoc\\phplab\\buoi6\\Lab01_Framework\\vendor\\laravel\\framework\\src\\Illuminate\\Pipeline\\Pipeline.php(167): Illuminate\\Http\\Middleware\\TrustProxies->handle(Object(Illuminate\\Http\\Request), Object(Closure))
#65 D:\\1LuuDuLieuSV\\2001240399_TrinhHuuKienQuoc\\phplab\\buoi6\\Lab01_Framework\\vendor\\laravel\\framework\\src\\Illuminate\\Pipeline\\Pipeline.php(103): Illuminate\\Pipeline\\Pipeline->Illuminate\\Pipeline\\{closure}(Object(Illuminate\\Http\\Request))
#66 D:\\1LuuDuLieuSV\\2001240399_TrinhHuuKienQuoc\\phplab\\buoi6\\Lab01_Framework\\vendor\\laravel\\framework\\src\\Illuminate\\Foundation\\Http\\Kernel.php(142): Illuminate\\Pipeline\\Pipeline->then(Object(Closure))
#67 D:\\1LuuDuLieuSV\\2001240399_TrinhHuuKienQuoc\\phplab\\buoi6\\Lab01_Framework\\vendor\\laravel\\framework\\src\\Illuminate\\Foundation\\Http\\Kernel.php(111): Illuminate\\Foundation\\Http\\Kernel->sendRequestThroughRouter(Object(Illuminate\\Http\\Request))
#68 D:\\1LuuDuLieuSV\\2001240399_TrinhHuuKienQuoc\\phplab\\buoi6\\Lab01_Framework\\public\\index.php(52): Illuminate\\Foundation\\Http\\Kernel->handle(Object(Illuminate\\Http\\Request))
#69 D:\\1LuuDuLieuSV\\2001240399_TrinhHuuKienQuoc\\phplab\\buoi6\\Lab01_Framework\\server.php(21): require_once('D:\\\\1LuuDuLieuSV...')
#70 {main}
"} 
[2026-09-21 08:44:17] local.ERROR: SQLSTATE[HY000] [2002] No connection could be made because the target machine actively refused it.
 (SQL: select * from `articles` where `articles`.`id` = 1 limit 1) {"exception":"[object] (Illuminate\\Database\\QueryException(code: 2002): SQLSTATE[HY000] [2002] No connection could be made because the target machine actively refused it.

 (SQL: select * from `articles` where `articles`.`id` = 1 limit 1) at D:\\1LuuDuLieuSV\\2001240399_TrinhHuuKienQuoc\\phplab\\buoi6\\Lab01_Framework\\vendor\\laravel\\framework\\src\\Illuminate\\Database\\Connection.php:712)
[stacktrace]
#0 D:\\1LuuDuLieuSV\\2001240399_TrinhHuuKienQuoc\\phplab\\buoi6\\Lab01_Framework\\vendor\\laravel\\framework\\src\\Illuminate\\Database\\Connection.php(672): Illuminate\\Database\\Connection->runQueryCallback('select * from `...', Array, Object(Closure))
#1 D:\\1LuuDuLieuSV\\2001240399_TrinhHuuKienQuoc\\phplab\\buoi6\\Lab01_Framework\\vendor\\laravel\\framework\\src\\Illuminate\\Database\\Connection.php(376): Illuminate\\Database\\Connection->run('select * from `...', Array, Object(Closure))
#2 D:\\1LuuDuLieuSV\\2001240399_TrinhHuuKienQuoc\\phplab\\buoi6\\Lab01_Framework\\vendor\\laravel\\framework\\src\\Illuminate\\Database\\Query\\Builder.php(2414): Illuminate\\Database\\Connection->select('select * from `...', Array, true)
#3 D:\\1LuuDuLieuSV\\2001240399_TrinhHuuKienQuoc\\phplab\\buoi6\\Lab01_Framework\\vendor\\laravel\\framework\\src\\Illuminate\\Database\\Query\\Builder.php(2402): Illuminate\\Database\\Query\\Builder->runSelect()
#4 D:\\1LuuDuLieuSV\\2001240399_TrinhHuuKienQuoc\\phplab\\buoi6\\Lab01_Framework\\vendor\\laravel\\framework\\src\\Illuminate\\Database\\Query\\Builder.php(2936): Illuminate\\Database\\Query\\Builder->Illuminate\\Database\\Query\\{closure}()
#5 D:\\1LuuDuLieuSV\\2001240399_TrinhHuuKienQuoc\\phplab\\buoi6\\Lab01_Framework\\vendor\\laravel\\framework\\src\\Illuminate\\Database\\Query\\Builder.php(2403): Illuminate\\Database\\Query\\Builder->onceWithColumns(Array, Object(Closure))
#6 D:\\1LuuDuLieuSV\\2001240399_TrinhHuuKienQuoc\\phplab\\buoi6\\Lab01_Framework\\vendor\\laravel\\framework\\src\\Illuminate\\Database\\Eloquent\\Builder.php(625): Illuminate\\Database\\Query\\Builder->get(Array)
#7 D:\\1LuuDuLieuSV\\2001240399_TrinhHuuKienQuoc\\phplab\\buoi6\\Lab01_Framework\\vendor\\laravel\\framework\\src\\Illuminate\\Database\\Eloquent\\Builder.php(609): Illuminate\\Database\\Eloquent\\Builder->getModels(Array)
#8 D:\\1LuuDuLieuSV\\2001240399_TrinhHuuKienQuoc\\phplab\\buoi6\\Lab01_Framework\\vendor\\laravel\\framework\\src\\Illuminate\\Database\\Concerns\\BuildsQueries.php(294): Illuminate\\Database\\Eloquent\\Builder->get(Array)
#9 D:\\1LuuDuLieuSV\\2001240399_TrinhHuuKienQuoc\\phplab\\buoi6\\Lab01_Framework\\vendor\\laravel\\framework\\src\\Illuminate\\Database\\Eloquent\\Builder.php(400): Illuminate\\Database\\Eloquent\\Builder->first(Array)
#10 D:\\1LuuDuLieuSV\\2001240399_TrinhHuuKienQuoc\\phplab\\buoi6\\Lab01_Framework\\vendor\\laravel\\framework\\src\\Illuminate\\Database\\Eloquent\\Builder.php(432): Illuminate\\Database\\Eloquent\\Builder->find('1', Array)
#11 D:\\1LuuDuLieuSV\\2001240399_TrinhHuuKienQuoc\\phplab\\buoi6\\Lab01_Framework\\vendor\\laravel\\framework\\src\\Illuminate\\Support\\Traits\\ForwardsCalls.php(23): Illuminate\\Database\\Eloquent\\Builder->findOrFail('1')
#12 D:\\1LuuDuLieuSV\\2001240399_TrinhHuuKienQuoc\\phplab\\buoi6\\Lab01_Framework\\vendor\\laravel\\framework\\src\\Illuminate\\Database\\Eloquent\\Model.php(2132): Illuminate\\Database\\Eloquent\\Model->forwardCallTo(Object(Illuminate\\Database\\Eloquent\\Builder), 'findOrFail', Array)
#13 D:\\1LuuDuLieuSV\\2001240399_TrinhHuuKienQuoc\\phplab\\buoi6\\Lab01_Framework\\vendor\\laravel\\framework\\src\\Illuminate\\Database\\Eloquent\\Model.php(2144): Illuminate\\Database\\Eloquent\\Model->__call('findOrFail', Array)
#14 D:\\1LuuDuLieuSV\\2001240399_TrinhHuuKienQuoc\\phplab\\buoi6\\Lab01_Framework\\app\\Http\\Controllers\\ArticleController.php(99): Illuminate\\Database\\Eloquent\\Model::__callStatic('findOrFail', Array)
#15 D:\\1LuuDuLieuSV\\2001240399_TrinhHuuKienQuoc\\phplab\\buoi6\\Lab01_Framework\\vendor\\laravel\\framework\\src\\Illuminate\\Routing\\Controller.php(54): App\\Http\\Controllers\\ArticleController->destroy('1')
#16 D:\\1LuuDuLieuSV\\2001240399_TrinhHuuKienQuoc\\phplab\\buoi6\\Lab01_Framework\\vendor\\laravel\\framework\\src\\Illuminate\\Routing\\ControllerDispatcher.php(45): Illuminate\\Routing\\Controller->callAction('destroy', Array)
#17 D:\\1LuuDuLieuSV\\2001240399_TrinhHuuKienQuoc\\phplab\\buoi6\\Lab01_Framework\\vendor\\laravel\\framework\\src\\Illuminate\\Routing\\Route.php(262): Illuminate\\Routing\\ControllerDispatcher->dispatch(Object(Illuminate\\Routing\\Route), Object(App\\Http\\Controllers\\ArticleController), 'destroy')
#18 D:\\1LuuDuLieuSV\\2001240399_TrinhHuuKienQuoc\\phplab\\buoi6\\Lab01_Framework\\vendor\\laravel\\framework\\src\\Illuminate\\Routing\\Route.php(205): Illuminate\\Routing\\Route->runController()
#19 D:\\1LuuDuLieuSV\\2001240399_TrinhHuuKienQuoc\\phplab\\buoi6\\Lab01_Framework\\vendor\\laravel\\framework\\src\\Illuminate\\Routing\\Router.php(721): Illuminate\\Routing\\Route->run()
#20 D:\\1LuuDuLieuSV\\2001240399_TrinhHuuKienQuoc\\phplab\\buoi6\\Lab01_Framework\\vendor\\laravel\\framework\\src\\Illuminate\\Pipeline\\Pipeline.php(128): Illuminate\\Routing\\Router->Illuminate\\Routing\\{closure}(Object(Illuminate\\Http\\Request))
#21 D:\\1LuuDuLieuSV\\2001240399_TrinhHuuKienQuoc\\phplab\\buoi6\\Lab01_Framework\\vendor\\laravel\\framework\\src\\Illuminate\\Routing\\Middleware\\SubstituteBindings.php(50): Illuminate\\Pipeline\\Pipeline->Illuminate\\Pipeline\\{closure}(Object(Illuminate\\Http\\Request))
#22 D:\\1LuuDuLieuSV\\2001240399_TrinhHuuKienQuoc\\phplab\\buoi6\\Lab01_Framework\\vendor\\laravel\\framework\\src\\Illuminate\\Pipeline\\Pipeline.php(167): Illuminate\\Routing\\Middleware\\SubstituteBindings->handle(Object(Illuminate\\Http\\Request), Object(Closure))
#23 D:\\1LuuDuLieuSV\\2001240399_TrinhHuuKienQuoc\\phplab\\buoi6\\Lab01_Framework\\vendor\\laravel\\framework\\src\\Illuminate\\Foundation\\Http\\Middleware\\VerifyCsrfToken.php(78): Illuminate\\Pipeline\\Pipeline->Illuminate\\Pipeline\\{closure}(Object(Illuminate\\Http\\Request))
#24 D:\\1LuuDuLieuSV\\2001240399_TrinhHuuKienQuoc\\phplab\\buoi6\\Lab01_Framework\\vendor\\laravel\\framework\\src\\Illuminate\\Pipeline\\Pipeline.php(167): Illuminate\\Foundation\\Http\\Middleware\\VerifyCsrfToken->handle(Object(Illuminate\\Http\\Request), Object(Closure))
#25 D:\\1LuuDuLieuSV\\2001240399_TrinhHuuKienQuoc\\phplab\\buoi6\\Lab01_Framework\\vendor\\laravel\\framework\\src\\Illuminate\\View\\Middleware\\ShareErrorsFromSession.php(49): Illuminate\\Pipeline\\Pipeline->Illuminate\\Pipeline\\{closure}(Object(Illuminate\\Http\\Request))
#26 D:\\1LuuDuLieuSV\\2001240399_TrinhHuuKienQuoc\\phplab\\buoi6\\Lab01_Framework\\vendor\\laravel\\framework\\src\\Illuminate\\Pipeline\\Pipeline.php(167): Illuminate\\View\\Middleware\\ShareErrorsFromSession->handle(Object(Illuminate\\Http\\Request), Object(Closure))
#27 D:\\1LuuDuLieuSV\\2001240399_TrinhHuuKienQuoc\\phplab\\buoi6\\Lab01_Framework\\vendor\\laravel\\framework\\src\\Illuminate\\Session\\Middleware\\StartSession.php(121): Illuminate\\Pipeline\\Pipeline->Illuminate\\Pipeline\\{closure}(Object(Illuminate\\Http\\Request))
#28 D:\\1LuuDuLieuSV\\2001240399_TrinhHuuKienQuoc\\phplab\\buoi6\\Lab01_Framework\\vendor\\laravel\\framework\\src\\Illuminate\\Session\\Middleware\\StartSession.php(64): Illuminate\\Session\\Middleware\\StartSession->handleStatefulRequest(Object(Illuminate\\Http\\Request), Object(Illuminate\\Session\\Store), Object(Closure))
#29 D:\\1LuuDuLieuSV\\2001240399_TrinhHuuKienQuoc\\phplab\\buoi6\\Lab01_Framework\\vendor\\laravel\\framework\\src\\Illuminate\\Pipeline\\Pipeline.php(167): Illuminate\\Session\\Middleware\\StartSession->handle(Object(Illuminate\\Http\\Request), Object(Closure))
#30 D:\\1LuuDuLieuSV\\2001240399_TrinhHuuKienQuoc\\phplab\\buoi6\\Lab01_Framework\\vendor\\laravel\\framework\\src\\Illuminate\\Cookie\\Middleware\\AddQueuedCookiesToResponse.php(37): Illuminate\\Pipeline\\Pipeline->Illuminate\\Pipeline\\{closure}(Object(Illuminate\\Http\\Request))
#31 D:\\1LuuDuLieuSV\\2001240399_TrinhHuuKienQuoc\\phplab\\buoi6\\Lab01_Framework\\vendor\\laravel\\framework\\src\\Illuminate\\Pipeline\\Pipeline.php(167): Illuminate\\Cookie\\Middleware\\AddQueuedCookiesToResponse->handle(Object(Illuminate\\Http\\Request), Object(Closure))
#32 D:\\1LuuDuLieuSV\\2001240399_TrinhHuuKienQuoc\\phplab\\buoi6\\Lab01_Framework\\vendor\\laravel\\framework\\src\\Illuminate\\Cookie\\Middleware\\EncryptCookies.php(67): Illuminate\\Pipeline\\Pipeline->Illuminate\\Pipeline\\{closure}(Object(Illuminate\\Http\\Request))
#33 D:\\1LuuDuLieuSV\\2001240399_TrinhHuuKienQuoc\\phplab\\buoi6\\Lab01_Framework\\vendor\\laravel\\framework\\src\\Illuminate\\Pipeline\\Pipeline.php(167): Illuminate\\Cookie\\Middleware\\EncryptCookies->handle(Object(Illuminate\\Http\\Request), Object(Closure))
#34 D:\\1LuuDuLieuSV\\2001240399_TrinhHuuKienQuoc\\phplab\\buoi6\\Lab01_Framework\\vendor\\laravel\\framework\\src\\Illuminate\\Pipeline\\Pipeline.php(103): Illuminate\\Pipeline\\Pipeline->Illuminate\\Pipeline\\{closure}(Object(Illuminate\\Http\\Request))
#35 D:\\1LuuDuLieuSV\\2001240399_TrinhHuuKienQuoc\\phplab\\buoi6\\Lab01_Framework\\vendor\\laravel\\framework\\src\\Illuminate\\Routing\\Router.php(723): Illuminate\\Pipeline\\Pipeline->then(Object(Closure))
#36 D:\\1LuuDuLieuSV\\2001240399_TrinhHuuKienQuoc\\phplab\\buoi6\\Lab01_Framework\\vendor\\laravel\\framework\\src\\Illuminate\\Routing\\Router.php(698): Illuminate\\Routing\\Router->runRouteWithinStack(Object(Illuminate\\Routing\\Route), Object(Illuminate\\Http\\Request))
#37 D:\\1LuuDuLieuSV\\2001240399_TrinhHuuKienQuoc\\phplab\\buoi6\\Lab01_Framework\\vendor\\laravel\\framework\\src\\Illuminate\\Routing\\Router.php(662): Illuminate\\Routing\\Router->runRoute(Object(Illuminate\\Http\\Request), Object(Illuminate\\Routing\\Route))
#38 D:\\1LuuDuLieuSV\\2001240399_TrinhHuuKienQuoc\\phplab\\buoi6\\Lab01_Framework\\vendor\\laravel\\framework\\src\\Illuminate\\Routing\\Router.php(651): Illuminate\\Routing\\Router->dispatchToRoute(Object(Illuminate\\Http\\Request))
#39 D:\\1LuuDuLieuSV\\2001240399_TrinhHuuKienQuoc\\phplab\\buoi6\\Lab01_Framework\\vendor\\laravel\\framework\\src\\Illuminate\\Foundation\\Http\\Kernel.php(167): Illuminate\\Routing\\Router->dispatch(Object(Illuminate\\Http\\Request))
#40 D:\\1LuuDuLieuSV\\2001240399_TrinhHuuKienQuoc\\phplab\\buoi6\\Lab01_Framework\\vendor\\laravel\\framework\\src\\Illuminate\\Pipeline\\Pipeline.php(128): Illuminate\\Foundation\\Http\\Kernel->Illuminate\\Foundation\\Http\\{closure}(Object(Illuminate\\Http\\Request))
#41 D:\\1LuuDuLieuSV\\2001240399_TrinhHuuKienQuoc\\phplab\\buoi6\\Lab01_Framework\\vendor\\laravel\\framework\\src\\Illuminate\\Foundation\\Http\\Middleware\\TransformsRequest.php(21): Illuminate\\Pipeline\\Pipeline->Illuminate\\Pipeline\\{closure}(Object(Illuminate\\Http\\Request))
#42 D:\\1LuuDuLieuSV\\2001240399_TrinhHuuKienQuoc\\phplab\\buoi6\\Lab01_Framework\\vendor\\laravel\\framework\\src\\Illuminate\\Foundation\\Http\\Middleware\\ConvertEmptyStringsToNull.php(31): Illuminate\\Foundation\\Http\\Middleware\\TransformsRequest->handle(Object(Illuminate\\Http\\Request), Object(Closure))
#43 D:\\1LuuDuLieuSV\\2001240399_TrinhHuuKienQuoc\\phplab\\buoi6\\Lab01_Framework\\vendor\\laravel\\framework\\src\\Illuminate\\Pipeline\\Pipeline.php(167): Illuminate\\Foundation\\Http\\Middleware\\ConvertEmptyStringsToNull->handle(Object(Illuminate\\Http\\Request), Object(Closure))
#44 D:\\1LuuDuLieuSV\\2001240399_TrinhHuuKienQuoc\\phplab\\buoi6\\Lab01_Framework\\vendor\\laravel\\framework\\src\\Illuminate\\Foundation\\Http\\Middleware\\TransformsRequest.php(21): Illuminate\\Pipeline\\Pipeline->Illuminate\\Pipeline\\{closure}(Object(Illuminate\\Http\\Request))
#45 D:\\1LuuDuLieuSV\\2001240399_TrinhHuuKienQuoc\\phplab\\buoi6\\Lab01_Framework\\vendor\\laravel\\framework\\src\\Illuminate\\Foundation\\Http\\Middleware\\TrimStrings.php(40): Illuminate\\Foundation\\Http\\Middleware\\TransformsRequest->handle(Object(Illuminate\\Http\\Request), Object(Closure))
#46 D:\\1LuuDuLieuSV\\2001240399_TrinhHuuKienQuoc\\phplab\\buoi6\\Lab01_Framework\\vendor\\laravel\\framework\\src\\Illuminate\\Pipeline\\Pipeline.php(167): Illuminate\\Foundation\\Http\\Middleware\\TrimStrings->handle(Object(Illuminate\\Http\\Request), Object(Closure))
#47 D:\\1LuuDuLieuSV\\2001240399_TrinhHuuKienQuoc\\phplab\\buoi6\\Lab01_Framework\\vendor\\laravel\\framework\\src\\Illuminate\\Foundation\\Http\\Middleware\\ValidatePostSize.php(27): Illuminate\\Pipeline\\Pipeline->Illuminate\\Pipeline\\{closure}(Object(Illuminate\\Http\\Request))
#48 D:\\1LuuDuLieuSV\\2001240399_TrinhHuuKienQuoc\\phplab\\buoi6\\Lab01_Framework\\vendor\\laravel\\framework\\src\\Illuminate\\Pipeline\\Pipeline.php(167): Illuminate\\Foundation\\Http\\Middleware\\ValidatePostSize->handle(Object(Illuminate\\Http\\Request), Object(Closure))
#49 D:\\1LuuDuLieuSV\\2001240399_TrinhHuuKienQuoc\\phplab\\buoi6\\Lab01_Framework\\vendor\\laravel\\framework\\src\\Illuminate\\Foundation\\Http\\Middleware\\PreventRequestsDuringMaintenance.php(86): Illuminate\\Pipeline\\Pipeline->Illuminate\\Pipeline\\{closure}(Object(Illuminate\\Http\\Request))
#50 D:\\1LuuDuLieuSV\\2001240399_TrinhHuuKienQuoc\\phplab\\buoi6\\Lab01_Framework\\vendor\\laravel\\framework\\src\\Illuminate\\Pipeline\\Pipeline.php(167): Illuminate\\Foundation\\Http\\Middleware\\PreventRequestsDuringMaintenance->handle(Object(Illuminate\\Http\\Request), Object(Closure))
#51 D:\\1LuuDuLieuSV\\2001240399_TrinhHuuKienQuoc\\phplab\\buoi6\\Lab01_Framework\\vendor\\fruitcake\\laravel-cors\\src\\HandleCors.php(38): Illuminate\\Pipeline\\Pipeline->Illuminate\\Pipeline\\{closure}(Object(Illuminate\\Http\\Request))
#52 D:\\1LuuDuLieuSV\\2001240399_TrinhHuuKienQuoc\\phplab\\buoi6\\Lab01_Framework\\vendor\\laravel\\framework\\src\\Illuminate\\Pipeline\\Pipeline.php(167): Fruitcake\\Cors\\HandleCors->handle(Object(Illuminate\\Http\\Request), Object(Closure))
#53 D:\\1LuuDuLieuSV\\2001240399_TrinhHuuKienQuoc\\phplab\\buoi6\\Lab01_Framework\\vendor\\laravel\\framework\\src\\Illuminate\\Http\\Middleware\\TrustProxies.php(39): Illuminate\\Pipeline\\Pipeline->Illuminate\\Pipeline\\{closure}(Object(Illuminate\\Http\\Request))
#54 D:\\1LuuDuLieuSV\\2001240399_TrinhHuuKienQuoc\\phplab\\buoi6\\Lab01_Framework\\vendor\\laravel\\framework\\src\\Illuminate\\Pipeline\\Pipeline.php(167): Illuminate\\Http\\Middleware\\TrustProxies->handle(Object(Illuminate\\Http\\Request), Object(Closure))
#55 D:\\1LuuDuLieuSV\\2001240399_TrinhHuuKienQuoc\\phplab\\buoi6\\Lab01_Framework\\vendor\\laravel\\framework\\src\\Illuminate\\Pipeline\\Pipeline.php(103): Illuminate\\Pipeline\\Pipeline->Illuminate\\Pipeline\\{closure}(Object(Illuminate\\Http\\Request))
#56 D:\\1LuuDuLieuSV\\2001240399_TrinhHuuKienQuoc\\phplab\\buoi6\\Lab01_Framework\\vendor\\laravel\\framework\\src\\Illuminate\\Foundation\\Http\\Kernel.php(142): Illuminate\\Pipeline\\Pipeline->then(Object(Closure))
#57 D:\\1LuuDuLieuSV\\2001240399_TrinhHuuKienQuoc\\phplab\\buoi6\\Lab01_Framework\\vendor\\laravel\\framework\\src\\Illuminate\\Foundation\\Http\\Kernel.php(111): Illuminate\\Foundation\\Http\\Kernel->sendRequestThroughRouter(Object(Illuminate\\Http\\Request))
#58 D:\\1LuuDuLieuSV\\2001240399_TrinhHuuKienQuoc\\phplab\\buoi6\\Lab01_Framework\\public\\index.php(52): Illuminate\\Foundation\\Http\\Kernel->handle(Object(Illuminate\\Http\\Request))
#59 D:\\1LuuDuLieuSV\\2001240399_TrinhHuuKienQuoc\\phplab\\buoi6\\Lab01_Framework\\server.php(21): require_once('D:\\\\1LuuDuLieuSV...')
#60 {main}

[previous exception] [object] (PDOException(code: 2002): SQLSTATE[HY000] [2002] No connection could be made because the target machine actively refused it.

 at D:\\1LuuDuLieuSV\\2001240399_TrinhHuuKienQuoc\\phplab\\buoi6\\Lab01_Framework\\vendor\\laravel\\framework\\src\\Illuminate\\Database\\Connectors\\Connector.php:70)
[stacktrace]
#0 D:\\1LuuDuLieuSV\\2001240399_TrinhHuuKienQuoc\\phplab\\buoi6\\Lab01_Framework\\vendor\\laravel\\framework\\src\\Illuminate\\Database\\Connectors\\Connector.php(70): PDO->__construct('mysql:host=127....', 'root', '', Array)
#1 D:\\1LuuDuLieuSV\\2001240399_TrinhHuuKienQuoc\\phplab\\buoi6\\Lab01_Framework\\vendor\\laravel\\framework\\src\\Illuminate\\Database\\Connectors\\Connector.php(46): Illuminate\\Database\\Connectors\\Connector->createPdoConnection('mysql:host=127....', 'root', '', Array)
#2 D:\\1LuuDuLieuSV\\2001240399_TrinhHuuKienQuoc\\phplab\\buoi6\\Lab01_Framework\\vendor\\laravel\\framework\\src\\Illuminate\\Database\\Connectors\\MySqlConnector.php(24): Illuminate\\Database\\Connectors\\Connector->createConnection('mysql:host=127....', Array, Array)
#3 D:\\1LuuDuLieuSV\\2001240399_TrinhHuuKienQuoc\\phplab\\buoi6\\Lab01_Framework\\vendor\\laravel\\framework\\src\\Illuminate\\Database\\Connectors\\ConnectionFactory.php(184): Illuminate\\Database\\Connectors\\MySqlConnector->connect(Array)
#4 [internal function]: Illuminate\\Database\\Connectors\\ConnectionFactory->Illuminate\\Database\\Connectors\\{closure}()
#5 D:\\1LuuDuLieuSV\\2001240399_TrinhHuuKienQuoc\\phplab\\buoi6\\Lab01_Framework\\vendor\\laravel\\framework\\src\\Illuminate\\Database\\Connection.php(1064): call_user_func(Object(Closure))
#6 D:\\1LuuDuLieuSV\\2001240399_TrinhHuuKienQuoc\\phplab\\buoi6\\Lab01_Framework\\vendor\\laravel\\framework\\src\\Illuminate\\Database\\Connection.php(1100): Illuminate\\Database\\Connection->getPdo()
#7 D:\\1LuuDuLieuSV\\2001240399_TrinhHuuKienQuoc\\phplab\\buoi6\\Lab01_Framework\\vendor\\laravel\\framework\\src\\Illuminate\\Database\\Connection.php(442): Illuminate\\Database\\Connection->getReadPdo()
#8 D:\\1LuuDuLieuSV\\2001240399_TrinhHuuKienQuoc\\phplab\\buoi6\\Lab01_Framework\\vendor\\laravel\\framework\\src\\Illuminate\\Database\\Connection.php(368): Illuminate\\Database\\Connection->getPdoForSelect(true)
#9 D:\\1LuuDuLieuSV\\2001240399_TrinhHuuKienQuoc\\phplab\\buoi6\\Lab01_Framework\\vendor\\laravel\\framework\\src\\Illuminate\\Database\\Connection.php(705): Illuminate\\Database\\Connection->Illuminate\\Database\\{closure}('select * from `...', Array)
#10 D:\\1LuuDuLieuSV\\2001240399_TrinhHuuKienQuoc\\phplab\\buoi6\\Lab01_Framework\\vendor\\laravel\\framework\\src\\Illuminate\\Database\\Connection.php(672): Illuminate\\Database\\Connection->runQueryCallback('select * from `...', Array, Object(Closure))
#11 D:\\1LuuDuLieuSV\\2001240399_TrinhHuuKienQuoc\\phplab\\buoi6\\Lab01_Framework\\vendor\\laravel\\framework\\src\\Illuminate\\Database\\Connection.php(376): Illuminate\\Database\\Connection->run('select * from `...', Array, Object(Closure))
#12 D:\\1LuuDuLieuSV\\2001240399_TrinhHuuKienQuoc\\phplab\\buoi6\\Lab01_Framework\\vendor\\laravel\\framework\\src\\Illuminate\\Database\\Query\\Builder.php(2414): Illuminate\\Database\\Connection->select('select * from `...', Array, true)
#13 D:\\1LuuDuLieuSV\\2001240399_TrinhHuuKienQuoc\\phplab\\buoi6\\Lab01_Framework\\vendor\\laravel\\framework\\src\\Illuminate\\Database\\Query\\Builder.php(2402): Illuminate\\Database\\Query\\Builder->runSelect()
#14 D:\\1LuuDuLieuSV\\2001240399_TrinhHuuKienQuoc\\phplab\\buoi6\\Lab01_Framework\\vendor\\laravel\\framework\\src\\Illuminate\\Database\\Query\\Builder.php(2936): Illuminate\\Database\\Query\\Builder->Illuminate\\Database\\Query\\{closure}()
#15 D:\\1LuuDuLieuSV\\2001240399_TrinhHuuKienQuoc\\phplab\\buoi6\\Lab01_Framework\\vendor\\laravel\\framework\\src\\Illuminate\\Database\\Query\\Builder.php(2403): Illuminate\\Database\\Query\\Builder->onceWithColumns(Array, Object(Closure))
#16 D:\\1LuuDuLieuSV\\2001240399_TrinhHuuKienQuoc\\phplab\\buoi6\\Lab01_Framework\\vendor\\laravel\\framework\\src\\Illuminate\\Database\\Eloquent\\Builder.php(625): Illuminate\\Database\\Query\\Builder->get(Array)
#17 D:\\1LuuDuLieuSV\\2001240399_TrinhHuuKienQuoc\\phplab\\buoi6\\Lab01_Framework\\vendor\\laravel\\framework\\src\\Illuminate\\Database\\Eloquent\\Builder.php(609): Illuminate\\Database\\Eloquent\\Builder->getModels(Array)
#18 D:\\1LuuDuLieuSV\\2001240399_TrinhHuuKienQuoc\\phplab\\buoi6\\Lab01_Framework\\vendor\\laravel\\framework\\src\\Illuminate\\Database\\Concerns\\BuildsQueries.php(294): Illuminate\\Database\\Eloquent\\Builder->get(Array)
#19 D:\\1LuuDuLieuSV\\2001240399_TrinhHuuKienQuoc\\phplab\\buoi6\\Lab01_Framework\\vendor\\laravel\\framework\\src\\Illuminate\\Database\\Eloquent\\Builder.php(400): Illuminate\\Database\\Eloquent\\Builder->first(Array)
#20 D:\\1LuuDuLieuSV\\2001240399_TrinhHuuKienQuoc\\phplab\\buoi6\\Lab01_Framework\\vendor\\laravel\\framework\\src\\Illuminate\\Database\\Eloquent\\Builder.php(432): Illuminate\\Database\\Eloquent\\Builder->find('1', Array)
#21 D:\\1LuuDuLieuSV\\2001240399_TrinhHuuKienQuoc\\phplab\\buoi6\\Lab01_Framework\\vendor\\laravel\\framework\\src\\Illuminate\\Support\\Traits\\ForwardsCalls.php(23): Illuminate\\Database\\Eloquent\\Builder->findOrFail('1')
#22 D:\\1LuuDuLieuSV\\2001240399_TrinhHuuKienQuoc\\phplab\\buoi6\\Lab01_Framework\\vendor\\laravel\\framework\\src\\Illuminate\\Database\\Eloquent\\Model.php(2132): Illuminate\\Database\\Eloquent\\Model->forwardCallTo(Object(Illuminate\\Database\\Eloquent\\Builder), 'findOrFail', Array)
#23 D:\\1LuuDuLieuSV\\2001240399_TrinhHuuKienQuoc\\phplab\\buoi6\\Lab01_Framework\\vendor\\laravel\\framework\\src\\Illuminate\\Database\\Eloquent\\Model.php(2144): Illuminate\\Database\\Eloquent\\Model->__call('findOrFail', Array)
#24 D:\\1LuuDuLieuSV\\2001240399_TrinhHuuKienQuoc\\phplab\\buoi6\\Lab01_Framework\\app\\Http\\Controllers\\ArticleController.php(99): Illuminate\\Database\\Eloquent\\Model::__callStatic('findOrFail', Array)
#25 D:\\1LuuDuLieuSV\\2001240399_TrinhHuuKienQuoc\\phplab\\buoi6\\Lab01_Framework\\vendor\\laravel\\framework\\src\\Illuminate\\Routing\\Controller.php(54): App\\Http\\Controllers\\ArticleController->destroy('1')
#26 D:\\1LuuDuLieuSV\\2001240399_TrinhHuuKienQuoc\\phplab\\buoi6\\Lab01_Framework\\vendor\\laravel\\framework\\src\\Illuminate\\Routing\\ControllerDispatcher.php(45): Illuminate\\Routing\\Controller->callAction('destroy', Array)
#27 D:\\1LuuDuLieuSV\\2001240399_TrinhHuuKienQuoc\\phplab\\buoi6\\Lab01_Framework\\vendor\\laravel\\framework\\src\\Illuminate\\Routing\\Route.php(262): Illuminate\\Routing\\ControllerDispatcher->dispatch(Object(Illuminate\\Routing\\Route), Object(App\\Http\\Controllers\\ArticleController), 'destroy')
#28 D:\\1LuuDuLieuSV\\2001240399_TrinhHuuKienQuoc\\phplab\\buoi6\\Lab01_Framework\\vendor\\laravel\\framework\\src\\Illuminate\\Routing\\Route.php(205): Illuminate\\Routing\\Route->runController()
#29 D:\\1LuuDuLieuSV\\2001240399_TrinhHuuKienQuoc\\phplab\\buoi6\\Lab01_Framework\\vendor\\laravel\\framework\\src\\Illuminate\\Routing\\Router.php(721): Illuminate\\Routing\\Route->run()
#30 D:\\1LuuDuLieuSV\\2001240399_TrinhHuuKienQuoc\\phplab\\buoi6\\Lab01_Framework\\vendor\\laravel\\framework\\src\\Illuminate\\Pipeline\\Pipeline.php(128): Illuminate\\Routing\\Router->Illuminate\\Routing\\{closure}(Object(Illuminate\\Http\\Request))
#31 D:\\1LuuDuLieuSV\\2001240399_TrinhHuuKienQuoc\\phplab\\buoi6\\Lab01_Framework\\vendor\\laravel\\framework\\src\\Illuminate\\Routing\\Middleware\\SubstituteBindings.php(50): Illuminate\\Pipeline\\Pipeline->Illuminate\\Pipeline\\{closure}(Object(Illuminate\\Http\\Request))
#32 D:\\1LuuDuLieuSV\\2001240399_TrinhHuuKienQuoc\\phplab\\buoi6\\Lab01_Framework\\vendor\\laravel\\framework\\src\\Illuminate\\Pipeline\\Pipeline.php(167): Illuminate\\Routing\\Middleware\\SubstituteBindings->handle(Object(Illuminate\\Http\\Request), Object(Closure))
#33 D:\\1LuuDuLieuSV\\2001240399_TrinhHuuKienQuoc\\phplab\\buoi6\\Lab01_Framework\\vendor\\laravel\\framework\\src\\Illuminate\\Foundation\\Http\\Middleware\\VerifyCsrfToken.php(78): Illuminate\\Pipeline\\Pipeline->Illuminate\\Pipeline\\{closure}(Object(Illuminate\\Http\\Request))
#34 D:\\1LuuDuLieuSV\\2001240399_TrinhHuuKienQuoc\\phplab\\buoi6\\Lab01_Framework\\vendor\\laravel\\framework\\src\\Illuminate\\Pipeline\\Pipeline.php(167): Illuminate\\Foundation\\Http\\Middleware\\VerifyCsrfToken->handle(Object(Illuminate\\Http\\Request), Object(Closure))
#35 D:\\1LuuDuLieuSV\\2001240399_TrinhHuuKienQuoc\\phplab\\buoi6\\Lab01_Framework\\vendor\\laravel\\framework\\src\\Illuminate\\View\\Middleware\\ShareErrorsFromSession.php(49): Illuminate\\Pipeline\\Pipeline->Illuminate\\Pipeline\\{closure}(Object(Illuminate\\Http\\Request))
#36 D:\\1LuuDuLieuSV\\2001240399_TrinhHuuKienQuoc\\phplab\\buoi6\\Lab01_Framework\\vendor\\laravel\\framework\\src\\Illuminate\\Pipeline\\Pipeline.php(167): Illuminate\\View\\Middleware\\ShareErrorsFromSession->handle(Object(Illuminate\\Http\\Request), Object(Closure))
#37 D:\\1LuuDuLieuSV\\2001240399_TrinhHuuKienQuoc\\phplab\\buoi6\\Lab01_Framework\\vendor\\laravel\\framework\\src\\Illuminate\\Session\\Middleware\\StartSession.php(121): Illuminate\\Pipeline\\Pipeline->Illuminate\\Pipeline\\{closure}(Object(Illuminate\\Http\\Request))
#38 D:\\1LuuDuLieuSV\\2001240399_TrinhHuuKienQuoc\\phplab\\buoi6\\Lab01_Framework\\vendor\\laravel\\framework\\src\\Illuminate\\Session\\Middleware\\StartSession.php(64): Illuminate\\Session\\Middleware\\StartSession->handleStatefulRequest(Object(Illuminate\\Http\\Request), Object(Illuminate\\Session\\Store), Object(Closure))
#39 D:\\1LuuDuLieuSV\\2001240399_TrinhHuuKienQuoc\\phplab\\buoi6\\Lab01_Framework\\vendor\\laravel\\framework\\src\\Illuminate\\Pipeline\\Pipeline.php(167): Illuminate\\Session\\Middleware\\StartSession->handle(Object(Illuminate\\Http\\Request), Object(Closure))
#40 D:\\1LuuDuLieuSV\\2001240399_TrinhHuuKienQuoc\\phplab\\buoi6\\Lab01_Framework\\vendor\\laravel\\framework\\src\\Illuminate\\Cookie\\Middleware\\AddQueuedCookiesToResponse.php(37): Illuminate\\Pipeline\\Pipeline->Illuminate\\Pipeline\\{closure}(Object(Illuminate\\Http\\Request))
#41 D:\\1LuuDuLieuSV\\2001240399_TrinhHuuKienQuoc\\phplab\\buoi6\\Lab01_Framework\\vendor\\laravel\\framework\\src\\Illuminate\\Pipeline\\Pipeline.php(167): Illuminate\\Cookie\\Middleware\\AddQueuedCookiesToResponse->handle(Object(Illuminate\\Http\\Request), Object(Closure))
#42 D:\\1LuuDuLieuSV\\2001240399_TrinhHuuKienQuoc\\phplab\\buoi6\\Lab01_Framework\\vendor\\laravel\\framework\\src\\Illuminate\\Cookie\\Middleware\\EncryptCookies.php(67): Illuminate\\Pipeline\\Pipeline->Illuminate\\Pipeline\\{closure}(Object(Illuminate\\Http\\Request))
#43 D:\\1LuuDuLieuSV\\2001240399_TrinhHuuKienQuoc\\phplab\\buoi6\\Lab01_Framework\\vendor\\laravel\\framework\\src\\Illuminate\\Pipeline\\Pipeline.php(167): Illuminate\\Cookie\\Middleware\\EncryptCookies->handle(Object(Illuminate\\Http\\Request), Object(Closure))
#44 D:\\1LuuDuLieuSV\\2001240399_TrinhHuuKienQuoc\\phplab\\buoi6\\Lab01_Framework\\vendor\\laravel\\framework\\src\\Illuminate\\Pipeline\\Pipeline.php(103): Illuminate\\Pipeline\\Pipeline->Illuminate\\Pipeline\\{closure}(Object(Illuminate\\Http\\Request))
#45 D:\\1LuuDuLieuSV\\2001240399_TrinhHuuKienQuoc\\phplab\\buoi6\\Lab01_Framework\\vendor\\laravel\\framework\\src\\Illuminate\\Routing\\Router.php(723): Illuminate\\Pipeline\\Pipeline->then(Object(Closure))
#46 D:\\1LuuDuLieuSV\\2001240399_TrinhHuuKienQuoc\\phplab\\buoi6\\Lab01_Framework\\vendor\\laravel\\framework\\src\\Illuminate\\Routing\\Router.php(698): Illuminate\\Routing\\Router->runRouteWithinStack(Object(Illuminate\\Routing\\Route), Object(Illuminate\\Http\\Request))
#47 D:\\1LuuDuLieuSV\\2001240399_TrinhHuuKienQuoc\\phplab\\buoi6\\Lab01_Framework\\vendor\\laravel\\framework\\src\\Illuminate\\Routing\\Router.php(662): Illuminate\\Routing\\Router->runRoute(Object(Illuminate\\Http\\Request), Object(Illuminate\\Routing\\Route))
#48 D:\\1LuuDuLieuSV\\2001240399_TrinhHuuKienQuoc\\phplab\\buoi6\\Lab01_Framework\\vendor\\laravel\\framework\\src\\Illuminate\\Routing\\Router.php(651): Illuminate\\Routing\\Router->dispatchToRoute(Object(Illuminate\\Http\\Request))
#49 D:\\1LuuDuLieuSV\\2001240399_TrinhHuuKienQuoc\\phplab\\buoi6\\Lab01_Framework\\vendor\\laravel\\framework\\src\\Illuminate\\Foundation\\Http\\Kernel.php(167): Illuminate\\Routing\\Router->dispatch(Object(Illuminate\\Http\\Request))
#50 D:\\1LuuDuLieuSV\\2001240399_TrinhHuuKienQuoc\\phplab\\buoi6\\Lab01_Framework\\vendor\\laravel\\framework\\src\\Illuminate\\Pipeline\\Pipeline.php(128): Illuminate\\Foundation\\Http\\Kernel->Illuminate\\Foundation\\Http\\{closure}(Object(Illuminate\\Http\\Request))
#51 D:\\1LuuDuLieuSV\\2001240399_TrinhHuuKienQuoc\\phplab\\buoi6\\Lab01_Framework\\vendor\\laravel\\framework\\src\\Illuminate\\Foundation\\Http\\Middleware\\TransformsRequest.php(21): Illuminate\\Pipeline\\Pipeline->Illuminate\\Pipeline\\{closure}(Object(Illuminate\\Http\\Request))
#52 D:\\1LuuDuLieuSV\\2001240399_TrinhHuuKienQuoc\\phplab\\buoi6\\Lab01_Framework\\vendor\\laravel\\framework\\src\\Illuminate\\Foundation\\Http\\Middleware\\ConvertEmptyStringsToNull.php(31): Illuminate\\Foundation\\Http\\Middleware\\TransformsRequest->handle(Object(Illuminate\\Http\\Request), Object(Closure))
#53 D:\\1LuuDuLieuSV\\2001240399_TrinhHuuKienQuoc\\phplab\\buoi6\\Lab01_Framework\\vendor\\laravel\\framework\\src\\Illuminate\\Pipeline\\Pipeline.php(167): Illuminate\\Foundation\\Http\\Middleware\\ConvertEmptyStringsToNull->handle(Object(Illuminate\\Http\\Request), Object(Closure))
#54 D:\\1LuuDuLieuSV\\2001240399_TrinhHuuKienQuoc\\phplab\\buoi6\\Lab01_Framework\\vendor\\laravel\\framework\\src\\Illuminate\\Foundation\\Http\\Middleware\\TransformsRequest.php(21): Illuminate\\Pipeline\\Pipeline->Illuminate\\Pipeline\\{closure}(Object(Illuminate\\Http\\Request))
#55 D:\\1LuuDuLieuSV\\2001240399_TrinhHuuKienQuoc\\phplab\\buoi6\\Lab01_Framework\\vendor\\laravel\\framework\\src\\Illuminate\\Foundation\\Http\\Middleware\\TrimStrings.php(40): Illuminate\\Foundation\\Http\\Middleware\\TransformsRequest->handle(Object(Illuminate\\Http\\Request), Object(Closure))
#56 D:\\1LuuDuLieuSV\\2001240399_TrinhHuuKienQuoc\\phplab\\buoi6\\Lab01_Framework\\vendor\\laravel\\framework\\src\\Illuminate\\Pipeline\\Pipeline.php(167): Illuminate\\Foundation\\Http\\Middleware\\TrimStrings->handle(Object(Illuminate\\Http\\Request), Object(Closure))
#57 D:\\1LuuDuLieuSV\\2001240399_TrinhHuuKienQuoc\\phplab\\buoi6\\Lab01_Framework\\vendor\\laravel\\framework\\src\\Illuminate\\Foundation\\Http\\Middleware\\ValidatePostSize.php(27): Illuminate\\Pipeline\\Pipeline->Illuminate\\Pipeline\\{closure}(Object(Illuminate\\Http\\Request))
#58 D:\\1LuuDuLieuSV\\2001240399_TrinhHuuKienQuoc\\phplab\\buoi6\\Lab01_Framework\\vendor\\laravel\\framework\\src\\Illuminate\\Pipeline\\Pipeline.php(167): Illuminate\\Foundation\\Http\\Middleware\\ValidatePostSize->handle(Object(Illuminate\\Http\\Request), Object(Closure))
#59 D:\\1LuuDuLieuSV\\2001240399_TrinhHuuKienQuoc\\phplab\\buoi6\\Lab01_Framework\\vendor\\laravel\\framework\\src\\Illuminate\\Foundation\\Http\\Middleware\\PreventRequestsDuringMaintenance.php(86): Illuminate\\Pipeline\\Pipeline->Illuminate\\Pipeline\\{closure}(Object(Illuminate\\Http\\Request))
#60 D:\\1LuuDuLieuSV\\2001240399_TrinhHuuKienQuoc\\phplab\\buoi6\\Lab01_Framework\\vendor\\laravel\\framework\\src\\Illuminate\\Pipeline\\Pipeline.php(167): Illuminate\\Foundation\\Http\\Middleware\\PreventRequestsDuringMaintenance->handle(Object(Illuminate\\Http\\Request), Object(Closure))
#61 D:\\1LuuDuLieuSV\\2001240399_TrinhHuuKienQuoc\\phplab\\buoi6\\Lab01_Framework\\vendor\\fruitcake\\laravel-cors\\src\\HandleCors.php(38): Illuminate\\Pipeline\\Pipeline->Illuminate\\Pipeline\\{closure}(Object(Illuminate\\Http\\Request))
#62 D:\\1LuuDuLieuSV\\2001240399_TrinhHuuKienQuoc\\phplab\\buoi6\\Lab01_Framework\\vendor\\laravel\\framework\\src\\Illuminate\\Pipeline\\Pipeline.php(167): Fruitcake\\Cors\\HandleCors->handle(Object(Illuminate\\Http\\Request), Object(Closure))
#63 D:\\1LuuDuLieuSV\\2001240399_TrinhHuuKienQuoc\\phplab\\buoi6\\Lab01_Framework\\vendor\\laravel\\framework\\src\\Illuminate\\Http\\Middleware\\TrustProxies.php(39): Illuminate\\Pipeline\\Pipeline->Illuminate\\Pipeline\\{closure}(Object(Illuminate\\Http\\Request))
#64 D:\\1LuuDuLieuSV\\2001240399_TrinhHuuKienQuoc\\phplab\\buoi6\\Lab01_Framework\\vendor\\laravel\\framework\\src\\Illuminate\\Pipeline\\Pipeline.php(167): Illuminate\\Http\\Middleware\\TrustProxies->handle(Object(Illuminate\\Http\\Request), Object(Closure))
#65 D:\\1LuuDuLieuSV\\2001240399_TrinhHuuKienQuoc\\phplab\\buoi6\\Lab01_Framework\\vendor\\laravel\\framework\\src\\Illuminate\\Pipeline\\Pipeline.php(103): Illuminate\\Pipeline\\Pipeline->Illuminate\\Pipeline\\{closure}(Object(Illuminate\\Http\\Request))
#66 D:\\1LuuDuLieuSV\\2001240399_TrinhHuuKienQuoc\\phplab\\buoi6\\Lab01_Framework\\vendor\\laravel\\framework\\src\\Illuminate\\Foundation\\Http\\Kernel.php(142): Illuminate\\Pipeline\\Pipeline->then(Object(Closure))
#67 D:\\1LuuDuLieuSV\\2001240399_TrinhHuuKienQuoc\\phplab\\buoi6\\Lab01_Framework\\vendor\\laravel\\framework\\src\\Illuminate\\Foundation\\Http\\Kernel.php(111): Illuminate\\Foundation\\Http\\Kernel->sendRequestThroughRouter(Object(Illuminate\\Http\\Request))
#68 D:\\1LuuDuLieuSV\\2001240399_TrinhHuuKienQuoc\\phplab\\buoi6\\Lab01_Framework\\public\\index.php(52): Illuminate\\Foundation\\Http\\Kernel->handle(Object(Illuminate\\Http\\Request))
#69 D:\\1LuuDuLieuSV\\2001240399_TrinhHuuKienQuoc\\phplab\\buoi6\\Lab01_Framework\\server.php(21): require_once('D:\\\\1LuuDuLieuSV...')
#70 {main}
"} 
[2026-09-21 08:47:55] local.ERROR: Method App\Http\Controllers\ArticleController::getMockupArticles does not exist. {"exception":"[object] (BadMethodCallException(code: 0): Method App\\Http\\Controllers\\ArticleController::getMockupArticles does not exist. at D:\\1LuuDuLieuSV\\2001240399_TrinhHuuKienQuoc\\phplab\\buoi6\\Lab01_Framework\\vendor\\laravel\\framework\\src\\Illuminate\\Routing\\Controller.php:68)
[stacktrace]
#0 D:\\1LuuDuLieuSV\\2001240399_TrinhHuuKienQuoc\\phplab\\buoi6\\Lab01_Framework\\app\\Http\\Controllers\\ArticleController.php(98): Illuminate\\Routing\\Controller->__call('getMockupArticl...', Array)
#1 D:\\1LuuDuLieuSV\\2001240399_TrinhHuuKienQuoc\\phplab\\buoi6\\Lab01_Framework\\vendor\\laravel\\framework\\src\\Illuminate\\Routing\\Controller.php(54): App\\Http\\Controllers\\ArticleController->destroy('1')
#2 D:\\1LuuDuLieuSV\\2001240399_TrinhHuuKienQuoc\\phplab\\buoi6\\Lab01_Framework\\vendor\\laravel\\framework\\src\\Illuminate\\Routing\\ControllerDispatcher.php(45): Illuminate\\Routing\\Controller->callAction('destroy', Array)
#3 D:\\1LuuDuLieuSV\\2001240399_TrinhHuuKienQuoc\\phplab\\buoi6\\Lab01_Framework\\vendor\\laravel\\framework\\src\\Illuminate\\Routing\\Route.php(262): Illuminate\\Routing\\ControllerDispatcher->dispatch(Object(Illuminate\\Routing\\Route), Object(App\\Http\\Controllers\\ArticleController), 'destroy')
#4 D:\\1LuuDuLieuSV\\2001240399_TrinhHuuKienQuoc\\phplab\\buoi6\\Lab01_Framework\\vendor\\laravel\\framework\\src\\Illuminate\\Routing\\Route.php(205): Illuminate\\Routing\\Route->runController()
#5 D:\\1LuuDuLieuSV\\2001240399_TrinhHuuKienQuoc\\phplab\\buoi6\\Lab01_Framework\\vendor\\laravel\\framework\\src\\Illuminate\\Routing\\Router.php(721): Illuminate\\Routing\\Route->run()
#6 D:\\1LuuDuLieuSV\\2001240399_TrinhHuuKienQuoc\\phplab\\buoi6\\Lab01_Framework\\vendor\\laravel\\framework\\src\\Illuminate\\Pipeline\\Pipeline.php(128): Illuminate\\Routing\\Router->Illuminate\\Routing\\{closure}(Object(Illuminate\\Http\\Request))
#7 D:\\1LuuDuLieuSV\\2001240399_TrinhHuuKienQuoc\\phplab\\buoi6\\Lab01_Framework\\vendor\\laravel\\framework\\src\\Illuminate\\Routing\\Middleware\\SubstituteBindings.php(50): Illuminate\\Pipeline\\Pipeline->Illuminate\\Pipeline\\{closure}(Object(Illuminate\\Http\\Request))
#8 D:\\1LuuDuLieuSV\\2001240399_TrinhHuuKienQuoc\\phplab\\buoi6\\Lab01_Framework\\vendor\\laravel\\framework\\src\\Illuminate\\Pipeline\\Pipeline.php(167): Illuminate\\Routing\\Middleware\\SubstituteBindings->handle(Object(Illuminate\\Http\\Request), Object(Closure))
#9 D:\\1LuuDuLieuSV\\2001240399_TrinhHuuKienQuoc\\phplab\\buoi6\\Lab01_Framework\\vendor\\laravel\\framework\\src\\Illuminate\\Foundation\\Http\\Middleware\\VerifyCsrfToken.php(78): Illuminate\\Pipeline\\Pipeline->Illuminate\\Pipeline\\{closure}(Object(Illuminate\\Http\\Request))
#10 D:\\1LuuDuLieuSV\\2001240399_TrinhHuuKienQuoc\\phplab\\buoi6\\Lab01_Framework\\vendor\\laravel\\framework\\src\\Illuminate\\Pipeline\\Pipeline.php(167): Illuminate\\Foundation\\Http\\Middleware\\VerifyCsrfToken->handle(Object(Illuminate\\Http\\Request), Object(Closure))
#11 D:\\1LuuDuLieuSV\\2001240399_TrinhHuuKienQuoc\\phplab\\buoi6\\Lab01_Framework\\vendor\\laravel\\framework\\src\\Illuminate\\View\\Middleware\\ShareErrorsFromSession.php(49): Illuminate\\Pipeline\\Pipeline->Illuminate\\Pipeline\\{closure}(Object(Illuminate\\Http\\Request))
#12 D:\\1LuuDuLieuSV\\2001240399_TrinhHuuKienQuoc\\phplab\\buoi6\\Lab01_Framework\\vendor\\laravel\\framework\\src\\Illuminate\\Pipeline\\Pipeline.php(167): Illuminate\\View\\Middleware\\ShareErrorsFromSession->handle(Object(Illuminate\\Http\\Request), Object(Closure))
#13 D:\\1LuuDuLieuSV\\2001240399_TrinhHuuKienQuoc\\phplab\\buoi6\\Lab01_Framework\\vendor\\laravel\\framework\\src\\Illuminate\\Session\\Middleware\\StartSession.php(121): Illuminate\\Pipeline\\Pipeline->Illuminate\\Pipeline\\{closure}(Object(Illuminate\\Http\\Request))
#14 D:\\1LuuDuLieuSV\\2001240399_TrinhHuuKienQuoc\\phplab\\buoi6\\Lab01_Framework\\vendor\\laravel\\framework\\src\\Illuminate\\Session\\Middleware\\StartSession.php(64): Illuminate\\Session\\Middleware\\StartSession->handleStatefulRequest(Object(Illuminate\\Http\\Request), Object(Illuminate\\Session\\Store), Object(Closure))
#15 D:\\1LuuDuLieuSV\\2001240399_TrinhHuuKienQuoc\\phplab\\buoi6\\Lab01_Framework\\vendor\\laravel\\framework\\src\\Illuminate\\Pipeline\\Pipeline.php(167): Illuminate\\Session\\Middleware\\StartSession->handle(Object(Illuminate\\Http\\Request), Object(Closure))
#16 D:\\1LuuDuLieuSV\\2001240399_TrinhHuuKienQuoc\\phplab\\buoi6\\Lab01_Framework\\vendor\\laravel\\framework\\src\\Illuminate\\Cookie\\Middleware\\AddQueuedCookiesToResponse.php(37): Illuminate\\Pipeline\\Pipeline->Illuminate\\Pipeline\\{closure}(Object(Illuminate\\Http\\Request))
#17 D:\\1LuuDuLieuSV\\2001240399_TrinhHuuKienQuoc\\phplab\\buoi6\\Lab01_Framework\\vendor\\laravel\\framework\\src\\Illuminate\\Pipeline\\Pipeline.php(167): Illuminate\\Cookie\\Middleware\\AddQueuedCookiesToResponse->handle(Object(Illuminate\\Http\\Request), Object(Closure))
#18 D:\\1LuuDuLieuSV\\2001240399_TrinhHuuKienQuoc\\phplab\\buoi6\\Lab01_Framework\\vendor\\laravel\\framework\\src\\Illuminate\\Cookie\\Middleware\\EncryptCookies.php(67): Illuminate\\Pipeline\\Pipeline->Illuminate\\Pipeline\\{closure}(Object(Illuminate\\Http\\Request))
#19 D:\\1LuuDuLieuSV\\2001240399_TrinhHuuKienQuoc\\phplab\\buoi6\\Lab01_Framework\\vendor\\laravel\\framework\\src\\Illuminate\\Pipeline\\Pipeline.php(167): Illuminate\\Cookie\\Middleware\\EncryptCookies->handle(Object(Illuminate\\Http\\Request), Object(Closure))
#20 D:\\1LuuDuLieuSV\\2001240399_TrinhHuuKienQuoc\\phplab\\buoi6\\Lab01_Framework\\vendor\\laravel\\framework\\src\\Illuminate\\Pipeline\\Pipeline.php(103): Illuminate\\Pipeline\\Pipeline->Illuminate\\Pipeline\\{closure}(Object(Illuminate\\Http\\Request))
#21 D:\\1LuuDuLieuSV\\2001240399_TrinhHuuKienQuoc\\phplab\\buoi6\\Lab01_Framework\\vendor\\laravel\\framework\\src\\Illuminate\\Routing\\Router.php(723): Illuminate\\Pipeline\\Pipeline->then(Object(Closure))
#22 D:\\1LuuDuLieuSV\\2001240399_TrinhHuuKienQuoc\\phplab\\buoi6\\Lab01_Framework\\vendor\\laravel\\framework\\src\\Illuminate\\Routing\\Router.php(698): Illuminate\\Routing\\Router->runRouteWithinStack(Object(Illuminate\\Routing\\Route), Object(Illuminate\\Http\\Request))
#23 D:\\1LuuDuLieuSV\\2001240399_TrinhHuuKienQuoc\\phplab\\buoi6\\Lab01_Framework\\vendor\\laravel\\framework\\src\\Illuminate\\Routing\\Router.php(662): Illuminate\\Routing\\Router->runRoute(Object(Illuminate\\Http\\Request), Object(Illuminate\\Routing\\Route))
#24 D:\\1LuuDuLieuSV\\2001240399_TrinhHuuKienQuoc\\phplab\\buoi6\\Lab01_Framework\\vendor\\laravel\\framework\\src\\Illuminate\\Routing\\Router.php(651): Illuminate\\Routing\\Router->dispatchToRoute(Object(Illuminate\\Http\\Request))
#25 D:\\1LuuDuLieuSV\\2001240399_TrinhHuuKienQuoc\\phplab\\buoi6\\Lab01_Framework\\vendor\\laravel\\framework\\src\\Illuminate\\Foundation\\Http\\Kernel.php(167): Illuminate\\Routing\\Router->dispatch(Object(Illuminate\\Http\\Request))
#26 D:\\1LuuDuLieuSV\\2001240399_TrinhHuuKienQuoc\\phplab\\buoi6\\Lab01_Framework\\vendor\\laravel\\framework\\src\\Illuminate\\Pipeline\\Pipeline.php(128): Illuminate\\Foundation\\Http\\Kernel->Illuminate\\Foundation\\Http\\{closure}(Object(Illuminate\\Http\\Request))
#27 D:\\1LuuDuLieuSV\\2001240399_TrinhHuuKienQuoc\\phplab\\buoi6\\Lab01_Framework\\vendor\\laravel\\framework\\src\\Illuminate\\Foundation\\Http\\Middleware\\TransformsRequest.php(21): Illuminate\\Pipeline\\Pipeline->Illuminate\\Pipeline\\{closure}(Object(Illuminate\\Http\\Request))
#28 D:\\1LuuDuLieuSV\\2001240399_TrinhHuuKienQuoc\\phplab\\buoi6\\Lab01_Framework\\vendor\\laravel\\framework\\src\\Illuminate\\Foundation\\Http\\Middleware\\ConvertEmptyStringsToNull.php(31): Illuminate\\Foundation\\Http\\Middleware\\TransformsRequest->handle(Object(Illuminate\\Http\\Request), Object(Closure))
#29 D:\\1LuuDuLieuSV\\2001240399_TrinhHuuKienQuoc\\phplab\\buoi6\\Lab01_Framework\\vendor\\laravel\\framework\\src\\Illuminate\\Pipeline\\Pipeline.php(167): Illuminate\\Foundation\\Http\\Middleware\\ConvertEmptyStringsToNull->handle(Object(Illuminate\\Http\\Request), Object(Closure))
#30 D:\\1LuuDuLieuSV\\2001240399_TrinhHuuKienQuoc\\phplab\\buoi6\\Lab01_Framework\\vendor\\laravel\\framework\\src\\Illuminate\\Foundation\\Http\\Middleware\\TransformsRequest.php(21): Illuminate\\Pipeline\\Pipeline->Illuminate\\Pipeline\\{closure}(Object(Illuminate\\Http\\Request))
#31 D:\\1LuuDuLieuSV\\2001240399_TrinhHuuKienQuoc\\phplab\\buoi6\\Lab01_Framework\\vendor\\laravel\\framework\\src\\Illuminate\\Foundation\\Http\\Middleware\\TrimStrings.php(40): Illuminate\\Foundation\\Http\\Middleware\\TransformsRequest->handle(Object(Illuminate\\Http\\Request), Object(Closure))
#32 D:\\1LuuDuLieuSV\\2001240399_TrinhHuuKienQuoc\\phplab\\buoi6\\Lab01_Framework\\vendor\\laravel\\framework\\src\\Illuminate\\Pipeline\\Pipeline.php(167): Illuminate\\Foundation\\Http\\Middleware\\TrimStrings->handle(Object(Illuminate\\Http\\Request), Object(Closure))
#33 D:\\1LuuDuLieuSV\\2001240399_TrinhHuuKienQuoc\\phplab\\buoi6\\Lab01_Framework\\vendor\\laravel\\framework\\src\\Illuminate\\Foundation\\Http\\Middleware\\ValidatePostSize.php(27): Illuminate\\Pipeline\\Pipeline->Illuminate\\Pipeline\\{closure}(Object(Illuminate\\Http\\Request))
#34 D:\\1LuuDuLieuSV\\2001240399_TrinhHuuKienQuoc\\phplab\\buoi6\\Lab01_Framework\\vendor\\laravel\\framework\\src\\Illuminate\\Pipeline\\Pipeline.php(167): Illuminate\\Foundation\\Http\\Middleware\\ValidatePostSize->handle(Object(Illuminate\\Http\\Request), Object(Closure))
#35 D:\\1LuuDuLieuSV\\2001240399_TrinhHuuKienQuoc\\phplab\\buoi6\\Lab01_Framework\\vendor\\laravel\\framework\\src\\Illuminate\\Foundation\\Http\\Middleware\\PreventRequestsDuringMaintenance.php(86): Illuminate\\Pipeline\\Pipeline->Illuminate\\Pipeline\\{closure}(Object(Illuminate\\Http\\Request))
#36 D:\\1LuuDuLieuSV\\2001240399_TrinhHuuKienQuoc\\phplab\\buoi6\\Lab01_Framework\\vendor\\laravel\\framework\\src\\Illuminate\\Pipeline\\Pipeline.php(167): Illuminate\\Foundation\\Http\\Middleware\\PreventRequestsDuringMaintenance->handle(Object(Illuminate\\Http\\Request), Object(Closure))
#37 D:\\1LuuDuLieuSV\\2001240399_TrinhHuuKienQuoc\\phplab\\buoi6\\Lab01_Framework\\vendor\\fruitcake\\laravel-cors\\src\\HandleCors.php(38): Illuminate\\Pipeline\\Pipeline->Illuminate\\Pipeline\\{closure}(Object(Illuminate\\Http\\Request))
#38 D:\\1LuuDuLieuSV\\2001240399_TrinhHuuKienQuoc\\phplab\\buoi6\\Lab01_Framework\\vendor\\laravel\\framework\\src\\Illuminate\\Pipeline\\Pipeline.php(167): Fruitcake\\Cors\\HandleCors->handle(Object(Illuminate\\Http\\Request), Object(Closure))
#39 D:\\1LuuDuLieuSV\\2001240399_TrinhHuuKienQuoc\\phplab\\buoi6\\Lab01_Framework\\vendor\\laravel\\framework\\src\\Illuminate\\Http\\Middleware\\TrustProxies.php(39): Illuminate\\Pipeline\\Pipeline->Illuminate\\Pipeline\\{closure}(Object(Illuminate\\Http\\Request))
#40 D:\\1LuuDuLieuSV\\2001240399_TrinhHuuKienQuoc\\phplab\\buoi6\\Lab01_Framework\\vendor\\laravel\\framework\\src\\Illuminate\\Pipeline\\Pipeline.php(167): Illuminate\\Http\\Middleware\\TrustProxies->handle(Object(Illuminate\\Http\\Request), Object(Closure))
#41 D:\\1LuuDuLieuSV\\2001240399_TrinhHuuKienQuoc\\phplab\\buoi6\\Lab01_Framework\\vendor\\laravel\\framework\\src\\Illuminate\\Pipeline\\Pipeline.php(103): Illuminate\\Pipeline\\Pipeline->Illuminate\\Pipeline\\{closure}(Object(Illuminate\\Http\\Request))
#42 D:\\1LuuDuLieuSV\\2001240399_TrinhHuuKienQuoc\\phplab\\buoi6\\Lab01_Framework\\vendor\\laravel\\framework\\src\\Illuminate\\Foundation\\Http\\Kernel.php(142): Illuminate\\Pipeline\\Pipeline->then(Object(Closure))
#43 D:\\1LuuDuLieuSV\\2001240399_TrinhHuuKienQuoc\\phplab\\buoi6\\Lab01_Framework\\vendor\\laravel\\framework\\src\\Illuminate\\Foundation\\Http\\Kernel.php(111): Illuminate\\Foundation\\Http\\Kernel->sendRequestThroughRouter(Object(Illuminate\\Http\\Request))
#44 D:\\1LuuDuLieuSV\\2001240399_TrinhHuuKienQuoc\\phplab\\buoi6\\Lab01_Framework\\public\\index.php(52): Illuminate\\Foundation\\Http\\Kernel->handle(Object(Illuminate\\Http\\Request))
#45 D:\\1LuuDuLieuSV\\2001240399_TrinhHuuKienQuoc\\phplab\\buoi6\\Lab01_Framework\\server.php(21): require_once('D:\\\\1LuuDuLieuSV...')
#46 {main}
"} 
[2026-09-21 08:57:10] local.ERROR: View [artocles.create] not found. {"exception":"[object] (InvalidArgumentException(code: 0): View [artocles.create] not found. at D:\\1LuuDuLieuSV\\2001240399_TrinhHuuKienQuoc\\phplab\\buoi6\\Lab01_Framework\\vendor\\laravel\\framework\\src\\Illuminate\\View\\FileViewFinder.php:137)
[stacktrace]
#0 D:\\1LuuDuLieuSV\\2001240399_TrinhHuuKienQuoc\\phplab\\buoi6\\Lab01_Framework\\vendor\\laravel\\framework\\src\\Illuminate\\View\\FileViewFinder.php(79): Illuminate\\View\\FileViewFinder->findInPaths('artocles.create', Array)
#1 D:\\1LuuDuLieuSV\\2001240399_TrinhHuuKienQuoc\\phplab\\buoi6\\Lab01_Framework\\vendor\\laravel\\framework\\src\\Illuminate\\View\\Factory.php(138): Illuminate\\View\\FileViewFinder->find('artocles.create')
#2 D:\\1LuuDuLieuSV\\2001240399_TrinhHuuKienQuoc\\phplab\\buoi6\\Lab01_Framework\\vendor\\laravel\\framework\\src\\Illuminate\\Foundation\\helpers.php(932): Illuminate\\View\\Factory->make('artocles.create', Array, Array)
#3 D:\\1LuuDuLieuSV\\2001240399_TrinhHuuKienQuoc\\phplab\\buoi6\\Lab01_Framework\\app\\Http\\Controllers\\ArticleController.php(33): view('artocles.create')
#4 D:\\1LuuDuLieuSV\\2001240399_TrinhHuuKienQuoc\\phplab\\buoi6\\Lab01_Framework\\vendor\\laravel\\framework\\src\\Illuminate\\Routing\\Controller.php(54): App\\Http\\Controllers\\ArticleController->create()
#5 D:\\1LuuDuLieuSV\\2001240399_TrinhHuuKienQuoc\\phplab\\buoi6\\Lab01_Framework\\vendor\\laravel\\framework\\src\\Illuminate\\Routing\\ControllerDispatcher.php(45): Illuminate\\Routing\\Controller->callAction('create', Array)
#6 D:\\1LuuDuLieuSV\\2001240399_TrinhHuuKienQuoc\\phplab\\buoi6\\Lab01_Framework\\vendor\\laravel\\framework\\src\\Illuminate\\Routing\\Route.php(262): Illuminate\\Routing\\ControllerDispatcher->dispatch(Object(Illuminate\\Routing\\Route), Object(App\\Http\\Controllers\\ArticleController), 'create')
#7 D:\\1LuuDuLieuSV\\2001240399_TrinhHuuKienQuoc\\phplab\\buoi6\\Lab01_Framework\\vendor\\laravel\\framework\\src\\Illuminate\\Routing\\Route.php(205): Illuminate\\Routing\\Route->runController()
#8 D:\\1LuuDuLieuSV\\2001240399_TrinhHuuKienQuoc\\phplab\\buoi6\\Lab01_Framework\\vendor\\laravel\\framework\\src\\Illuminate\\Routing\\Router.php(721): Illuminate\\Routing\\Route->run()
#9 D:\\1LuuDuLieuSV\\2001240399_TrinhHuuKienQuoc\\phplab\\buoi6\\Lab01_Framework\\vendor\\laravel\\framework\\src\\Illuminate\\Pipeline\\Pipeline.php(128): Illuminate\\Routing\\Router->Illuminate\\Routing\\{closure}(Object(Illuminate\\Http\\Request))
#10 D:\\1LuuDuLieuSV\\2001240399_TrinhHuuKienQuoc\\phplab\\buoi6\\Lab01_Framework\\vendor\\laravel\\framework\\src\\Illuminate\\Routing\\Middleware\\SubstituteBindings.php(50): Illuminate\\Pipeline\\Pipeline->Illuminate\\Pipeline\\{closure}(Object(Illuminate\\Http\\Request))
#11 D:\\1LuuDuLieuSV\\2001240399_TrinhHuuKienQuoc\\phplab\\buoi6\\Lab01_Framework\\vendor\\laravel\\framework\\src\\Illuminate\\Pipeline\\Pipeline.php(167): Illuminate\\Routing\\Middleware\\SubstituteBindings->handle(Object(Illuminate\\Http\\Request), Object(Closure))
#12 D:\\1LuuDuLieuSV\\2001240399_TrinhHuuKienQuoc\\phplab\\buoi6\\Lab01_Framework\\vendor\\laravel\\framework\\src\\Illuminate\\Foundation\\Http\\Middleware\\VerifyCsrfToken.php(78): Illuminate\\Pipeline\\Pipeline->Illuminate\\Pipeline\\{closure}(Object(Illuminate\\Http\\Request))
#13 D:\\1LuuDuLieuSV\\2001240399_TrinhHuuKienQuoc\\phplab\\buoi6\\Lab01_Framework\\vendor\\laravel\\framework\\src\\Illuminate\\Pipeline\\Pipeline.php(167): Illuminate\\Foundation\\Http\\Middleware\\VerifyCsrfToken->handle(Object(Illuminate\\Http\\Request), Object(Closure))
#14 D:\\1LuuDuLieuSV\\2001240399_TrinhHuuKienQuoc\\phplab\\buoi6\\Lab01_Framework\\vendor\\laravel\\framework\\src\\Illuminate\\View\\Middleware\\ShareErrorsFromSession.php(49): Illuminate\\Pipeline\\Pipeline->Illuminate\\Pipeline\\{closure}(Object(Illuminate\\Http\\Request))
#15 D:\\1LuuDuLieuSV\\2001240399_TrinhHuuKienQuoc\\phplab\\buoi6\\Lab01_Framework\\vendor\\laravel\\framework\\src\\Illuminate\\Pipeline\\Pipeline.php(167): Illuminate\\View\\Middleware\\ShareErrorsFromSession->handle(Object(Illuminate\\Http\\Request), Object(Closure))
#16 D:\\1LuuDuLieuSV\\2001240399_TrinhHuuKienQuoc\\phplab\\buoi6\\Lab01_Framework\\vendor\\laravel\\framework\\src\\Illuminate\\Session\\Middleware\\StartSession.php(121): Illuminate\\Pipeline\\Pipeline->Illuminate\\Pipeline\\{closure}(Object(Illuminate\\Http\\Request))
#17 D:\\1LuuDuLieuSV\\2001240399_TrinhHuuKienQuoc\\phplab\\buoi6\\Lab01_Framework\\vendor\\laravel\\framework\\src\\Illuminate\\Session\\Middleware\\StartSession.php(64): Illuminate\\Session\\Middleware\\StartSession->handleStatefulRequest(Object(Illuminate\\Http\\Request), Object(Illuminate\\Session\\Store), Object(Closure))
#18 D:\\1LuuDuLieuSV\\2001240399_TrinhHuuKienQuoc\\phplab\\buoi6\\Lab01_Framework\\vendor\\laravel\\framework\\src\\Illuminate\\Pipeline\\Pipeline.php(167): Illuminate\\Session\\Middleware\\StartSession->handle(Object(Illuminate\\Http\\Request), Object(Closure))
#19 D:\\1LuuDuLieuSV\\2001240399_TrinhHuuKienQuoc\\phplab\\buoi6\\Lab01_Framework\\vendor\\laravel\\framework\\src\\Illuminate\\Cookie\\Middleware\\AddQueuedCookiesToResponse.php(37): Illuminate\\Pipeline\\Pipeline->Illuminate\\Pipeline\\{closure}(Object(Illuminate\\Http\\Request))
#20 D:\\1LuuDuLieuSV\\2001240399_TrinhHuuKienQuoc\\phplab\\buoi6\\Lab01_Framework\\vendor\\laravel\\framework\\src\\Illuminate\\Pipeline\\Pipeline.php(167): Illuminate\\Cookie\\Middleware\\AddQueuedCookiesToResponse->handle(Object(Illuminate\\Http\\Request), Object(Closure))
#21 D:\\1LuuDuLieuSV\\2001240399_TrinhHuuKienQuoc\\phplab\\buoi6\\Lab01_Framework\\vendor\\laravel\\framework\\src\\Illuminate\\Cookie\\Middleware\\EncryptCookies.php(67): Illuminate\\Pipeline\\Pipeline->Illuminate\\Pipeline\\{closure}(Object(Illuminate\\Http\\Request))
#22 D:\\1LuuDuLieuSV\\2001240399_TrinhHuuKienQuoc\\phplab\\buoi6\\Lab01_Framework\\vendor\\laravel\\framework\\src\\Illuminate\\Pipeline\\Pipeline.php(167): Illuminate\\Cookie\\Middleware\\EncryptCookies->handle(Object(Illuminate\\Http\\Request), Object(Closure))
#23 D:\\1LuuDuLieuSV\\2001240399_TrinhHuuKienQuoc\\phplab\\buoi6\\Lab01_Framework\\vendor\\laravel\\framework\\src\\Illuminate\\Pipeline\\Pipeline.php(103): Illuminate\\Pipeline\\Pipeline->Illuminate\\Pipeline\\{closure}(Object(Illuminate\\Http\\Request))
#24 D:\\1LuuDuLieuSV\\2001240399_TrinhHuuKienQuoc\\phplab\\buoi6\\Lab01_Framework\\vendor\\laravel\\framework\\src\\Illuminate\\Routing\\Router.php(723): Illuminate\\Pipeline\\Pipeline->then(Object(Closure))
#25 D:\\1LuuDuLieuSV\\2001240399_TrinhHuuKienQuoc\\phplab\\buoi6\\Lab01_Framework\\vendor\\laravel\\framework\\src\\Illuminate\\Routing\\Router.php(698): Illuminate\\Routing\\Router->runRouteWithinStack(Object(Illuminate\\Routing\\Route), Object(Illuminate\\Http\\Request))
#26 D:\\1LuuDuLieuSV\\2001240399_TrinhHuuKienQuoc\\phplab\\buoi6\\Lab01_Framework\\vendor\\laravel\\framework\\src\\Illuminate\\Routing\\Router.php(662): Illuminate\\Routing\\Router->runRoute(Object(Illuminate\\Http\\Request), Object(Illuminate\\Routing\\Route))
#27 D:\\1LuuDuLieuSV\\2001240399_TrinhHuuKienQuoc\\phplab\\buoi6\\Lab01_Framework\\vendor\\laravel\\framework\\src\\Illuminate\\Routing\\Router.php(651): Illuminate\\Routing\\Router->dispatchToRoute(Object(Illuminate\\Http\\Request))
#28 D:\\1LuuDuLieuSV\\2001240399_TrinhHuuKienQuoc\\phplab\\buoi6\\Lab01_Framework\\vendor\\laravel\\framework\\src\\Illuminate\\Foundation\\Http\\Kernel.php(167): Illuminate\\Routing\\Router->dispatch(Object(Illuminate\\Http\\Request))
#29 D:\\1LuuDuLieuSV\\2001240399_TrinhHuuKienQuoc\\phplab\\buoi6\\Lab01_Framework\\vendor\\laravel\\framework\\src\\Illuminate\\Pipeline\\Pipeline.php(128): Illuminate\\Foundation\\Http\\Kernel->Illuminate\\Foundation\\Http\\{closure}(Object(Illuminate\\Http\\Request))
#30 D:\\1LuuDuLieuSV\\2001240399_TrinhHuuKienQuoc\\phplab\\buoi6\\Lab01_Framework\\vendor\\laravel\\framework\\src\\Illuminate\\Foundation\\Http\\Middleware\\TransformsRequest.php(21): Illuminate\\Pipeline\\Pipeline->Illuminate\\Pipeline\\{closure}(Object(Illuminate\\Http\\Request))
#31 D:\\1LuuDuLieuSV\\2001240399_TrinhHuuKienQuoc\\phplab\\buoi6\\Lab01_Framework\\vendor\\laravel\\framework\\src\\Illuminate\\Foundation\\Http\\Middleware\\ConvertEmptyStringsToNull.php(31): Illuminate\\Foundation\\Http\\Middleware\\TransformsRequest->handle(Object(Illuminate\\Http\\Request), Object(Closure))
#32 D:\\1LuuDuLieuSV\\2001240399_TrinhHuuKienQuoc\\phplab\\buoi6\\Lab01_Framework\\vendor\\laravel\\framework\\src\\Illuminate\\Pipeline\\Pipeline.php(167): Illuminate\\Foundation\\Http\\Middleware\\ConvertEmptyStringsToNull->handle(Object(Illuminate\\Http\\Request), Object(Closure))
#33 D:\\1LuuDuLieuSV\\2001240399_TrinhHuuKienQuoc\\phplab\\buoi6\\Lab01_Framework\\vendor\\laravel\\framework\\src\\Illuminate\\Foundation\\Http\\Middleware\\TransformsRequest.php(21): Illuminate\\Pipeline\\Pipeline->Illuminate\\Pipeline\\{closure}(Object(Illuminate\\Http\\Request))
#34 D:\\1LuuDuLieuSV\\2001240399_TrinhHuuKienQuoc\\phplab\\buoi6\\Lab01_Framework\\vendor\\laravel\\framework\\src\\Illuminate\\Foundation\\Http\\Middleware\\TrimStrings.php(40): Illuminate\\Foundation\\Http\\Middleware\\TransformsRequest->handle(Object(Illuminate\\Http\\Request), Object(Closure))
#35 D:\\1LuuDuLieuSV\\2001240399_TrinhHuuKienQuoc\\phplab\\buoi6\\Lab01_Framework\\vendor\\laravel\\framework\\src\\Illuminate\\Pipeline\\Pipeline.php(167): Illuminate\\Foundation\\Http\\Middleware\\TrimStrings->handle(Object(Illuminate\\Http\\Request), Object(Closure))
#36 D:\\1LuuDuLieuSV\\2001240399_TrinhHuuKienQuoc\\phplab\\buoi6\\Lab01_Framework\\vendor\\laravel\\framework\\src\\Illuminate\\Foundation\\Http\\Middleware\\ValidatePostSize.php(27): Illuminate\\Pipeline\\Pipeline->Illuminate\\Pipeline\\{closure}(Object(Illuminate\\Http\\Request))
#37 D:\\1LuuDuLieuSV\\2001240399_TrinhHuuKienQuoc\\phplab\\buoi6\\Lab01_Framework\\vendor\\laravel\\framework\\src\\Illuminate\\Pipeline\\Pipeline.php(167): Illuminate\\Foundation\\Http\\Middleware\\ValidatePostSize->handle(Object(Illuminate\\Http\\Request), Object(Closure))
#38 D:\\1LuuDuLieuSV\\2001240399_TrinhHuuKienQuoc\\phplab\\buoi6\\Lab01_Framework\\vendor\\laravel\\framework\\src\\Illuminate\\Foundation\\Http\\Middleware\\PreventRequestsDuringMaintenance.php(86): Illuminate\\Pipeline\\Pipeline->Illuminate\\Pipeline\\{closure}(Object(Illuminate\\Http\\Request))
#39 D:\\1LuuDuLieuSV\\2001240399_TrinhHuuKienQuoc\\phplab\\buoi6\\Lab01_Framework\\vendor\\laravel\\framework\\src\\Illuminate\\Pipeline\\Pipeline.php(167): Illuminate\\Foundation\\Http\\Middleware\\PreventRequestsDuringMaintenance->handle(Object(Illuminate\\Http\\Request), Object(Closure))
#40 D:\\1LuuDuLieuSV\\2001240399_TrinhHuuKienQuoc\\phplab\\buoi6\\Lab01_Framework\\vendor\\fruitcake\\laravel-cors\\src\\HandleCors.php(38): Illuminate\\Pipeline\\Pipeline->Illuminate\\Pipeline\\{closure}(Object(Illuminate\\Http\\Request))
#41 D:\\1LuuDuLieuSV\\2001240399_TrinhHuuKienQuoc\\phplab\\buoi6\\Lab01_Framework\\vendor\\laravel\\framework\\src\\Illuminate\\Pipeline\\Pipeline.php(167): Fruitcake\\Cors\\HandleCors->handle(Object(Illuminate\\Http\\Request), Object(Closure))
#42 D:\\1LuuDuLieuSV\\2001240399_TrinhHuuKienQuoc\\phplab\\buoi6\\Lab01_Framework\\vendor\\laravel\\framework\\src\\Illuminate\\Http\\Middleware\\TrustProxies.php(39): Illuminate\\Pipeline\\Pipeline->Illuminate\\Pipeline\\{closure}(Object(Illuminate\\Http\\Request))
#43 D:\\1LuuDuLieuSV\\2001240399_TrinhHuuKienQuoc\\phplab\\buoi6\\Lab01_Framework\\vendor\\laravel\\framework\\src\\Illuminate\\Pipeline\\Pipeline.php(167): Illuminate\\Http\\Middleware\\TrustProxies->handle(Object(Illuminate\\Http\\Request), Object(Closure))
#44 D:\\1LuuDuLieuSV\\2001240399_TrinhHuuKienQuoc\\phplab\\buoi6\\Lab01_Framework\\vendor\\laravel\\framework\\src\\Illuminate\\Pipeline\\Pipeline.php(103): Illuminate\\Pipeline\\Pipeline->Illuminate\\Pipeline\\{closure}(Object(Illuminate\\Http\\Request))
#45 D:\\1LuuDuLieuSV\\2001240399_TrinhHuuKienQuoc\\phplab\\buoi6\\Lab01_Framework\\vendor\\laravel\\framework\\src\\Illuminate\\Foundation\\Http\\Kernel.php(142): Illuminate\\Pipeline\\Pipeline->then(Object(Closure))
#46 D:\\1LuuDuLieuSV\\2001240399_TrinhHuuKienQuoc\\phplab\\buoi6\\Lab01_Framework\\vendor\\laravel\\framework\\src\\Illuminate\\Foundation\\Http\\Kernel.php(111): Illuminate\\Foundation\\Http\\Kernel->sendRequestThroughRouter(Object(Illuminate\\Http\\Request))
#47 D:\\1LuuDuLieuSV\\2001240399_TrinhHuuKienQuoc\\phplab\\buoi6\\Lab01_Framework\\public\\index.php(52): Illuminate\\Foundation\\Http\\Kernel->handle(Object(Illuminate\\Http\\Request))
#48 D:\\1LuuDuLieuSV\\2001240399_TrinhHuuKienQuoc\\phplab\\buoi6\\Lab01_Framework\\server.php(21): require_once('D:\\\\1LuuDuLieuSV...')
#49 {main}
"} 
[2026-09-21 08:57:13] local.ERROR: View [artocles.create] not found. {"exception":"[object] (InvalidArgumentException(code: 0): View [artocles.create] not found. at D:\\1LuuDuLieuSV\\2001240399_TrinhHuuKienQuoc\\phplab\\buoi6\\Lab01_Framework\\vendor\\laravel\\framework\\src\\Illuminate\\View\\FileViewFinder.php:137)
[stacktrace]
#0 D:\\1LuuDuLieuSV\\2001240399_TrinhHuuKienQuoc\\phplab\\buoi6\\Lab01_Framework\\vendor\\laravel\\framework\\src\\Illuminate\\View\\FileViewFinder.php(79): Illuminate\\View\\FileViewFinder->findInPaths('artocles.create', Array)
#1 D:\\1LuuDuLieuSV\\2001240399_TrinhHuuKienQuoc\\phplab\\buoi6\\Lab01_Framework\\vendor\\laravel\\framework\\src\\Illuminate\\View\\Factory.php(138): Illuminate\\View\\FileViewFinder->find('artocles.create')
#2 D:\\1LuuDuLieuSV\\2001240399_TrinhHuuKienQuoc\\phplab\\buoi6\\Lab01_Framework\\vendor\\laravel\\framework\\src\\Illuminate\\Foundation\\helpers.php(932): Illuminate\\View\\Factory->make('artocles.create', Array, Array)
#3 D:\\1LuuDuLieuSV\\2001240399_TrinhHuuKienQuoc\\phplab\\buoi6\\Lab01_Framework\\app\\Http\\Controllers\\ArticleController.php(33): view('artocles.create')
#4 D:\\1LuuDuLieuSV\\2001240399_TrinhHuuKienQuoc\\phplab\\buoi6\\Lab01_Framework\\vendor\\laravel\\framework\\src\\Illuminate\\Routing\\Controller.php(54): App\\Http\\Controllers\\ArticleController->create()
#5 D:\\1LuuDuLieuSV\\2001240399_TrinhHuuKienQuoc\\phplab\\buoi6\\Lab01_Framework\\vendor\\laravel\\framework\\src\\Illuminate\\Routing\\ControllerDispatcher.php(45): Illuminate\\Routing\\Controller->callAction('create', Array)
#6 D:\\1LuuDuLieuSV\\2001240399_TrinhHuuKienQuoc\\phplab\\buoi6\\Lab01_Framework\\vendor\\laravel\\framework\\src\\Illuminate\\Routing\\Route.php(262): Illuminate\\Routing\\ControllerDispatcher->dispatch(Object(Illuminate\\Routing\\Route), Object(App\\Http\\Controllers\\ArticleController), 'create')
#7 D:\\1LuuDuLieuSV\\2001240399_TrinhHuuKienQuoc\\phplab\\buoi6\\Lab01_Framework\\vendor\\laravel\\framework\\src\\Illuminate\\Routing\\Route.php(205): Illuminate\\Routing\\Route->runController()
#8 D:\\1LuuDuLieuSV\\2001240399_TrinhHuuKienQuoc\\phplab\\buoi6\\Lab01_Framework\\vendor\\laravel\\framework\\src\\Illuminate\\Routing\\Router.php(721): Illuminate\\Routing\\Route->run()
#9 D:\\1LuuDuLieuSV\\2001240399_TrinhHuuKienQuoc\\phplab\\buoi6\\Lab01_Framework\\vendor\\laravel\\framework\\src\\Illuminate\\Pipeline\\Pipeline.php(128): Illuminate\\Routing\\Router->Illuminate\\Routing\\{closure}(Object(Illuminate\\Http\\Request))
#10 D:\\1LuuDuLieuSV\\2001240399_TrinhHuuKienQuoc\\phplab\\buoi6\\Lab01_Framework\\vendor\\laravel\\framework\\src\\Illuminate\\Routing\\Middleware\\SubstituteBindings.php(50): Illuminate\\Pipeline\\Pipeline->Illuminate\\Pipeline\\{closure}(Object(Illuminate\\Http\\Request))
#11 D:\\1LuuDuLieuSV\\2001240399_TrinhHuuKienQuoc\\phplab\\buoi6\\Lab01_Framework\\vendor\\laravel\\framework\\src\\Illuminate\\Pipeline\\Pipeline.php(167): Illuminate\\Routing\\Middleware\\SubstituteBindings->handle(Object(Illuminate\\Http\\Request), Object(Closure))
#12 D:\\1LuuDuLieuSV\\2001240399_TrinhHuuKienQuoc\\phplab\\buoi6\\Lab01_Framework\\vendor\\laravel\\framework\\src\\Illuminate\\Foundation\\Http\\Middleware\\VerifyCsrfToken.php(78): Illuminate\\Pipeline\\Pipeline->Illuminate\\Pipeline\\{closure}(Object(Illuminate\\Http\\Request))
#13 D:\\1LuuDuLieuSV\\2001240399_TrinhHuuKienQuoc\\phplab\\buoi6\\Lab01_Framework\\vendor\\laravel\\framework\\src\\Illuminate\\Pipeline\\Pipeline.php(167): Illuminate\\Foundation\\Http\\Middleware\\VerifyCsrfToken->handle(Object(Illuminate\\Http\\Request), Object(Closure))
#14 D:\\1LuuDuLieuSV\\2001240399_TrinhHuuKienQuoc\\phplab\\buoi6\\Lab01_Framework\\vendor\\laravel\\framework\\src\\Illuminate\\View\\Middleware\\ShareErrorsFromSession.php(49): Illuminate\\Pipeline\\Pipeline->Illuminate\\Pipeline\\{closure}(Object(Illuminate\\Http\\Request))
#15 D:\\1LuuDuLieuSV\\2001240399_TrinhHuuKienQuoc\\phplab\\buoi6\\Lab01_Framework\\vendor\\laravel\\framework\\src\\Illuminate\\Pipeline\\Pipeline.php(167): Illuminate\\View\\Middleware\\ShareErrorsFromSession->handle(Object(Illuminate\\Http\\Request), Object(Closure))
#16 D:\\1LuuDuLieuSV\\2001240399_TrinhHuuKienQuoc\\phplab\\buoi6\\Lab01_Framework\\vendor\\laravel\\framework\\src\\Illuminate\\Session\\Middleware\\StartSession.php(121): Illuminate\\Pipeline\\Pipeline->Illuminate\\Pipeline\\{closure}(Object(Illuminate\\Http\\Request))
#17 D:\\1LuuDuLieuSV\\2001240399_TrinhHuuKienQuoc\\phplab\\buoi6\\Lab01_Framework\\vendor\\laravel\\framework\\src\\Illuminate\\Session\\Middleware\\StartSession.php(64): Illuminate\\Session\\Middleware\\StartSession->handleStatefulRequest(Object(Illuminate\\Http\\Request), Object(Illuminate\\Session\\Store), Object(Closure))
#18 D:\\1LuuDuLieuSV\\2001240399_TrinhHuuKienQuoc\\phplab\\buoi6\\Lab01_Framework\\vendor\\laravel\\framework\\src\\Illuminate\\Pipeline\\Pipeline.php(167): Illuminate\\Session\\Middleware\\StartSession->handle(Object(Illuminate\\Http\\Request), Object(Closure))
#19 D:\\1LuuDuLieuSV\\2001240399_TrinhHuuKienQuoc\\phplab\\buoi6\\Lab01_Framework\\vendor\\laravel\\framework\\src\\Illuminate\\Cookie\\Middleware\\AddQueuedCookiesToResponse.php(37): Illuminate\\Pipeline\\Pipeline->Illuminate\\Pipeline\\{closure}(Object(Illuminate\\Http\\Request))
#20 D:\\1LuuDuLieuSV\\2001240399_TrinhHuuKienQuoc\\phplab\\buoi6\\Lab01_Framework\\vendor\\laravel\\framework\\src\\Illuminate\\Pipeline\\Pipeline.php(167): Illuminate\\Cookie\\Middleware\\AddQueuedCookiesToResponse->handle(Object(Illuminate\\Http\\Request), Object(Closure))
#21 D:\\1LuuDuLieuSV\\2001240399_TrinhHuuKienQuoc\\phplab\\buoi6\\Lab01_Framework\\vendor\\laravel\\framework\\src\\Illuminate\\Cookie\\Middleware\\EncryptCookies.php(67): Illuminate\\Pipeline\\Pipeline->Illuminate\\Pipeline\\{closure}(Object(Illuminate\\Http\\Request))
#22 D:\\1LuuDuLieuSV\\2001240399_TrinhHuuKienQuoc\\phplab\\buoi6\\Lab01_Framework\\vendor\\laravel\\framework\\src\\Illuminate\\Pipeline\\Pipeline.php(167): Illuminate\\Cookie\\Middleware\\EncryptCookies->handle(Object(Illuminate\\Http\\Request), Object(Closure))
#23 D:\\1LuuDuLieuSV\\2001240399_TrinhHuuKienQuoc\\phplab\\buoi6\\Lab01_Framework\\vendor\\laravel\\framework\\src\\Illuminate\\Pipeline\\Pipeline.php(103): Illuminate\\Pipeline\\Pipeline->Illuminate\\Pipeline\\{closure}(Object(Illuminate\\Http\\Request))
#24 D:\\1LuuDuLieuSV\\2001240399_TrinhHuuKienQuoc\\phplab\\buoi6\\Lab01_Framework\\vendor\\laravel\\framework\\src\\Illuminate\\Routing\\Router.php(723): Illuminate\\Pipeline\\Pipeline->then(Object(Closure))
#25 D:\\1LuuDuLieuSV\\2001240399_TrinhHuuKienQuoc\\phplab\\buoi6\\Lab01_Framework\\vendor\\laravel\\framework\\src\\Illuminate\\Routing\\Router.php(698): Illuminate\\Routing\\Router->runRouteWithinStack(Object(Illuminate\\Routing\\Route), Object(Illuminate\\Http\\Request))
#26 D:\\1LuuDuLieuSV\\2001240399_TrinhHuuKienQuoc\\phplab\\buoi6\\Lab01_Framework\\vendor\\laravel\\framework\\src\\Illuminate\\Routing\\Router.php(662): Illuminate\\Routing\\Router->runRoute(Object(Illuminate\\Http\\Request), Object(Illuminate\\Routing\\Route))
#27 D:\\1LuuDuLieuSV\\2001240399_TrinhHuuKienQuoc\\phplab\\buoi6\\Lab01_Framework\\vendor\\laravel\\framework\\src\\Illuminate\\Routing\\Router.php(651): Illuminate\\Routing\\Router->dispatchToRoute(Object(Illuminate\\Http\\Request))
#28 D:\\1LuuDuLieuSV\\2001240399_TrinhHuuKienQuoc\\phplab\\buoi6\\Lab01_Framework\\vendor\\laravel\\framework\\src\\Illuminate\\Foundation\\Http\\Kernel.php(167): Illuminate\\Routing\\Router->dispatch(Object(Illuminate\\Http\\Request))
#29 D:\\1LuuDuLieuSV\\2001240399_TrinhHuuKienQuoc\\phplab\\buoi6\\Lab01_Framework\\vendor\\laravel\\framework\\src\\Illuminate\\Pipeline\\Pipeline.php(128): Illuminate\\Foundation\\Http\\Kernel->Illuminate\\Foundation\\Http\\{closure}(Object(Illuminate\\Http\\Request))
#30 D:\\1LuuDuLieuSV\\2001240399_TrinhHuuKienQuoc\\phplab\\buoi6\\Lab01_Framework\\vendor\\laravel\\framework\\src\\Illuminate\\Foundation\\Http\\Middleware\\TransformsRequest.php(21): Illuminate\\Pipeline\\Pipeline->Illuminate\\Pipeline\\{closure}(Object(Illuminate\\Http\\Request))
#31 D:\\1LuuDuLieuSV\\2001240399_TrinhHuuKienQuoc\\phplab\\buoi6\\Lab01_Framework\\vendor\\laravel\\framework\\src\\Illuminate\\Foundation\\Http\\Middleware\\ConvertEmptyStringsToNull.php(31): Illuminate\\Foundation\\Http\\Middleware\\TransformsRequest->handle(Object(Illuminate\\Http\\Request), Object(Closure))
#32 D:\\1LuuDuLieuSV\\2001240399_TrinhHuuKienQuoc\\phplab\\buoi6\\Lab01_Framework\\vendor\\laravel\\framework\\src\\Illuminate\\Pipeline\\Pipeline.php(167): Illuminate\\Foundation\\Http\\Middleware\\ConvertEmptyStringsToNull->handle(Object(Illuminate\\Http\\Request), Object(Closure))
#33 D:\\1LuuDuLieuSV\\2001240399_TrinhHuuKienQuoc\\phplab\\buoi6\\Lab01_Framework\\vendor\\laravel\\framework\\src\\Illuminate\\Foundation\\Http\\Middleware\\TransformsRequest.php(21): Illuminate\\Pipeline\\Pipeline->Illuminate\\Pipeline\\{closure}(Object(Illuminate\\Http\\Request))
#34 D:\\1LuuDuLieuSV\\2001240399_TrinhHuuKienQuoc\\phplab\\buoi6\\Lab01_Framework\\vendor\\laravel\\framework\\src\\Illuminate\\Foundation\\Http\\Middleware\\TrimStrings.php(40): Illuminate\\Foundation\\Http\\Middleware\\TransformsRequest->handle(Object(Illuminate\\Http\\Request), Object(Closure))
#35 D:\\1LuuDuLieuSV\\2001240399_TrinhHuuKienQuoc\\phplab\\buoi6\\Lab01_Framework\\vendor\\laravel\\framework\\src\\Illuminate\\Pipeline\\Pipeline.php(167): Illuminate\\Foundation\\Http\\Middleware\\TrimStrings->handle(Object(Illuminate\\Http\\Request), Object(Closure))
#36 D:\\1LuuDuLieuSV\\2001240399_TrinhHuuKienQuoc\\phplab\\buoi6\\Lab01_Framework\\vendor\\laravel\\framework\\src\\Illuminate\\Foundation\\Http\\Middleware\\ValidatePostSize.php(27): Illuminate\\Pipeline\\Pipeline->Illuminate\\Pipeline\\{closure}(Object(Illuminate\\Http\\Request))
#37 D:\\1LuuDuLieuSV\\2001240399_TrinhHuuKienQuoc\\phplab\\buoi6\\Lab01_Framework\\vendor\\laravel\\framework\\src\\Illuminate\\Pipeline\\Pipeline.php(167): Illuminate\\Foundation\\Http\\Middleware\\ValidatePostSize->handle(Object(Illuminate\\Http\\Request), Object(Closure))
#38 D:\\1LuuDuLieuSV\\2001240399_TrinhHuuKienQuoc\\phplab\\buoi6\\Lab01_Framework\\vendor\\laravel\\framework\\src\\Illuminate\\Foundation\\Http\\Middleware\\PreventRequestsDuringMaintenance.php(86): Illuminate\\Pipeline\\Pipeline->Illuminate\\Pipeline\\{closure}(Object(Illuminate\\Http\\Request))
#39 D:\\1LuuDuLieuSV\\2001240399_TrinhHuuKienQuoc\\phplab\\buoi6\\Lab01_Framework\\vendor\\laravel\\framework\\src\\Illuminate\\Pipeline\\Pipeline.php(167): Illuminate\\Foundation\\Http\\Middleware\\PreventRequestsDuringMaintenance->handle(Object(Illuminate\\Http\\Request), Object(Closure))
#40 D:\\1LuuDuLieuSV\\2001240399_TrinhHuuKienQuoc\\phplab\\buoi6\\Lab01_Framework\\vendor\\fruitcake\\laravel-cors\\src\\HandleCors.php(38): Illuminate\\Pipeline\\Pipeline->Illuminate\\Pipeline\\{closure}(Object(Illuminate\\Http\\Request))
#41 D:\\1LuuDuLieuSV\\2001240399_TrinhHuuKienQuoc\\phplab\\buoi6\\Lab01_Framework\\vendor\\laravel\\framework\\src\\Illuminate\\Pipeline\\Pipeline.php(167): Fruitcake\\Cors\\HandleCors->handle(Object(Illuminate\\Http\\Request), Object(Closure))
#42 D:\\1LuuDuLieuSV\\2001240399_TrinhHuuKienQuoc\\phplab\\buoi6\\Lab01_Framework\\vendor\\laravel\\framework\\src\\Illuminate\\Http\\Middleware\\TrustProxies.php(39): Illuminate\\Pipeline\\Pipeline->Illuminate\\Pipeline\\{closure}(Object(Illuminate\\Http\\Request))
#43 D:\\1LuuDuLieuSV\\2001240399_TrinhHuuKienQuoc\\phplab\\buoi6\\Lab01_Framework\\vendor\\laravel\\framework\\src\\Illuminate\\Pipeline\\Pipeline.php(167): Illuminate\\Http\\Middleware\\TrustProxies->handle(Object(Illuminate\\Http\\Request), Object(Closure))
#44 D:\\1LuuDuLieuSV\\2001240399_TrinhHuuKienQuoc\\phplab\\buoi6\\Lab01_Framework\\vendor\\laravel\\framework\\src\\Illuminate\\Pipeline\\Pipeline.php(103): Illuminate\\Pipeline\\Pipeline->Illuminate\\Pipeline\\{closure}(Object(Illuminate\\Http\\Request))
#45 D:\\1LuuDuLieuSV\\2001240399_TrinhHuuKienQuoc\\phplab\\buoi6\\Lab01_Framework\\vendor\\laravel\\framework\\src\\Illuminate\\Foundation\\Http\\Kernel.php(142): Illuminate\\Pipeline\\Pipeline->then(Object(Closure))
#46 D:\\1LuuDuLieuSV\\2001240399_TrinhHuuKienQuoc\\phplab\\buoi6\\Lab01_Framework\\vendor\\laravel\\framework\\src\\Illuminate\\Foundation\\Http\\Kernel.php(111): Illuminate\\Foundation\\Http\\Kernel->sendRequestThroughRouter(Object(Illuminate\\Http\\Request))
#47 D:\\1LuuDuLieuSV\\2001240399_TrinhHuuKienQuoc\\phplab\\buoi6\\Lab01_Framework\\public\\index.php(52): Illuminate\\Foundation\\Http\\Kernel->handle(Object(Illuminate\\Http\\Request))
#48 D:\\1LuuDuLieuSV\\2001240399_TrinhHuuKienQuoc\\phplab\\buoi6\\Lab01_Framework\\server.php(21): require_once('D:\\\\1LuuDuLieuSV...')
#49 {main}
"} 
[2026-09-21 08:57:42] local.ERROR: View [artocles.create] not found. {"exception":"[object] (InvalidArgumentException(code: 0): View [artocles.create] not found. at D:\\1LuuDuLieuSV\\2001240399_TrinhHuuKienQuoc\\phplab\\buoi6\\Lab01_Framework\\vendor\\laravel\\framework\\src\\Illuminate\\View\\FileViewFinder.php:137)
[stacktrace]
#0 D:\\1LuuDuLieuSV\\2001240399_TrinhHuuKienQuoc\\phplab\\buoi6\\Lab01_Framework\\vendor\\laravel\\framework\\src\\Illuminate\\View\\FileViewFinder.php(79): Illuminate\\View\\FileViewFinder->findInPaths('artocles.create', Array)
#1 D:\\1LuuDuLieuSV\\2001240399_TrinhHuuKienQuoc\\phplab\\buoi6\\Lab01_Framework\\vendor\\laravel\\framework\\src\\Illuminate\\View\\Factory.php(138): Illuminate\\View\\FileViewFinder->find('artocles.create')
#2 D:\\1LuuDuLieuSV\\2001240399_TrinhHuuKienQuoc\\phplab\\buoi6\\Lab01_Framework\\vendor\\laravel\\framework\\src\\Illuminate\\Foundation\\helpers.php(932): Illuminate\\View\\Factory->make('artocles.create', Array, Array)
#3 D:\\1LuuDuLieuSV\\2001240399_TrinhHuuKienQuoc\\phplab\\buoi6\\Lab01_Framework\\app\\Http\\Controllers\\ArticleController.php(33): view('artocles.create')
#4 D:\\1LuuDuLieuSV\\2001240399_TrinhHuuKienQuoc\\phplab\\buoi6\\Lab01_Framework\\vendor\\laravel\\framework\\src\\Illuminate\\Routing\\Controller.php(54): App\\Http\\Controllers\\ArticleController->create()
#5 D:\\1LuuDuLieuSV\\2001240399_TrinhHuuKienQuoc\\phplab\\buoi6\\Lab01_Framework\\vendor\\laravel\\framework\\src\\Illuminate\\Routing\\ControllerDispatcher.php(45): Illuminate\\Routing\\Controller->callAction('create', Array)
#6 D:\\1LuuDuLieuSV\\2001240399_TrinhHuuKienQuoc\\phplab\\buoi6\\Lab01_Framework\\vendor\\laravel\\framework\\src\\Illuminate\\Routing\\Route.php(262): Illuminate\\Routing\\ControllerDispatcher->dispatch(Object(Illuminate\\Routing\\Route), Object(App\\Http\\Controllers\\ArticleController), 'create')
#7 D:\\1LuuDuLieuSV\\2001240399_TrinhHuuKienQuoc\\phplab\\buoi6\\Lab01_Framework\\vendor\\laravel\\framework\\src\\Illuminate\\Routing\\Route.php(205): Illuminate\\Routing\\Route->runController()
#8 D:\\1LuuDuLieuSV\\2001240399_TrinhHuuKienQuoc\\phplab\\buoi6\\Lab01_Framework\\vendor\\laravel\\framework\\src\\Illuminate\\Routing\\Router.php(721): Illuminate\\Routing\\Route->run()
#9 D:\\1LuuDuLieuSV\\2001240399_TrinhHuuKienQuoc\\phplab\\buoi6\\Lab01_Framework\\vendor\\laravel\\framework\\src\\Illuminate\\Pipeline\\Pipeline.php(128): Illuminate\\Routing\\Router->Illuminate\\Routing\\{closure}(Object(Illuminate\\Http\\Request))
#10 D:\\1LuuDuLieuSV\\2001240399_TrinhHuuKienQuoc\\phplab\\buoi6\\Lab01_Framework\\vendor\\laravel\\framework\\src\\Illuminate\\Routing\\Middleware\\SubstituteBindings.php(50): Illuminate\\Pipeline\\Pipeline->Illuminate\\Pipeline\\{closure}(Object(Illuminate\\Http\\Request))
#11 D:\\1LuuDuLieuSV\\2001240399_TrinhHuuKienQuoc\\phplab\\buoi6\\Lab01_Framework\\vendor\\laravel\\framework\\src\\Illuminate\\Pipeline\\Pipeline.php(167): Illuminate\\Routing\\Middleware\\SubstituteBindings->handle(Object(Illuminate\\Http\\Request), Object(Closure))
#12 D:\\1LuuDuLieuSV\\2001240399_TrinhHuuKienQuoc\\phplab\\buoi6\\Lab01_Framework\\vendor\\laravel\\framework\\src\\Illuminate\\Foundation\\Http\\Middleware\\VerifyCsrfToken.php(78): Illuminate\\Pipeline\\Pipeline->Illuminate\\Pipeline\\{closure}(Object(Illuminate\\Http\\Request))
#13 D:\\1LuuDuLieuSV\\2001240399_TrinhHuuKienQuoc\\phplab\\buoi6\\Lab01_Framework\\vendor\\laravel\\framework\\src\\Illuminate\\Pipeline\\Pipeline.php(167): Illuminate\\Foundation\\Http\\Middleware\\VerifyCsrfToken->handle(Object(Illuminate\\Http\\Request), Object(Closure))
#14 D:\\1LuuDuLieuSV\\2001240399_TrinhHuuKienQuoc\\phplab\\buoi6\\Lab01_Framework\\vendor\\laravel\\framework\\src\\Illuminate\\View\\Middleware\\ShareErrorsFromSession.php(49): Illuminate\\Pipeline\\Pipeline->Illuminate\\Pipeline\\{closure}(Object(Illuminate\\Http\\Request))
#15 D:\\1LuuDuLieuSV\\2001240399_TrinhHuuKienQuoc\\phplab\\buoi6\\Lab01_Framework\\vendor\\laravel\\framework\\src\\Illuminate\\Pipeline\\Pipeline.php(167): Illuminate\\View\\Middleware\\ShareErrorsFromSession->handle(Object(Illuminate\\Http\\Request), Object(Closure))
#16 D:\\1LuuDuLieuSV\\2001240399_TrinhHuuKienQuoc\\phplab\\buoi6\\Lab01_Framework\\vendor\\laravel\\framework\\src\\Illuminate\\Session\\Middleware\\StartSession.php(121): Illuminate\\Pipeline\\Pipeline->Illuminate\\Pipeline\\{closure}(Object(Illuminate\\Http\\Request))
#17 D:\\1LuuDuLieuSV\\2001240399_TrinhHuuKienQuoc\\phplab\\buoi6\\Lab01_Framework\\vendor\\laravel\\framework\\src\\Illuminate\\Session\\Middleware\\StartSession.php(64): Illuminate\\Session\\Middleware\\StartSession->handleStatefulRequest(Object(Illuminate\\Http\\Request), Object(Illuminate\\Session\\Store), Object(Closure))
#18 D:\\1LuuDuLieuSV\\2001240399_TrinhHuuKienQuoc\\phplab\\buoi6\\Lab01_Framework\\vendor\\laravel\\framework\\src\\Illuminate\\Pipeline\\Pipeline.php(167): Illuminate\\Session\\Middleware\\StartSession->handle(Object(Illuminate\\Http\\Request), Object(Closure))
#19 D:\\1LuuDuLieuSV\\2001240399_TrinhHuuKienQuoc\\phplab\\buoi6\\Lab01_Framework\\vendor\\laravel\\framework\\src\\Illuminate\\Cookie\\Middleware\\AddQueuedCookiesToResponse.php(37): Illuminate\\Pipeline\\Pipeline->Illuminate\\Pipeline\\{closure}(Object(Illuminate\\Http\\Request))
#20 D:\\1LuuDuLieuSV\\2001240399_TrinhHuuKienQuoc\\phplab\\buoi6\\Lab01_Framework\\vendor\\laravel\\framework\\src\\Illuminate\\Pipeline\\Pipeline.php(167): Illuminate\\Cookie\\Middleware\\AddQueuedCookiesToResponse->handle(Object(Illuminate\\Http\\Request), Object(Closure))
#21 D:\\1LuuDuLieuSV\\2001240399_TrinhHuuKienQuoc\\phplab\\buoi6\\Lab01_Framework\\vendor\\laravel\\framework\\src\\Illuminate\\Cookie\\Middleware\\EncryptCookies.php(67): Illuminate\\Pipeline\\Pipeline->Illuminate\\Pipeline\\{closure}(Object(Illuminate\\Http\\Request))
#22 D:\\1LuuDuLieuSV\\2001240399_TrinhHuuKienQuoc\\phplab\\buoi6\\Lab01_Framework\\vendor\\laravel\\framework\\src\\Illuminate\\Pipeline\\Pipeline.php(167): Illuminate\\Cookie\\Middleware\\EncryptCookies->handle(Object(Illuminate\\Http\\Request), Object(Closure))
#23 D:\\1LuuDuLieuSV\\2001240399_TrinhHuuKienQuoc\\phplab\\buoi6\\Lab01_Framework\\vendor\\laravel\\framework\\src\\Illuminate\\Pipeline\\Pipeline.php(103): Illuminate\\Pipeline\\Pipeline->Illuminate\\Pipeline\\{closure}(Object(Illuminate\\Http\\Request))
#24 D:\\1LuuDuLieuSV\\2001240399_TrinhHuuKienQuoc\\phplab\\buoi6\\Lab01_Framework\\vendor\\laravel\\framework\\src\\Illuminate\\Routing\\Router.php(723): Illuminate\\Pipeline\\Pipeline->then(Object(Closure))
#25 D:\\1LuuDuLieuSV\\2001240399_TrinhHuuKienQuoc\\phplab\\buoi6\\Lab01_Framework\\vendor\\laravel\\framework\\src\\Illuminate\\Routing\\Router.php(698): Illuminate\\Routing\\Router->runRouteWithinStack(Object(Illuminate\\Routing\\Route), Object(Illuminate\\Http\\Request))
#26 D:\\1LuuDuLieuSV\\2001240399_TrinhHuuKienQuoc\\phplab\\buoi6\\Lab01_Framework\\vendor\\laravel\\framework\\src\\Illuminate\\Routing\\Router.php(662): Illuminate\\Routing\\Router->runRoute(Object(Illuminate\\Http\\Request), Object(Illuminate\\Routing\\Route))
#27 D:\\1LuuDuLieuSV\\2001240399_TrinhHuuKienQuoc\\phplab\\buoi6\\Lab01_Framework\\vendor\\laravel\\framework\\src\\Illuminate\\Routing\\Router.php(651): Illuminate\\Routing\\Router->dispatchToRoute(Object(Illuminate\\Http\\Request))
#28 D:\\1LuuDuLieuSV\\2001240399_TrinhHuuKienQuoc\\phplab\\buoi6\\Lab01_Framework\\vendor\\laravel\\framework\\src\\Illuminate\\Foundation\\Http\\Kernel.php(167): Illuminate\\Routing\\Router->dispatch(Object(Illuminate\\Http\\Request))
#29 D:\\1LuuDuLieuSV\\2001240399_TrinhHuuKienQuoc\\phplab\\buoi6\\Lab01_Framework\\vendor\\laravel\\framework\\src\\Illuminate\\Pipeline\\Pipeline.php(128): Illuminate\\Foundation\\Http\\Kernel->Illuminate\\Foundation\\Http\\{closure}(Object(Illuminate\\Http\\Request))
#30 D:\\1LuuDuLieuSV\\2001240399_TrinhHuuKienQuoc\\phplab\\buoi6\\Lab01_Framework\\vendor\\laravel\\framework\\src\\Illuminate\\Foundation\\Http\\Middleware\\TransformsRequest.php(21): Illuminate\\Pipeline\\Pipeline->Illuminate\\Pipeline\\{closure}(Object(Illuminate\\Http\\Request))
#31 D:\\1LuuDuLieuSV\\2001240399_TrinhHuuKienQuoc\\phplab\\buoi6\\Lab01_Framework\\vendor\\laravel\\framework\\src\\Illuminate\\Foundation\\Http\\Middleware\\ConvertEmptyStringsToNull.php(31): Illuminate\\Foundation\\Http\\Middleware\\TransformsRequest->handle(Object(Illuminate\\Http\\Request), Object(Closure))
#32 D:\\1LuuDuLieuSV\\2001240399_TrinhHuuKienQuoc\\phplab\\buoi6\\Lab01_Framework\\vendor\\laravel\\framework\\src\\Illuminate\\Pipeline\\Pipeline.php(167): Illuminate\\Foundation\\Http\\Middleware\\ConvertEmptyStringsToNull->handle(Object(Illuminate\\Http\\Request), Object(Closure))
#33 D:\\1LuuDuLieuSV\\2001240399_TrinhHuuKienQuoc\\phplab\\buoi6\\Lab01_Framework\\vendor\\laravel\\framework\\src\\Illuminate\\Foundation\\Http\\Middleware\\TransformsRequest.php(21): Illuminate\\Pipeline\\Pipeline->Illuminate\\Pipeline\\{closure}(Object(Illuminate\\Http\\Request))
#34 D:\\1LuuDuLieuSV\\2001240399_TrinhHuuKienQuoc\\phplab\\buoi6\\Lab01_Framework\\vendor\\laravel\\framework\\src\\Illuminate\\Foundation\\Http\\Middleware\\TrimStrings.php(40): Illuminate\\Foundation\\Http\\Middleware\\TransformsRequest->handle(Object(Illuminate\\Http\\Request), Object(Closure))
#35 D:\\1LuuDuLieuSV\\2001240399_TrinhHuuKienQuoc\\phplab\\buoi6\\Lab01_Framework\\vendor\\laravel\\framework\\src\\Illuminate\\Pipeline\\Pipeline.php(167): Illuminate\\Foundation\\Http\\Middleware\\TrimStrings->handle(Object(Illuminate\\Http\\Request), Object(Closure))
#36 D:\\1LuuDuLieuSV\\2001240399_TrinhHuuKienQuoc\\phplab\\buoi6\\Lab01_Framework\\vendor\\laravel\\framework\\src\\Illuminate\\Foundation\\Http\\Middleware\\ValidatePostSize.php(27): Illuminate\\Pipeline\\Pipeline->Illuminate\\Pipeline\\{closure}(Object(Illuminate\\Http\\Request))
#37 D:\\1LuuDuLieuSV\\2001240399_TrinhHuuKienQuoc\\phplab\\buoi6\\Lab01_Framework\\vendor\\laravel\\framework\\src\\Illuminate\\Pipeline\\Pipeline.php(167): Illuminate\\Foundation\\Http\\Middleware\\ValidatePostSize->handle(Object(Illuminate\\Http\\Request), Object(Closure))
#38 D:\\1LuuDuLieuSV\\2001240399_TrinhHuuKienQuoc\\phplab\\buoi6\\Lab01_Framework\\vendor\\laravel\\framework\\src\\Illuminate\\Foundation\\Http\\Middleware\\PreventRequestsDuringMaintenance.php(86): Illuminate\\Pipeline\\Pipeline->Illuminate\\Pipeline\\{closure}(Object(Illuminate\\Http\\Request))
#39 D:\\1LuuDuLieuSV\\2001240399_TrinhHuuKienQuoc\\phplab\\buoi6\\Lab01_Framework\\vendor\\laravel\\framework\\src\\Illuminate\\Pipeline\\Pipeline.php(167): Illuminate\\Foundation\\Http\\Middleware\\PreventRequestsDuringMaintenance->handle(Object(Illuminate\\Http\\Request), Object(Closure))
#40 D:\\1LuuDuLieuSV\\2001240399_TrinhHuuKienQuoc\\phplab\\buoi6\\Lab01_Framework\\vendor\\fruitcake\\laravel-cors\\src\\HandleCors.php(38): Illuminate\\Pipeline\\Pipeline->Illuminate\\Pipeline\\{closure}(Object(Illuminate\\Http\\Request))
#41 D:\\1LuuDuLieuSV\\2001240399_TrinhHuuKienQuoc\\phplab\\buoi6\\Lab01_Framework\\vendor\\laravel\\framework\\src\\Illuminate\\Pipeline\\Pipeline.php(167): Fruitcake\\Cors\\HandleCors->handle(Object(Illuminate\\Http\\Request), Object(Closure))
#42 D:\\1LuuDuLieuSV\\2001240399_TrinhHuuKienQuoc\\phplab\\buoi6\\Lab01_Framework\\vendor\\laravel\\framework\\src\\Illuminate\\Http\\Middleware\\TrustProxies.php(39): Illuminate\\Pipeline\\Pipeline->Illuminate\\Pipeline\\{closure}(Object(Illuminate\\Http\\Request))
#43 D:\\1LuuDuLieuSV\\2001240399_TrinhHuuKienQuoc\\phplab\\buoi6\\Lab01_Framework\\vendor\\laravel\\framework\\src\\Illuminate\\Pipeline\\Pipeline.php(167): Illuminate\\Http\\Middleware\\TrustProxies->handle(Object(Illuminate\\Http\\Request), Object(Closure))
#44 D:\\1LuuDuLieuSV\\2001240399_TrinhHuuKienQuoc\\phplab\\buoi6\\Lab01_Framework\\vendor\\laravel\\framework\\src\\Illuminate\\Pipeline\\Pipeline.php(103): Illuminate\\Pipeline\\Pipeline->Illuminate\\Pipeline\\{closure}(Object(Illuminate\\Http\\Request))
#45 D:\\1LuuDuLieuSV\\2001240399_TrinhHuuKienQuoc\\phplab\\buoi6\\Lab01_Framework\\vendor\\laravel\\framework\\src\\Illuminate\\Foundation\\Http\\Kernel.php(142): Illuminate\\Pipeline\\Pipeline->then(Object(Closure))
#46 D:\\1LuuDuLieuSV\\2001240399_TrinhHuuKienQuoc\\phplab\\buoi6\\Lab01_Framework\\vendor\\laravel\\framework\\src\\Illuminate\\Foundation\\Http\\Kernel.php(111): Illuminate\\Foundation\\Http\\Kernel->sendRequestThroughRouter(Object(Illuminate\\Http\\Request))
#47 D:\\1LuuDuLieuSV\\2001240399_TrinhHuuKienQuoc\\phplab\\buoi6\\Lab01_Framework\\public\\index.php(52): Illuminate\\Foundation\\Http\\Kernel->handle(Object(Illuminate\\Http\\Request))
#48 D:\\1LuuDuLieuSV\\2001240399_TrinhHuuKienQuoc\\phplab\\buoi6\\Lab01_Framework\\server.php(21): require_once('D:\\\\1LuuDuLieuSV...')
#49 {main}
"} 
[2026-09-21 08:57:42] local.ERROR: View [artocles.create] not found. {"exception":"[object] (InvalidArgumentException(code: 0): View [artocles.create] not found. at D:\\1LuuDuLieuSV\\2001240399_TrinhHuuKienQuoc\\phplab\\buoi6\\Lab01_Framework\\vendor\\laravel\\framework\\src\\Illuminate\\View\\FileViewFinder.php:137)
[stacktrace]
#0 D:\\1LuuDuLieuSV\\2001240399_TrinhHuuKienQuoc\\phplab\\buoi6\\Lab01_Framework\\vendor\\laravel\\framework\\src\\Illuminate\\View\\FileViewFinder.php(79): Illuminate\\View\\FileViewFinder->findInPaths('artocles.create', Array)
#1 D:\\1LuuDuLieuSV\\2001240399_TrinhHuuKienQuoc\\phplab\\buoi6\\Lab01_Framework\\vendor\\laravel\\framework\\src\\Illuminate\\View\\Factory.php(138): Illuminate\\View\\FileViewFinder->find('artocles.create')
#2 D:\\1LuuDuLieuSV\\2001240399_TrinhHuuKienQuoc\\phplab\\buoi6\\Lab01_Framework\\vendor\\laravel\\framework\\src\\Illuminate\\Foundation\\helpers.php(932): Illuminate\\View\\Factory->make('artocles.create', Array, Array)
#3 D:\\1LuuDuLieuSV\\2001240399_TrinhHuuKienQuoc\\phplab\\buoi6\\Lab01_Framework\\app\\Http\\Controllers\\ArticleController.php(33): view('artocles.create')
#4 D:\\1LuuDuLieuSV\\2001240399_TrinhHuuKienQuoc\\phplab\\buoi6\\Lab01_Framework\\vendor\\laravel\\framework\\src\\Illuminate\\Routing\\Controller.php(54): App\\Http\\Controllers\\ArticleController->create()
#5 D:\\1LuuDuLieuSV\\2001240399_TrinhHuuKienQuoc\\phplab\\buoi6\\Lab01_Framework\\vendor\\laravel\\framework\\src\\Illuminate\\Routing\\ControllerDispatcher.php(45): Illuminate\\Routing\\Controller->callAction('create', Array)
#6 D:\\1LuuDuLieuSV\\2001240399_TrinhHuuKienQuoc\\phplab\\buoi6\\Lab01_Framework\\vendor\\laravel\\framework\\src\\Illuminate\\Routing\\Route.php(262): Illuminate\\Routing\\ControllerDispatcher->dispatch(Object(Illuminate\\Routing\\Route), Object(App\\Http\\Controllers\\ArticleController), 'create')
#7 D:\\1LuuDuLieuSV\\2001240399_TrinhHuuKienQuoc\\phplab\\buoi6\\Lab01_Framework\\vendor\\laravel\\framework\\src\\Illuminate\\Routing\\Route.php(205): Illuminate\\Routing\\Route->runController()
#8 D:\\1LuuDuLieuSV\\2001240399_TrinhHuuKienQuoc\\phplab\\buoi6\\Lab01_Framework\\vendor\\laravel\\framework\\src\\Illuminate\\Routing\\Router.php(721): Illuminate\\Routing\\Route->run()
#9 D:\\1LuuDuLieuSV\\2001240399_TrinhHuuKienQuoc\\phplab\\buoi6\\Lab01_Framework\\vendor\\laravel\\framework\\src\\Illuminate\\Pipeline\\Pipeline.php(128): Illuminate\\Routing\\Router->Illuminate\\Routing\\{closure}(Object(Illuminate\\Http\\Request))
#10 D:\\1LuuDuLieuSV\\2001240399_TrinhHuuKienQuoc\\phplab\\buoi6\\Lab01_Framework\\vendor\\laravel\\framework\\src\\Illuminate\\Routing\\Middleware\\SubstituteBindings.php(50): Illuminate\\Pipeline\\Pipeline->Illuminate\\Pipeline\\{closure}(Object(Illuminate\\Http\\Request))
#11 D:\\1LuuDuLieuSV\\2001240399_TrinhHuuKienQuoc\\phplab\\buoi6\\Lab01_Framework\\vendor\\laravel\\framework\\src\\Illuminate\\Pipeline\\Pipeline.php(167): Illuminate\\Routing\\Middleware\\SubstituteBindings->handle(Object(Illuminate\\Http\\Request), Object(Closure))
#12 D:\\1LuuDuLieuSV\\2001240399_TrinhHuuKienQuoc\\phplab\\buoi6\\Lab01_Framework\\vendor\\laravel\\framework\\src\\Illuminate\\Foundation\\Http\\Middleware\\VerifyCsrfToken.php(78): Illuminate\\Pipeline\\Pipeline->Illuminate\\Pipeline\\{closure}(Object(Illuminate\\Http\\Request))
#13 D:\\1LuuDuLieuSV\\2001240399_TrinhHuuKienQuoc\\phplab\\buoi6\\Lab01_Framework\\vendor\\laravel\\framework\\src\\Illuminate\\Pipeline\\Pipeline.php(167): Illuminate\\Foundation\\Http\\Middleware\\VerifyCsrfToken->handle(Object(Illuminate\\Http\\Request), Object(Closure))
#14 D:\\1LuuDuLieuSV\\2001240399_TrinhHuuKienQuoc\\phplab\\buoi6\\Lab01_Framework\\vendor\\laravel\\framework\\src\\Illuminate\\View\\Middleware\\ShareErrorsFromSession.php(49): Illuminate\\Pipeline\\Pipeline->Illuminate\\Pipeline\\{closure}(Object(Illuminate\\Http\\Request))
#15 D:\\1LuuDuLieuSV\\2001240399_TrinhHuuKienQuoc\\phplab\\buoi6\\Lab01_Framework\\vendor\\laravel\\framework\\src\\Illuminate\\Pipeline\\Pipeline.php(167): Illuminate\\View\\Middleware\\ShareErrorsFromSession->handle(Object(Illuminate\\Http\\Request), Object(Closure))
#16 D:\\1LuuDuLieuSV\\2001240399_TrinhHuuKienQuoc\\phplab\\buoi6\\Lab01_Framework\\vendor\\laravel\\framework\\src\\Illuminate\\Session\\Middleware\\StartSession.php(121): Illuminate\\Pipeline\\Pipeline->Illuminate\\Pipeline\\{closure}(Object(Illuminate\\Http\\Request))
#17 D:\\1LuuDuLieuSV\\2001240399_TrinhHuuKienQuoc\\phplab\\buoi6\\Lab01_Framework\\vendor\\laravel\\framework\\src\\Illuminate\\Session\\Middleware\\StartSession.php(64): Illuminate\\Session\\Middleware\\StartSession->handleStatefulRequest(Object(Illuminate\\Http\\Request), Object(Illuminate\\Session\\Store), Object(Closure))
#18 D:\\1LuuDuLieuSV\\2001240399_TrinhHuuKienQuoc\\phplab\\buoi6\\Lab01_Framework\\vendor\\laravel\\framework\\src\\Illuminate\\Pipeline\\Pipeline.php(167): Illuminate\\Session\\Middleware\\StartSession->handle(Object(Illuminate\\Http\\Request), Object(Closure))
#19 D:\\1LuuDuLieuSV\\2001240399_TrinhHuuKienQuoc\\phplab\\buoi6\\Lab01_Framework\\vendor\\laravel\\framework\\src\\Illuminate\\Cookie\\Middleware\\AddQueuedCookiesToResponse.php(37): Illuminate\\Pipeline\\Pipeline->Illuminate\\Pipeline\\{closure}(Object(Illuminate\\Http\\Request))
#20 D:\\1LuuDuLieuSV\\2001240399_TrinhHuuKienQuoc\\phplab\\buoi6\\Lab01_Framework\\vendor\\laravel\\framework\\src\\Illuminate\\Pipeline\\Pipeline.php(167): Illuminate\\Cookie\\Middleware\\AddQueuedCookiesToResponse->handle(Object(Illuminate\\Http\\Request), Object(Closure))
#21 D:\\1LuuDuLieuSV\\2001240399_TrinhHuuKienQuoc\\phplab\\buoi6\\Lab01_Framework\\vendor\\laravel\\framework\\src\\Illuminate\\Cookie\\Middleware\\EncryptCookies.php(67): Illuminate\\Pipeline\\Pipeline->Illuminate\\Pipeline\\{closure}(Object(Illuminate\\Http\\Request))
#22 D:\\1LuuDuLieuSV\\2001240399_TrinhHuuKienQuoc\\phplab\\buoi6\\Lab01_Framework\\vendor\\laravel\\framework\\src\\Illuminate\\Pipeline\\Pipeline.php(167): Illuminate\\Cookie\\Middleware\\EncryptCookies->handle(Object(Illuminate\\Http\\Request), Object(Closure))
#23 D:\\1LuuDuLieuSV\\2001240399_TrinhHuuKienQuoc\\phplab\\buoi6\\Lab01_Framework\\vendor\\laravel\\framework\\src\\Illuminate\\Pipeline\\Pipeline.php(103): Illuminate\\Pipeline\\Pipeline->Illuminate\\Pipeline\\{closure}(Object(Illuminate\\Http\\Request))
#24 D:\\1LuuDuLieuSV\\2001240399_TrinhHuuKienQuoc\\phplab\\buoi6\\Lab01_Framework\\vendor\\laravel\\framework\\src\\Illuminate\\Routing\\Router.php(723): Illuminate\\Pipeline\\Pipeline->then(Object(Closure))
#25 D:\\1LuuDuLieuSV\\2001240399_TrinhHuuKienQuoc\\phplab\\buoi6\\Lab01_Framework\\vendor\\laravel\\framework\\src\\Illuminate\\Routing\\Router.php(698): Illuminate\\Routing\\Router->runRouteWithinStack(Object(Illuminate\\Routing\\Route), Object(Illuminate\\Http\\Request))
#26 D:\\1LuuDuLieuSV\\2001240399_TrinhHuuKienQuoc\\phplab\\buoi6\\Lab01_Framework\\vendor\\laravel\\framework\\src\\Illuminate\\Routing\\Router.php(662): Illuminate\\Routing\\Router->runRoute(Object(Illuminate\\Http\\Request), Object(Illuminate\\Routing\\Route))
#27 D:\\1LuuDuLieuSV\\2001240399_TrinhHuuKienQuoc\\phplab\\buoi6\\Lab01_Framework\\vendor\\laravel\\framework\\src\\Illuminate\\Routing\\Router.php(651): Illuminate\\Routing\\Router->dispatchToRoute(Object(Illuminate\\Http\\Request))
#28 D:\\1LuuDuLieuSV\\2001240399_TrinhHuuKienQuoc\\phplab\\buoi6\\Lab01_Framework\\vendor\\laravel\\framework\\src\\Illuminate\\Foundation\\Http\\Kernel.php(167): Illuminate\\Routing\\Router->dispatch(Object(Illuminate\\Http\\Request))
#29 D:\\1LuuDuLieuSV\\2001240399_TrinhHuuKienQuoc\\phplab\\buoi6\\Lab01_Framework\\vendor\\laravel\\framework\\src\\Illuminate\\Pipeline\\Pipeline.php(128): Illuminate\\Foundation\\Http\\Kernel->Illuminate\\Foundation\\Http\\{closure}(Object(Illuminate\\Http\\Request))
#30 D:\\1LuuDuLieuSV\\2001240399_TrinhHuuKienQuoc\\phplab\\buoi6\\Lab01_Framework\\vendor\\laravel\\framework\\src\\Illuminate\\Foundation\\Http\\Middleware\\TransformsRequest.php(21): Illuminate\\Pipeline\\Pipeline->Illuminate\\Pipeline\\{closure}(Object(Illuminate\\Http\\Request))
#31 D:\\1LuuDuLieuSV\\2001240399_TrinhHuuKienQuoc\\phplab\\buoi6\\Lab01_Framework\\vendor\\laravel\\framework\\src\\Illuminate\\Foundation\\Http\\Middleware\\ConvertEmptyStringsToNull.php(31): Illuminate\\Foundation\\Http\\Middleware\\TransformsRequest->handle(Object(Illuminate\\Http\\Request), Object(Closure))
#32 D:\\1LuuDuLieuSV\\2001240399_TrinhHuuKienQuoc\\phplab\\buoi6\\Lab01_Framework\\vendor\\laravel\\framework\\src\\Illuminate\\Pipeline\\Pipeline.php(167): Illuminate\\Foundation\\Http\\Middleware\\ConvertEmptyStringsToNull->handle(Object(Illuminate\\Http\\Request), Object(Closure))
#33 D:\\1LuuDuLieuSV\\2001240399_TrinhHuuKienQuoc\\phplab\\buoi6\\Lab01_Framework\\vendor\\laravel\\framework\\src\\Illuminate\\Foundation\\Http\\Middleware\\TransformsRequest.php(21): Illuminate\\Pipeline\\Pipeline->Illuminate\\Pipeline\\{closure}(Object(Illuminate\\Http\\Request))
#34 D:\\1LuuDuLieuSV\\2001240399_TrinhHuuKienQuoc\\phplab\\buoi6\\Lab01_Framework\\vendor\\laravel\\framework\\src\\Illuminate\\Foundation\\Http\\Middleware\\TrimStrings.php(40): Illuminate\\Foundation\\Http\\Middleware\\TransformsRequest->handle(Object(Illuminate\\Http\\Request), Object(Closure))
#35 D:\\1LuuDuLieuSV\\2001240399_TrinhHuuKienQuoc\\phplab\\buoi6\\Lab01_Framework\\vendor\\laravel\\framework\\src\\Illuminate\\Pipeline\\Pipeline.php(167): Illuminate\\Foundation\\Http\\Middleware\\TrimStrings->handle(Object(Illuminate\\Http\\Request), Object(Closure))
#36 D:\\1LuuDuLieuSV\\2001240399_TrinhHuuKienQuoc\\phplab\\buoi6\\Lab01_Framework\\vendor\\laravel\\framework\\src\\Illuminate\\Foundation\\Http\\Middleware\\ValidatePostSize.php(27): Illuminate\\Pipeline\\Pipeline->Illuminate\\Pipeline\\{closure}(Object(Illuminate\\Http\\Request))
#37 D:\\1LuuDuLieuSV\\2001240399_TrinhHuuKienQuoc\\phplab\\buoi6\\Lab01_Framework\\vendor\\laravel\\framework\\src\\Illuminate\\Pipeline\\Pipeline.php(167): Illuminate\\Foundation\\Http\\Middleware\\ValidatePostSize->handle(Object(Illuminate\\Http\\Request), Object(Closure))
#38 D:\\1LuuDuLieuSV\\2001240399_TrinhHuuKienQuoc\\phplab\\buoi6\\Lab01_Framework\\vendor\\laravel\\framework\\src\\Illuminate\\Foundation\\Http\\Middleware\\PreventRequestsDuringMaintenance.php(86): Illuminate\\Pipeline\\Pipeline->Illuminate\\Pipeline\\{closure}(Object(Illuminate\\Http\\Request))
#39 D:\\1LuuDuLieuSV\\2001240399_TrinhHuuKienQuoc\\phplab\\buoi6\\Lab01_Framework\\vendor\\laravel\\framework\\src\\Illuminate\\Pipeline\\Pipeline.php(167): Illuminate\\Foundation\\Http\\Middleware\\PreventRequestsDuringMaintenance->handle(Object(Illuminate\\Http\\Request), Object(Closure))
#40 D:\\1LuuDuLieuSV\\2001240399_TrinhHuuKienQuoc\\phplab\\buoi6\\Lab01_Framework\\vendor\\fruitcake\\laravel-cors\\src\\HandleCors.php(38): Illuminate\\Pipeline\\Pipeline->Illuminate\\Pipeline\\{closure}(Object(Illuminate\\Http\\Request))
#41 D:\\1LuuDuLieuSV\\2001240399_TrinhHuuKienQuoc\\phplab\\buoi6\\Lab01_Framework\\vendor\\laravel\\framework\\src\\Illuminate\\Pipeline\\Pipeline.php(167): Fruitcake\\Cors\\HandleCors->handle(Object(Illuminate\\Http\\Request), Object(Closure))
#42 D:\\1LuuDuLieuSV\\2001240399_TrinhHuuKienQuoc\\phplab\\buoi6\\Lab01_Framework\\vendor\\laravel\\framework\\src\\Illuminate\\Http\\Middleware\\TrustProxies.php(39): Illuminate\\Pipeline\\Pipeline->Illuminate\\Pipeline\\{closure}(Object(Illuminate\\Http\\Request))
#43 D:\\1LuuDuLieuSV\\2001240399_TrinhHuuKienQuoc\\phplab\\buoi6\\Lab01_Framework\\vendor\\laravel\\framework\\src\\Illuminate\\Pipeline\\Pipeline.php(167): Illuminate\\Http\\Middleware\\TrustProxies->handle(Object(Illuminate\\Http\\Request), Object(Closure))
#44 D:\\1LuuDuLieuSV\\2001240399_TrinhHuuKienQuoc\\phplab\\buoi6\\Lab01_Framework\\vendor\\laravel\\framework\\src\\Illuminate\\Pipeline\\Pipeline.php(103): Illuminate\\Pipeline\\Pipeline->Illuminate\\Pipeline\\{closure}(Object(Illuminate\\Http\\Request))
#45 D:\\1LuuDuLieuSV\\2001240399_TrinhHuuKienQuoc\\phplab\\buoi6\\Lab01_Framework\\vendor\\laravel\\framework\\src\\Illuminate\\Foundation\\Http\\Kernel.php(142): Illuminate\\Pipeline\\Pipeline->then(Object(Closure))
#46 D:\\1LuuDuLieuSV\\2001240399_TrinhHuuKienQuoc\\phplab\\buoi6\\Lab01_Framework\\vendor\\laravel\\framework\\src\\Illuminate\\Foundation\\Http\\Kernel.php(111): Illuminate\\Foundation\\Http\\Kernel->sendRequestThroughRouter(Object(Illuminate\\Http\\Request))
#47 D:\\1LuuDuLieuSV\\2001240399_TrinhHuuKienQuoc\\phplab\\buoi6\\Lab01_Framework\\public\\index.php(52): Illuminate\\Foundation\\Http\\Kernel->handle(Object(Illuminate\\Http\\Request))
#48 D:\\1LuuDuLieuSV\\2001240399_TrinhHuuKienQuoc\\phplab\\buoi6\\Lab01_Framework\\server.php(21): require_once('D:\\\\1LuuDuLieuSV...')
#49 {main}
"} 
[2026-09-21 08:57:52] local.ERROR: View [artocles.create] not found. {"exception":"[object] (InvalidArgumentException(code: 0): View [artocles.create] not found. at D:\\1LuuDuLieuSV\\2001240399_TrinhHuuKienQuoc\\phplab\\buoi6\\Lab01_Framework\\vendor\\laravel\\framework\\src\\Illuminate\\View\\FileViewFinder.php:137)
[stacktrace]
#0 D:\\1LuuDuLieuSV\\2001240399_TrinhHuuKienQuoc\\phplab\\buoi6\\Lab01_Framework\\vendor\\laravel\\framework\\src\\Illuminate\\View\\FileViewFinder.php(79): Illuminate\\View\\FileViewFinder->findInPaths('artocles.create', Array)
#1 D:\\1LuuDuLieuSV\\2001240399_TrinhHuuKienQuoc\\phplab\\buoi6\\Lab01_Framework\\vendor\\laravel\\framework\\src\\Illuminate\\View\\Factory.php(138): Illuminate\\View\\FileViewFinder->find('artocles.create')
#2 D:\\1LuuDuLieuSV\\2001240399_TrinhHuuKienQuoc\\phplab\\buoi6\\Lab01_Framework\\vendor\\laravel\\framework\\src\\Illuminate\\Foundation\\helpers.php(932): Illuminate\\View\\Factory->make('artocles.create', Array, Array)
#3 D:\\1LuuDuLieuSV\\2001240399_TrinhHuuKienQuoc\\phplab\\buoi6\\Lab01_Framework\\app\\Http\\Controllers\\ArticleController.php(33): view('artocles.create')
#4 D:\\1LuuDuLieuSV\\2001240399_TrinhHuuKienQuoc\\phplab\\buoi6\\Lab01_Framework\\vendor\\laravel\\framework\\src\\Illuminate\\Routing\\Controller.php(54): App\\Http\\Controllers\\ArticleController->create()
#5 D:\\1LuuDuLieuSV\\2001240399_TrinhHuuKienQuoc\\phplab\\buoi6\\Lab01_Framework\\vendor\\laravel\\framework\\src\\Illuminate\\Routing\\ControllerDispatcher.php(45): Illuminate\\Routing\\Controller->callAction('create', Array)
#6 D:\\1LuuDuLieuSV\\2001240399_TrinhHuuKienQuoc\\phplab\\buoi6\\Lab01_Framework\\vendor\\laravel\\framework\\src\\Illuminate\\Routing\\Route.php(262): Illuminate\\Routing\\ControllerDispatcher->dispatch(Object(Illuminate\\Routing\\Route), Object(App\\Http\\Controllers\\ArticleController), 'create')
#7 D:\\1LuuDuLieuSV\\2001240399_TrinhHuuKienQuoc\\phplab\\buoi6\\Lab01_Framework\\vendor\\laravel\\framework\\src\\Illuminate\\Routing\\Route.php(205): Illuminate\\Routing\\Route->runController()
#8 D:\\1LuuDuLieuSV\\2001240399_TrinhHuuKienQuoc\\phplab\\buoi6\\Lab01_Framework\\vendor\\laravel\\framework\\src\\Illuminate\\Routing\\Router.php(721): Illuminate\\Routing\\Route->run()
#9 D:\\1LuuDuLieuSV\\2001240399_TrinhHuuKienQuoc\\phplab\\buoi6\\Lab01_Framework\\vendor\\laravel\\framework\\src\\Illuminate\\Pipeline\\Pipeline.php(128): Illuminate\\Routing\\Router->Illuminate\\Routing\\{closure}(Object(Illuminate\\Http\\Request))
#10 D:\\1LuuDuLieuSV\\2001240399_TrinhHuuKienQuoc\\phplab\\buoi6\\Lab01_Framework\\vendor\\laravel\\framework\\src\\Illuminate\\Routing\\Middleware\\SubstituteBindings.php(50): Illuminate\\Pipeline\\Pipeline->Illuminate\\Pipeline\\{closure}(Object(Illuminate\\Http\\Request))
#11 D:\\1LuuDuLieuSV\\2001240399_TrinhHuuKienQuoc\\phplab\\buoi6\\Lab01_Framework\\vendor\\laravel\\framework\\src\\Illuminate\\Pipeline\\Pipeline.php(167): Illuminate\\Routing\\Middleware\\SubstituteBindings->handle(Object(Illuminate\\Http\\Request), Object(Closure))
#12 D:\\1LuuDuLieuSV\\2001240399_TrinhHuuKienQuoc\\phplab\\buoi6\\Lab01_Framework\\vendor\\laravel\\framework\\src\\Illuminate\\Foundation\\Http\\Middleware\\VerifyCsrfToken.php(78): Illuminate\\Pipeline\\Pipeline->Illuminate\\Pipeline\\{closure}(Object(Illuminate\\Http\\Request))
#13 D:\\1LuuDuLieuSV\\2001240399_TrinhHuuKienQuoc\\phplab\\buoi6\\Lab01_Framework\\vendor\\laravel\\framework\\src\\Illuminate\\Pipeline\\Pipeline.php(167): Illuminate\\Foundation\\Http\\Middleware\\VerifyCsrfToken->handle(Object(Illuminate\\Http\\Request), Object(Closure))
#14 D:\\1LuuDuLieuSV\\2001240399_TrinhHuuKienQuoc\\phplab\\buoi6\\Lab01_Framework\\vendor\\laravel\\framework\\src\\Illuminate\\View\\Middleware\\ShareErrorsFromSession.php(49): Illuminate\\Pipeline\\Pipeline->Illuminate\\Pipeline\\{closure}(Object(Illuminate\\Http\\Request))
#15 D:\\1LuuDuLieuSV\\2001240399_TrinhHuuKienQuoc\\phplab\\buoi6\\Lab01_Framework\\vendor\\laravel\\framework\\src\\Illuminate\\Pipeline\\Pipeline.php(167): Illuminate\\View\\Middleware\\ShareErrorsFromSession->handle(Object(Illuminate\\Http\\Request), Object(Closure))
#16 D:\\1LuuDuLieuSV\\2001240399_TrinhHuuKienQuoc\\phplab\\buoi6\\Lab01_Framework\\vendor\\laravel\\framework\\src\\Illuminate\\Session\\Middleware\\StartSession.php(121): Illuminate\\Pipeline\\Pipeline->Illuminate\\Pipeline\\{closure}(Object(Illuminate\\Http\\Request))
#17 D:\\1LuuDuLieuSV\\2001240399_TrinhHuuKienQuoc\\phplab\\buoi6\\Lab01_Framework\\vendor\\laravel\\framework\\src\\Illuminate\\Session\\Middleware\\StartSession.php(64): Illuminate\\Session\\Middleware\\StartSession->handleStatefulRequest(Object(Illuminate\\Http\\Request), Object(Illuminate\\Session\\Store), Object(Closure))
#18 D:\\1LuuDuLieuSV\\2001240399_TrinhHuuKienQuoc\\phplab\\buoi6\\Lab01_Framework\\vendor\\laravel\\framework\\src\\Illuminate\\Pipeline\\Pipeline.php(167): Illuminate\\Session\\Middleware\\StartSession->handle(Object(Illuminate\\Http\\Request), Object(Closure))
#19 D:\\1LuuDuLieuSV\\2001240399_TrinhHuuKienQuoc\\phplab\\buoi6\\Lab01_Framework\\vendor\\laravel\\framework\\src\\Illuminate\\Cookie\\Middleware\\AddQueuedCookiesToResponse.php(37): Illuminate\\Pipeline\\Pipeline->Illuminate\\Pipeline\\{closure}(Object(Illuminate\\Http\\Request))
#20 D:\\1LuuDuLieuSV\\2001240399_TrinhHuuKienQuoc\\phplab\\buoi6\\Lab01_Framework\\vendor\\laravel\\framework\\src\\Illuminate\\Pipeline\\Pipeline.php(167): Illuminate\\Cookie\\Middleware\\AddQueuedCookiesToResponse->handle(Object(Illuminate\\Http\\Request), Object(Closure))
#21 D:\\1LuuDuLieuSV\\2001240399_TrinhHuuKienQuoc\\phplab\\buoi6\\Lab01_Framework\\vendor\\laravel\\framework\\src\\Illuminate\\Cookie\\Middleware\\EncryptCookies.php(67): Illuminate\\Pipeline\\Pipeline->Illuminate\\Pipeline\\{closure}(Object(Illuminate\\Http\\Request))
#22 D:\\1LuuDuLieuSV\\2001240399_TrinhHuuKienQuoc\\phplab\\buoi6\\Lab01_Framework\\vendor\\laravel\\framework\\src\\Illuminate\\Pipeline\\Pipeline.php(167): Illuminate\\Cookie\\Middleware\\EncryptCookies->handle(Object(Illuminate\\Http\\Request), Object(Closure))
#23 D:\\1LuuDuLieuSV\\2001240399_TrinhHuuKienQuoc\\phplab\\buoi6\\Lab01_Framework\\vendor\\laravel\\framework\\src\\Illuminate\\Pipeline\\Pipeline.php(103): Illuminate\\Pipeline\\Pipeline->Illuminate\\Pipeline\\{closure}(Object(Illuminate\\Http\\Request))
#24 D:\\1LuuDuLieuSV\\2001240399_TrinhHuuKienQuoc\\phplab\\buoi6\\Lab01_Framework\\vendor\\laravel\\framework\\src\\Illuminate\\Routing\\Router.php(723): Illuminate\\Pipeline\\Pipeline->then(Object(Closure))
#25 D:\\1LuuDuLieuSV\\2001240399_TrinhHuuKienQuoc\\phplab\\buoi6\\Lab01_Framework\\vendor\\laravel\\framework\\src\\Illuminate\\Routing\\Router.php(698): Illuminate\\Routing\\Router->runRouteWithinStack(Object(Illuminate\\Routing\\Route), Object(Illuminate\\Http\\Request))
#26 D:\\1LuuDuLieuSV\\2001240399_TrinhHuuKienQuoc\\phplab\\buoi6\\Lab01_Framework\\vendor\\laravel\\framework\\src\\Illuminate\\Routing\\Router.php(662): Illuminate\\Routing\\Router->runRoute(Object(Illuminate\\Http\\Request), Object(Illuminate\\Routing\\Route))
#27 D:\\1LuuDuLieuSV\\2001240399_TrinhHuuKienQuoc\\phplab\\buoi6\\Lab01_Framework\\vendor\\laravel\\framework\\src\\Illuminate\\Routing\\Router.php(651): Illuminate\\Routing\\Router->dispatchToRoute(Object(Illuminate\\Http\\Request))
#28 D:\\1LuuDuLieuSV\\2001240399_TrinhHuuKienQuoc\\phplab\\buoi6\\Lab01_Framework\\vendor\\laravel\\framework\\src\\Illuminate\\Foundation\\Http\\Kernel.php(167): Illuminate\\Routing\\Router->dispatch(Object(Illuminate\\Http\\Request))
#29 D:\\1LuuDuLieuSV\\2001240399_TrinhHuuKienQuoc\\phplab\\buoi6\\Lab01_Framework\\vendor\\laravel\\framework\\src\\Illuminate\\Pipeline\\Pipeline.php(128): Illuminate\\Foundation\\Http\\Kernel->Illuminate\\Foundation\\Http\\{closure}(Object(Illuminate\\Http\\Request))
#30 D:\\1LuuDuLieuSV\\2001240399_TrinhHuuKienQuoc\\phplab\\buoi6\\Lab01_Framework\\vendor\\laravel\\framework\\src\\Illuminate\\Foundation\\Http\\Middleware\\TransformsRequest.php(21): Illuminate\\Pipeline\\Pipeline->Illuminate\\Pipeline\\{closure}(Object(Illuminate\\Http\\Request))
#31 D:\\1LuuDuLieuSV\\2001240399_TrinhHuuKienQuoc\\phplab\\buoi6\\Lab01_Framework\\vendor\\laravel\\framework\\src\\Illuminate\\Foundation\\Http\\Middleware\\ConvertEmptyStringsToNull.php(31): Illuminate\\Foundation\\Http\\Middleware\\TransformsRequest->handle(Object(Illuminate\\Http\\Request), Object(Closure))
#32 D:\\1LuuDuLieuSV\\2001240399_TrinhHuuKienQuoc\\phplab\\buoi6\\Lab01_Framework\\vendor\\laravel\\framework\\src\\Illuminate\\Pipeline\\Pipeline.php(167): Illuminate\\Foundation\\Http\\Middleware\\ConvertEmptyStringsToNull->handle(Object(Illuminate\\Http\\Request), Object(Closure))
#33 D:\\1LuuDuLieuSV\\2001240399_TrinhHuuKienQuoc\\phplab\\buoi6\\Lab01_Framework\\vendor\\laravel\\framework\\src\\Illuminate\\Foundation\\Http\\Middleware\\TransformsRequest.php(21): Illuminate\\Pipeline\\Pipeline->Illuminate\\Pipeline\\{closure}(Object(Illuminate\\Http\\Request))
#34 D:\\1LuuDuLieuSV\\2001240399_TrinhHuuKienQuoc\\phplab\\buoi6\\Lab01_Framework\\vendor\\laravel\\framework\\src\\Illuminate\\Foundation\\Http\\Middleware\\TrimStrings.php(40): Illuminate\\Foundation\\Http\\Middleware\\TransformsRequest->handle(Object(Illuminate\\Http\\Request), Object(Closure))
#35 D:\\1LuuDuLieuSV\\2001240399_TrinhHuuKienQuoc\\phplab\\buoi6\\Lab01_Framework\\vendor\\laravel\\framework\\src\\Illuminate\\Pipeline\\Pipeline.php(167): Illuminate\\Foundation\\Http\\Middleware\\TrimStrings->handle(Object(Illuminate\\Http\\Request), Object(Closure))
#36 D:\\1LuuDuLieuSV\\2001240399_TrinhHuuKienQuoc\\phplab\\buoi6\\Lab01_Framework\\vendor\\laravel\\framework\\src\\Illuminate\\Foundation\\Http\\Middleware\\ValidatePostSize.php(27): Illuminate\\Pipeline\\Pipeline->Illuminate\\Pipeline\\{closure}(Object(Illuminate\\Http\\Request))
#37 D:\\1LuuDuLieuSV\\2001240399_TrinhHuuKienQuoc\\phplab\\buoi6\\Lab01_Framework\\vendor\\laravel\\framework\\src\\Illuminate\\Pipeline\\Pipeline.php(167): Illuminate\\Foundation\\Http\\Middleware\\ValidatePostSize->handle(Object(Illuminate\\Http\\Request), Object(Closure))
#38 D:\\1LuuDuLieuSV\\2001240399_TrinhHuuKienQuoc\\phplab\\buoi6\\Lab01_Framework\\vendor\\laravel\\framework\\src\\Illuminate\\Foundation\\Http\\Middleware\\PreventRequestsDuringMaintenance.php(86): Illuminate\\Pipeline\\Pipeline->Illuminate\\Pipeline\\{closure}(Object(Illuminate\\Http\\Request))
#39 D:\\1LuuDuLieuSV\\2001240399_TrinhHuuKienQuoc\\phplab\\buoi6\\Lab01_Framework\\vendor\\laravel\\framework\\src\\Illuminate\\Pipeline\\Pipeline.php(167): Illuminate\\Foundation\\Http\\Middleware\\PreventRequestsDuringMaintenance->handle(Object(Illuminate\\Http\\Request), Object(Closure))
#40 D:\\1LuuDuLieuSV\\2001240399_TrinhHuuKienQuoc\\phplab\\buoi6\\Lab01_Framework\\vendor\\fruitcake\\laravel-cors\\src\\HandleCors.php(38): Illuminate\\Pipeline\\Pipeline->Illuminate\\Pipeline\\{closure}(Object(Illuminate\\Http\\Request))
#41 D:\\1LuuDuLieuSV\\2001240399_TrinhHuuKienQuoc\\phplab\\buoi6\\Lab01_Framework\\vendor\\laravel\\framework\\src\\Illuminate\\Pipeline\\Pipeline.php(167): Fruitcake\\Cors\\HandleCors->handle(Object(Illuminate\\Http\\Request), Object(Closure))
#42 D:\\1LuuDuLieuSV\\2001240399_TrinhHuuKienQuoc\\phplab\\buoi6\\Lab01_Framework\\vendor\\laravel\\framework\\src\\Illuminate\\Http\\Middleware\\TrustProxies.php(39): Illuminate\\Pipeline\\Pipeline->Illuminate\\Pipeline\\{closure}(Object(Illuminate\\Http\\Request))
#43 D:\\1LuuDuLieuSV\\2001240399_TrinhHuuKienQuoc\\phplab\\buoi6\\Lab01_Framework\\vendor\\laravel\\framework\\src\\Illuminate\\Pipeline\\Pipeline.php(167): Illuminate\\Http\\Middleware\\TrustProxies->handle(Object(Illuminate\\Http\\Request), Object(Closure))
#44 D:\\1LuuDuLieuSV\\2001240399_TrinhHuuKienQuoc\\phplab\\buoi6\\Lab01_Framework\\vendor\\laravel\\framework\\src\\Illuminate\\Pipeline\\Pipeline.php(103): Illuminate\\Pipeline\\Pipeline->Illuminate\\Pipeline\\{closure}(Object(Illuminate\\Http\\Request))
#45 D:\\1LuuDuLieuSV\\2001240399_TrinhHuuKienQuoc\\phplab\\buoi6\\Lab01_Framework\\vendor\\laravel\\framework\\src\\Illuminate\\Foundation\\Http\\Kernel.php(142): Illuminate\\Pipeline\\Pipeline->then(Object(Closure))
#46 D:\\1LuuDuLieuSV\\2001240399_TrinhHuuKienQuoc\\phplab\\buoi6\\Lab01_Framework\\vendor\\laravel\\framework\\src\\Illuminate\\Foundation\\Http\\Kernel.php(111): Illuminate\\Foundation\\Http\\Kernel->sendRequestThroughRouter(Object(Illuminate\\Http\\Request))
#47 D:\\1LuuDuLieuSV\\2001240399_TrinhHuuKienQuoc\\phplab\\buoi6\\Lab01_Framework\\public\\index.php(52): Illuminate\\Foundation\\Http\\Kernel->handle(Object(Illuminate\\Http\\Request))
#48 D:\\1LuuDuLieuSV\\2001240399_TrinhHuuKienQuoc\\phplab\\buoi6\\Lab01_Framework\\server.php(21): require_once('D:\\\\1LuuDuLieuSV...')
#49 {main}
"} 
[2026-09-21 08:57:53] local.ERROR: View [artocles.create] not found. {"exception":"[object] (InvalidArgumentException(code: 0): View [artocles.create] not found. at D:\\1LuuDuLieuSV\\2001240399_TrinhHuuKienQuoc\\phplab\\buoi6\\Lab01_Framework\\vendor\\laravel\\framework\\src\\Illuminate\\View\\FileViewFinder.php:137)
[stacktrace]
#0 D:\\1LuuDuLieuSV\\2001240399_TrinhHuuKienQuoc\\phplab\\buoi6\\Lab01_Framework\\vendor\\laravel\\framework\\src\\Illuminate\\View\\FileViewFinder.php(79): Illuminate\\View\\FileViewFinder->findInPaths('artocles.create', Array)
#1 D:\\1LuuDuLieuSV\\2001240399_TrinhHuuKienQuoc\\phplab\\buoi6\\Lab01_Framework\\vendor\\laravel\\framework\\src\\Illuminate\\View\\Factory.php(138): Illuminate\\View\\FileViewFinder->find('artocles.create')
#2 D:\\1LuuDuLieuSV\\2001240399_TrinhHuuKienQuoc\\phplab\\buoi6\\Lab01_Framework\\vendor\\laravel\\framework\\src\\Illuminate\\Foundation\\helpers.php(932): Illuminate\\View\\Factory->make('artocles.create', Array, Array)
#3 D:\\1LuuDuLieuSV\\2001240399_TrinhHuuKienQuoc\\phplab\\buoi6\\Lab01_Framework\\app\\Http\\Controllers\\ArticleController.php(33): view('artocles.create')
#4 D:\\1LuuDuLieuSV\\2001240399_TrinhHuuKienQuoc\\phplab\\buoi6\\Lab01_Framework\\vendor\\laravel\\framework\\src\\Illuminate\\Routing\\Controller.php(54): App\\Http\\Controllers\\ArticleController->create()
#5 D:\\1LuuDuLieuSV\\2001240399_TrinhHuuKienQuoc\\phplab\\buoi6\\Lab01_Framework\\vendor\\laravel\\framework\\src\\Illuminate\\Routing\\ControllerDispatcher.php(45): Illuminate\\Routing\\Controller->callAction('create', Array)
#6 D:\\1LuuDuLieuSV\\2001240399_TrinhHuuKienQuoc\\phplab\\buoi6\\Lab01_Framework\\vendor\\laravel\\framework\\src\\Illuminate\\Routing\\Route.php(262): Illuminate\\Routing\\ControllerDispatcher->dispatch(Object(Illuminate\\Routing\\Route), Object(App\\Http\\Controllers\\ArticleController), 'create')
#7 D:\\1LuuDuLieuSV\\2001240399_TrinhHuuKienQuoc\\phplab\\buoi6\\Lab01_Framework\\vendor\\laravel\\framework\\src\\Illuminate\\Routing\\Route.php(205): Illuminate\\Routing\\Route->runController()
#8 D:\\1LuuDuLieuSV\\2001240399_TrinhHuuKienQuoc\\phplab\\buoi6\\Lab01_Framework\\vendor\\laravel\\framework\\src\\Illuminate\\Routing\\Router.php(721): Illuminate\\Routing\\Route->run()
#9 D:\\1LuuDuLieuSV\\2001240399_TrinhHuuKienQuoc\\phplab\\buoi6\\Lab01_Framework\\vendor\\laravel\\framework\\src\\Illuminate\\Pipeline\\Pipeline.php(128): Illuminate\\Routing\\Router->Illuminate\\Routing\\{closure}(Object(Illuminate\\Http\\Request))
#10 D:\\1LuuDuLieuSV\\2001240399_TrinhHuuKienQuoc\\phplab\\buoi6\\Lab01_Framework\\vendor\\laravel\\framework\\src\\Illuminate\\Routing\\Middleware\\SubstituteBindings.php(50): Illuminate\\Pipeline\\Pipeline->Illuminate\\Pipeline\\{closure}(Object(Illuminate\\Http\\Request))
#11 D:\\1LuuDuLieuSV\\2001240399_TrinhHuuKienQuoc\\phplab\\buoi6\\Lab01_Framework\\vendor\\laravel\\framework\\src\\Illuminate\\Pipeline\\Pipeline.php(167): Illuminate\\Routing\\Middleware\\SubstituteBindings->handle(Object(Illuminate\\Http\\Request), Object(Closure))
#12 D:\\1LuuDuLieuSV\\2001240399_TrinhHuuKienQuoc\\phplab\\buoi6\\Lab01_Framework\\vendor\\laravel\\framework\\src\\Illuminate\\Foundation\\Http\\Middleware\\VerifyCsrfToken.php(78): Illuminate\\Pipeline\\Pipeline->Illuminate\\Pipeline\\{closure}(Object(Illuminate\\Http\\Request))
#13 D:\\1LuuDuLieuSV\\2001240399_TrinhHuuKienQuoc\\phplab\\buoi6\\Lab01_Framework\\vendor\\laravel\\framework\\src\\Illuminate\\Pipeline\\Pipeline.php(167): Illuminate\\Foundation\\Http\\Middleware\\VerifyCsrfToken->handle(Object(Illuminate\\Http\\Request), Object(Closure))
#14 D:\\1LuuDuLieuSV\\2001240399_TrinhHuuKienQuoc\\phplab\\buoi6\\Lab01_Framework\\vendor\\laravel\\framework\\src\\Illuminate\\View\\Middleware\\ShareErrorsFromSession.php(49): Illuminate\\Pipeline\\Pipeline->Illuminate\\Pipeline\\{closure}(Object(Illuminate\\Http\\Request))
#15 D:\\1LuuDuLieuSV\\2001240399_TrinhHuuKienQuoc\\phplab\\buoi6\\Lab01_Framework\\vendor\\laravel\\framework\\src\\Illuminate\\Pipeline\\Pipeline.php(167): Illuminate\\View\\Middleware\\ShareErrorsFromSession->handle(Object(Illuminate\\Http\\Request), Object(Closure))
#16 D:\\1LuuDuLieuSV\\2001240399_TrinhHuuKienQuoc\\phplab\\buoi6\\Lab01_Framework\\vendor\\laravel\\framework\\src\\Illuminate\\Session\\Middleware\\StartSession.php(121): Illuminate\\Pipeline\\Pipeline->Illuminate\\Pipeline\\{closure}(Object(Illuminate\\Http\\Request))
#17 D:\\1LuuDuLieuSV\\2001240399_TrinhHuuKienQuoc\\phplab\\buoi6\\Lab01_Framework\\vendor\\laravel\\framework\\src\\Illuminate\\Session\\Middleware\\StartSession.php(64): Illuminate\\Session\\Middleware\\StartSession->handleStatefulRequest(Object(Illuminate\\Http\\Request), Object(Illuminate\\Session\\Store), Object(Closure))
#18 D:\\1LuuDuLieuSV\\2001240399_TrinhHuuKienQuoc\\phplab\\buoi6\\Lab01_Framework\\vendor\\laravel\\framework\\src\\Illuminate\\Pipeline\\Pipeline.php(167): Illuminate\\Session\\Middleware\\StartSession->handle(Object(Illuminate\\Http\\Request), Object(Closure))
#19 D:\\1LuuDuLieuSV\\2001240399_TrinhHuuKienQuoc\\phplab\\buoi6\\Lab01_Framework\\vendor\\laravel\\framework\\src\\Illuminate\\Cookie\\Middleware\\AddQueuedCookiesToResponse.php(37): Illuminate\\Pipeline\\Pipeline->Illuminate\\Pipeline\\{closure}(Object(Illuminate\\Http\\Request))
#20 D:\\1LuuDuLieuSV\\2001240399_TrinhHuuKienQuoc\\phplab\\buoi6\\Lab01_Framework\\vendor\\laravel\\framework\\src\\Illuminate\\Pipeline\\Pipeline.php(167): Illuminate\\Cookie\\Middleware\\AddQueuedCookiesToResponse->handle(Object(Illuminate\\Http\\Request), Object(Closure))
#21 D:\\1LuuDuLieuSV\\2001240399_TrinhHuuKienQuoc\\phplab\\buoi6\\Lab01_Framework\\vendor\\laravel\\framework\\src\\Illuminate\\Cookie\\Middleware\\EncryptCookies.php(67): Illuminate\\Pipeline\\Pipeline->Illuminate\\Pipeline\\{closure}(Object(Illuminate\\Http\\Request))
#22 D:\\1LuuDuLieuSV\\2001240399_TrinhHuuKienQuoc\\phplab\\buoi6\\Lab01_Framework\\vendor\\laravel\\framework\\src\\Illuminate\\Pipeline\\Pipeline.php(167): Illuminate\\Cookie\\Middleware\\EncryptCookies->handle(Object(Illuminate\\Http\\Request), Object(Closure))
#23 D:\\1LuuDuLieuSV\\2001240399_TrinhHuuKienQuoc\\phplab\\buoi6\\Lab01_Framework\\vendor\\laravel\\framework\\src\\Illuminate\\Pipeline\\Pipeline.php(103): Illuminate\\Pipeline\\Pipeline->Illuminate\\Pipeline\\{closure}(Object(Illuminate\\Http\\Request))
#24 D:\\1LuuDuLieuSV\\2001240399_TrinhHuuKienQuoc\\phplab\\buoi6\\Lab01_Framework\\vendor\\laravel\\framework\\src\\Illuminate\\Routing\\Router.php(723): Illuminate\\Pipeline\\Pipeline->then(Object(Closure))
#25 D:\\1LuuDuLieuSV\\2001240399_TrinhHuuKienQuoc\\phplab\\buoi6\\Lab01_Framework\\vendor\\laravel\\framework\\src\\Illuminate\\Routing\\Router.php(698): Illuminate\\Routing\\Router->runRouteWithinStack(Object(Illuminate\\Routing\\Route), Object(Illuminate\\Http\\Request))
#26 D:\\1LuuDuLieuSV\\2001240399_TrinhHuuKienQuoc\\phplab\\buoi6\\Lab01_Framework\\vendor\\laravel\\framework\\src\\Illuminate\\Routing\\Router.php(662): Illuminate\\Routing\\Router->runRoute(Object(Illuminate\\Http\\Request), Object(Illuminate\\Routing\\Route))
#27 D:\\1LuuDuLieuSV\\2001240399_TrinhHuuKienQuoc\\phplab\\buoi6\\Lab01_Framework\\vendor\\laravel\\framework\\src\\Illuminate\\Routing\\Router.php(651): Illuminate\\Routing\\Router->dispatchToRoute(Object(Illuminate\\Http\\Request))
#28 D:\\1LuuDuLieuSV\\2001240399_TrinhHuuKienQuoc\\phplab\\buoi6\\Lab01_Framework\\vendor\\laravel\\framework\\src\\Illuminate\\Foundation\\Http\\Kernel.php(167): Illuminate\\Routing\\Router->dispatch(Object(Illuminate\\Http\\Request))
#29 D:\\1LuuDuLieuSV\\2001240399_TrinhHuuKienQuoc\\phplab\\buoi6\\Lab01_Framework\\vendor\\laravel\\framework\\src\\Illuminate\\Pipeline\\Pipeline.php(128): Illuminate\\Foundation\\Http\\Kernel->Illuminate\\Foundation\\Http\\{closure}(Object(Illuminate\\Http\\Request))
#30 D:\\1LuuDuLieuSV\\2001240399_TrinhHuuKienQuoc\\phplab\\buoi6\\Lab01_Framework\\vendor\\laravel\\framework\\src\\Illuminate\\Foundation\\Http\\Middleware\\TransformsRequest.php(21): Illuminate\\Pipeline\\Pipeline->Illuminate\\Pipeline\\{closure}(Object(Illuminate\\Http\\Request))
#31 D:\\1LuuDuLieuSV\\2001240399_TrinhHuuKienQuoc\\phplab\\buoi6\\Lab01_Framework\\vendor\\laravel\\framework\\src\\Illuminate\\Foundation\\Http\\Middleware\\ConvertEmptyStringsToNull.php(31): Illuminate\\Foundation\\Http\\Middleware\\TransformsRequest->handle(Object(Illuminate\\Http\\Request), Object(Closure))
#32 D:\\1LuuDuLieuSV\\2001240399_TrinhHuuKienQuoc\\phplab\\buoi6\\Lab01_Framework\\vendor\\laravel\\framework\\src\\Illuminate\\Pipeline\\Pipeline.php(167): Illuminate\\Foundation\\Http\\Middleware\\ConvertEmptyStringsToNull->handle(Object(Illuminate\\Http\\Request), Object(Closure))
#33 D:\\1LuuDuLieuSV\\2001240399_TrinhHuuKienQuoc\\phplab\\buoi6\\Lab01_Framework\\vendor\\laravel\\framework\\src\\Illuminate\\Foundation\\Http\\Middleware\\TransformsRequest.php(21): Illuminate\\Pipeline\\Pipeline->Illuminate\\Pipeline\\{closure}(Object(Illuminate\\Http\\Request))
#34 D:\\1LuuDuLieuSV\\2001240399_TrinhHuuKienQuoc\\phplab\\buoi6\\Lab01_Framework\\vendor\\laravel\\framework\\src\\Illuminate\\Foundation\\Http\\Middleware\\TrimStrings.php(40): Illuminate\\Foundation\\Http\\Middleware\\TransformsRequest->handle(Object(Illuminate\\Http\\Request), Object(Closure))
#35 D:\\1LuuDuLieuSV\\2001240399_TrinhHuuKienQuoc\\phplab\\buoi6\\Lab01_Framework\\vendor\\laravel\\framework\\src\\Illuminate\\Pipeline\\Pipeline.php(167): Illuminate\\Foundation\\Http\\Middleware\\TrimStrings->handle(Object(Illuminate\\Http\\Request), Object(Closure))
#36 D:\\1LuuDuLieuSV\\2001240399_TrinhHuuKienQuoc\\phplab\\buoi6\\Lab01_Framework\\vendor\\laravel\\framework\\src\\Illuminate\\Foundation\\Http\\Middleware\\ValidatePostSize.php(27): Illuminate\\Pipeline\\Pipeline->Illuminate\\Pipeline\\{closure}(Object(Illuminate\\Http\\Request))
#37 D:\\1LuuDuLieuSV\\2001240399_TrinhHuuKienQuoc\\phplab\\buoi6\\Lab01_Framework\\vendor\\laravel\\framework\\src\\Illuminate\\Pipeline\\Pipeline.php(167): Illuminate\\Foundation\\Http\\Middleware\\ValidatePostSize->handle(Object(Illuminate\\Http\\Request), Object(Closure))
#38 D:\\1LuuDuLieuSV\\2001240399_TrinhHuuKienQuoc\\phplab\\buoi6\\Lab01_Framework\\vendor\\laravel\\framework\\src\\Illuminate\\Foundation\\Http\\Middleware\\PreventRequestsDuringMaintenance.php(86): Illuminate\\Pipeline\\Pipeline->Illuminate\\Pipeline\\{closure}(Object(Illuminate\\Http\\Request))
#39 D:\\1LuuDuLieuSV\\2001240399_TrinhHuuKienQuoc\\phplab\\buoi6\\Lab01_Framework\\vendor\\laravel\\framework\\src\\Illuminate\\Pipeline\\Pipeline.php(167): Illuminate\\Foundation\\Http\\Middleware\\PreventRequestsDuringMaintenance->handle(Object(Illuminate\\Http\\Request), Object(Closure))
#40 D:\\1LuuDuLieuSV\\2001240399_TrinhHuuKienQuoc\\phplab\\buoi6\\Lab01_Framework\\vendor\\fruitcake\\laravel-cors\\src\\HandleCors.php(38): Illuminate\\Pipeline\\Pipeline->Illuminate\\Pipeline\\{closure}(Object(Illuminate\\Http\\Request))
#41 D:\\1LuuDuLieuSV\\2001240399_TrinhHuuKienQuoc\\phplab\\buoi6\\Lab01_Framework\\vendor\\laravel\\framework\\src\\Illuminate\\Pipeline\\Pipeline.php(167): Fruitcake\\Cors\\HandleCors->handle(Object(Illuminate\\Http\\Request), Object(Closure))
#42 D:\\1LuuDuLieuSV\\2001240399_TrinhHuuKienQuoc\\phplab\\buoi6\\Lab01_Framework\\vendor\\laravel\\framework\\src\\Illuminate\\Http\\Middleware\\TrustProxies.php(39): Illuminate\\Pipeline\\Pipeline->Illuminate\\Pipeline\\{closure}(Object(Illuminate\\Http\\Request))
#43 D:\\1LuuDuLieuSV\\2001240399_TrinhHuuKienQuoc\\phplab\\buoi6\\Lab01_Framework\\vendor\\laravel\\framework\\src\\Illuminate\\Pipeline\\Pipeline.php(167): Illuminate\\Http\\Middleware\\TrustProxies->handle(Object(Illuminate\\Http\\Request), Object(Closure))
#44 D:\\1LuuDuLieuSV\\2001240399_TrinhHuuKienQuoc\\phplab\\buoi6\\Lab01_Framework\\vendor\\laravel\\framework\\src\\Illuminate\\Pipeline\\Pipeline.php(103): Illuminate\\Pipeline\\Pipeline->Illuminate\\Pipeline\\{closure}(Object(Illuminate\\Http\\Request))
#45 D:\\1LuuDuLieuSV\\2001240399_TrinhHuuKienQuoc\\phplab\\buoi6\\Lab01_Framework\\vendor\\laravel\\framework\\src\\Illuminate\\Foundation\\Http\\Kernel.php(142): Illuminate\\Pipeline\\Pipeline->then(Object(Closure))
#46 D:\\1LuuDuLieuSV\\2001240399_TrinhHuuKienQuoc\\phplab\\buoi6\\Lab01_Framework\\vendor\\laravel\\framework\\src\\Illuminate\\Foundation\\Http\\Kernel.php(111): Illuminate\\Foundation\\Http\\Kernel->sendRequestThroughRouter(Object(Illuminate\\Http\\Request))
#47 D:\\1LuuDuLieuSV\\2001240399_TrinhHuuKienQuoc\\phplab\\buoi6\\Lab01_Framework\\public\\index.php(52): Illuminate\\Foundation\\Http\\Kernel->handle(Object(Illuminate\\Http\\Request))
#48 D:\\1LuuDuLieuSV\\2001240399_TrinhHuuKienQuoc\\phplab\\buoi6\\Lab01_Framework\\server.php(21): require_once('D:\\\\1LuuDuLieuSV...')
#49 {main}
"} 
[2026-09-21 08:58:05] local.ERROR: View [artocles.create] not found. {"exception":"[object] (InvalidArgumentException(code: 0): View [artocles.create] not found. at D:\\1LuuDuLieuSV\\2001240399_TrinhHuuKienQuoc\\phplab\\buoi6\\Lab01_Framework\\vendor\\laravel\\framework\\src\\Illuminate\\View\\FileViewFinder.php:137)
[stacktrace]
#0 D:\\1LuuDuLieuSV\\2001240399_TrinhHuuKienQuoc\\phplab\\buoi6\\Lab01_Framework\\vendor\\laravel\\framework\\src\\Illuminate\\View\\FileViewFinder.php(79): Illuminate\\View\\FileViewFinder->findInPaths('artocles.create', Array)
#1 D:\\1LuuDuLieuSV\\2001240399_TrinhHuuKienQuoc\\phplab\\buoi6\\Lab01_Framework\\vendor\\laravel\\framework\\src\\Illuminate\\View\\Factory.php(138): Illuminate\\View\\FileViewFinder->find('artocles.create')
#2 D:\\1LuuDuLieuSV\\2001240399_TrinhHuuKienQuoc\\phplab\\buoi6\\Lab01_Framework\\vendor\\laravel\\framework\\src\\Illuminate\\Foundation\\helpers.php(932): Illuminate\\View\\Factory->make('artocles.create', Array, Array)
#3 D:\\1LuuDuLieuSV\\2001240399_TrinhHuuKienQuoc\\phplab\\buoi6\\Lab01_Framework\\app\\Http\\Controllers\\ArticleController.php(33): view('artocles.create')
#4 D:\\1LuuDuLieuSV\\2001240399_TrinhHuuKienQuoc\\phplab\\buoi6\\Lab01_Framework\\vendor\\laravel\\framework\\src\\Illuminate\\Routing\\Controller.php(54): App\\Http\\Controllers\\ArticleController->create()
#5 D:\\1LuuDuLieuSV\\2001240399_TrinhHuuKienQuoc\\phplab\\buoi6\\Lab01_Framework\\vendor\\laravel\\framework\\src\\Illuminate\\Routing\\ControllerDispatcher.php(45): Illuminate\\Routing\\Controller->callAction('create', Array)
#6 D:\\1LuuDuLieuSV\\2001240399_TrinhHuuKienQuoc\\phplab\\buoi6\\Lab01_Framework\\vendor\\laravel\\framework\\src\\Illuminate\\Routing\\Route.php(262): Illuminate\\Routing\\ControllerDispatcher->dispatch(Object(Illuminate\\Routing\\Route), Object(App\\Http\\Controllers\\ArticleController), 'create')
#7 D:\\1LuuDuLieuSV\\2001240399_TrinhHuuKienQuoc\\phplab\\buoi6\\Lab01_Framework\\vendor\\laravel\\framework\\src\\Illuminate\\Routing\\Route.php(205): Illuminate\\Routing\\Route->runController()
#8 D:\\1LuuDuLieuSV\\2001240399_TrinhHuuKienQuoc\\phplab\\buoi6\\Lab01_Framework\\vendor\\laravel\\framework\\src\\Illuminate\\Routing\\Router.php(721): Illuminate\\Routing\\Route->run()
#9 D:\\1LuuDuLieuSV\\2001240399_TrinhHuuKienQuoc\\phplab\\buoi6\\Lab01_Framework\\vendor\\laravel\\framework\\src\\Illuminate\\Pipeline\\Pipeline.php(128): Illuminate\\Routing\\Router->Illuminate\\Routing\\{closure}(Object(Illuminate\\Http\\Request))
#10 D:\\1LuuDuLieuSV\\2001240399_TrinhHuuKienQuoc\\phplab\\buoi6\\Lab01_Framework\\vendor\\laravel\\framework\\src\\Illuminate\\Routing\\Middleware\\SubstituteBindings.php(50): Illuminate\\Pipeline\\Pipeline->Illuminate\\Pipeline\\{closure}(Object(Illuminate\\Http\\Request))
#11 D:\\1LuuDuLieuSV\\2001240399_TrinhHuuKienQuoc\\phplab\\buoi6\\Lab01_Framework\\vendor\\laravel\\framework\\src\\Illuminate\\Pipeline\\Pipeline.php(167): Illuminate\\Routing\\Middleware\\SubstituteBindings->handle(Object(Illuminate\\Http\\Request), Object(Closure))
#12 D:\\1LuuDuLieuSV\\2001240399_TrinhHuuKienQuoc\\phplab\\buoi6\\Lab01_Framework\\vendor\\laravel\\framework\\src\\Illuminate\\Foundation\\Http\\Middleware\\VerifyCsrfToken.php(78): Illuminate\\Pipeline\\Pipeline->Illuminate\\Pipeline\\{closure}(Object(Illuminate\\Http\\Request))
#13 D:\\1LuuDuLieuSV\\2001240399_TrinhHuuKienQuoc\\phplab\\buoi6\\Lab01_Framework\\vendor\\laravel\\framework\\src\\Illuminate\\Pipeline\\Pipeline.php(167): Illuminate\\Foundation\\Http\\Middleware\\VerifyCsrfToken->handle(Object(Illuminate\\Http\\Request), Object(Closure))
#14 D:\\1LuuDuLieuSV\\2001240399_TrinhHuuKienQuoc\\phplab\\buoi6\\Lab01_Framework\\vendor\\laravel\\framework\\src\\Illuminate\\View\\Middleware\\ShareErrorsFromSession.php(49): Illuminate\\Pipeline\\Pipeline->Illuminate\\Pipeline\\{closure}(Object(Illuminate\\Http\\Request))
#15 D:\\1LuuDuLieuSV\\2001240399_TrinhHuuKienQuoc\\phplab\\buoi6\\Lab01_Framework\\vendor\\laravel\\framework\\src\\Illuminate\\Pipeline\\Pipeline.php(167): Illuminate\\View\\Middleware\\ShareErrorsFromSession->handle(Object(Illuminate\\Http\\Request), Object(Closure))
#16 D:\\1LuuDuLieuSV\\2001240399_TrinhHuuKienQuoc\\phplab\\buoi6\\Lab01_Framework\\vendor\\laravel\\framework\\src\\Illuminate\\Session\\Middleware\\StartSession.php(121): Illuminate\\Pipeline\\Pipeline->Illuminate\\Pipeline\\{closure}(Object(Illuminate\\Http\\Request))
#17 D:\\1LuuDuLieuSV\\2001240399_TrinhHuuKienQuoc\\phplab\\buoi6\\Lab01_Framework\\vendor\\laravel\\framework\\src\\Illuminate\\Session\\Middleware\\StartSession.php(64): Illuminate\\Session\\Middleware\\StartSession->handleStatefulRequest(Object(Illuminate\\Http\\Request), Object(Illuminate\\Session\\Store), Object(Closure))
#18 D:\\1LuuDuLieuSV\\2001240399_TrinhHuuKienQuoc\\phplab\\buoi6\\Lab01_Framework\\vendor\\laravel\\framework\\src\\Illuminate\\Pipeline\\Pipeline.php(167): Illuminate\\Session\\Middleware\\StartSession->handle(Object(Illuminate\\Http\\Request), Object(Closure))
#19 D:\\1LuuDuLieuSV\\2001240399_TrinhHuuKienQuoc\\phplab\\buoi6\\Lab01_Framework\\vendor\\laravel\\framework\\src\\Illuminate\\Cookie\\Middleware\\AddQueuedCookiesToResponse.php(37): Illuminate\\Pipeline\\Pipeline->Illuminate\\Pipeline\\{closure}(Object(Illuminate\\Http\\Request))
#20 D:\\1LuuDuLieuSV\\2001240399_TrinhHuuKienQuoc\\phplab\\buoi6\\Lab01_Framework\\vendor\\laravel\\framework\\src\\Illuminate\\Pipeline\\Pipeline.php(167): Illuminate\\Cookie\\Middleware\\AddQueuedCookiesToResponse->handle(Object(Illuminate\\Http\\Request), Object(Closure))
#21 D:\\1LuuDuLieuSV\\2001240399_TrinhHuuKienQuoc\\phplab\\buoi6\\Lab01_Framework\\vendor\\laravel\\framework\\src\\Illuminate\\Cookie\\Middleware\\EncryptCookies.php(67): Illuminate\\Pipeline\\Pipeline->Illuminate\\Pipeline\\{closure}(Object(Illuminate\\Http\\Request))
#22 D:\\1LuuDuLieuSV\\2001240399_TrinhHuuKienQuoc\\phplab\\buoi6\\Lab01_Framework\\vendor\\laravel\\framework\\src\\Illuminate\\Pipeline\\Pipeline.php(167): Illuminate\\Cookie\\Middleware\\EncryptCookies->handle(Object(Illuminate\\Http\\Request), Object(Closure))
#23 D:\\1LuuDuLieuSV\\2001240399_TrinhHuuKienQuoc\\phplab\\buoi6\\Lab01_Framework\\vendor\\laravel\\framework\\src\\Illuminate\\Pipeline\\Pipeline.php(103): Illuminate\\Pipeline\\Pipeline->Illuminate\\Pipeline\\{closure}(Object(Illuminate\\Http\\Request))
#24 D:\\1LuuDuLieuSV\\2001240399_TrinhHuuKienQuoc\\phplab\\buoi6\\Lab01_Framework\\vendor\\laravel\\framework\\src\\Illuminate\\Routing\\Router.php(723): Illuminate\\Pipeline\\Pipeline->then(Object(Closure))
#25 D:\\1LuuDuLieuSV\\2001240399_TrinhHuuKienQuoc\\phplab\\buoi6\\Lab01_Framework\\vendor\\laravel\\framework\\src\\Illuminate\\Routing\\Router.php(698): Illuminate\\Routing\\Router->runRouteWithinStack(Object(Illuminate\\Routing\\Route), Object(Illuminate\\Http\\Request))
#26 D:\\1LuuDuLieuSV\\2001240399_TrinhHuuKienQuoc\\phplab\\buoi6\\Lab01_Framework\\vendor\\laravel\\framework\\src\\Illuminate\\Routing\\Router.php(662): Illuminate\\Routing\\Router->runRoute(Object(Illuminate\\Http\\Request), Object(Illuminate\\Routing\\Route))
#27 D:\\1LuuDuLieuSV\\2001240399_TrinhHuuKienQuoc\\phplab\\buoi6\\Lab01_Framework\\vendor\\laravel\\framework\\src\\Illuminate\\Routing\\Router.php(651): Illuminate\\Routing\\Router->dispatchToRoute(Object(Illuminate\\Http\\Request))
#28 D:\\1LuuDuLieuSV\\2001240399_TrinhHuuKienQuoc\\phplab\\buoi6\\Lab01_Framework\\vendor\\laravel\\framework\\src\\Illuminate\\Foundation\\Http\\Kernel.php(167): Illuminate\\Routing\\Router->dispatch(Object(Illuminate\\Http\\Request))
#29 D:\\1LuuDuLieuSV\\2001240399_TrinhHuuKienQuoc\\phplab\\buoi6\\Lab01_Framework\\vendor\\laravel\\framework\\src\\Illuminate\\Pipeline\\Pipeline.php(128): Illuminate\\Foundation\\Http\\Kernel->Illuminate\\Foundation\\Http\\{closure}(Object(Illuminate\\Http\\Request))
#30 D:\\1LuuDuLieuSV\\2001240399_TrinhHuuKienQuoc\\phplab\\buoi6\\Lab01_Framework\\vendor\\laravel\\framework\\src\\Illuminate\\Foundation\\Http\\Middleware\\TransformsRequest.php(21): Illuminate\\Pipeline\\Pipeline->Illuminate\\Pipeline\\{closure}(Object(Illuminate\\Http\\Request))
#31 D:\\1LuuDuLieuSV\\2001240399_TrinhHuuKienQuoc\\phplab\\buoi6\\Lab01_Framework\\vendor\\laravel\\framework\\src\\Illuminate\\Foundation\\Http\\Middleware\\ConvertEmptyStringsToNull.php(31): Illuminate\\Foundation\\Http\\Middleware\\TransformsRequest->handle(Object(Illuminate\\Http\\Request), Object(Closure))
#32 D:\\1LuuDuLieuSV\\2001240399_TrinhHuuKienQuoc\\phplab\\buoi6\\Lab01_Framework\\vendor\\laravel\\framework\\src\\Illuminate\\Pipeline\\Pipeline.php(167): Illuminate\\Foundation\\Http\\Middleware\\ConvertEmptyStringsToNull->handle(Object(Illuminate\\Http\\Request), Object(Closure))
#33 D:\\1LuuDuLieuSV\\2001240399_TrinhHuuKienQuoc\\phplab\\buoi6\\Lab01_Framework\\vendor\\laravel\\framework\\src\\Illuminate\\Foundation\\Http\\Middleware\\TransformsRequest.php(21): Illuminate\\Pipeline\\Pipeline->Illuminate\\Pipeline\\{closure}(Object(Illuminate\\Http\\Request))
#34 D:\\1LuuDuLieuSV\\2001240399_TrinhHuuKienQuoc\\phplab\\buoi6\\Lab01_Framework\\vendor\\laravel\\framework\\src\\Illuminate\\Foundation\\Http\\Middleware\\TrimStrings.php(40): Illuminate\\Foundation\\Http\\Middleware\\TransformsRequest->handle(Object(Illuminate\\Http\\Request), Object(Closure))
#35 D:\\1LuuDuLieuSV\\2001240399_TrinhHuuKienQuoc\\phplab\\buoi6\\Lab01_Framework\\vendor\\laravel\\framework\\src\\Illuminate\\Pipeline\\Pipeline.php(167): Illuminate\\Foundation\\Http\\Middleware\\TrimStrings->handle(Object(Illuminate\\Http\\Request), Object(Closure))
#36 D:\\1LuuDuLieuSV\\2001240399_TrinhHuuKienQuoc\\phplab\\buoi6\\Lab01_Framework\\vendor\\laravel\\framework\\src\\Illuminate\\Foundation\\Http\\Middleware\\ValidatePostSize.php(27): Illuminate\\Pipeline\\Pipeline->Illuminate\\Pipeline\\{closure}(Object(Illuminate\\Http\\Request))
#37 D:\\1LuuDuLieuSV\\2001240399_TrinhHuuKienQuoc\\phplab\\buoi6\\Lab01_Framework\\vendor\\laravel\\framework\\src\\Illuminate\\Pipeline\\Pipeline.php(167): Illuminate\\Foundation\\Http\\Middleware\\ValidatePostSize->handle(Object(Illuminate\\Http\\Request), Object(Closure))
#38 D:\\1LuuDuLieuSV\\2001240399_TrinhHuuKienQuoc\\phplab\\buoi6\\Lab01_Framework\\vendor\\laravel\\framework\\src\\Illuminate\\Foundation\\Http\\Middleware\\PreventRequestsDuringMaintenance.php(86): Illuminate\\Pipeline\\Pipeline->Illuminate\\Pipeline\\{closure}(Object(Illuminate\\Http\\Request))
#39 D:\\1LuuDuLieuSV\\2001240399_TrinhHuuKienQuoc\\phplab\\buoi6\\Lab01_Framework\\vendor\\laravel\\framework\\src\\Illuminate\\Pipeline\\Pipeline.php(167): Illuminate\\Foundation\\Http\\Middleware\\PreventRequestsDuringMaintenance->handle(Object(Illuminate\\Http\\Request), Object(Closure))
#40 D:\\1LuuDuLieuSV\\2001240399_TrinhHuuKienQuoc\\phplab\\buoi6\\Lab01_Framework\\vendor\\fruitcake\\laravel-cors\\src\\HandleCors.php(38): Illuminate\\Pipeline\\Pipeline->Illuminate\\Pipeline\\{closure}(Object(Illuminate\\Http\\Request))
#41 D:\\1LuuDuLieuSV\\2001240399_TrinhHuuKienQuoc\\phplab\\buoi6\\Lab01_Framework\\vendor\\laravel\\framework\\src\\Illuminate\\Pipeline\\Pipeline.php(167): Fruitcake\\Cors\\HandleCors->handle(Object(Illuminate\\Http\\Request), Object(Closure))
#42 D:\\1LuuDuLieuSV\\2001240399_TrinhHuuKienQuoc\\phplab\\buoi6\\Lab01_Framework\\vendor\\laravel\\framework\\src\\Illuminate\\Http\\Middleware\\TrustProxies.php(39): Illuminate\\Pipeline\\Pipeline->Illuminate\\Pipeline\\{closure}(Object(Illuminate\\Http\\Request))
#43 D:\\1LuuDuLieuSV\\2001240399_TrinhHuuKienQuoc\\phplab\\buoi6\\Lab01_Framework\\vendor\\laravel\\framework\\src\\Illuminate\\Pipeline\\Pipeline.php(167): Illuminate\\Http\\Middleware\\TrustProxies->handle(Object(Illuminate\\Http\\Request), Object(Closure))
#44 D:\\1LuuDuLieuSV\\2001240399_TrinhHuuKienQuoc\\phplab\\buoi6\\Lab01_Framework\\vendor\\laravel\\framework\\src\\Illuminate\\Pipeline\\Pipeline.php(103): Illuminate\\Pipeline\\Pipeline->Illuminate\\Pipeline\\{closure}(Object(Illuminate\\Http\\Request))
#45 D:\\1LuuDuLieuSV\\2001240399_TrinhHuuKienQuoc\\phplab\\buoi6\\Lab01_Framework\\vendor\\laravel\\framework\\src\\Illuminate\\Foundation\\Http\\Kernel.php(142): Illuminate\\Pipeline\\Pipeline->then(Object(Closure))
#46 D:\\1LuuDuLieuSV\\2001240399_TrinhHuuKienQuoc\\phplab\\buoi6\\Lab01_Framework\\vendor\\laravel\\framework\\src\\Illuminate\\Foundation\\Http\\Kernel.php(111): Illuminate\\Foundation\\Http\\Kernel->sendRequestThroughRouter(Object(Illuminate\\Http\\Request))
#47 D:\\1LuuDuLieuSV\\2001240399_TrinhHuuKienQuoc\\phplab\\buoi6\\Lab01_Framework\\public\\index.php(52): Illuminate\\Foundation\\Http\\Kernel->handle(Object(Illuminate\\Http\\Request))
#48 D:\\1LuuDuLieuSV\\2001240399_TrinhHuuKienQuoc\\phplab\\buoi6\\Lab01_Framework\\server.php(21): require_once('D:\\\\1LuuDuLieuSV...')
#49 {main}
"} 
[2026-09-21 08:58:06] local.ERROR: View [artocles.create] not found. {"exception":"[object] (InvalidArgumentException(code: 0): View [artocles.create] not found. at D:\\1LuuDuLieuSV\\2001240399_TrinhHuuKienQuoc\\phplab\\buoi6\\Lab01_Framework\\vendor\\laravel\\framework\\src\\Illuminate\\View\\FileViewFinder.php:137)
[stacktrace]
#0 D:\\1LuuDuLieuSV\\2001240399_TrinhHuuKienQuoc\\phplab\\buoi6\\Lab01_Framework\\vendor\\laravel\\framework\\src\\Illuminate\\View\\FileViewFinder.php(79): Illuminate\\View\\FileViewFinder->findInPaths('artocles.create', Array)
#1 D:\\1LuuDuLieuSV\\2001240399_TrinhHuuKienQuoc\\phplab\\buoi6\\Lab01_Framework\\vendor\\laravel\\framework\\src\\Illuminate\\View\\Factory.php(138): Illuminate\\View\\FileViewFinder->find('artocles.create')
#2 D:\\1LuuDuLieuSV\\2001240399_TrinhHuuKienQuoc\\phplab\\buoi6\\Lab01_Framework\\vendor\\laravel\\framework\\src\\Illuminate\\Foundation\\helpers.php(932): Illuminate\\View\\Factory->make('artocles.create', Array, Array)
#3 D:\\1LuuDuLieuSV\\2001240399_TrinhHuuKienQuoc\\phplab\\buoi6\\Lab01_Framework\\app\\Http\\Controllers\\ArticleController.php(33): view('artocles.create')
#4 D:\\1LuuDuLieuSV\\2001240399_TrinhHuuKienQuoc\\phplab\\buoi6\\Lab01_Framework\\vendor\\laravel\\framework\\src\\Illuminate\\Routing\\Controller.php(54): App\\Http\\Controllers\\ArticleController->create()
#5 D:\\1LuuDuLieuSV\\2001240399_TrinhHuuKienQuoc\\phplab\\buoi6\\Lab01_Framework\\vendor\\laravel\\framework\\src\\Illuminate\\Routing\\ControllerDispatcher.php(45): Illuminate\\Routing\\Controller->callAction('create', Array)
#6 D:\\1LuuDuLieuSV\\2001240399_TrinhHuuKienQuoc\\phplab\\buoi6\\Lab01_Framework\\vendor\\laravel\\framework\\src\\Illuminate\\Routing\\Route.php(262): Illuminate\\Routing\\ControllerDispatcher->dispatch(Object(Illuminate\\Routing\\Route), Object(App\\Http\\Controllers\\ArticleController), 'create')
#7 D:\\1LuuDuLieuSV\\2001240399_TrinhHuuKienQuoc\\phplab\\buoi6\\Lab01_Framework\\vendor\\laravel\\framework\\src\\Illuminate\\Routing\\Route.php(205): Illuminate\\Routing\\Route->runController()
#8 D:\\1LuuDuLieuSV\\2001240399_TrinhHuuKienQuoc\\phplab\\buoi6\\Lab01_Framework\\vendor\\laravel\\framework\\src\\Illuminate\\Routing\\Router.php(721): Illuminate\\Routing\\Route->run()
#9 D:\\1LuuDuLieuSV\\2001240399_TrinhHuuKienQuoc\\phplab\\buoi6\\Lab01_Framework\\vendor\\laravel\\framework\\src\\Illuminate\\Pipeline\\Pipeline.php(128): Illuminate\\Routing\\Router->Illuminate\\Routing\\{closure}(Object(Illuminate\\Http\\Request))
#10 D:\\1LuuDuLieuSV\\2001240399_TrinhHuuKienQuoc\\phplab\\buoi6\\Lab01_Framework\\vendor\\laravel\\framework\\src\\Illuminate\\Routing\\Middleware\\SubstituteBindings.php(50): Illuminate\\Pipeline\\Pipeline->Illuminate\\Pipeline\\{closure}(Object(Illuminate\\Http\\Request))
#11 D:\\1LuuDuLieuSV\\2001240399_TrinhHuuKienQuoc\\phplab\\buoi6\\Lab01_Framework\\vendor\\laravel\\framework\\src\\Illuminate\\Pipeline\\Pipeline.php(167): Illuminate\\Routing\\Middleware\\SubstituteBindings->handle(Object(Illuminate\\Http\\Request), Object(Closure))
#12 D:\\1LuuDuLieuSV\\2001240399_TrinhHuuKienQuoc\\phplab\\buoi6\\Lab01_Framework\\vendor\\laravel\\framework\\src\\Illuminate\\Foundation\\Http\\Middleware\\VerifyCsrfToken.php(78): Illuminate\\Pipeline\\Pipeline->Illuminate\\Pipeline\\{closure}(Object(Illuminate\\Http\\Request))
#13 D:\\1LuuDuLieuSV\\2001240399_TrinhHuuKienQuoc\\phplab\\buoi6\\Lab01_Framework\\vendor\\laravel\\framework\\src\\Illuminate\\Pipeline\\Pipeline.php(167): Illuminate\\Foundation\\Http\\Middleware\\VerifyCsrfToken->handle(Object(Illuminate\\Http\\Request), Object(Closure))
#14 D:\\1LuuDuLieuSV\\2001240399_TrinhHuuKienQuoc\\phplab\\buoi6\\Lab01_Framework\\vendor\\laravel\\framework\\src\\Illuminate\\View\\Middleware\\ShareErrorsFromSession.php(49): Illuminate\\Pipeline\\Pipeline->Illuminate\\Pipeline\\{closure}(Object(Illuminate\\Http\\Request))
#15 D:\\1LuuDuLieuSV\\2001240399_TrinhHuuKienQuoc\\phplab\\buoi6\\Lab01_Framework\\vendor\\laravel\\framework\\src\\Illuminate\\Pipeline\\Pipeline.php(167): Illuminate\\View\\Middleware\\ShareErrorsFromSession->handle(Object(Illuminate\\Http\\Request), Object(Closure))
#16 D:\\1LuuDuLieuSV\\2001240399_TrinhHuuKienQuoc\\phplab\\buoi6\\Lab01_Framework\\vendor\\laravel\\framework\\src\\Illuminate\\Session\\Middleware\\StartSession.php(121): Illuminate\\Pipeline\\Pipeline->Illuminate\\Pipeline\\{closure}(Object(Illuminate\\Http\\Request))
#17 D:\\1LuuDuLieuSV\\2001240399_TrinhHuuKienQuoc\\phplab\\buoi6\\Lab01_Framework\\vendor\\laravel\\framework\\src\\Illuminate\\Session\\Middleware\\StartSession.php(64): Illuminate\\Session\\Middleware\\StartSession->handleStatefulRequest(Object(Illuminate\\Http\\Request), Object(Illuminate\\Session\\Store), Object(Closure))
#18 D:\\1LuuDuLieuSV\\2001240399_TrinhHuuKienQuoc\\phplab\\buoi6\\Lab01_Framework\\vendor\\laravel\\framework\\src\\Illuminate\\Pipeline\\Pipeline.php(167): Illuminate\\Session\\Middleware\\StartSession->handle(Object(Illuminate\\Http\\Request), Object(Closure))
#19 D:\\1LuuDuLieuSV\\2001240399_TrinhHuuKienQuoc\\phplab\\buoi6\\Lab01_Framework\\vendor\\laravel\\framework\\src\\Illuminate\\Cookie\\Middleware\\AddQueuedCookiesToResponse.php(37): Illuminate\\Pipeline\\Pipeline->Illuminate\\Pipeline\\{closure}(Object(Illuminate\\Http\\Request))
#20 D:\\1LuuDuLieuSV\\2001240399_TrinhHuuKienQuoc\\phplab\\buoi6\\Lab01_Framework\\vendor\\laravel\\framework\\src\\Illuminate\\Pipeline\\Pipeline.php(167): Illuminate\\Cookie\\Middleware\\AddQueuedCookiesToResponse->handle(Object(Illuminate\\Http\\Request), Object(Closure))
#21 D:\\1LuuDuLieuSV\\2001240399_TrinhHuuKienQuoc\\phplab\\buoi6\\Lab01_Framework\\vendor\\laravel\\framework\\src\\Illuminate\\Cookie\\Middleware\\EncryptCookies.php(67): Illuminate\\Pipeline\\Pipeline->Illuminate\\Pipeline\\{closure}(Object(Illuminate\\Http\\Request))
#22 D:\\1LuuDuLieuSV\\2001240399_TrinhHuuKienQuoc\\phplab\\buoi6\\Lab01_Framework\\vendor\\laravel\\framework\\src\\Illuminate\\Pipeline\\Pipeline.php(167): Illuminate\\Cookie\\Middleware\\EncryptCookies->handle(Object(Illuminate\\Http\\Request), Object(Closure))
#23 D:\\1LuuDuLieuSV\\2001240399_TrinhHuuKienQuoc\\phplab\\buoi6\\Lab01_Framework\\vendor\\laravel\\framework\\src\\Illuminate\\Pipeline\\Pipeline.php(103): Illuminate\\Pipeline\\Pipeline->Illuminate\\Pipeline\\{closure}(Object(Illuminate\\Http\\Request))
#24 D:\\1LuuDuLieuSV\\2001240399_TrinhHuuKienQuoc\\phplab\\buoi6\\Lab01_Framework\\vendor\\laravel\\framework\\src\\Illuminate\\Routing\\Router.php(723): Illuminate\\Pipeline\\Pipeline->then(Object(Closure))
#25 D:\\1LuuDuLieuSV\\2001240399_TrinhHuuKienQuoc\\phplab\\buoi6\\Lab01_Framework\\vendor\\laravel\\framework\\src\\Illuminate\\Routing\\Router.php(698): Illuminate\\Routing\\Router->runRouteWithinStack(Object(Illuminate\\Routing\\Route), Object(Illuminate\\Http\\Request))
#26 D:\\1LuuDuLieuSV\\2001240399_TrinhHuuKienQuoc\\phplab\\buoi6\\Lab01_Framework\\vendor\\laravel\\framework\\src\\Illuminate\\Routing\\Router.php(662): Illuminate\\Routing\\Router->runRoute(Object(Illuminate\\Http\\Request), Object(Illuminate\\Routing\\Route))
#27 D:\\1LuuDuLieuSV\\2001240399_TrinhHuuKienQuoc\\phplab\\buoi6\\Lab01_Framework\\vendor\\laravel\\framework\\src\\Illuminate\\Routing\\Router.php(651): Illuminate\\Routing\\Router->dispatchToRoute(Object(Illuminate\\Http\\Request))
#28 D:\\1LuuDuLieuSV\\2001240399_TrinhHuuKienQuoc\\phplab\\buoi6\\Lab01_Framework\\vendor\\laravel\\framework\\src\\Illuminate\\Foundation\\Http\\Kernel.php(167): Illuminate\\Routing\\Router->dispatch(Object(Illuminate\\Http\\Request))
#29 D:\\1LuuDuLieuSV\\2001240399_TrinhHuuKienQuoc\\phplab\\buoi6\\Lab01_Framework\\vendor\\laravel\\framework\\src\\Illuminate\\Pipeline\\Pipeline.php(128): Illuminate\\Foundation\\Http\\Kernel->Illuminate\\Foundation\\Http\\{closure}(Object(Illuminate\\Http\\Request))
#30 D:\\1LuuDuLieuSV\\2001240399_TrinhHuuKienQuoc\\phplab\\buoi6\\Lab01_Framework\\vendor\\laravel\\framework\\src\\Illuminate\\Foundation\\Http\\Middleware\\TransformsRequest.php(21): Illuminate\\Pipeline\\Pipeline->Illuminate\\Pipeline\\{closure}(Object(Illuminate\\Http\\Request))
#31 D:\\1LuuDuLieuSV\\2001240399_TrinhHuuKienQuoc\\phplab\\buoi6\\Lab01_Framework\\vendor\\laravel\\framework\\src\\Illuminate\\Foundation\\Http\\Middleware\\ConvertEmptyStringsToNull.php(31): Illuminate\\Foundation\\Http\\Middleware\\TransformsRequest->handle(Object(Illuminate\\Http\\Request), Object(Closure))
#32 D:\\1LuuDuLieuSV\\2001240399_TrinhHuuKienQuoc\\phplab\\buoi6\\Lab01_Framework\\vendor\\laravel\\framework\\src\\Illuminate\\Pipeline\\Pipeline.php(167): Illuminate\\Foundation\\Http\\Middleware\\ConvertEmptyStringsToNull->handle(Object(Illuminate\\Http\\Request), Object(Closure))
#33 D:\\1LuuDuLieuSV\\2001240399_TrinhHuuKienQuoc\\phplab\\buoi6\\Lab01_Framework\\vendor\\laravel\\framework\\src\\Illuminate\\Foundation\\Http\\Middleware\\TransformsRequest.php(21): Illuminate\\Pipeline\\Pipeline->Illuminate\\Pipeline\\{closure}(Object(Illuminate\\Http\\Request))
#34 D:\\1LuuDuLieuSV\\2001240399_TrinhHuuKienQuoc\\phplab\\buoi6\\Lab01_Framework\\vendor\\laravel\\framework\\src\\Illuminate\\Foundation\\Http\\Middleware\\TrimStrings.php(40): Illuminate\\Foundation\\Http\\Middleware\\TransformsRequest->handle(Object(Illuminate\\Http\\Request), Object(Closure))
#35 D:\\1LuuDuLieuSV\\2001240399_TrinhHuuKienQuoc\\phplab\\buoi6\\Lab01_Framework\\vendor\\laravel\\framework\\src\\Illuminate\\Pipeline\\Pipeline.php(167): Illuminate\\Foundation\\Http\\Middleware\\TrimStrings->handle(Object(Illuminate\\Http\\Request), Object(Closure))
#36 D:\\1LuuDuLieuSV\\2001240399_TrinhHuuKienQuoc\\phplab\\buoi6\\Lab01_Framework\\vendor\\laravel\\framework\\src\\Illuminate\\Foundation\\Http\\Middleware\\ValidatePostSize.php(27): Illuminate\\Pipeline\\Pipeline->Illuminate\\Pipeline\\{closure}(Object(Illuminate\\Http\\Request))
#37 D:\\1LuuDuLieuSV\\2001240399_TrinhHuuKienQuoc\\phplab\\buoi6\\Lab01_Framework\\vendor\\laravel\\framework\\src\\Illuminate\\Pipeline\\Pipeline.php(167): Illuminate\\Foundation\\Http\\Middleware\\ValidatePostSize->handle(Object(Illuminate\\Http\\Request), Object(Closure))
#38 D:\\1LuuDuLieuSV\\2001240399_TrinhHuuKienQuoc\\phplab\\buoi6\\Lab01_Framework\\vendor\\laravel\\framework\\src\\Illuminate\\Foundation\\Http\\Middleware\\PreventRequestsDuringMaintenance.php(86): Illuminate\\Pipeline\\Pipeline->Illuminate\\Pipeline\\{closure}(Object(Illuminate\\Http\\Request))
#39 D:\\1LuuDuLieuSV\\2001240399_TrinhHuuKienQuoc\\phplab\\buoi6\\Lab01_Framework\\vendor\\laravel\\framework\\src\\Illuminate\\Pipeline\\Pipeline.php(167): Illuminate\\Foundation\\Http\\Middleware\\PreventRequestsDuringMaintenance->handle(Object(Illuminate\\Http\\Request), Object(Closure))
#40 D:\\1LuuDuLieuSV\\2001240399_TrinhHuuKienQuoc\\phplab\\buoi6\\Lab01_Framework\\vendor\\fruitcake\\laravel-cors\\src\\HandleCors.php(38): Illuminate\\Pipeline\\Pipeline->Illuminate\\Pipeline\\{closure}(Object(Illuminate\\Http\\Request))
#41 D:\\1LuuDuLieuSV\\2001240399_TrinhHuuKienQuoc\\phplab\\buoi6\\Lab01_Framework\\vendor\\laravel\\framework\\src\\Illuminate\\Pipeline\\Pipeline.php(167): Fruitcake\\Cors\\HandleCors->handle(Object(Illuminate\\Http\\Request), Object(Closure))
#42 D:\\1LuuDuLieuSV\\2001240399_TrinhHuuKienQuoc\\phplab\\buoi6\\Lab01_Framework\\vendor\\laravel\\framework\\src\\Illuminate\\Http\\Middleware\\TrustProxies.php(39): Illuminate\\Pipeline\\Pipeline->Illuminate\\Pipeline\\{closure}(Object(Illuminate\\Http\\Request))
#43 D:\\1LuuDuLieuSV\\2001240399_TrinhHuuKienQuoc\\phplab\\buoi6\\Lab01_Framework\\vendor\\laravel\\framework\\src\\Illuminate\\Pipeline\\Pipeline.php(167): Illuminate\\Http\\Middleware\\TrustProxies->handle(Object(Illuminate\\Http\\Request), Object(Closure))
#44 D:\\1LuuDuLieuSV\\2001240399_TrinhHuuKienQuoc\\phplab\\buoi6\\Lab01_Framework\\vendor\\laravel\\framework\\src\\Illuminate\\Pipeline\\Pipeline.php(103): Illuminate\\Pipeline\\Pipeline->Illuminate\\Pipeline\\{closure}(Object(Illuminate\\Http\\Request))
#45 D:\\1LuuDuLieuSV\\2001240399_TrinhHuuKienQuoc\\phplab\\buoi6\\Lab01_Framework\\vendor\\laravel\\framework\\src\\Illuminate\\Foundation\\Http\\Kernel.php(142): Illuminate\\Pipeline\\Pipeline->then(Object(Closure))
#46 D:\\1LuuDuLieuSV\\2001240399_TrinhHuuKienQuoc\\phplab\\buoi6\\Lab01_Framework\\vendor\\laravel\\framework\\src\\Illuminate\\Foundation\\Http\\Kernel.php(111): Illuminate\\Foundation\\Http\\Kernel->sendRequestThroughRouter(Object(Illuminate\\Http\\Request))
#47 D:\\1LuuDuLieuSV\\2001240399_TrinhHuuKienQuoc\\phplab\\buoi6\\Lab01_Framework\\public\\index.php(52): Illuminate\\Foundation\\Http\\Kernel->handle(Object(Illuminate\\Http\\Request))
#48 D:\\1LuuDuLieuSV\\2001240399_TrinhHuuKienQuoc\\phplab\\buoi6\\Lab01_Framework\\server.php(21): require_once('D:\\\\1LuuDuLieuSV...')
#49 {main}
"} 
