[2026-09-28 06:16:58] local.ERROR: Too many arguments to "make:model" command, expected arguments "name". {"exception":"[object] (Symfony\\Component\\Console\\Exception\\RuntimeException(code: 0): Too many arguments to \"make:model\" command, expected arguments \"name\". at D:\\1LuuDuLieuSV\\2001240399_TrinhHuuKienQuoc\\phplab\\buoi7\\Buoi7\\vendor\\symfony\\console\\Input\\ArgvInput.php:193)
[stacktrace]
#0 D:\\1LuuDuLieuSV\\2001240399_TrinhHuuKienQuoc\\phplab\\buoi7\\Buoi7\\vendor\\symfony\\console\\Input\\ArgvInput.php(86): Symfony\\Component\\Console\\Input\\ArgvInput->parseArgument('\\xE2\\x80\\x93m')
#1 D:\\1LuuDuLieuSV\\2001240399_TrinhHuuKienQuoc\\phplab\\buoi7\\Buoi7\\vendor\\symfony\\console\\Input\\ArgvInput.php(71): Symfony\\Component\\Console\\Input\\ArgvInput->parseToken('\\xE2\\x80\\x93m', true)
#2 D:\\1LuuDuLieuSV\\2001240399_TrinhHuuKienQuoc\\phplab\\buoi7\\Buoi7\\vendor\\symfony\\console\\Input\\Input.php(55): Symfony\\Component\\Console\\Input\\ArgvInput->parse()
#3 D:\\1LuuDuLieuSV\\2001240399_TrinhHuuKienQuoc\\phplab\\buoi7\\Buoi7\\vendor\\symfony\\console\\Command\\Command.php(257): Symfony\\Component\\Console\\Input\\Input->bind(Object(Symfony\\Component\\Console\\Input\\InputDefinition))
#4 D:\\1LuuDuLieuSV\\2001240399_TrinhHuuKienQuoc\\phplab\\buoi7\\Buoi7\\vendor\\laravel\\framework\\src\\Illuminate\\Console\\Command.php(121): Symfony\\Component\\Console\\Command\\Command->run(Object(Symfony\\Component\\Console\\Input\\ArgvInput), Object(Illuminate\\Console\\OutputStyle))
#5 D:\\1LuuDuLieuSV\\2001240399_TrinhHuuKienQuoc\\phplab\\buoi7\\Buoi7\\vendor\\symfony\\console\\Application.php(1040): Illuminate\\Console\\Command->run(Object(Symfony\\Component\\Console\\Input\\ArgvInput), Object(Symfony\\Component\\Console\\Output\\ConsoleOutput))
#6 D:\\1LuuDuLieuSV\\2001240399_TrinhHuuKienQuoc\\phplab\\buoi7\\Buoi7\\vendor\\symfony\\console\\Application.php(301): Symfony\\Component\\Console\\Application->doRunCommand(Object(Illuminate\\Foundation\\Console\\ModelMakeCommand), Object(Symfony\\Component\\Console\\Input\\ArgvInput), Object(Symfony\\Component\\Console\\Output\\ConsoleOutput))
#7 D:\\1LuuDuLieuSV\\2001240399_TrinhHuuKienQuoc\\phplab\\buoi7\\Buoi7\\vendor\\symfony\\console\\Application.php(171): Symfony\\Component\\Console\\Application->doRun(Object(Symfony\\Component\\Console\\Input\\ArgvInput), Object(Symfony\\Component\\Console\\Output\\ConsoleOutput))
#8 D:\\1LuuDuLieuSV\\2001240399_TrinhHuuKienQuoc\\phplab\\buoi7\\Buoi7\\vendor\\laravel\\framework\\src\\Illuminate\\Console\\Application.php(94): Symfony\\Component\\Console\\Application->run(Object(Symfony\\Component\\Console\\Input\\ArgvInput), Object(Symfony\\Component\\Console\\Output\\ConsoleOutput))
#9 D:\\1LuuDuLieuSV\\2001240399_TrinhHuuKienQuoc\\phplab\\buoi7\\Buoi7\\vendor\\laravel\\framework\\src\\Illuminate\\Foundation\\Console\\Kernel.php(129): Illuminate\\Console\\Application->run(Object(Symfony\\Component\\Console\\Input\\ArgvInput), Object(Symfony\\Component\\Console\\Output\\ConsoleOutput))
#10 D:\\1LuuDuLieuSV\\2001240399_TrinhHuuKienQuoc\\phplab\\buoi7\\Buoi7\\artisan(37): Illuminate\\Foundation\\Console\\Kernel->handle(Object(Symfony\\Component\\Console\\Input\\ArgvInput), Object(Symfony\\Component\\Console\\Output\\ConsoleOutput))
#11 {main}
"} 
[2026-09-28 06:17:00] local.ERROR: Too many arguments to "make:model" command, expected arguments "name". {"exception":"[object] (Symfony\\Component\\Console\\Exception\\RuntimeException(code: 0): Too many arguments to \"make:model\" command, expected arguments \"name\". at D:\\1LuuDuLieuSV\\2001240399_TrinhHuuKienQuoc\\phplab\\buoi7\\Buoi7\\vendor\\symfony\\console\\Input\\ArgvInput.php:193)
[stacktrace]
#0 D:\\1LuuDuLieuSV\\2001240399_TrinhHuuKienQuoc\\phplab\\buoi7\\Buoi7\\vendor\\symfony\\console\\Input\\ArgvInput.php(86): Symfony\\Component\\Console\\Input\\ArgvInput->parseArgument('\\xE2\\x80\\x93m')
#1 D:\\1LuuDuLieuSV\\2001240399_TrinhHuuKienQuoc\\phplab\\buoi7\\Buoi7\\vendor\\symfony\\console\\Input\\ArgvInput.php(71): Symfony\\Component\\Console\\Input\\ArgvInput->parseToken('\\xE2\\x80\\x93m', true)
#2 D:\\1LuuDuLieuSV\\2001240399_TrinhHuuKienQuoc\\phplab\\buoi7\\Buoi7\\vendor\\symfony\\console\\Input\\Input.php(55): Symfony\\Component\\Console\\Input\\ArgvInput->parse()
#3 D:\\1LuuDuLieuSV\\2001240399_TrinhHuuKienQuoc\\phplab\\buoi7\\Buoi7\\vendor\\symfony\\console\\Command\\Command.php(257): Symfony\\Component\\Console\\Input\\Input->bind(Object(Symfony\\Component\\Console\\Input\\InputDefinition))
#4 D:\\1LuuDuLieuSV\\2001240399_TrinhHuuKienQuoc\\phplab\\buoi7\\Buoi7\\vendor\\laravel\\framework\\src\\Illuminate\\Console\\Command.php(121): Symfony\\Component\\Console\\Command\\Command->run(Object(Symfony\\Component\\Console\\Input\\ArgvInput), Object(Illuminate\\Console\\OutputStyle))
#5 D:\\1LuuDuLieuSV\\2001240399_TrinhHuuKienQuoc\\phplab\\buoi7\\Buoi7\\vendor\\symfony\\console\\Application.php(1040): Illuminate\\Console\\Command->run(Object(Symfony\\Component\\Console\\Input\\ArgvInput), Object(Symfony\\Component\\Console\\Output\\ConsoleOutput))
#6 D:\\1LuuDuLieuSV\\2001240399_TrinhHuuKienQuoc\\phplab\\buoi7\\Buoi7\\vendor\\symfony\\console\\Application.php(301): Symfony\\Component\\Console\\Application->doRunCommand(Object(Illuminate\\Foundation\\Console\\ModelMakeCommand), Object(Symfony\\Component\\Console\\Input\\ArgvInput), Object(Symfony\\Component\\Console\\Output\\ConsoleOutput))
#7 D:\\1LuuDuLieuSV\\2001240399_TrinhHuuKienQuoc\\phplab\\buoi7\\Buoi7\\vendor\\symfony\\console\\Application.php(171): Symfony\\Component\\Console\\Application->doRun(Object(Symfony\\Component\\Console\\Input\\ArgvInput), Object(Symfony\\Component\\Console\\Output\\ConsoleOutput))
#8 D:\\1LuuDuLieuSV\\2001240399_TrinhHuuKienQuoc\\phplab\\buoi7\\Buoi7\\vendor\\laravel\\framework\\src\\Illuminate\\Console\\Application.php(94): Symfony\\Component\\Console\\Application->run(Object(Symfony\\Component\\Console\\Input\\ArgvInput), Object(Symfony\\Component\\Console\\Output\\ConsoleOutput))
#9 D:\\1LuuDuLieuSV\\2001240399_TrinhHuuKienQuoc\\phplab\\buoi7\\Buoi7\\vendor\\laravel\\framework\\src\\Illuminate\\Foundation\\Console\\Kernel.php(129): Illuminate\\Console\\Application->run(Object(Symfony\\Component\\Console\\Input\\ArgvInput), Object(Symfony\\Component\\Console\\Output\\ConsoleOutput))
#10 D:\\1LuuDuLieuSV\\2001240399_TrinhHuuKienQuoc\\phplab\\buoi7\\Buoi7\\artisan(37): Illuminate\\Foundation\\Console\\Kernel->handle(Object(Symfony\\Component\\Console\\Input\\ArgvInput), Object(Symfony\\Component\\Console\\Output\\ConsoleOutput))
#11 {main}
"} 
[2026-09-28 06:44:22] local.ERROR: SQLSTATE[HY000] [2002] No connection could be made because the target machine actively refused it.
 (SQL: SHOW FULL TABLES WHERE table_type = 'BASE TABLE') {"exception":"[object] (Illuminate\\Database\\QueryException(code: 2002): SQLSTATE[HY000] [2002] No connection could be made because the target machine actively refused it.

 (SQL: SHOW FULL TABLES WHERE table_type = 'BASE TABLE') at D:\\1LuuDuLieuSV\\2001240399_TrinhHuuKienQuoc\\phplab\\buoi7\\Buoi7\\vendor\\laravel\\framework\\src\\Illuminate\\Database\\Connection.php:712)
[stacktrace]
#0 D:\\1LuuDuLieuSV\\2001240399_TrinhHuuKienQuoc\\phplab\\buoi7\\Buoi7\\vendor\\laravel\\framework\\src\\Illuminate\\Database\\Connection.php(672): Illuminate\\Database\\Connection->runQueryCallback('SHOW FULL TABLE...', Array, Object(Closure))
#1 D:\\1LuuDuLieuSV\\2001240399_TrinhHuuKienQuoc\\phplab\\buoi7\\Buoi7\\vendor\\laravel\\framework\\src\\Illuminate\\Database\\Connection.php(376): Illuminate\\Database\\Connection->run('SHOW FULL TABLE...', Array, Object(Closure))
#2 D:\\1LuuDuLieuSV\\2001240399_TrinhHuuKienQuoc\\phplab\\buoi7\\Buoi7\\vendor\\laravel\\framework\\src\\Illuminate\\Database\\Schema\\MySqlBuilder.php(125): Illuminate\\Database\\Connection->select('SHOW FULL TABLE...')
#3 D:\\1LuuDuLieuSV\\2001240399_TrinhHuuKienQuoc\\phplab\\buoi7\\Buoi7\\vendor\\laravel\\framework\\src\\Illuminate\\Database\\Schema\\MySqlBuilder.php(74): Illuminate\\Database\\Schema\\MySqlBuilder->getAllTables()
#4 D:\\1LuuDuLieuSV\\2001240399_TrinhHuuKienQuoc\\phplab\\buoi7\\Buoi7\\vendor\\laravel\\framework\\src\\Illuminate\\Database\\Console\\WipeCommand.php(69): Illuminate\\Database\\Schema\\MySqlBuilder->dropAllTables()
#5 D:\\1LuuDuLieuSV\\2001240399_TrinhHuuKienQuoc\\phplab\\buoi7\\Buoi7\\vendor\\laravel\\framework\\src\\Illuminate\\Database\\Console\\WipeCommand.php(46): Illuminate\\Database\\Console\\WipeCommand->dropAllTables(NULL)
#6 D:\\1LuuDuLieuSV\\2001240399_TrinhHuuKienQuoc\\phplab\\buoi7\\Buoi7\\vendor\\laravel\\framework\\src\\Illuminate\\Container\\BoundMethod.php(36): Illuminate\\Database\\Console\\WipeCommand->handle()
#7 D:\\1LuuDuLieuSV\\2001240399_TrinhHuuKienQuoc\\phplab\\buoi7\\Buoi7\\vendor\\laravel\\framework\\src\\Illuminate\\Container\\Util.php(40): Illuminate\\Container\\BoundMethod::Illuminate\\Container\\{closure}()
#8 D:\\1LuuDuLieuSV\\2001240399_TrinhHuuKienQuoc\\phplab\\buoi7\\Buoi7\\vendor\\laravel\\framework\\src\\Illuminate\\Container\\BoundMethod.php(93): Illuminate\\Container\\Util::unwrapIfClosure(Object(Closure))
#9 D:\\1LuuDuLieuSV\\2001240399_TrinhHuuKienQuoc\\phplab\\buoi7\\Buoi7\\vendor\\laravel\\framework\\src\\Illuminate\\Container\\BoundMethod.php(37): Illuminate\\Container\\BoundMethod::callBoundMethod(Object(Illuminate\\Foundation\\Application), Array, Object(Closure))
#10 D:\\1LuuDuLieuSV\\2001240399_TrinhHuuKienQuoc\\phplab\\buoi7\\Buoi7\\vendor\\laravel\\framework\\src\\Illuminate\\Container\\Container.php(653): Illuminate\\Container\\BoundMethod::call(Object(Illuminate\\Foundation\\Application), Array, Array, NULL)
#11 D:\\1LuuDuLieuSV\\2001240399_TrinhHuuKienQuoc\\phplab\\buoi7\\Buoi7\\vendor\\laravel\\framework\\src\\Illuminate\\Console\\Command.php(136): Illuminate\\Container\\Container->call(Array)
#12 D:\\1LuuDuLieuSV\\2001240399_TrinhHuuKienQuoc\\phplab\\buoi7\\Buoi7\\vendor\\symfony\\console\\Command\\Command.php(298): Illuminate\\Console\\Command->execute(Object(Symfony\\Component\\Console\\Input\\ArrayInput), Object(Illuminate\\Console\\OutputStyle))
#13 D:\\1LuuDuLieuSV\\2001240399_TrinhHuuKienQuoc\\phplab\\buoi7\\Buoi7\\vendor\\laravel\\framework\\src\\Illuminate\\Console\\Command.php(121): Symfony\\Component\\Console\\Command\\Command->run(Object(Symfony\\Component\\Console\\Input\\ArrayInput), Object(Illuminate\\Console\\OutputStyle))
#14 D:\\1LuuDuLieuSV\\2001240399_TrinhHuuKienQuoc\\phplab\\buoi7\\Buoi7\\vendor\\laravel\\framework\\src\\Illuminate\\Console\\Concerns\\CallsCommands.php(68): Illuminate\\Console\\Command->run(Object(Symfony\\Component\\Console\\Input\\ArrayInput), Object(Illuminate\\Console\\OutputStyle))
#15 D:\\1LuuDuLieuSV\\2001240399_TrinhHuuKienQuoc\\phplab\\buoi7\\Buoi7\\vendor\\laravel\\framework\\src\\Illuminate\\Console\\Concerns\\CallsCommands.php(28): Illuminate\\Console\\Command->runCommand('db:wipe', Array, Object(Illuminate\\Console\\OutputStyle))
#16 D:\\1LuuDuLieuSV\\2001240399_TrinhHuuKienQuoc\\phplab\\buoi7\\Buoi7\\vendor\\laravel\\framework\\src\\Illuminate\\Database\\Console\\Migrations\\FreshCommand.php(43): Illuminate\\Console\\Command->call('db:wipe', Array)
#17 D:\\1LuuDuLieuSV\\2001240399_TrinhHuuKienQuoc\\phplab\\buoi7\\Buoi7\\vendor\\laravel\\framework\\src\\Illuminate\\Container\\BoundMethod.php(36): Illuminate\\Database\\Console\\Migrations\\FreshCommand->handle()
#18 D:\\1LuuDuLieuSV\\2001240399_TrinhHuuKienQuoc\\phplab\\buoi7\\Buoi7\\vendor\\laravel\\framework\\src\\Illuminate\\Container\\Util.php(40): Illuminate\\Container\\BoundMethod::Illuminate\\Container\\{closure}()
#19 D:\\1LuuDuLieuSV\\2001240399_TrinhHuuKienQuoc\\phplab\\buoi7\\Buoi7\\vendor\\laravel\\framework\\src\\Illuminate\\Container\\BoundMethod.php(93): Illuminate\\Container\\Util::unwrapIfClosure(Object(Closure))
#20 D:\\1LuuDuLieuSV\\2001240399_TrinhHuuKienQuoc\\phplab\\buoi7\\Buoi7\\vendor\\laravel\\framework\\src\\Illuminate\\Container\\BoundMethod.php(37): Illuminate\\Container\\BoundMethod::callBoundMethod(Object(Illuminate\\Foundation\\Application), Array, Object(Closure))
#21 D:\\1LuuDuLieuSV\\2001240399_TrinhHuuKienQuoc\\phplab\\buoi7\\Buoi7\\vendor\\laravel\\framework\\src\\Illuminate\\Container\\Container.php(653): Illuminate\\Container\\BoundMethod::call(Object(Illuminate\\Foundation\\Application), Array, Array, NULL)
#22 D:\\1LuuDuLieuSV\\2001240399_TrinhHuuKienQuoc\\phplab\\buoi7\\Buoi7\\vendor\\laravel\\framework\\src\\Illuminate\\Console\\Command.php(136): Illuminate\\Container\\Container->call(Array)
#23 D:\\1LuuDuLieuSV\\2001240399_TrinhHuuKienQuoc\\phplab\\buoi7\\Buoi7\\vendor\\symfony\\console\\Command\\Command.php(298): Illuminate\\Console\\Command->execute(Object(Symfony\\Component\\Console\\Input\\ArgvInput), Object(Illuminate\\Console\\OutputStyle))
#24 D:\\1LuuDuLieuSV\\2001240399_TrinhHuuKienQuoc\\phplab\\buoi7\\Buoi7\\vendor\\laravel\\framework\\src\\Illuminate\\Console\\Command.php(121): Symfony\\Component\\Console\\Command\\Command->run(Object(Symfony\\Component\\Console\\Input\\ArgvInput), Object(Illuminate\\Console\\OutputStyle))
#25 D:\\1LuuDuLieuSV\\2001240399_TrinhHuuKienQuoc\\phplab\\buoi7\\Buoi7\\vendor\\symfony\\console\\Application.php(1040): Illuminate\\Console\\Command->run(Object(Symfony\\Component\\Console\\Input\\ArgvInput), Object(Symfony\\Component\\Console\\Output\\ConsoleOutput))
#26 D:\\1LuuDuLieuSV\\2001240399_TrinhHuuKienQuoc\\phplab\\buoi7\\Buoi7\\vendor\\symfony\\console\\Application.php(301): Symfony\\Component\\Console\\Application->doRunCommand(Object(Illuminate\\Database\\Console\\Migrations\\FreshCommand), Object(Symfony\\Component\\Console\\Input\\ArgvInput), Object(Symfony\\Component\\Console\\Output\\ConsoleOutput))
#27 D:\\1LuuDuLieuSV\\2001240399_TrinhHuuKienQuoc\\phplab\\buoi7\\Buoi7\\vendor\\symfony\\console\\Application.php(171): Symfony\\Component\\Console\\Application->doRun(Object(Symfony\\Component\\Console\\Input\\ArgvInput), Object(Symfony\\Component\\Console\\Output\\ConsoleOutput))
#28 D:\\1LuuDuLieuSV\\2001240399_TrinhHuuKienQuoc\\phplab\\buoi7\\Buoi7\\vendor\\laravel\\framework\\src\\Illuminate\\Console\\Application.php(94): Symfony\\Component\\Console\\Application->run(Object(Symfony\\Component\\Console\\Input\\ArgvInput), Object(Symfony\\Component\\Console\\Output\\ConsoleOutput))
#29 D:\\1LuuDuLieuSV\\2001240399_TrinhHuuKienQuoc\\phplab\\buoi7\\Buoi7\\vendor\\laravel\\framework\\src\\Illuminate\\Foundation\\Console\\Kernel.php(129): Illuminate\\Console\\Application->run(Object(Symfony\\Component\\Console\\Input\\ArgvInput), Object(Symfony\\Component\\Console\\Output\\ConsoleOutput))
#30 D:\\1LuuDuLieuSV\\2001240399_TrinhHuuKienQuoc\\phplab\\buoi7\\Buoi7\\artisan(37): Illuminate\\Foundation\\Console\\Kernel->handle(Object(Symfony\\Component\\Console\\Input\\ArgvInput), Object(Symfony\\Component\\Console\\Output\\ConsoleOutput))
#31 {main}

[previous exception] [object] (PDOException(code: 2002): SQLSTATE[HY000] [2002] No connection could be made because the target machine actively refused it.

 at D:\\1LuuDuLieuSV\\2001240399_TrinhHuuKienQuoc\\phplab\\buoi7\\Buoi7\\vendor\\laravel\\framework\\src\\Illuminate\\Database\\Connectors\\Connector.php:70)
[stacktrace]
#0 D:\\1LuuDuLieuSV\\2001240399_TrinhHuuKienQuoc\\phplab\\buoi7\\Buoi7\\vendor\\laravel\\framework\\src\\Illuminate\\Database\\Connectors\\Connector.php(70): PDO->__construct('mysql:host=127....', 'root', '', Array)
#1 D:\\1LuuDuLieuSV\\2001240399_TrinhHuuKienQuoc\\phplab\\buoi7\\Buoi7\\vendor\\laravel\\framework\\src\\Illuminate\\Database\\Connectors\\Connector.php(46): Illuminate\\Database\\Connectors\\Connector->createPdoConnection('mysql:host=127....', 'root', '', Array)
#2 D:\\1LuuDuLieuSV\\2001240399_TrinhHuuKienQuoc\\phplab\\buoi7\\Buoi7\\vendor\\laravel\\framework\\src\\Illuminate\\Database\\Connectors\\MySqlConnector.php(24): Illuminate\\Database\\Connectors\\Connector->createConnection('mysql:host=127....', Array, Array)
#3 D:\\1LuuDuLieuSV\\2001240399_TrinhHuuKienQuoc\\phplab\\buoi7\\Buoi7\\vendor\\laravel\\framework\\src\\Illuminate\\Database\\Connectors\\ConnectionFactory.php(184): Illuminate\\Database\\Connectors\\MySqlConnector->connect(Array)
#4 [internal function]: Illuminate\\Database\\Connectors\\ConnectionFactory->Illuminate\\Database\\Connectors\\{closure}()
#5 D:\\1LuuDuLieuSV\\2001240399_TrinhHuuKienQuoc\\phplab\\buoi7\\Buoi7\\vendor\\laravel\\framework\\src\\Illuminate\\Database\\Connection.php(1064): call_user_func(Object(Closure))
#6 D:\\1LuuDuLieuSV\\2001240399_TrinhHuuKienQuoc\\phplab\\buoi7\\Buoi7\\vendor\\laravel\\framework\\src\\Illuminate\\Database\\Connection.php(1100): Illuminate\\Database\\Connection->getPdo()
#7 D:\\1LuuDuLieuSV\\2001240399_TrinhHuuKienQuoc\\phplab\\buoi7\\Buoi7\\vendor\\laravel\\framework\\src\\Illuminate\\Database\\Connection.php(442): Illuminate\\Database\\Connection->getReadPdo()
#8 D:\\1LuuDuLieuSV\\2001240399_TrinhHuuKienQuoc\\phplab\\buoi7\\Buoi7\\vendor\\laravel\\framework\\src\\Illuminate\\Database\\Connection.php(368): Illuminate\\Database\\Connection->getPdoForSelect(true)
#9 D:\\1LuuDuLieuSV\\2001240399_TrinhHuuKienQuoc\\phplab\\buoi7\\Buoi7\\vendor\\laravel\\framework\\src\\Illuminate\\Database\\Connection.php(705): Illuminate\\Database\\Connection->Illuminate\\Database\\{closure}('SHOW FULL TABLE...', Array)
#10 D:\\1LuuDuLieuSV\\2001240399_TrinhHuuKienQuoc\\phplab\\buoi7\\Buoi7\\vendor\\laravel\\framework\\src\\Illuminate\\Database\\Connection.php(672): Illuminate\\Database\\Connection->runQueryCallback('SHOW FULL TABLE...', Array, Object(Closure))
#11 D:\\1LuuDuLieuSV\\2001240399_TrinhHuuKienQuoc\\phplab\\buoi7\\Buoi7\\vendor\\laravel\\framework\\src\\Illuminate\\Database\\Connection.php(376): Illuminate\\Database\\Connection->run('SHOW FULL TABLE...', Array, Object(Closure))
#12 D:\\1LuuDuLieuSV\\2001240399_TrinhHuuKienQuoc\\phplab\\buoi7\\Buoi7\\vendor\\laravel\\framework\\src\\Illuminate\\Database\\Schema\\MySqlBuilder.php(125): Illuminate\\Database\\Connection->select('SHOW FULL TABLE...')
#13 D:\\1LuuDuLieuSV\\2001240399_TrinhHuuKienQuoc\\phplab\\buoi7\\Buoi7\\vendor\\laravel\\framework\\src\\Illuminate\\Database\\Schema\\MySqlBuilder.php(74): Illuminate\\Database\\Schema\\MySqlBuilder->getAllTables()
#14 D:\\1LuuDuLieuSV\\2001240399_TrinhHuuKienQuoc\\phplab\\buoi7\\Buoi7\\vendor\\laravel\\framework\\src\\Illuminate\\Database\\Console\\WipeCommand.php(69): Illuminate\\Database\\Schema\\MySqlBuilder->dropAllTables()
#15 D:\\1LuuDuLieuSV\\2001240399_TrinhHuuKienQuoc\\phplab\\buoi7\\Buoi7\\vendor\\laravel\\framework\\src\\Illuminate\\Database\\Console\\WipeCommand.php(46): Illuminate\\Database\\Console\\WipeCommand->dropAllTables(NULL)
#16 D:\\1LuuDuLieuSV\\2001240399_TrinhHuuKienQuoc\\phplab\\buoi7\\Buoi7\\vendor\\laravel\\framework\\src\\Illuminate\\Container\\BoundMethod.php(36): Illuminate\\Database\\Console\\WipeCommand->handle()
#17 D:\\1LuuDuLieuSV\\2001240399_TrinhHuuKienQuoc\\phplab\\buoi7\\Buoi7\\vendor\\laravel\\framework\\src\\Illuminate\\Container\\Util.php(40): Illuminate\\Container\\BoundMethod::Illuminate\\Container\\{closure}()
#18 D:\\1LuuDuLieuSV\\2001240399_TrinhHuuKienQuoc\\phplab\\buoi7\\Buoi7\\vendor\\laravel\\framework\\src\\Illuminate\\Container\\BoundMethod.php(93): Illuminate\\Container\\Util::unwrapIfClosure(Object(Closure))
#19 D:\\1LuuDuLieuSV\\2001240399_TrinhHuuKienQuoc\\phplab\\buoi7\\Buoi7\\vendor\\laravel\\framework\\src\\Illuminate\\Container\\BoundMethod.php(37): Illuminate\\Container\\BoundMethod::callBoundMethod(Object(Illuminate\\Foundation\\Application), Array, Object(Closure))
#20 D:\\1LuuDuLieuSV\\2001240399_TrinhHuuKienQuoc\\phplab\\buoi7\\Buoi7\\vendor\\laravel\\framework\\src\\Illuminate\\Container\\Container.php(653): Illuminate\\Container\\BoundMethod::call(Object(Illuminate\\Foundation\\Application), Array, Array, NULL)
#21 D:\\1LuuDuLieuSV\\2001240399_TrinhHuuKienQuoc\\phplab\\buoi7\\Buoi7\\vendor\\laravel\\framework\\src\\Illuminate\\Console\\Command.php(136): Illuminate\\Container\\Container->call(Array)
#22 D:\\1LuuDuLieuSV\\2001240399_TrinhHuuKienQuoc\\phplab\\buoi7\\Buoi7\\vendor\\symfony\\console\\Command\\Command.php(298): Illuminate\\Console\\Command->execute(Object(Symfony\\Component\\Console\\Input\\ArrayInput), Object(Illuminate\\Console\\OutputStyle))
#23 D:\\1LuuDuLieuSV\\2001240399_TrinhHuuKienQuoc\\phplab\\buoi7\\Buoi7\\vendor\\laravel\\framework\\src\\Illuminate\\Console\\Command.php(121): Symfony\\Component\\Console\\Command\\Command->run(Object(Symfony\\Component\\Console\\Input\\ArrayInput), Object(Illuminate\\Console\\OutputStyle))
#24 D:\\1LuuDuLieuSV\\2001240399_TrinhHuuKienQuoc\\phplab\\buoi7\\Buoi7\\vendor\\laravel\\framework\\src\\Illuminate\\Console\\Concerns\\CallsCommands.php(68): Illuminate\\Console\\Command->run(Object(Symfony\\Component\\Console\\Input\\ArrayInput), Object(Illuminate\\Console\\OutputStyle))
#25 D:\\1LuuDuLieuSV\\2001240399_TrinhHuuKienQuoc\\phplab\\buoi7\\Buoi7\\vendor\\laravel\\framework\\src\\Illuminate\\Console\\Concerns\\CallsCommands.php(28): Illuminate\\Console\\Command->runCommand('db:wipe', Array, Object(Illuminate\\Console\\OutputStyle))
#26 D:\\1LuuDuLieuSV\\2001240399_TrinhHuuKienQuoc\\phplab\\buoi7\\Buoi7\\vendor\\laravel\\framework\\src\\Illuminate\\Database\\Console\\Migrations\\FreshCommand.php(43): Illuminate\\Console\\Command->call('db:wipe', Array)
#27 D:\\1LuuDuLieuSV\\2001240399_TrinhHuuKienQuoc\\phplab\\buoi7\\Buoi7\\vendor\\laravel\\framework\\src\\Illuminate\\Container\\BoundMethod.php(36): Illuminate\\Database\\Console\\Migrations\\FreshCommand->handle()
#28 D:\\1LuuDuLieuSV\\2001240399_TrinhHuuKienQuoc\\phplab\\buoi7\\Buoi7\\vendor\\laravel\\framework\\src\\Illuminate\\Container\\Util.php(40): Illuminate\\Container\\BoundMethod::Illuminate\\Container\\{closure}()
#29 D:\\1LuuDuLieuSV\\2001240399_TrinhHuuKienQuoc\\phplab\\buoi7\\Buoi7\\vendor\\laravel\\framework\\src\\Illuminate\\Container\\BoundMethod.php(93): Illuminate\\Container\\Util::unwrapIfClosure(Object(Closure))
#30 D:\\1LuuDuLieuSV\\2001240399_TrinhHuuKienQuoc\\phplab\\buoi7\\Buoi7\\vendor\\laravel\\framework\\src\\Illuminate\\Container\\BoundMethod.php(37): Illuminate\\Container\\BoundMethod::callBoundMethod(Object(Illuminate\\Foundation\\Application), Array, Object(Closure))
#31 D:\\1LuuDuLieuSV\\2001240399_TrinhHuuKienQuoc\\phplab\\buoi7\\Buoi7\\vendor\\laravel\\framework\\src\\Illuminate\\Container\\Container.php(653): Illuminate\\Container\\BoundMethod::call(Object(Illuminate\\Foundation\\Application), Array, Array, NULL)
#32 D:\\1LuuDuLieuSV\\2001240399_TrinhHuuKienQuoc\\phplab\\buoi7\\Buoi7\\vendor\\laravel\\framework\\src\\Illuminate\\Console\\Command.php(136): Illuminate\\Container\\Container->call(Array)
#33 D:\\1LuuDuLieuSV\\2001240399_TrinhHuuKienQuoc\\phplab\\buoi7\\Buoi7\\vendor\\symfony\\console\\Command\\Command.php(298): Illuminate\\Console\\Command->execute(Object(Symfony\\Component\\Console\\Input\\ArgvInput), Object(Illuminate\\Console\\OutputStyle))
#34 D:\\1LuuDuLieuSV\\2001240399_TrinhHuuKienQuoc\\phplab\\buoi7\\Buoi7\\vendor\\laravel\\framework\\src\\Illuminate\\Console\\Command.php(121): Symfony\\Component\\Console\\Command\\Command->run(Object(Symfony\\Component\\Console\\Input\\ArgvInput), Object(Illuminate\\Console\\OutputStyle))
#35 D:\\1LuuDuLieuSV\\2001240399_TrinhHuuKienQuoc\\phplab\\buoi7\\Buoi7\\vendor\\symfony\\console\\Application.php(1040): Illuminate\\Console\\Command->run(Object(Symfony\\Component\\Console\\Input\\ArgvInput), Object(Symfony\\Component\\Console\\Output\\ConsoleOutput))
#36 D:\\1LuuDuLieuSV\\2001240399_TrinhHuuKienQuoc\\phplab\\buoi7\\Buoi7\\vendor\\symfony\\console\\Application.php(301): Symfony\\Component\\Console\\Application->doRunCommand(Object(Illuminate\\Database\\Console\\Migrations\\FreshCommand), Object(Symfony\\Component\\Console\\Input\\ArgvInput), Object(Symfony\\Component\\Console\\Output\\ConsoleOutput))
#37 D:\\1LuuDuLieuSV\\2001240399_TrinhHuuKienQuoc\\phplab\\buoi7\\Buoi7\\vendor\\symfony\\console\\Application.php(171): Symfony\\Component\\Console\\Application->doRun(Object(Symfony\\Component\\Console\\Input\\ArgvInput), Object(Symfony\\Component\\Console\\Output\\ConsoleOutput))
#38 D:\\1LuuDuLieuSV\\2001240399_TrinhHuuKienQuoc\\phplab\\buoi7\\Buoi7\\vendor\\laravel\\framework\\src\\Illuminate\\Console\\Application.php(94): Symfony\\Component\\Console\\Application->run(Object(Symfony\\Component\\Console\\Input\\ArgvInput), Object(Symfony\\Component\\Console\\Output\\ConsoleOutput))
#39 D:\\1LuuDuLieuSV\\2001240399_TrinhHuuKienQuoc\\phplab\\buoi7\\Buoi7\\vendor\\laravel\\framework\\src\\Illuminate\\Foundation\\Console\\Kernel.php(129): Illuminate\\Console\\Application->run(Object(Symfony\\Component\\Console\\Input\\ArgvInput), Object(Symfony\\Component\\Console\\Output\\ConsoleOutput))
#40 D:\\1LuuDuLieuSV\\2001240399_TrinhHuuKienQuoc\\phplab\\buoi7\\Buoi7\\artisan(37): Illuminate\\Foundation\\Console\\Kernel->handle(Object(Symfony\\Component\\Console\\Input\\ArgvInput), Object(Symfony\\Component\\Console\\Output\\ConsoleOutput))
#41 {main}
"} 
[2026-09-28 06:47:08] local.ERROR: SQLSTATE[42000]: Syntax error or access violation: 1166 Incorrect column name '' (SQL: create table `products` (`id` bigint unsigned not null auto_increment primary key, `name` varchar(255) not null, `` decimal(10, 2) null, `` timestamp null) default character set utf8mb4 collate 'utf8mb4_unicode_ci') {"exception":"[object] (Illuminate\\Database\\QueryException(code: 42000): SQLSTATE[42000]: Syntax error or access violation: 1166 Incorrect column name '' (SQL: create table `products` (`id` bigint unsigned not null auto_increment primary key, `name` varchar(255) not null, `` decimal(10, 2) null, `` timestamp null) default character set utf8mb4 collate 'utf8mb4_unicode_ci') at D:\\1LuuDuLieuSV\\2001240399_TrinhHuuKienQuoc\\phplab\\buoi7\\Buoi7\\vendor\\laravel\\framework\\src\\Illuminate\\Database\\Connection.php:712)
[stacktrace]
#0 D:\\1LuuDuLieuSV\\2001240399_TrinhHuuKienQuoc\\phplab\\buoi7\\Buoi7\\vendor\\laravel\\framework\\src\\Illuminate\\Database\\Connection.php(672): Illuminate\\Database\\Connection->runQueryCallback('create table `p...', Array, Object(Closure))
#1 D:\\1LuuDuLieuSV\\2001240399_TrinhHuuKienQuoc\\phplab\\buoi7\\Buoi7\\vendor\\laravel\\framework\\src\\Illuminate\\Database\\Connection.php(502): Illuminate\\Database\\Connection->run('create table `p...', Array, Object(Closure))
#2 D:\\1LuuDuLieuSV\\2001240399_TrinhHuuKienQuoc\\phplab\\buoi7\\Buoi7\\vendor\\laravel\\framework\\src\\Illuminate\\Database\\Schema\\Blueprint.php(109): Illuminate\\Database\\Connection->statement('create table `p...')
#3 D:\\1LuuDuLieuSV\\2001240399_TrinhHuuKienQuoc\\phplab\\buoi7\\Buoi7\\vendor\\laravel\\framework\\src\\Illuminate\\Database\\Schema\\Builder.php(364): Illuminate\\Database\\Schema\\Blueprint->build(Object(Illuminate\\Database\\MySqlConnection), Object(Illuminate\\Database\\Schema\\Grammars\\MySqlGrammar))
#4 D:\\1LuuDuLieuSV\\2001240399_TrinhHuuKienQuoc\\phplab\\buoi7\\Buoi7\\vendor\\laravel\\framework\\src\\Illuminate\\Database\\Schema\\Builder.php(227): Illuminate\\Database\\Schema\\Builder->build(Object(Illuminate\\Database\\Schema\\Blueprint))
#5 D:\\1LuuDuLieuSV\\2001240399_TrinhHuuKienQuoc\\phplab\\buoi7\\Buoi7\\vendor\\laravel\\framework\\src\\Illuminate\\Support\\Facades\\Facade.php(261): Illuminate\\Database\\Schema\\Builder->create('products', Object(Closure))
#6 D:\\1LuuDuLieuSV\\2001240399_TrinhHuuKienQuoc\\phplab\\buoi7\\Buoi7\\database\\migrations\\2026_09_28_062445_create_products_table.php(22): Illuminate\\Support\\Facades\\Facade::__callStatic('create', Array)
#7 D:\\1LuuDuLieuSV\\2001240399_TrinhHuuKienQuoc\\phplab\\buoi7\\Buoi7\\vendor\\laravel\\framework\\src\\Illuminate\\Database\\Migrations\\Migrator.php(472): CreateProductsTable->up()
#8 D:\\1LuuDuLieuSV\\2001240399_TrinhHuuKienQuoc\\phplab\\buoi7\\Buoi7\\vendor\\laravel\\framework\\src\\Illuminate\\Database\\Migrations\\Migrator.php(394): Illuminate\\Database\\Migrations\\Migrator->runMethod(Object(Illuminate\\Database\\MySqlConnection), Object(CreateProductsTable), 'up')
#9 D:\\1LuuDuLieuSV\\2001240399_TrinhHuuKienQuoc\\phplab\\buoi7\\Buoi7\\vendor\\laravel\\framework\\src\\Illuminate\\Database\\Migrations\\Migrator.php(403): Illuminate\\Database\\Migrations\\Migrator->Illuminate\\Database\\Migrations\\{closure}()
#10 D:\\1LuuDuLieuSV\\2001240399_TrinhHuuKienQuoc\\phplab\\buoi7\\Buoi7\\vendor\\laravel\\framework\\src\\Illuminate\\Database\\Migrations\\Migrator.php(202): Illuminate\\Database\\Migrations\\Migrator->runMigration(Object(CreateProductsTable), 'up')
#11 D:\\1LuuDuLieuSV\\2001240399_TrinhHuuKienQuoc\\phplab\\buoi7\\Buoi7\\vendor\\laravel\\framework\\src\\Illuminate\\Database\\Migrations\\Migrator.php(167): Illuminate\\Database\\Migrations\\Migrator->runUp('D:\\\\1LuuDuLieuSV...', 1, false)
#12 D:\\1LuuDuLieuSV\\2001240399_TrinhHuuKienQuoc\\phplab\\buoi7\\Buoi7\\vendor\\laravel\\framework\\src\\Illuminate\\Database\\Migrations\\Migrator.php(112): Illuminate\\Database\\Migrations\\Migrator->runPending(Array, Array)
#13 D:\\1LuuDuLieuSV\\2001240399_TrinhHuuKienQuoc\\phplab\\buoi7\\Buoi7\\vendor\\laravel\\framework\\src\\Illuminate\\Database\\Console\\Migrations\\MigrateCommand.php(86): Illuminate\\Database\\Migrations\\Migrator->run(Array, Array)
#14 D:\\1LuuDuLieuSV\\2001240399_TrinhHuuKienQuoc\\phplab\\buoi7\\Buoi7\\vendor\\laravel\\framework\\src\\Illuminate\\Database\\Migrations\\Migrator.php(606): Illuminate\\Database\\Console\\Migrations\\MigrateCommand->Illuminate\\Database\\Console\\Migrations\\{closure}()
#15 D:\\1LuuDuLieuSV\\2001240399_TrinhHuuKienQuoc\\phplab\\buoi7\\Buoi7\\vendor\\laravel\\framework\\src\\Illuminate\\Database\\Console\\Migrations\\MigrateCommand.php(98): Illuminate\\Database\\Migrations\\Migrator->usingConnection(NULL, Object(Closure))
#16 D:\\1LuuDuLieuSV\\2001240399_TrinhHuuKienQuoc\\phplab\\buoi7\\Buoi7\\vendor\\laravel\\framework\\src\\Illuminate\\Container\\BoundMethod.php(36): Illuminate\\Database\\Console\\Migrations\\MigrateCommand->handle()
#17 D:\\1LuuDuLieuSV\\2001240399_TrinhHuuKienQuoc\\phplab\\buoi7\\Buoi7\\vendor\\laravel\\framework\\src\\Illuminate\\Container\\Util.php(40): Illuminate\\Container\\BoundMethod::Illuminate\\Container\\{closure}()
#18 D:\\1LuuDuLieuSV\\2001240399_TrinhHuuKienQuoc\\phplab\\buoi7\\Buoi7\\vendor\\laravel\\framework\\src\\Illuminate\\Container\\BoundMethod.php(93): Illuminate\\Container\\Util::unwrapIfClosure(Object(Closure))
#19 D:\\1LuuDuLieuSV\\2001240399_TrinhHuuKienQuoc\\phplab\\buoi7\\Buoi7\\vendor\\laravel\\framework\\src\\Illuminate\\Container\\BoundMethod.php(37): Illuminate\\Container\\BoundMethod::callBoundMethod(Object(Illuminate\\Foundation\\Application), Array, Object(Closure))
#20 D:\\1LuuDuLieuSV\\2001240399_TrinhHuuKienQuoc\\phplab\\buoi7\\Buoi7\\vendor\\laravel\\framework\\src\\Illuminate\\Container\\Container.php(653): Illuminate\\Container\\BoundMethod::call(Object(Illuminate\\Foundation\\Application), Array, Array, NULL)
#21 D:\\1LuuDuLieuSV\\2001240399_TrinhHuuKienQuoc\\phplab\\buoi7\\Buoi7\\vendor\\laravel\\framework\\src\\Illuminate\\Console\\Command.php(136): Illuminate\\Container\\Container->call(Array)
#22 D:\\1LuuDuLieuSV\\2001240399_TrinhHuuKienQuoc\\phplab\\buoi7\\Buoi7\\vendor\\symfony\\console\\Command\\Command.php(298): Illuminate\\Console\\Command->execute(Object(Symfony\\Component\\Console\\Input\\ArrayInput), Object(Illuminate\\Console\\OutputStyle))
#23 D:\\1LuuDuLieuSV\\2001240399_TrinhHuuKienQuoc\\phplab\\buoi7\\Buoi7\\vendor\\laravel\\framework\\src\\Illuminate\\Console\\Command.php(121): Symfony\\Component\\Console\\Command\\Command->run(Object(Symfony\\Component\\Console\\Input\\ArrayInput), Object(Illuminate\\Console\\OutputStyle))
#24 D:\\1LuuDuLieuSV\\2001240399_TrinhHuuKienQuoc\\phplab\\buoi7\\Buoi7\\vendor\\laravel\\framework\\src\\Illuminate\\Console\\Concerns\\CallsCommands.php(68): Illuminate\\Console\\Command->run(Object(Symfony\\Component\\Console\\Input\\ArrayInput), Object(Illuminate\\Console\\OutputStyle))
#25 D:\\1LuuDuLieuSV\\2001240399_TrinhHuuKienQuoc\\phplab\\buoi7\\Buoi7\\vendor\\laravel\\framework\\src\\Illuminate\\Console\\Concerns\\CallsCommands.php(28): Illuminate\\Console\\Command->runCommand('migrate', Array, Object(Illuminate\\Console\\OutputStyle))
#26 D:\\1LuuDuLieuSV\\2001240399_TrinhHuuKienQuoc\\phplab\\buoi7\\Buoi7\\vendor\\laravel\\framework\\src\\Illuminate\\Database\\Console\\Migrations\\FreshCommand.php(55): Illuminate\\Console\\Command->call('migrate', Array)
#27 D:\\1LuuDuLieuSV\\2001240399_TrinhHuuKienQuoc\\phplab\\buoi7\\Buoi7\\vendor\\laravel\\framework\\src\\Illuminate\\Container\\BoundMethod.php(36): Illuminate\\Database\\Console\\Migrations\\FreshCommand->handle()
#28 D:\\1LuuDuLieuSV\\2001240399_TrinhHuuKienQuoc\\phplab\\buoi7\\Buoi7\\vendor\\laravel\\framework\\src\\Illuminate\\Container\\Util.php(40): Illuminate\\Container\\BoundMethod::Illuminate\\Container\\{closure}()
#29 D:\\1LuuDuLieuSV\\2001240399_TrinhHuuKienQuoc\\phplab\\buoi7\\Buoi7\\vendor\\laravel\\framework\\src\\Illuminate\\Container\\BoundMethod.php(93): Illuminate\\Container\\Util::unwrapIfClosure(Object(Closure))
#30 D:\\1LuuDuLieuSV\\2001240399_TrinhHuuKienQuoc\\phplab\\buoi7\\Buoi7\\vendor\\laravel\\framework\\src\\Illuminate\\Container\\BoundMethod.php(37): Illuminate\\Container\\BoundMethod::callBoundMethod(Object(Illuminate\\Foundation\\Application), Array, Object(Closure))
#31 D:\\1LuuDuLieuSV\\2001240399_TrinhHuuKienQuoc\\phplab\\buoi7\\Buoi7\\vendor\\laravel\\framework\\src\\Illuminate\\Container\\Container.php(653): Illuminate\\Container\\BoundMethod::call(Object(Illuminate\\Foundation\\Application), Array, Array, NULL)
#32 D:\\1LuuDuLieuSV\\2001240399_TrinhHuuKienQuoc\\phplab\\buoi7\\Buoi7\\vendor\\laravel\\framework\\src\\Illuminate\\Console\\Command.php(136): Illuminate\\Container\\Container->call(Array)
#33 D:\\1LuuDuLieuSV\\2001240399_TrinhHuuKienQuoc\\phplab\\buoi7\\Buoi7\\vendor\\symfony\\console\\Command\\Command.php(298): Illuminate\\Console\\Command->execute(Object(Symfony\\Component\\Console\\Input\\ArgvInput), Object(Illuminate\\Console\\OutputStyle))
#34 D:\\1LuuDuLieuSV\\2001240399_TrinhHuuKienQuoc\\phplab\\buoi7\\Buoi7\\vendor\\laravel\\framework\\src\\Illuminate\\Console\\Command.php(121): Symfony\\Component\\Console\\Command\\Command->run(Object(Symfony\\Component\\Console\\Input\\ArgvInput), Object(Illuminate\\Console\\OutputStyle))
#35 D:\\1LuuDuLieuSV\\2001240399_TrinhHuuKienQuoc\\phplab\\buoi7\\Buoi7\\vendor\\symfony\\console\\Application.php(1040): Illuminate\\Console\\Command->run(Object(Symfony\\Component\\Console\\Input\\ArgvInput), Object(Symfony\\Component\\Console\\Output\\ConsoleOutput))
#36 D:\\1LuuDuLieuSV\\2001240399_TrinhHuuKienQuoc\\phplab\\buoi7\\Buoi7\\vendor\\symfony\\console\\Application.php(301): Symfony\\Component\\Console\\Application->doRunCommand(Object(Illuminate\\Database\\Console\\Migrations\\FreshCommand), Object(Symfony\\Component\\Console\\Input\\ArgvInput), Object(Symfony\\Component\\Console\\Output\\ConsoleOutput))
#37 D:\\1LuuDuLieuSV\\2001240399_TrinhHuuKienQuoc\\phplab\\buoi7\\Buoi7\\vendor\\symfony\\console\\Application.php(171): Symfony\\Component\\Console\\Application->doRun(Object(Symfony\\Component\\Console\\Input\\ArgvInput), Object(Symfony\\Component\\Console\\Output\\ConsoleOutput))
#38 D:\\1LuuDuLieuSV\\2001240399_TrinhHuuKienQuoc\\phplab\\buoi7\\Buoi7\\vendor\\laravel\\framework\\src\\Illuminate\\Console\\Application.php(94): Symfony\\Component\\Console\\Application->run(Object(Symfony\\Component\\Console\\Input\\ArgvInput), Object(Symfony\\Component\\Console\\Output\\ConsoleOutput))
#39 D:\\1LuuDuLieuSV\\2001240399_TrinhHuuKienQuoc\\phplab\\buoi7\\Buoi7\\vendor\\laravel\\framework\\src\\Illuminate\\Foundation\\Console\\Kernel.php(129): Illuminate\\Console\\Application->run(Object(Symfony\\Component\\Console\\Input\\ArgvInput), Object(Symfony\\Component\\Console\\Output\\ConsoleOutput))
#40 D:\\1LuuDuLieuSV\\2001240399_TrinhHuuKienQuoc\\phplab\\buoi7\\Buoi7\\artisan(37): Illuminate\\Foundation\\Console\\Kernel->handle(Object(Symfony\\Component\\Console\\Input\\ArgvInput), Object(Symfony\\Component\\Console\\Output\\ConsoleOutput))
#41 {main}

[previous exception] [object] (PDOException(code: 42000): SQLSTATE[42000]: Syntax error or access violation: 1166 Incorrect column name '' at D:\\1LuuDuLieuSV\\2001240399_TrinhHuuKienQuoc\\phplab\\buoi7\\Buoi7\\vendor\\laravel\\framework\\src\\Illuminate\\Database\\Connection.php:501)
[stacktrace]
#0 D:\\1LuuDuLieuSV\\2001240399_TrinhHuuKienQuoc\\phplab\\buoi7\\Buoi7\\vendor\\laravel\\framework\\src\\Illuminate\\Database\\Connection.php(501): PDOStatement->execute()
#1 D:\\1LuuDuLieuSV\\2001240399_TrinhHuuKienQuoc\\phplab\\buoi7\\Buoi7\\vendor\\laravel\\framework\\src\\Illuminate\\Database\\Connection.php(705): Illuminate\\Database\\Connection->Illuminate\\Database\\{closure}('create table `p...', Array)
#2 D:\\1LuuDuLieuSV\\2001240399_TrinhHuuKienQuoc\\phplab\\buoi7\\Buoi7\\vendor\\laravel\\framework\\src\\Illuminate\\Database\\Connection.php(672): Illuminate\\Database\\Connection->runQueryCallback('create table `p...', Array, Object(Closure))
#3 D:\\1LuuDuLieuSV\\2001240399_TrinhHuuKienQuoc\\phplab\\buoi7\\Buoi7\\vendor\\laravel\\framework\\src\\Illuminate\\Database\\Connection.php(502): Illuminate\\Database\\Connection->run('create table `p...', Array, Object(Closure))
#4 D:\\1LuuDuLieuSV\\2001240399_TrinhHuuKienQuoc\\phplab\\buoi7\\Buoi7\\vendor\\laravel\\framework\\src\\Illuminate\\Database\\Schema\\Blueprint.php(109): Illuminate\\Database\\Connection->statement('create table `p...')
#5 D:\\1LuuDuLieuSV\\2001240399_TrinhHuuKienQuoc\\phplab\\buoi7\\Buoi7\\vendor\\laravel\\framework\\src\\Illuminate\\Database\\Schema\\Builder.php(364): Illuminate\\Database\\Schema\\Blueprint->build(Object(Illuminate\\Database\\MySqlConnection), Object(Illuminate\\Database\\Schema\\Grammars\\MySqlGrammar))
#6 D:\\1LuuDuLieuSV\\2001240399_TrinhHuuKienQuoc\\phplab\\buoi7\\Buoi7\\vendor\\laravel\\framework\\src\\Illuminate\\Database\\Schema\\Builder.php(227): Illuminate\\Database\\Schema\\Builder->build(Object(Illuminate\\Database\\Schema\\Blueprint))
#7 D:\\1LuuDuLieuSV\\2001240399_TrinhHuuKienQuoc\\phplab\\buoi7\\Buoi7\\vendor\\laravel\\framework\\src\\Illuminate\\Support\\Facades\\Facade.php(261): Illuminate\\Database\\Schema\\Builder->create('products', Object(Closure))
#8 D:\\1LuuDuLieuSV\\2001240399_TrinhHuuKienQuoc\\phplab\\buoi7\\Buoi7\\database\\migrations\\2026_09_28_062445_create_products_table.php(22): Illuminate\\Support\\Facades\\Facade::__callStatic('create', Array)
#9 D:\\1LuuDuLieuSV\\2001240399_TrinhHuuKienQuoc\\phplab\\buoi7\\Buoi7\\vendor\\laravel\\framework\\src\\Illuminate\\Database\\Migrations\\Migrator.php(472): CreateProductsTable->up()
#10 D:\\1LuuDuLieuSV\\2001240399_TrinhHuuKienQuoc\\phplab\\buoi7\\Buoi7\\vendor\\laravel\\framework\\src\\Illuminate\\Database\\Migrations\\Migrator.php(394): Illuminate\\Database\\Migrations\\Migrator->runMethod(Object(Illuminate\\Database\\MySqlConnection), Object(CreateProductsTable), 'up')
#11 D:\\1LuuDuLieuSV\\2001240399_TrinhHuuKienQuoc\\phplab\\buoi7\\Buoi7\\vendor\\laravel\\framework\\src\\Illuminate\\Database\\Migrations\\Migrator.php(403): Illuminate\\Database\\Migrations\\Migrator->Illuminate\\Database\\Migrations\\{closure}()
#12 D:\\1LuuDuLieuSV\\2001240399_TrinhHuuKienQuoc\\phplab\\buoi7\\Buoi7\\vendor\\laravel\\framework\\src\\Illuminate\\Database\\Migrations\\Migrator.php(202): Illuminate\\Database\\Migrations\\Migrator->runMigration(Object(CreateProductsTable), 'up')
#13 D:\\1LuuDuLieuSV\\2001240399_TrinhHuuKienQuoc\\phplab\\buoi7\\Buoi7\\vendor\\laravel\\framework\\src\\Illuminate\\Database\\Migrations\\Migrator.php(167): Illuminate\\Database\\Migrations\\Migrator->runUp('D:\\\\1LuuDuLieuSV...', 1, false)
#14 D:\\1LuuDuLieuSV\\2001240399_TrinhHuuKienQuoc\\phplab\\buoi7\\Buoi7\\vendor\\laravel\\framework\\src\\Illuminate\\Database\\Migrations\\Migrator.php(112): Illuminate\\Database\\Migrations\\Migrator->runPending(Array, Array)
#15 D:\\1LuuDuLieuSV\\2001240399_TrinhHuuKienQuoc\\phplab\\buoi7\\Buoi7\\vendor\\laravel\\framework\\src\\Illuminate\\Database\\Console\\Migrations\\MigrateCommand.php(86): Illuminate\\Database\\Migrations\\Migrator->run(Array, Array)
#16 D:\\1LuuDuLieuSV\\2001240399_TrinhHuuKienQuoc\\phplab\\buoi7\\Buoi7\\vendor\\laravel\\framework\\src\\Illuminate\\Database\\Migrations\\Migrator.php(606): Illuminate\\Database\\Console\\Migrations\\MigrateCommand->Illuminate\\Database\\Console\\Migrations\\{closure}()
#17 D:\\1LuuDuLieuSV\\2001240399_TrinhHuuKienQuoc\\phplab\\buoi7\\Buoi7\\vendor\\laravel\\framework\\src\\Illuminate\\Database\\Console\\Migrations\\MigrateCommand.php(98): Illuminate\\Database\\Migrations\\Migrator->usingConnection(NULL, Object(Closure))
#18 D:\\1LuuDuLieuSV\\2001240399_TrinhHuuKienQuoc\\phplab\\buoi7\\Buoi7\\vendor\\laravel\\framework\\src\\Illuminate\\Container\\BoundMethod.php(36): Illuminate\\Database\\Console\\Migrations\\MigrateCommand->handle()
#19 D:\\1LuuDuLieuSV\\2001240399_TrinhHuuKienQuoc\\phplab\\buoi7\\Buoi7\\vendor\\laravel\\framework\\src\\Illuminate\\Container\\Util.php(40): Illuminate\\Container\\BoundMethod::Illuminate\\Container\\{closure}()
#20 D:\\1LuuDuLieuSV\\2001240399_TrinhHuuKienQuoc\\phplab\\buoi7\\Buoi7\\vendor\\laravel\\framework\\src\\Illuminate\\Container\\BoundMethod.php(93): Illuminate\\Container\\Util::unwrapIfClosure(Object(Closure))
#21 D:\\1LuuDuLieuSV\\2001240399_TrinhHuuKienQuoc\\phplab\\buoi7\\Buoi7\\vendor\\laravel\\framework\\src\\Illuminate\\Container\\BoundMethod.php(37): Illuminate\\Container\\BoundMethod::callBoundMethod(Object(Illuminate\\Foundation\\Application), Array, Object(Closure))
#22 D:\\1LuuDuLieuSV\\2001240399_TrinhHuuKienQuoc\\phplab\\buoi7\\Buoi7\\vendor\\laravel\\framework\\src\\Illuminate\\Container\\Container.php(653): Illuminate\\Container\\BoundMethod::call(Object(Illuminate\\Foundation\\Application), Array, Array, NULL)
#23 D:\\1LuuDuLieuSV\\2001240399_TrinhHuuKienQuoc\\phplab\\buoi7\\Buoi7\\vendor\\laravel\\framework\\src\\Illuminate\\Console\\Command.php(136): Illuminate\\Container\\Container->call(Array)
#24 D:\\1LuuDuLieuSV\\2001240399_TrinhHuuKienQuoc\\phplab\\buoi7\\Buoi7\\vendor\\symfony\\console\\Command\\Command.php(298): Illuminate\\Console\\Command->execute(Object(Symfony\\Component\\Console\\Input\\ArrayInput), Object(Illuminate\\Console\\OutputStyle))
#25 D:\\1LuuDuLieuSV\\2001240399_TrinhHuuKienQuoc\\phplab\\buoi7\\Buoi7\\vendor\\laravel\\framework\\src\\Illuminate\\Console\\Command.php(121): Symfony\\Component\\Console\\Command\\Command->run(Object(Symfony\\Component\\Console\\Input\\ArrayInput), Object(Illuminate\\Console\\OutputStyle))
#26 D:\\1LuuDuLieuSV\\2001240399_TrinhHuuKienQuoc\\phplab\\buoi7\\Buoi7\\vendor\\laravel\\framework\\src\\Illuminate\\Console\\Concerns\\CallsCommands.php(68): Illuminate\\Console\\Command->run(Object(Symfony\\Component\\Console\\Input\\ArrayInput), Object(Illuminate\\Console\\OutputStyle))
#27 D:\\1LuuDuLieuSV\\2001240399_TrinhHuuKienQuoc\\phplab\\buoi7\\Buoi7\\vendor\\laravel\\framework\\src\\Illuminate\\Console\\Concerns\\CallsCommands.php(28): Illuminate\\Console\\Command->runCommand('migrate', Array, Object(Illuminate\\Console\\OutputStyle))
#28 D:\\1LuuDuLieuSV\\2001240399_TrinhHuuKienQuoc\\phplab\\buoi7\\Buoi7\\vendor\\laravel\\framework\\src\\Illuminate\\Database\\Console\\Migrations\\FreshCommand.php(55): Illuminate\\Console\\Command->call('migrate', Array)
#29 D:\\1LuuDuLieuSV\\2001240399_TrinhHuuKienQuoc\\phplab\\buoi7\\Buoi7\\vendor\\laravel\\framework\\src\\Illuminate\\Container\\BoundMethod.php(36): Illuminate\\Database\\Console\\Migrations\\FreshCommand->handle()
#30 D:\\1LuuDuLieuSV\\2001240399_TrinhHuuKienQuoc\\phplab\\buoi7\\Buoi7\\vendor\\laravel\\framework\\src\\Illuminate\\Container\\Util.php(40): Illuminate\\Container\\BoundMethod::Illuminate\\Container\\{closure}()
#31 D:\\1LuuDuLieuSV\\2001240399_TrinhHuuKienQuoc\\phplab\\buoi7\\Buoi7\\vendor\\laravel\\framework\\src\\Illuminate\\Container\\BoundMethod.php(93): Illuminate\\Container\\Util::unwrapIfClosure(Object(Closure))
#32 D:\\1LuuDuLieuSV\\2001240399_TrinhHuuKienQuoc\\phplab\\buoi7\\Buoi7\\vendor\\laravel\\framework\\src\\Illuminate\\Container\\BoundMethod.php(37): Illuminate\\Container\\BoundMethod::callBoundMethod(Object(Illuminate\\Foundation\\Application), Array, Object(Closure))
#33 D:\\1LuuDuLieuSV\\2001240399_TrinhHuuKienQuoc\\phplab\\buoi7\\Buoi7\\vendor\\laravel\\framework\\src\\Illuminate\\Container\\Container.php(653): Illuminate\\Container\\BoundMethod::call(Object(Illuminate\\Foundation\\Application), Array, Array, NULL)
#34 D:\\1LuuDuLieuSV\\2001240399_TrinhHuuKienQuoc\\phplab\\buoi7\\Buoi7\\vendor\\laravel\\framework\\src\\Illuminate\\Console\\Command.php(136): Illuminate\\Container\\Container->call(Array)
#35 D:\\1LuuDuLieuSV\\2001240399_TrinhHuuKienQuoc\\phplab\\buoi7\\Buoi7\\vendor\\symfony\\console\\Command\\Command.php(298): Illuminate\\Console\\Command->execute(Object(Symfony\\Component\\Console\\Input\\ArgvInput), Object(Illuminate\\Console\\OutputStyle))
#36 D:\\1LuuDuLieuSV\\2001240399_TrinhHuuKienQuoc\\phplab\\buoi7\\Buoi7\\vendor\\laravel\\framework\\src\\Illuminate\\Console\\Command.php(121): Symfony\\Component\\Console\\Command\\Command->run(Object(Symfony\\Component\\Console\\Input\\ArgvInput), Object(Illuminate\\Console\\OutputStyle))
#37 D:\\1LuuDuLieuSV\\2001240399_TrinhHuuKienQuoc\\phplab\\buoi7\\Buoi7\\vendor\\symfony\\console\\Application.php(1040): Illuminate\\Console\\Command->run(Object(Symfony\\Component\\Console\\Input\\ArgvInput), Object(Symfony\\Component\\Console\\Output\\ConsoleOutput))
#38 D:\\1LuuDuLieuSV\\2001240399_TrinhHuuKienQuoc\\phplab\\buoi7\\Buoi7\\vendor\\symfony\\console\\Application.php(301): Symfony\\Component\\Console\\Application->doRunCommand(Object(Illuminate\\Database\\Console\\Migrations\\FreshCommand), Object(Symfony\\Component\\Console\\Input\\ArgvInput), Object(Symfony\\Component\\Console\\Output\\ConsoleOutput))
#39 D:\\1LuuDuLieuSV\\2001240399_TrinhHuuKienQuoc\\phplab\\buoi7\\Buoi7\\vendor\\symfony\\console\\Application.php(171): Symfony\\Component\\Console\\Application->doRun(Object(Symfony\\Component\\Console\\Input\\ArgvInput), Object(Symfony\\Component\\Console\\Output\\ConsoleOutput))
#40 D:\\1LuuDuLieuSV\\2001240399_TrinhHuuKienQuoc\\phplab\\buoi7\\Buoi7\\vendor\\laravel\\framework\\src\\Illuminate\\Console\\Application.php(94): Symfony\\Component\\Console\\Application->run(Object(Symfony\\Component\\Console\\Input\\ArgvInput), Object(Symfony\\Component\\Console\\Output\\ConsoleOutput))
#41 D:\\1LuuDuLieuSV\\2001240399_TrinhHuuKienQuoc\\phplab\\buoi7\\Buoi7\\vendor\\laravel\\framework\\src\\Illuminate\\Foundation\\Console\\Kernel.php(129): Illuminate\\Console\\Application->run(Object(Symfony\\Component\\Console\\Input\\ArgvInput), Object(Symfony\\Component\\Console\\Output\\ConsoleOutput))
#42 D:\\1LuuDuLieuSV\\2001240399_TrinhHuuKienQuoc\\phplab\\buoi7\\Buoi7\\artisan(37): Illuminate\\Foundation\\Console\\Kernel->handle(Object(Symfony\\Component\\Console\\Input\\ArgvInput), Object(Symfony\\Component\\Console\\Output\\ConsoleOutput))
#43 {main}
"} 
[2026-09-28 06:47:32] local.ERROR: SQLSTATE[42000]: Syntax error or access violation: 1166 Incorrect column name '' (SQL: create table `products` (`id` bigint unsigned not null auto_increment primary key, `name` varchar(255) not null, `` decimal(10, 2) null, `` timestamp null) default character set utf8mb4 collate 'utf8mb4_unicode_ci') {"exception":"[object] (Illuminate\\Database\\QueryException(code: 42000): SQLSTATE[42000]: Syntax error or access violation: 1166 Incorrect column name '' (SQL: create table `products` (`id` bigint unsigned not null auto_increment primary key, `name` varchar(255) not null, `` decimal(10, 2) null, `` timestamp null) default character set utf8mb4 collate 'utf8mb4_unicode_ci') at D:\\1LuuDuLieuSV\\2001240399_TrinhHuuKienQuoc\\phplab\\buoi7\\Buoi7\\vendor\\laravel\\framework\\src\\Illuminate\\Database\\Connection.php:712)
[stacktrace]
#0 D:\\1LuuDuLieuSV\\2001240399_TrinhHuuKienQuoc\\phplab\\buoi7\\Buoi7\\vendor\\laravel\\framework\\src\\Illuminate\\Database\\Connection.php(672): Illuminate\\Database\\Connection->runQueryCallback('create table `p...', Array, Object(Closure))
#1 D:\\1LuuDuLieuSV\\2001240399_TrinhHuuKienQuoc\\phplab\\buoi7\\Buoi7\\vendor\\laravel\\framework\\src\\Illuminate\\Database\\Connection.php(502): Illuminate\\Database\\Connection->run('create table `p...', Array, Object(Closure))
#2 D:\\1LuuDuLieuSV\\2001240399_TrinhHuuKienQuoc\\phplab\\buoi7\\Buoi7\\vendor\\laravel\\framework\\src\\Illuminate\\Database\\Schema\\Blueprint.php(109): Illuminate\\Database\\Connection->statement('create table `p...')
#3 D:\\1LuuDuLieuSV\\2001240399_TrinhHuuKienQuoc\\phplab\\buoi7\\Buoi7\\vendor\\laravel\\framework\\src\\Illuminate\\Database\\Schema\\Builder.php(364): Illuminate\\Database\\Schema\\Blueprint->build(Object(Illuminate\\Database\\MySqlConnection), Object(Illuminate\\Database\\Schema\\Grammars\\MySqlGrammar))
#4 D:\\1LuuDuLieuSV\\2001240399_TrinhHuuKienQuoc\\phplab\\buoi7\\Buoi7\\vendor\\laravel\\framework\\src\\Illuminate\\Database\\Schema\\Builder.php(227): Illuminate\\Database\\Schema\\Builder->build(Object(Illuminate\\Database\\Schema\\Blueprint))
#5 D:\\1LuuDuLieuSV\\2001240399_TrinhHuuKienQuoc\\phplab\\buoi7\\Buoi7\\vendor\\laravel\\framework\\src\\Illuminate\\Support\\Facades\\Facade.php(261): Illuminate\\Database\\Schema\\Builder->create('products', Object(Closure))
#6 D:\\1LuuDuLieuSV\\2001240399_TrinhHuuKienQuoc\\phplab\\buoi7\\Buoi7\\database\\migrations\\2026_09_28_062445_create_products_table.php(22): Illuminate\\Support\\Facades\\Facade::__callStatic('create', Array)
#7 D:\\1LuuDuLieuSV\\2001240399_TrinhHuuKienQuoc\\phplab\\buoi7\\Buoi7\\vendor\\laravel\\framework\\src\\Illuminate\\Database\\Migrations\\Migrator.php(472): CreateProductsTable->up()
#8 D:\\1LuuDuLieuSV\\2001240399_TrinhHuuKienQuoc\\phplab\\buoi7\\Buoi7\\vendor\\laravel\\framework\\src\\Illuminate\\Database\\Migrations\\Migrator.php(394): Illuminate\\Database\\Migrations\\Migrator->runMethod(Object(Illuminate\\Database\\MySqlConnection), Object(CreateProductsTable), 'up')
#9 D:\\1LuuDuLieuSV\\2001240399_TrinhHuuKienQuoc\\phplab\\buoi7\\Buoi7\\vendor\\laravel\\framework\\src\\Illuminate\\Database\\Migrations\\Migrator.php(403): Illuminate\\Database\\Migrations\\Migrator->Illuminate\\Database\\Migrations\\{closure}()
#10 D:\\1LuuDuLieuSV\\2001240399_TrinhHuuKienQuoc\\phplab\\buoi7\\Buoi7\\vendor\\laravel\\framework\\src\\Illuminate\\Database\\Migrations\\Migrator.php(202): Illuminate\\Database\\Migrations\\Migrator->runMigration(Object(CreateProductsTable), 'up')
#11 D:\\1LuuDuLieuSV\\2001240399_TrinhHuuKienQuoc\\phplab\\buoi7\\Buoi7\\vendor\\laravel\\framework\\src\\Illuminate\\Database\\Migrations\\Migrator.php(167): Illuminate\\Database\\Migrations\\Migrator->runUp('D:\\\\1LuuDuLieuSV...', 1, false)
#12 D:\\1LuuDuLieuSV\\2001240399_TrinhHuuKienQuoc\\phplab\\buoi7\\Buoi7\\vendor\\laravel\\framework\\src\\Illuminate\\Database\\Migrations\\Migrator.php(112): Illuminate\\Database\\Migrations\\Migrator->runPending(Array, Array)
#13 D:\\1LuuDuLieuSV\\2001240399_TrinhHuuKienQuoc\\phplab\\buoi7\\Buoi7\\vendor\\laravel\\framework\\src\\Illuminate\\Database\\Console\\Migrations\\MigrateCommand.php(86): Illuminate\\Database\\Migrations\\Migrator->run(Array, Array)
#14 D:\\1LuuDuLieuSV\\2001240399_TrinhHuuKienQuoc\\phplab\\buoi7\\Buoi7\\vendor\\laravel\\framework\\src\\Illuminate\\Database\\Migrations\\Migrator.php(606): Illuminate\\Database\\Console\\Migrations\\MigrateCommand->Illuminate\\Database\\Console\\Migrations\\{closure}()
#15 D:\\1LuuDuLieuSV\\2001240399_TrinhHuuKienQuoc\\phplab\\buoi7\\Buoi7\\vendor\\laravel\\framework\\src\\Illuminate\\Database\\Console\\Migrations\\MigrateCommand.php(98): Illuminate\\Database\\Migrations\\Migrator->usingConnection(NULL, Object(Closure))
#16 D:\\1LuuDuLieuSV\\2001240399_TrinhHuuKienQuoc\\phplab\\buoi7\\Buoi7\\vendor\\laravel\\framework\\src\\Illuminate\\Container\\BoundMethod.php(36): Illuminate\\Database\\Console\\Migrations\\MigrateCommand->handle()
#17 D:\\1LuuDuLieuSV\\2001240399_TrinhHuuKienQuoc\\phplab\\buoi7\\Buoi7\\vendor\\laravel\\framework\\src\\Illuminate\\Container\\Util.php(40): Illuminate\\Container\\BoundMethod::Illuminate\\Container\\{closure}()
#18 D:\\1LuuDuLieuSV\\2001240399_TrinhHuuKienQuoc\\phplab\\buoi7\\Buoi7\\vendor\\laravel\\framework\\src\\Illuminate\\Container\\BoundMethod.php(93): Illuminate\\Container\\Util::unwrapIfClosure(Object(Closure))
#19 D:\\1LuuDuLieuSV\\2001240399_TrinhHuuKienQuoc\\phplab\\buoi7\\Buoi7\\vendor\\laravel\\framework\\src\\Illuminate\\Container\\BoundMethod.php(37): Illuminate\\Container\\BoundMethod::callBoundMethod(Object(Illuminate\\Foundation\\Application), Array, Object(Closure))
#20 D:\\1LuuDuLieuSV\\2001240399_TrinhHuuKienQuoc\\phplab\\buoi7\\Buoi7\\vendor\\laravel\\framework\\src\\Illuminate\\Container\\Container.php(653): Illuminate\\Container\\BoundMethod::call(Object(Illuminate\\Foundation\\Application), Array, Array, NULL)
#21 D:\\1LuuDuLieuSV\\2001240399_TrinhHuuKienQuoc\\phplab\\buoi7\\Buoi7\\vendor\\laravel\\framework\\src\\Illuminate\\Console\\Command.php(136): Illuminate\\Container\\Container->call(Array)
#22 D:\\1LuuDuLieuSV\\2001240399_TrinhHuuKienQuoc\\phplab\\buoi7\\Buoi7\\vendor\\symfony\\console\\Command\\Command.php(298): Illuminate\\Console\\Command->execute(Object(Symfony\\Component\\Console\\Input\\ArrayInput), Object(Illuminate\\Console\\OutputStyle))
#23 D:\\1LuuDuLieuSV\\2001240399_TrinhHuuKienQuoc\\phplab\\buoi7\\Buoi7\\vendor\\laravel\\framework\\src\\Illuminate\\Console\\Command.php(121): Symfony\\Component\\Console\\Command\\Command->run(Object(Symfony\\Component\\Console\\Input\\ArrayInput), Object(Illuminate\\Console\\OutputStyle))
#24 D:\\1LuuDuLieuSV\\2001240399_TrinhHuuKienQuoc\\phplab\\buoi7\\Buoi7\\vendor\\laravel\\framework\\src\\Illuminate\\Console\\Concerns\\CallsCommands.php(68): Illuminate\\Console\\Command->run(Object(Symfony\\Component\\Console\\Input\\ArrayInput), Object(Illuminate\\Console\\OutputStyle))
#25 D:\\1LuuDuLieuSV\\2001240399_TrinhHuuKienQuoc\\phplab\\buoi7\\Buoi7\\vendor\\laravel\\framework\\src\\Illuminate\\Console\\Concerns\\CallsCommands.php(28): Illuminate\\Console\\Command->runCommand('migrate', Array, Object(Illuminate\\Console\\OutputStyle))
#26 D:\\1LuuDuLieuSV\\2001240399_TrinhHuuKienQuoc\\phplab\\buoi7\\Buoi7\\vendor\\laravel\\framework\\src\\Illuminate\\Database\\Console\\Migrations\\FreshCommand.php(55): Illuminate\\Console\\Command->call('migrate', Array)
#27 D:\\1LuuDuLieuSV\\2001240399_TrinhHuuKienQuoc\\phplab\\buoi7\\Buoi7\\vendor\\laravel\\framework\\src\\Illuminate\\Container\\BoundMethod.php(36): Illuminate\\Database\\Console\\Migrations\\FreshCommand->handle()
#28 D:\\1LuuDuLieuSV\\2001240399_TrinhHuuKienQuoc\\phplab\\buoi7\\Buoi7\\vendor\\laravel\\framework\\src\\Illuminate\\Container\\Util.php(40): Illuminate\\Container\\BoundMethod::Illuminate\\Container\\{closure}()
#29 D:\\1LuuDuLieuSV\\2001240399_TrinhHuuKienQuoc\\phplab\\buoi7\\Buoi7\\vendor\\laravel\\framework\\src\\Illuminate\\Container\\BoundMethod.php(93): Illuminate\\Container\\Util::unwrapIfClosure(Object(Closure))
#30 D:\\1LuuDuLieuSV\\2001240399_TrinhHuuKienQuoc\\phplab\\buoi7\\Buoi7\\vendor\\laravel\\framework\\src\\Illuminate\\Container\\BoundMethod.php(37): Illuminate\\Container\\BoundMethod::callBoundMethod(Object(Illuminate\\Foundation\\Application), Array, Object(Closure))
#31 D:\\1LuuDuLieuSV\\2001240399_TrinhHuuKienQuoc\\phplab\\buoi7\\Buoi7\\vendor\\laravel\\framework\\src\\Illuminate\\Container\\Container.php(653): Illuminate\\Container\\BoundMethod::call(Object(Illuminate\\Foundation\\Application), Array, Array, NULL)
#32 D:\\1LuuDuLieuSV\\2001240399_TrinhHuuKienQuoc\\phplab\\buoi7\\Buoi7\\vendor\\laravel\\framework\\src\\Illuminate\\Console\\Command.php(136): Illuminate\\Container\\Container->call(Array)
#33 D:\\1LuuDuLieuSV\\2001240399_TrinhHuuKienQuoc\\phplab\\buoi7\\Buoi7\\vendor\\symfony\\console\\Command\\Command.php(298): Illuminate\\Console\\Command->execute(Object(Symfony\\Component\\Console\\Input\\ArgvInput), Object(Illuminate\\Console\\OutputStyle))
#34 D:\\1LuuDuLieuSV\\2001240399_TrinhHuuKienQuoc\\phplab\\buoi7\\Buoi7\\vendor\\laravel\\framework\\src\\Illuminate\\Console\\Command.php(121): Symfony\\Component\\Console\\Command\\Command->run(Object(Symfony\\Component\\Console\\Input\\ArgvInput), Object(Illuminate\\Console\\OutputStyle))
#35 D:\\1LuuDuLieuSV\\2001240399_TrinhHuuKienQuoc\\phplab\\buoi7\\Buoi7\\vendor\\symfony\\console\\Application.php(1040): Illuminate\\Console\\Command->run(Object(Symfony\\Component\\Console\\Input\\ArgvInput), Object(Symfony\\Component\\Console\\Output\\ConsoleOutput))
#36 D:\\1LuuDuLieuSV\\2001240399_TrinhHuuKienQuoc\\phplab\\buoi7\\Buoi7\\vendor\\symfony\\console\\Application.php(301): Symfony\\Component\\Console\\Application->doRunCommand(Object(Illuminate\\Database\\Console\\Migrations\\FreshCommand), Object(Symfony\\Component\\Console\\Input\\ArgvInput), Object(Symfony\\Component\\Console\\Output\\ConsoleOutput))
#37 D:\\1LuuDuLieuSV\\2001240399_TrinhHuuKienQuoc\\phplab\\buoi7\\Buoi7\\vendor\\symfony\\console\\Application.php(171): Symfony\\Component\\Console\\Application->doRun(Object(Symfony\\Component\\Console\\Input\\ArgvInput), Object(Symfony\\Component\\Console\\Output\\ConsoleOutput))
#38 D:\\1LuuDuLieuSV\\2001240399_TrinhHuuKienQuoc\\phplab\\buoi7\\Buoi7\\vendor\\laravel\\framework\\src\\Illuminate\\Console\\Application.php(94): Symfony\\Component\\Console\\Application->run(Object(Symfony\\Component\\Console\\Input\\ArgvInput), Object(Symfony\\Component\\Console\\Output\\ConsoleOutput))
#39 D:\\1LuuDuLieuSV\\2001240399_TrinhHuuKienQuoc\\phplab\\buoi7\\Buoi7\\vendor\\laravel\\framework\\src\\Illuminate\\Foundation\\Console\\Kernel.php(129): Illuminate\\Console\\Application->run(Object(Symfony\\Component\\Console\\Input\\ArgvInput), Object(Symfony\\Component\\Console\\Output\\ConsoleOutput))
#40 D:\\1LuuDuLieuSV\\2001240399_TrinhHuuKienQuoc\\phplab\\buoi7\\Buoi7\\artisan(37): Illuminate\\Foundation\\Console\\Kernel->handle(Object(Symfony\\Component\\Console\\Input\\ArgvInput), Object(Symfony\\Component\\Console\\Output\\ConsoleOutput))
#41 {main}

[previous exception] [object] (PDOException(code: 42000): SQLSTATE[42000]: Syntax error or access violation: 1166 Incorrect column name '' at D:\\1LuuDuLieuSV\\2001240399_TrinhHuuKienQuoc\\phplab\\buoi7\\Buoi7\\vendor\\laravel\\framework\\src\\Illuminate\\Database\\Connection.php:501)
[stacktrace]
#0 D:\\1LuuDuLieuSV\\2001240399_TrinhHuuKienQuoc\\phplab\\buoi7\\Buoi7\\vendor\\laravel\\framework\\src\\Illuminate\\Database\\Connection.php(501): PDOStatement->execute()
#1 D:\\1LuuDuLieuSV\\2001240399_TrinhHuuKienQuoc\\phplab\\buoi7\\Buoi7\\vendor\\laravel\\framework\\src\\Illuminate\\Database\\Connection.php(705): Illuminate\\Database\\Connection->Illuminate\\Database\\{closure}('create table `p...', Array)
#2 D:\\1LuuDuLieuSV\\2001240399_TrinhHuuKienQuoc\\phplab\\buoi7\\Buoi7\\vendor\\laravel\\framework\\src\\Illuminate\\Database\\Connection.php(672): Illuminate\\Database\\Connection->runQueryCallback('create table `p...', Array, Object(Closure))
#3 D:\\1LuuDuLieuSV\\2001240399_TrinhHuuKienQuoc\\phplab\\buoi7\\Buoi7\\vendor\\laravel\\framework\\src\\Illuminate\\Database\\Connection.php(502): Illuminate\\Database\\Connection->run('create table `p...', Array, Object(Closure))
#4 D:\\1LuuDuLieuSV\\2001240399_TrinhHuuKienQuoc\\phplab\\buoi7\\Buoi7\\vendor\\laravel\\framework\\src\\Illuminate\\Database\\Schema\\Blueprint.php(109): Illuminate\\Database\\Connection->statement('create table `p...')
#5 D:\\1LuuDuLieuSV\\2001240399_TrinhHuuKienQuoc\\phplab\\buoi7\\Buoi7\\vendor\\laravel\\framework\\src\\Illuminate\\Database\\Schema\\Builder.php(364): Illuminate\\Database\\Schema\\Blueprint->build(Object(Illuminate\\Database\\MySqlConnection), Object(Illuminate\\Database\\Schema\\Grammars\\MySqlGrammar))
#6 D:\\1LuuDuLieuSV\\2001240399_TrinhHuuKienQuoc\\phplab\\buoi7\\Buoi7\\vendor\\laravel\\framework\\src\\Illuminate\\Database\\Schema\\Builder.php(227): Illuminate\\Database\\Schema\\Builder->build(Object(Illuminate\\Database\\Schema\\Blueprint))
#7 D:\\1LuuDuLieuSV\\2001240399_TrinhHuuKienQuoc\\phplab\\buoi7\\Buoi7\\vendor\\laravel\\framework\\src\\Illuminate\\Support\\Facades\\Facade.php(261): Illuminate\\Database\\Schema\\Builder->create('products', Object(Closure))
#8 D:\\1LuuDuLieuSV\\2001240399_TrinhHuuKienQuoc\\phplab\\buoi7\\Buoi7\\database\\migrations\\2026_09_28_062445_create_products_table.php(22): Illuminate\\Support\\Facades\\Facade::__callStatic('create', Array)
#9 D:\\1LuuDuLieuSV\\2001240399_TrinhHuuKienQuoc\\phplab\\buoi7\\Buoi7\\vendor\\laravel\\framework\\src\\Illuminate\\Database\\Migrations\\Migrator.php(472): CreateProductsTable->up()
#10 D:\\1LuuDuLieuSV\\2001240399_TrinhHuuKienQuoc\\phplab\\buoi7\\Buoi7\\vendor\\laravel\\framework\\src\\Illuminate\\Database\\Migrations\\Migrator.php(394): Illuminate\\Database\\Migrations\\Migrator->runMethod(Object(Illuminate\\Database\\MySqlConnection), Object(CreateProductsTable), 'up')
#11 D:\\1LuuDuLieuSV\\2001240399_TrinhHuuKienQuoc\\phplab\\buoi7\\Buoi7\\vendor\\laravel\\framework\\src\\Illuminate\\Database\\Migrations\\Migrator.php(403): Illuminate\\Database\\Migrations\\Migrator->Illuminate\\Database\\Migrations\\{closure}()
#12 D:\\1LuuDuLieuSV\\2001240399_TrinhHuuKienQuoc\\phplab\\buoi7\\Buoi7\\vendor\\laravel\\framework\\src\\Illuminate\\Database\\Migrations\\Migrator.php(202): Illuminate\\Database\\Migrations\\Migrator->runMigration(Object(CreateProductsTable), 'up')
#13 D:\\1LuuDuLieuSV\\2001240399_TrinhHuuKienQuoc\\phplab\\buoi7\\Buoi7\\vendor\\laravel\\framework\\src\\Illuminate\\Database\\Migrations\\Migrator.php(167): Illuminate\\Database\\Migrations\\Migrator->runUp('D:\\\\1LuuDuLieuSV...', 1, false)
#14 D:\\1LuuDuLieuSV\\2001240399_TrinhHuuKienQuoc\\phplab\\buoi7\\Buoi7\\vendor\\laravel\\framework\\src\\Illuminate\\Database\\Migrations\\Migrator.php(112): Illuminate\\Database\\Migrations\\Migrator->runPending(Array, Array)
#15 D:\\1LuuDuLieuSV\\2001240399_TrinhHuuKienQuoc\\phplab\\buoi7\\Buoi7\\vendor\\laravel\\framework\\src\\Illuminate\\Database\\Console\\Migrations\\MigrateCommand.php(86): Illuminate\\Database\\Migrations\\Migrator->run(Array, Array)
#16 D:\\1LuuDuLieuSV\\2001240399_TrinhHuuKienQuoc\\phplab\\buoi7\\Buoi7\\vendor\\laravel\\framework\\src\\Illuminate\\Database\\Migrations\\Migrator.php(606): Illuminate\\Database\\Console\\Migrations\\MigrateCommand->Illuminate\\Database\\Console\\Migrations\\{closure}()
#17 D:\\1LuuDuLieuSV\\2001240399_TrinhHuuKienQuoc\\phplab\\buoi7\\Buoi7\\vendor\\laravel\\framework\\src\\Illuminate\\Database\\Console\\Migrations\\MigrateCommand.php(98): Illuminate\\Database\\Migrations\\Migrator->usingConnection(NULL, Object(Closure))
#18 D:\\1LuuDuLieuSV\\2001240399_TrinhHuuKienQuoc\\phplab\\buoi7\\Buoi7\\vendor\\laravel\\framework\\src\\Illuminate\\Container\\BoundMethod.php(36): Illuminate\\Database\\Console\\Migrations\\MigrateCommand->handle()
#19 D:\\1LuuDuLieuSV\\2001240399_TrinhHuuKienQuoc\\phplab\\buoi7\\Buoi7\\vendor\\laravel\\framework\\src\\Illuminate\\Container\\Util.php(40): Illuminate\\Container\\BoundMethod::Illuminate\\Container\\{closure}()
#20 D:\\1LuuDuLieuSV\\2001240399_TrinhHuuKienQuoc\\phplab\\buoi7\\Buoi7\\vendor\\laravel\\framework\\src\\Illuminate\\Container\\BoundMethod.php(93): Illuminate\\Container\\Util::unwrapIfClosure(Object(Closure))
#21 D:\\1LuuDuLieuSV\\2001240399_TrinhHuuKienQuoc\\phplab\\buoi7\\Buoi7\\vendor\\laravel\\framework\\src\\Illuminate\\Container\\BoundMethod.php(37): Illuminate\\Container\\BoundMethod::callBoundMethod(Object(Illuminate\\Foundation\\Application), Array, Object(Closure))
#22 D:\\1LuuDuLieuSV\\2001240399_TrinhHuuKienQuoc\\phplab\\buoi7\\Buoi7\\vendor\\laravel\\framework\\src\\Illuminate\\Container\\Container.php(653): Illuminate\\Container\\BoundMethod::call(Object(Illuminate\\Foundation\\Application), Array, Array, NULL)
#23 D:\\1LuuDuLieuSV\\2001240399_TrinhHuuKienQuoc\\phplab\\buoi7\\Buoi7\\vendor\\laravel\\framework\\src\\Illuminate\\Console\\Command.php(136): Illuminate\\Container\\Container->call(Array)
#24 D:\\1LuuDuLieuSV\\2001240399_TrinhHuuKienQuoc\\phplab\\buoi7\\Buoi7\\vendor\\symfony\\console\\Command\\Command.php(298): Illuminate\\Console\\Command->execute(Object(Symfony\\Component\\Console\\Input\\ArrayInput), Object(Illuminate\\Console\\OutputStyle))
#25 D:\\1LuuDuLieuSV\\2001240399_TrinhHuuKienQuoc\\phplab\\buoi7\\Buoi7\\vendor\\laravel\\framework\\src\\Illuminate\\Console\\Command.php(121): Symfony\\Component\\Console\\Command\\Command->run(Object(Symfony\\Component\\Console\\Input\\ArrayInput), Object(Illuminate\\Console\\OutputStyle))
#26 D:\\1LuuDuLieuSV\\2001240399_TrinhHuuKienQuoc\\phplab\\buoi7\\Buoi7\\vendor\\laravel\\framework\\src\\Illuminate\\Console\\Concerns\\CallsCommands.php(68): Illuminate\\Console\\Command->run(Object(Symfony\\Component\\Console\\Input\\ArrayInput), Object(Illuminate\\Console\\OutputStyle))
#27 D:\\1LuuDuLieuSV\\2001240399_TrinhHuuKienQuoc\\phplab\\buoi7\\Buoi7\\vendor\\laravel\\framework\\src\\Illuminate\\Console\\Concerns\\CallsCommands.php(28): Illuminate\\Console\\Command->runCommand('migrate', Array, Object(Illuminate\\Console\\OutputStyle))
#28 D:\\1LuuDuLieuSV\\2001240399_TrinhHuuKienQuoc\\phplab\\buoi7\\Buoi7\\vendor\\laravel\\framework\\src\\Illuminate\\Database\\Console\\Migrations\\FreshCommand.php(55): Illuminate\\Console\\Command->call('migrate', Array)
#29 D:\\1LuuDuLieuSV\\2001240399_TrinhHuuKienQuoc\\phplab\\buoi7\\Buoi7\\vendor\\laravel\\framework\\src\\Illuminate\\Container\\BoundMethod.php(36): Illuminate\\Database\\Console\\Migrations\\FreshCommand->handle()
#30 D:\\1LuuDuLieuSV\\2001240399_TrinhHuuKienQuoc\\phplab\\buoi7\\Buoi7\\vendor\\laravel\\framework\\src\\Illuminate\\Container\\Util.php(40): Illuminate\\Container\\BoundMethod::Illuminate\\Container\\{closure}()
#31 D:\\1LuuDuLieuSV\\2001240399_TrinhHuuKienQuoc\\phplab\\buoi7\\Buoi7\\vendor\\laravel\\framework\\src\\Illuminate\\Container\\BoundMethod.php(93): Illuminate\\Container\\Util::unwrapIfClosure(Object(Closure))
#32 D:\\1LuuDuLieuSV\\2001240399_TrinhHuuKienQuoc\\phplab\\buoi7\\Buoi7\\vendor\\laravel\\framework\\src\\Illuminate\\Container\\BoundMethod.php(37): Illuminate\\Container\\BoundMethod::callBoundMethod(Object(Illuminate\\Foundation\\Application), Array, Object(Closure))
#33 D:\\1LuuDuLieuSV\\2001240399_TrinhHuuKienQuoc\\phplab\\buoi7\\Buoi7\\vendor\\laravel\\framework\\src\\Illuminate\\Container\\Container.php(653): Illuminate\\Container\\BoundMethod::call(Object(Illuminate\\Foundation\\Application), Array, Array, NULL)
#34 D:\\1LuuDuLieuSV\\2001240399_TrinhHuuKienQuoc\\phplab\\buoi7\\Buoi7\\vendor\\laravel\\framework\\src\\Illuminate\\Console\\Command.php(136): Illuminate\\Container\\Container->call(Array)
#35 D:\\1LuuDuLieuSV\\2001240399_TrinhHuuKienQuoc\\phplab\\buoi7\\Buoi7\\vendor\\symfony\\console\\Command\\Command.php(298): Illuminate\\Console\\Command->execute(Object(Symfony\\Component\\Console\\Input\\ArgvInput), Object(Illuminate\\Console\\OutputStyle))
#36 D:\\1LuuDuLieuSV\\2001240399_TrinhHuuKienQuoc\\phplab\\buoi7\\Buoi7\\vendor\\laravel\\framework\\src\\Illuminate\\Console\\Command.php(121): Symfony\\Component\\Console\\Command\\Command->run(Object(Symfony\\Component\\Console\\Input\\ArgvInput), Object(Illuminate\\Console\\OutputStyle))
#37 D:\\1LuuDuLieuSV\\2001240399_TrinhHuuKienQuoc\\phplab\\buoi7\\Buoi7\\vendor\\symfony\\console\\Application.php(1040): Illuminate\\Console\\Command->run(Object(Symfony\\Component\\Console\\Input\\ArgvInput), Object(Symfony\\Component\\Console\\Output\\ConsoleOutput))
#38 D:\\1LuuDuLieuSV\\2001240399_TrinhHuuKienQuoc\\phplab\\buoi7\\Buoi7\\vendor\\symfony\\console\\Application.php(301): Symfony\\Component\\Console\\Application->doRunCommand(Object(Illuminate\\Database\\Console\\Migrations\\FreshCommand), Object(Symfony\\Component\\Console\\Input\\ArgvInput), Object(Symfony\\Component\\Console\\Output\\ConsoleOutput))
#39 D:\\1LuuDuLieuSV\\2001240399_TrinhHuuKienQuoc\\phplab\\buoi7\\Buoi7\\vendor\\symfony\\console\\Application.php(171): Symfony\\Component\\Console\\Application->doRun(Object(Symfony\\Component\\Console\\Input\\ArgvInput), Object(Symfony\\Component\\Console\\Output\\ConsoleOutput))
#40 D:\\1LuuDuLieuSV\\2001240399_TrinhHuuKienQuoc\\phplab\\buoi7\\Buoi7\\vendor\\laravel\\framework\\src\\Illuminate\\Console\\Application.php(94): Symfony\\Component\\Console\\Application->run(Object(Symfony\\Component\\Console\\Input\\ArgvInput), Object(Symfony\\Component\\Console\\Output\\ConsoleOutput))
#41 D:\\1LuuDuLieuSV\\2001240399_TrinhHuuKienQuoc\\phplab\\buoi7\\Buoi7\\vendor\\laravel\\framework\\src\\Illuminate\\Foundation\\Console\\Kernel.php(129): Illuminate\\Console\\Application->run(Object(Symfony\\Component\\Console\\Input\\ArgvInput), Object(Symfony\\Component\\Console\\Output\\ConsoleOutput))
#42 D:\\1LuuDuLieuSV\\2001240399_TrinhHuuKienQuoc\\phplab\\buoi7\\Buoi7\\artisan(37): Illuminate\\Foundation\\Console\\Kernel->handle(Object(Symfony\\Component\\Console\\Input\\ArgvInput), Object(Symfony\\Component\\Console\\Output\\ConsoleOutput))
#43 {main}
"} 
[2026-09-28 06:48:10] local.ERROR: SQLSTATE[42000]: Syntax error or access violation: 1166 Incorrect column name '' (SQL: create table `products` (`id` bigint unsigned not null auto_increment primary key, `name` varchar(255) not null, `` decimal(10, 2) null, `` timestamp null) default character set utf8mb4 collate 'utf8mb4_unicode_ci') {"exception":"[object] (Illuminate\\Database\\QueryException(code: 42000): SQLSTATE[42000]: Syntax error or access violation: 1166 Incorrect column name '' (SQL: create table `products` (`id` bigint unsigned not null auto_increment primary key, `name` varchar(255) not null, `` decimal(10, 2) null, `` timestamp null) default character set utf8mb4 collate 'utf8mb4_unicode_ci') at D:\\1LuuDuLieuSV\\2001240399_TrinhHuuKienQuoc\\phplab\\buoi7\\Buoi7\\vendor\\laravel\\framework\\src\\Illuminate\\Database\\Connection.php:712)
[stacktrace]
#0 D:\\1LuuDuLieuSV\\2001240399_TrinhHuuKienQuoc\\phplab\\buoi7\\Buoi7\\vendor\\laravel\\framework\\src\\Illuminate\\Database\\Connection.php(672): Illuminate\\Database\\Connection->runQueryCallback('create table `p...', Array, Object(Closure))
#1 D:\\1LuuDuLieuSV\\2001240399_TrinhHuuKienQuoc\\phplab\\buoi7\\Buoi7\\vendor\\laravel\\framework\\src\\Illuminate\\Database\\Connection.php(502): Illuminate\\Database\\Connection->run('create table `p...', Array, Object(Closure))
#2 D:\\1LuuDuLieuSV\\2001240399_TrinhHuuKienQuoc\\phplab\\buoi7\\Buoi7\\vendor\\laravel\\framework\\src\\Illuminate\\Database\\Schema\\Blueprint.php(109): Illuminate\\Database\\Connection->statement('create table `p...')
#3 D:\\1LuuDuLieuSV\\2001240399_TrinhHuuKienQuoc\\phplab\\buoi7\\Buoi7\\vendor\\laravel\\framework\\src\\Illuminate\\Database\\Schema\\Builder.php(364): Illuminate\\Database\\Schema\\Blueprint->build(Object(Illuminate\\Database\\MySqlConnection), Object(Illuminate\\Database\\Schema\\Grammars\\MySqlGrammar))
#4 D:\\1LuuDuLieuSV\\2001240399_TrinhHuuKienQuoc\\phplab\\buoi7\\Buoi7\\vendor\\laravel\\framework\\src\\Illuminate\\Database\\Schema\\Builder.php(227): Illuminate\\Database\\Schema\\Builder->build(Object(Illuminate\\Database\\Schema\\Blueprint))
#5 D:\\1LuuDuLieuSV\\2001240399_TrinhHuuKienQuoc\\phplab\\buoi7\\Buoi7\\vendor\\laravel\\framework\\src\\Illuminate\\Support\\Facades\\Facade.php(261): Illuminate\\Database\\Schema\\Builder->create('products', Object(Closure))
#6 D:\\1LuuDuLieuSV\\2001240399_TrinhHuuKienQuoc\\phplab\\buoi7\\Buoi7\\database\\migrations\\2026_09_28_062445_create_products_table.php(22): Illuminate\\Support\\Facades\\Facade::__callStatic('create', Array)
#7 D:\\1LuuDuLieuSV\\2001240399_TrinhHuuKienQuoc\\phplab\\buoi7\\Buoi7\\vendor\\laravel\\framework\\src\\Illuminate\\Database\\Migrations\\Migrator.php(472): CreateProductsTable->up()
#8 D:\\1LuuDuLieuSV\\2001240399_TrinhHuuKienQuoc\\phplab\\buoi7\\Buoi7\\vendor\\laravel\\framework\\src\\Illuminate\\Database\\Migrations\\Migrator.php(394): Illuminate\\Database\\Migrations\\Migrator->runMethod(Object(Illuminate\\Database\\MySqlConnection), Object(CreateProductsTable), 'up')
#9 D:\\1LuuDuLieuSV\\2001240399_TrinhHuuKienQuoc\\phplab\\buoi7\\Buoi7\\vendor\\laravel\\framework\\src\\Illuminate\\Database\\Migrations\\Migrator.php(403): Illuminate\\Database\\Migrations\\Migrator->Illuminate\\Database\\Migrations\\{closure}()
#10 D:\\1LuuDuLieuSV\\2001240399_TrinhHuuKienQuoc\\phplab\\buoi7\\Buoi7\\vendor\\laravel\\framework\\src\\Illuminate\\Database\\Migrations\\Migrator.php(202): Illuminate\\Database\\Migrations\\Migrator->runMigration(Object(CreateProductsTable), 'up')
#11 D:\\1LuuDuLieuSV\\2001240399_TrinhHuuKienQuoc\\phplab\\buoi7\\Buoi7\\vendor\\laravel\\framework\\src\\Illuminate\\Database\\Migrations\\Migrator.php(167): Illuminate\\Database\\Migrations\\Migrator->runUp('D:\\\\1LuuDuLieuSV...', 1, false)
#12 D:\\1LuuDuLieuSV\\2001240399_TrinhHuuKienQuoc\\phplab\\buoi7\\Buoi7\\vendor\\laravel\\framework\\src\\Illuminate\\Database\\Migrations\\Migrator.php(112): Illuminate\\Database\\Migrations\\Migrator->runPending(Array, Array)
#13 D:\\1LuuDuLieuSV\\2001240399_TrinhHuuKienQuoc\\phplab\\buoi7\\Buoi7\\vendor\\laravel\\framework\\src\\Illuminate\\Database\\Console\\Migrations\\MigrateCommand.php(86): Illuminate\\Database\\Migrations\\Migrator->run(Array, Array)
#14 D:\\1LuuDuLieuSV\\2001240399_TrinhHuuKienQuoc\\phplab\\buoi7\\Buoi7\\vendor\\laravel\\framework\\src\\Illuminate\\Database\\Migrations\\Migrator.php(606): Illuminate\\Database\\Console\\Migrations\\MigrateCommand->Illuminate\\Database\\Console\\Migrations\\{closure}()
#15 D:\\1LuuDuLieuSV\\2001240399_TrinhHuuKienQuoc\\phplab\\buoi7\\Buoi7\\vendor\\laravel\\framework\\src\\Illuminate\\Database\\Console\\Migrations\\MigrateCommand.php(98): Illuminate\\Database\\Migrations\\Migrator->usingConnection(NULL, Object(Closure))
#16 D:\\1LuuDuLieuSV\\2001240399_TrinhHuuKienQuoc\\phplab\\buoi7\\Buoi7\\vendor\\laravel\\framework\\src\\Illuminate\\Container\\BoundMethod.php(36): Illuminate\\Database\\Console\\Migrations\\MigrateCommand->handle()
#17 D:\\1LuuDuLieuSV\\2001240399_TrinhHuuKienQuoc\\phplab\\buoi7\\Buoi7\\vendor\\laravel\\framework\\src\\Illuminate\\Container\\Util.php(40): Illuminate\\Container\\BoundMethod::Illuminate\\Container\\{closure}()
#18 D:\\1LuuDuLieuSV\\2001240399_TrinhHuuKienQuoc\\phplab\\buoi7\\Buoi7\\vendor\\laravel\\framework\\src\\Illuminate\\Container\\BoundMethod.php(93): Illuminate\\Container\\Util::unwrapIfClosure(Object(Closure))
#19 D:\\1LuuDuLieuSV\\2001240399_TrinhHuuKienQuoc\\phplab\\buoi7\\Buoi7\\vendor\\laravel\\framework\\src\\Illuminate\\Container\\BoundMethod.php(37): Illuminate\\Container\\BoundMethod::callBoundMethod(Object(Illuminate\\Foundation\\Application), Array, Object(Closure))
#20 D:\\1LuuDuLieuSV\\2001240399_TrinhHuuKienQuoc\\phplab\\buoi7\\Buoi7\\vendor\\laravel\\framework\\src\\Illuminate\\Container\\Container.php(653): Illuminate\\Container\\BoundMethod::call(Object(Illuminate\\Foundation\\Application), Array, Array, NULL)
#21 D:\\1LuuDuLieuSV\\2001240399_TrinhHuuKienQuoc\\phplab\\buoi7\\Buoi7\\vendor\\laravel\\framework\\src\\Illuminate\\Console\\Command.php(136): Illuminate\\Container\\Container->call(Array)
#22 D:\\1LuuDuLieuSV\\2001240399_TrinhHuuKienQuoc\\phplab\\buoi7\\Buoi7\\vendor\\symfony\\console\\Command\\Command.php(298): Illuminate\\Console\\Command->execute(Object(Symfony\\Component\\Console\\Input\\ArrayInput), Object(Illuminate\\Console\\OutputStyle))
#23 D:\\1LuuDuLieuSV\\2001240399_TrinhHuuKienQuoc\\phplab\\buoi7\\Buoi7\\vendor\\laravel\\framework\\src\\Illuminate\\Console\\Command.php(121): Symfony\\Component\\Console\\Command\\Command->run(Object(Symfony\\Component\\Console\\Input\\ArrayInput), Object(Illuminate\\Console\\OutputStyle))
#24 D:\\1LuuDuLieuSV\\2001240399_TrinhHuuKienQuoc\\phplab\\buoi7\\Buoi7\\vendor\\laravel\\framework\\src\\Illuminate\\Console\\Concerns\\CallsCommands.php(68): Illuminate\\Console\\Command->run(Object(Symfony\\Component\\Console\\Input\\ArrayInput), Object(Illuminate\\Console\\OutputStyle))
#25 D:\\1LuuDuLieuSV\\2001240399_TrinhHuuKienQuoc\\phplab\\buoi7\\Buoi7\\vendor\\laravel\\framework\\src\\Illuminate\\Console\\Concerns\\CallsCommands.php(28): Illuminate\\Console\\Command->runCommand('migrate', Array, Object(Illuminate\\Console\\OutputStyle))
#26 D:\\1LuuDuLieuSV\\2001240399_TrinhHuuKienQuoc\\phplab\\buoi7\\Buoi7\\vendor\\laravel\\framework\\src\\Illuminate\\Database\\Console\\Migrations\\FreshCommand.php(55): Illuminate\\Console\\Command->call('migrate', Array)
#27 D:\\1LuuDuLieuSV\\2001240399_TrinhHuuKienQuoc\\phplab\\buoi7\\Buoi7\\vendor\\laravel\\framework\\src\\Illuminate\\Container\\BoundMethod.php(36): Illuminate\\Database\\Console\\Migrations\\FreshCommand->handle()
#28 D:\\1LuuDuLieuSV\\2001240399_TrinhHuuKienQuoc\\phplab\\buoi7\\Buoi7\\vendor\\laravel\\framework\\src\\Illuminate\\Container\\Util.php(40): Illuminate\\Container\\BoundMethod::Illuminate\\Container\\{closure}()
#29 D:\\1LuuDuLieuSV\\2001240399_TrinhHuuKienQuoc\\phplab\\buoi7\\Buoi7\\vendor\\laravel\\framework\\src\\Illuminate\\Container\\BoundMethod.php(93): Illuminate\\Container\\Util::unwrapIfClosure(Object(Closure))
#30 D:\\1LuuDuLieuSV\\2001240399_TrinhHuuKienQuoc\\phplab\\buoi7\\Buoi7\\vendor\\laravel\\framework\\src\\Illuminate\\Container\\BoundMethod.php(37): Illuminate\\Container\\BoundMethod::callBoundMethod(Object(Illuminate\\Foundation\\Application), Array, Object(Closure))
#31 D:\\1LuuDuLieuSV\\2001240399_TrinhHuuKienQuoc\\phplab\\buoi7\\Buoi7\\vendor\\laravel\\framework\\src\\Illuminate\\Container\\Container.php(653): Illuminate\\Container\\BoundMethod::call(Object(Illuminate\\Foundation\\Application), Array, Array, NULL)
#32 D:\\1LuuDuLieuSV\\2001240399_TrinhHuuKienQuoc\\phplab\\buoi7\\Buoi7\\vendor\\laravel\\framework\\src\\Illuminate\\Console\\Command.php(136): Illuminate\\Container\\Container->call(Array)
#33 D:\\1LuuDuLieuSV\\2001240399_TrinhHuuKienQuoc\\phplab\\buoi7\\Buoi7\\vendor\\symfony\\console\\Command\\Command.php(298): Illuminate\\Console\\Command->execute(Object(Symfony\\Component\\Console\\Input\\ArgvInput), Object(Illuminate\\Console\\OutputStyle))
#34 D:\\1LuuDuLieuSV\\2001240399_TrinhHuuKienQuoc\\phplab\\buoi7\\Buoi7\\vendor\\laravel\\framework\\src\\Illuminate\\Console\\Command.php(121): Symfony\\Component\\Console\\Command\\Command->run(Object(Symfony\\Component\\Console\\Input\\ArgvInput), Object(Illuminate\\Console\\OutputStyle))
#35 D:\\1LuuDuLieuSV\\2001240399_TrinhHuuKienQuoc\\phplab\\buoi7\\Buoi7\\vendor\\symfony\\console\\Application.php(1040): Illuminate\\Console\\Command->run(Object(Symfony\\Component\\Console\\Input\\ArgvInput), Object(Symfony\\Component\\Console\\Output\\ConsoleOutput))
#36 D:\\1LuuDuLieuSV\\2001240399_TrinhHuuKienQuoc\\phplab\\buoi7\\Buoi7\\vendor\\symfony\\console\\Application.php(301): Symfony\\Component\\Console\\Application->doRunCommand(Object(Illuminate\\Database\\Console\\Migrations\\FreshCommand), Object(Symfony\\Component\\Console\\Input\\ArgvInput), Object(Symfony\\Component\\Console\\Output\\ConsoleOutput))
#37 D:\\1LuuDuLieuSV\\2001240399_TrinhHuuKienQuoc\\phplab\\buoi7\\Buoi7\\vendor\\symfony\\console\\Application.php(171): Symfony\\Component\\Console\\Application->doRun(Object(Symfony\\Component\\Console\\Input\\ArgvInput), Object(Symfony\\Component\\Console\\Output\\ConsoleOutput))
#38 D:\\1LuuDuLieuSV\\2001240399_TrinhHuuKienQuoc\\phplab\\buoi7\\Buoi7\\vendor\\laravel\\framework\\src\\Illuminate\\Console\\Application.php(94): Symfony\\Component\\Console\\Application->run(Object(Symfony\\Component\\Console\\Input\\ArgvInput), Object(Symfony\\Component\\Console\\Output\\ConsoleOutput))
#39 D:\\1LuuDuLieuSV\\2001240399_TrinhHuuKienQuoc\\phplab\\buoi7\\Buoi7\\vendor\\laravel\\framework\\src\\Illuminate\\Foundation\\Console\\Kernel.php(129): Illuminate\\Console\\Application->run(Object(Symfony\\Component\\Console\\Input\\ArgvInput), Object(Symfony\\Component\\Console\\Output\\ConsoleOutput))
#40 D:\\1LuuDuLieuSV\\2001240399_TrinhHuuKienQuoc\\phplab\\buoi7\\Buoi7\\artisan(37): Illuminate\\Foundation\\Console\\Kernel->handle(Object(Symfony\\Component\\Console\\Input\\ArgvInput), Object(Symfony\\Component\\Console\\Output\\ConsoleOutput))
#41 {main}

[previous exception] [object] (PDOException(code: 42000): SQLSTATE[42000]: Syntax error or access violation: 1166 Incorrect column name '' at D:\\1LuuDuLieuSV\\2001240399_TrinhHuuKienQuoc\\phplab\\buoi7\\Buoi7\\vendor\\laravel\\framework\\src\\Illuminate\\Database\\Connection.php:501)
[stacktrace]
#0 D:\\1LuuDuLieuSV\\2001240399_TrinhHuuKienQuoc\\phplab\\buoi7\\Buoi7\\vendor\\laravel\\framework\\src\\Illuminate\\Database\\Connection.php(501): PDOStatement->execute()
#1 D:\\1LuuDuLieuSV\\2001240399_TrinhHuuKienQuoc\\phplab\\buoi7\\Buoi7\\vendor\\laravel\\framework\\src\\Illuminate\\Database\\Connection.php(705): Illuminate\\Database\\Connection->Illuminate\\Database\\{closure}('create table `p...', Array)
#2 D:\\1LuuDuLieuSV\\2001240399_TrinhHuuKienQuoc\\phplab\\buoi7\\Buoi7\\vendor\\laravel\\framework\\src\\Illuminate\\Database\\Connection.php(672): Illuminate\\Database\\Connection->runQueryCallback('create table `p...', Array, Object(Closure))
#3 D:\\1LuuDuLieuSV\\2001240399_TrinhHuuKienQuoc\\phplab\\buoi7\\Buoi7\\vendor\\laravel\\framework\\src\\Illuminate\\Database\\Connection.php(502): Illuminate\\Database\\Connection->run('create table `p...', Array, Object(Closure))
#4 D:\\1LuuDuLieuSV\\2001240399_TrinhHuuKienQuoc\\phplab\\buoi7\\Buoi7\\vendor\\laravel\\framework\\src\\Illuminate\\Database\\Schema\\Blueprint.php(109): Illuminate\\Database\\Connection->statement('create table `p...')
#5 D:\\1LuuDuLieuSV\\2001240399_TrinhHuuKienQuoc\\phplab\\buoi7\\Buoi7\\vendor\\laravel\\framework\\src\\Illuminate\\Database\\Schema\\Builder.php(364): Illuminate\\Database\\Schema\\Blueprint->build(Object(Illuminate\\Database\\MySqlConnection), Object(Illuminate\\Database\\Schema\\Grammars\\MySqlGrammar))
#6 D:\\1LuuDuLieuSV\\2001240399_TrinhHuuKienQuoc\\phplab\\buoi7\\Buoi7\\vendor\\laravel\\framework\\src\\Illuminate\\Database\\Schema\\Builder.php(227): Illuminate\\Database\\Schema\\Builder->build(Object(Illuminate\\Database\\Schema\\Blueprint))
#7 D:\\1LuuDuLieuSV\\2001240399_TrinhHuuKienQuoc\\phplab\\buoi7\\Buoi7\\vendor\\laravel\\framework\\src\\Illuminate\\Support\\Facades\\Facade.php(261): Illuminate\\Database\\Schema\\Builder->create('products', Object(Closure))
#8 D:\\1LuuDuLieuSV\\2001240399_TrinhHuuKienQuoc\\phplab\\buoi7\\Buoi7\\database\\migrations\\2026_09_28_062445_create_products_table.php(22): Illuminate\\Support\\Facades\\Facade::__callStatic('create', Array)
#9 D:\\1LuuDuLieuSV\\2001240399_TrinhHuuKienQuoc\\phplab\\buoi7\\Buoi7\\vendor\\laravel\\framework\\src\\Illuminate\\Database\\Migrations\\Migrator.php(472): CreateProductsTable->up()
#10 D:\\1LuuDuLieuSV\\2001240399_TrinhHuuKienQuoc\\phplab\\buoi7\\Buoi7\\vendor\\laravel\\framework\\src\\Illuminate\\Database\\Migrations\\Migrator.php(394): Illuminate\\Database\\Migrations\\Migrator->runMethod(Object(Illuminate\\Database\\MySqlConnection), Object(CreateProductsTable), 'up')
#11 D:\\1LuuDuLieuSV\\2001240399_TrinhHuuKienQuoc\\phplab\\buoi7\\Buoi7\\vendor\\laravel\\framework\\src\\Illuminate\\Database\\Migrations\\Migrator.php(403): Illuminate\\Database\\Migrations\\Migrator->Illuminate\\Database\\Migrations\\{closure}()
#12 D:\\1LuuDuLieuSV\\2001240399_TrinhHuuKienQuoc\\phplab\\buoi7\\Buoi7\\vendor\\laravel\\framework\\src\\Illuminate\\Database\\Migrations\\Migrator.php(202): Illuminate\\Database\\Migrations\\Migrator->runMigration(Object(CreateProductsTable), 'up')
#13 D:\\1LuuDuLieuSV\\2001240399_TrinhHuuKienQuoc\\phplab\\buoi7\\Buoi7\\vendor\\laravel\\framework\\src\\Illuminate\\Database\\Migrations\\Migrator.php(167): Illuminate\\Database\\Migrations\\Migrator->runUp('D:\\\\1LuuDuLieuSV...', 1, false)
#14 D:\\1LuuDuLieuSV\\2001240399_TrinhHuuKienQuoc\\phplab\\buoi7\\Buoi7\\vendor\\laravel\\framework\\src\\Illuminate\\Database\\Migrations\\Migrator.php(112): Illuminate\\Database\\Migrations\\Migrator->runPending(Array, Array)
#15 D:\\1LuuDuLieuSV\\2001240399_TrinhHuuKienQuoc\\phplab\\buoi7\\Buoi7\\vendor\\laravel\\framework\\src\\Illuminate\\Database\\Console\\Migrations\\MigrateCommand.php(86): Illuminate\\Database\\Migrations\\Migrator->run(Array, Array)
#16 D:\\1LuuDuLieuSV\\2001240399_TrinhHuuKienQuoc\\phplab\\buoi7\\Buoi7\\vendor\\laravel\\framework\\src\\Illuminate\\Database\\Migrations\\Migrator.php(606): Illuminate\\Database\\Console\\Migrations\\MigrateCommand->Illuminate\\Database\\Console\\Migrations\\{closure}()
#17 D:\\1LuuDuLieuSV\\2001240399_TrinhHuuKienQuoc\\phplab\\buoi7\\Buoi7\\vendor\\laravel\\framework\\src\\Illuminate\\Database\\Console\\Migrations\\MigrateCommand.php(98): Illuminate\\Database\\Migrations\\Migrator->usingConnection(NULL, Object(Closure))
#18 D:\\1LuuDuLieuSV\\2001240399_TrinhHuuKienQuoc\\phplab\\buoi7\\Buoi7\\vendor\\laravel\\framework\\src\\Illuminate\\Container\\BoundMethod.php(36): Illuminate\\Database\\Console\\Migrations\\MigrateCommand->handle()
#19 D:\\1LuuDuLieuSV\\2001240399_TrinhHuuKienQuoc\\phplab\\buoi7\\Buoi7\\vendor\\laravel\\framework\\src\\Illuminate\\Container\\Util.php(40): Illuminate\\Container\\BoundMethod::Illuminate\\Container\\{closure}()
#20 D:\\1LuuDuLieuSV\\2001240399_TrinhHuuKienQuoc\\phplab\\buoi7\\Buoi7\\vendor\\laravel\\framework\\src\\Illuminate\\Container\\BoundMethod.php(93): Illuminate\\Container\\Util::unwrapIfClosure(Object(Closure))
#21 D:\\1LuuDuLieuSV\\2001240399_TrinhHuuKienQuoc\\phplab\\buoi7\\Buoi7\\vendor\\laravel\\framework\\src\\Illuminate\\Container\\BoundMethod.php(37): Illuminate\\Container\\BoundMethod::callBoundMethod(Object(Illuminate\\Foundation\\Application), Array, Object(Closure))
#22 D:\\1LuuDuLieuSV\\2001240399_TrinhHuuKienQuoc\\phplab\\buoi7\\Buoi7\\vendor\\laravel\\framework\\src\\Illuminate\\Container\\Container.php(653): Illuminate\\Container\\BoundMethod::call(Object(Illuminate\\Foundation\\Application), Array, Array, NULL)
#23 D:\\1LuuDuLieuSV\\2001240399_TrinhHuuKienQuoc\\phplab\\buoi7\\Buoi7\\vendor\\laravel\\framework\\src\\Illuminate\\Console\\Command.php(136): Illuminate\\Container\\Container->call(Array)
#24 D:\\1LuuDuLieuSV\\2001240399_TrinhHuuKienQuoc\\phplab\\buoi7\\Buoi7\\vendor\\symfony\\console\\Command\\Command.php(298): Illuminate\\Console\\Command->execute(Object(Symfony\\Component\\Console\\Input\\ArrayInput), Object(Illuminate\\Console\\OutputStyle))
#25 D:\\1LuuDuLieuSV\\2001240399_TrinhHuuKienQuoc\\phplab\\buoi7\\Buoi7\\vendor\\laravel\\framework\\src\\Illuminate\\Console\\Command.php(121): Symfony\\Component\\Console\\Command\\Command->run(Object(Symfony\\Component\\Console\\Input\\ArrayInput), Object(Illuminate\\Console\\OutputStyle))
#26 D:\\1LuuDuLieuSV\\2001240399_TrinhHuuKienQuoc\\phplab\\buoi7\\Buoi7\\vendor\\laravel\\framework\\src\\Illuminate\\Console\\Concerns\\CallsCommands.php(68): Illuminate\\Console\\Command->run(Object(Symfony\\Component\\Console\\Input\\ArrayInput), Object(Illuminate\\Console\\OutputStyle))
#27 D:\\1LuuDuLieuSV\\2001240399_TrinhHuuKienQuoc\\phplab\\buoi7\\Buoi7\\vendor\\laravel\\framework\\src\\Illuminate\\Console\\Concerns\\CallsCommands.php(28): Illuminate\\Console\\Command->runCommand('migrate', Array, Object(Illuminate\\Console\\OutputStyle))
#28 D:\\1LuuDuLieuSV\\2001240399_TrinhHuuKienQuoc\\phplab\\buoi7\\Buoi7\\vendor\\laravel\\framework\\src\\Illuminate\\Database\\Console\\Migrations\\FreshCommand.php(55): Illuminate\\Console\\Command->call('migrate', Array)
#29 D:\\1LuuDuLieuSV\\2001240399_TrinhHuuKienQuoc\\phplab\\buoi7\\Buoi7\\vendor\\laravel\\framework\\src\\Illuminate\\Container\\BoundMethod.php(36): Illuminate\\Database\\Console\\Migrations\\FreshCommand->handle()
#30 D:\\1LuuDuLieuSV\\2001240399_TrinhHuuKienQuoc\\phplab\\buoi7\\Buoi7\\vendor\\laravel\\framework\\src\\Illuminate\\Container\\Util.php(40): Illuminate\\Container\\BoundMethod::Illuminate\\Container\\{closure}()
#31 D:\\1LuuDuLieuSV\\2001240399_TrinhHuuKienQuoc\\phplab\\buoi7\\Buoi7\\vendor\\laravel\\framework\\src\\Illuminate\\Container\\BoundMethod.php(93): Illuminate\\Container\\Util::unwrapIfClosure(Object(Closure))
#32 D:\\1LuuDuLieuSV\\2001240399_TrinhHuuKienQuoc\\phplab\\buoi7\\Buoi7\\vendor\\laravel\\framework\\src\\Illuminate\\Container\\BoundMethod.php(37): Illuminate\\Container\\BoundMethod::callBoundMethod(Object(Illuminate\\Foundation\\Application), Array, Object(Closure))
#33 D:\\1LuuDuLieuSV\\2001240399_TrinhHuuKienQuoc\\phplab\\buoi7\\Buoi7\\vendor\\laravel\\framework\\src\\Illuminate\\Container\\Container.php(653): Illuminate\\Container\\BoundMethod::call(Object(Illuminate\\Foundation\\Application), Array, Array, NULL)
#34 D:\\1LuuDuLieuSV\\2001240399_TrinhHuuKienQuoc\\phplab\\buoi7\\Buoi7\\vendor\\laravel\\framework\\src\\Illuminate\\Console\\Command.php(136): Illuminate\\Container\\Container->call(Array)
#35 D:\\1LuuDuLieuSV\\2001240399_TrinhHuuKienQuoc\\phplab\\buoi7\\Buoi7\\vendor\\symfony\\console\\Command\\Command.php(298): Illuminate\\Console\\Command->execute(Object(Symfony\\Component\\Console\\Input\\ArgvInput), Object(Illuminate\\Console\\OutputStyle))
#36 D:\\1LuuDuLieuSV\\2001240399_TrinhHuuKienQuoc\\phplab\\buoi7\\Buoi7\\vendor\\laravel\\framework\\src\\Illuminate\\Console\\Command.php(121): Symfony\\Component\\Console\\Command\\Command->run(Object(Symfony\\Component\\Console\\Input\\ArgvInput), Object(Illuminate\\Console\\OutputStyle))
#37 D:\\1LuuDuLieuSV\\2001240399_TrinhHuuKienQuoc\\phplab\\buoi7\\Buoi7\\vendor\\symfony\\console\\Application.php(1040): Illuminate\\Console\\Command->run(Object(Symfony\\Component\\Console\\Input\\ArgvInput), Object(Symfony\\Component\\Console\\Output\\ConsoleOutput))
#38 D:\\1LuuDuLieuSV\\2001240399_TrinhHuuKienQuoc\\phplab\\buoi7\\Buoi7\\vendor\\symfony\\console\\Application.php(301): Symfony\\Component\\Console\\Application->doRunCommand(Object(Illuminate\\Database\\Console\\Migrations\\FreshCommand), Object(Symfony\\Component\\Console\\Input\\ArgvInput), Object(Symfony\\Component\\Console\\Output\\ConsoleOutput))
#39 D:\\1LuuDuLieuSV\\2001240399_TrinhHuuKienQuoc\\phplab\\buoi7\\Buoi7\\vendor\\symfony\\console\\Application.php(171): Symfony\\Component\\Console\\Application->doRun(Object(Symfony\\Component\\Console\\Input\\ArgvInput), Object(Symfony\\Component\\Console\\Output\\ConsoleOutput))
#40 D:\\1LuuDuLieuSV\\2001240399_TrinhHuuKienQuoc\\phplab\\buoi7\\Buoi7\\vendor\\laravel\\framework\\src\\Illuminate\\Console\\Application.php(94): Symfony\\Component\\Console\\Application->run(Object(Symfony\\Component\\Console\\Input\\ArgvInput), Object(Symfony\\Component\\Console\\Output\\ConsoleOutput))
#41 D:\\1LuuDuLieuSV\\2001240399_TrinhHuuKienQuoc\\phplab\\buoi7\\Buoi7\\vendor\\laravel\\framework\\src\\Illuminate\\Foundation\\Console\\Kernel.php(129): Illuminate\\Console\\Application->run(Object(Symfony\\Component\\Console\\Input\\ArgvInput), Object(Symfony\\Component\\Console\\Output\\ConsoleOutput))
#42 D:\\1LuuDuLieuSV\\2001240399_TrinhHuuKienQuoc\\phplab\\buoi7\\Buoi7\\artisan(37): Illuminate\\Foundation\\Console\\Kernel->handle(Object(Symfony\\Component\\Console\\Input\\ArgvInput), Object(Symfony\\Component\\Console\\Output\\ConsoleOutput))
#43 {main}
"} 
[2026-09-28 06:48:31] local.ERROR: SQLSTATE[42000]: Syntax error or access violation: 1166 Incorrect column name '' (SQL: create table `products` (`id` bigint unsigned not null auto_increment primary key, `name` varchar(255) not null, `` decimal(10, 2) null, `` timestamp null) default character set utf8mb4 collate 'utf8mb4_unicode_ci') {"exception":"[object] (Illuminate\\Database\\QueryException(code: 42000): SQLSTATE[42000]: Syntax error or access violation: 1166 Incorrect column name '' (SQL: create table `products` (`id` bigint unsigned not null auto_increment primary key, `name` varchar(255) not null, `` decimal(10, 2) null, `` timestamp null) default character set utf8mb4 collate 'utf8mb4_unicode_ci') at D:\\1LuuDuLieuSV\\2001240399_TrinhHuuKienQuoc\\phplab\\buoi7\\Buoi7\\vendor\\laravel\\framework\\src\\Illuminate\\Database\\Connection.php:712)
[stacktrace]
#0 D:\\1LuuDuLieuSV\\2001240399_TrinhHuuKienQuoc\\phplab\\buoi7\\Buoi7\\vendor\\laravel\\framework\\src\\Illuminate\\Database\\Connection.php(672): Illuminate\\Database\\Connection->runQueryCallback('create table `p...', Array, Object(Closure))
#1 D:\\1LuuDuLieuSV\\2001240399_TrinhHuuKienQuoc\\phplab\\buoi7\\Buoi7\\vendor\\laravel\\framework\\src\\Illuminate\\Database\\Connection.php(502): Illuminate\\Database\\Connection->run('create table `p...', Array, Object(Closure))
#2 D:\\1LuuDuLieuSV\\2001240399_TrinhHuuKienQuoc\\phplab\\buoi7\\Buoi7\\vendor\\laravel\\framework\\src\\Illuminate\\Database\\Schema\\Blueprint.php(109): Illuminate\\Database\\Connection->statement('create table `p...')
#3 D:\\1LuuDuLieuSV\\2001240399_TrinhHuuKienQuoc\\phplab\\buoi7\\Buoi7\\vendor\\laravel\\framework\\src\\Illuminate\\Database\\Schema\\Builder.php(364): Illuminate\\Database\\Schema\\Blueprint->build(Object(Illuminate\\Database\\MySqlConnection), Object(Illuminate\\Database\\Schema\\Grammars\\MySqlGrammar))
#4 D:\\1LuuDuLieuSV\\2001240399_TrinhHuuKienQuoc\\phplab\\buoi7\\Buoi7\\vendor\\laravel\\framework\\src\\Illuminate\\Database\\Schema\\Builder.php(227): Illuminate\\Database\\Schema\\Builder->build(Object(Illuminate\\Database\\Schema\\Blueprint))
#5 D:\\1LuuDuLieuSV\\2001240399_TrinhHuuKienQuoc\\phplab\\buoi7\\Buoi7\\vendor\\laravel\\framework\\src\\Illuminate\\Support\\Facades\\Facade.php(261): Illuminate\\Database\\Schema\\Builder->create('products', Object(Closure))
#6 D:\\1LuuDuLieuSV\\2001240399_TrinhHuuKienQuoc\\phplab\\buoi7\\Buoi7\\database\\migrations\\2026_09_28_062445_create_products_table.php(22): Illuminate\\Support\\Facades\\Facade::__callStatic('create', Array)
#7 D:\\1LuuDuLieuSV\\2001240399_TrinhHuuKienQuoc\\phplab\\buoi7\\Buoi7\\vendor\\laravel\\framework\\src\\Illuminate\\Database\\Migrations\\Migrator.php(472): CreateProductsTable->up()
#8 D:\\1LuuDuLieuSV\\2001240399_TrinhHuuKienQuoc\\phplab\\buoi7\\Buoi7\\vendor\\laravel\\framework\\src\\Illuminate\\Database\\Migrations\\Migrator.php(394): Illuminate\\Database\\Migrations\\Migrator->runMethod(Object(Illuminate\\Database\\MySqlConnection), Object(CreateProductsTable), 'up')
#9 D:\\1LuuDuLieuSV\\2001240399_TrinhHuuKienQuoc\\phplab\\buoi7\\Buoi7\\vendor\\laravel\\framework\\src\\Illuminate\\Database\\Migrations\\Migrator.php(403): Illuminate\\Database\\Migrations\\Migrator->Illuminate\\Database\\Migrations\\{closure}()
#10 D:\\1LuuDuLieuSV\\2001240399_TrinhHuuKienQuoc\\phplab\\buoi7\\Buoi7\\vendor\\laravel\\framework\\src\\Illuminate\\Database\\Migrations\\Migrator.php(202): Illuminate\\Database\\Migrations\\Migrator->runMigration(Object(CreateProductsTable), 'up')
#11 D:\\1LuuDuLieuSV\\2001240399_TrinhHuuKienQuoc\\phplab\\buoi7\\Buoi7\\vendor\\laravel\\framework\\src\\Illuminate\\Database\\Migrations\\Migrator.php(167): Illuminate\\Database\\Migrations\\Migrator->runUp('D:\\\\1LuuDuLieuSV...', 1, false)
#12 D:\\1LuuDuLieuSV\\2001240399_TrinhHuuKienQuoc\\phplab\\buoi7\\Buoi7\\vendor\\laravel\\framework\\src\\Illuminate\\Database\\Migrations\\Migrator.php(112): Illuminate\\Database\\Migrations\\Migrator->runPending(Array, Array)
#13 D:\\1LuuDuLieuSV\\2001240399_TrinhHuuKienQuoc\\phplab\\buoi7\\Buoi7\\vendor\\laravel\\framework\\src\\Illuminate\\Database\\Console\\Migrations\\MigrateCommand.php(86): Illuminate\\Database\\Migrations\\Migrator->run(Array, Array)
#14 D:\\1LuuDuLieuSV\\2001240399_TrinhHuuKienQuoc\\phplab\\buoi7\\Buoi7\\vendor\\laravel\\framework\\src\\Illuminate\\Database\\Migrations\\Migrator.php(606): Illuminate\\Database\\Console\\Migrations\\MigrateCommand->Illuminate\\Database\\Console\\Migrations\\{closure}()
#15 D:\\1LuuDuLieuSV\\2001240399_TrinhHuuKienQuoc\\phplab\\buoi7\\Buoi7\\vendor\\laravel\\framework\\src\\Illuminate\\Database\\Console\\Migrations\\MigrateCommand.php(98): Illuminate\\Database\\Migrations\\Migrator->usingConnection(NULL, Object(Closure))
#16 D:\\1LuuDuLieuSV\\2001240399_TrinhHuuKienQuoc\\phplab\\buoi7\\Buoi7\\vendor\\laravel\\framework\\src\\Illuminate\\Container\\BoundMethod.php(36): Illuminate\\Database\\Console\\Migrations\\MigrateCommand->handle()
#17 D:\\1LuuDuLieuSV\\2001240399_TrinhHuuKienQuoc\\phplab\\buoi7\\Buoi7\\vendor\\laravel\\framework\\src\\Illuminate\\Container\\Util.php(40): Illuminate\\Container\\BoundMethod::Illuminate\\Container\\{closure}()
#18 D:\\1LuuDuLieuSV\\2001240399_TrinhHuuKienQuoc\\phplab\\buoi7\\Buoi7\\vendor\\laravel\\framework\\src\\Illuminate\\Container\\BoundMethod.php(93): Illuminate\\Container\\Util::unwrapIfClosure(Object(Closure))
#19 D:\\1LuuDuLieuSV\\2001240399_TrinhHuuKienQuoc\\phplab\\buoi7\\Buoi7\\vendor\\laravel\\framework\\src\\Illuminate\\Container\\BoundMethod.php(37): Illuminate\\Container\\BoundMethod::callBoundMethod(Object(Illuminate\\Foundation\\Application), Array, Object(Closure))
#20 D:\\1LuuDuLieuSV\\2001240399_TrinhHuuKienQuoc\\phplab\\buoi7\\Buoi7\\vendor\\laravel\\framework\\src\\Illuminate\\Container\\Container.php(653): Illuminate\\Container\\BoundMethod::call(Object(Illuminate\\Foundation\\Application), Array, Array, NULL)
#21 D:\\1LuuDuLieuSV\\2001240399_TrinhHuuKienQuoc\\phplab\\buoi7\\Buoi7\\vendor\\laravel\\framework\\src\\Illuminate\\Console\\Command.php(136): Illuminate\\Container\\Container->call(Array)
#22 D:\\1LuuDuLieuSV\\2001240399_TrinhHuuKienQuoc\\phplab\\buoi7\\Buoi7\\vendor\\symfony\\console\\Command\\Command.php(298): Illuminate\\Console\\Command->execute(Object(Symfony\\Component\\Console\\Input\\ArrayInput), Object(Illuminate\\Console\\OutputStyle))
#23 D:\\1LuuDuLieuSV\\2001240399_TrinhHuuKienQuoc\\phplab\\buoi7\\Buoi7\\vendor\\laravel\\framework\\src\\Illuminate\\Console\\Command.php(121): Symfony\\Component\\Console\\Command\\Command->run(Object(Symfony\\Component\\Console\\Input\\ArrayInput), Object(Illuminate\\Console\\OutputStyle))
#24 D:\\1LuuDuLieuSV\\2001240399_TrinhHuuKienQuoc\\phplab\\buoi7\\Buoi7\\vendor\\laravel\\framework\\src\\Illuminate\\Console\\Concerns\\CallsCommands.php(68): Illuminate\\Console\\Command->run(Object(Symfony\\Component\\Console\\Input\\ArrayInput), Object(Illuminate\\Console\\OutputStyle))
#25 D:\\1LuuDuLieuSV\\2001240399_TrinhHuuKienQuoc\\phplab\\buoi7\\Buoi7\\vendor\\laravel\\framework\\src\\Illuminate\\Console\\Concerns\\CallsCommands.php(28): Illuminate\\Console\\Command->runCommand('migrate', Array, Object(Illuminate\\Console\\OutputStyle))
#26 D:\\1LuuDuLieuSV\\2001240399_TrinhHuuKienQuoc\\phplab\\buoi7\\Buoi7\\vendor\\laravel\\framework\\src\\Illuminate\\Database\\Console\\Migrations\\FreshCommand.php(55): Illuminate\\Console\\Command->call('migrate', Array)
#27 D:\\1LuuDuLieuSV\\2001240399_TrinhHuuKienQuoc\\phplab\\buoi7\\Buoi7\\vendor\\laravel\\framework\\src\\Illuminate\\Container\\BoundMethod.php(36): Illuminate\\Database\\Console\\Migrations\\FreshCommand->handle()
#28 D:\\1LuuDuLieuSV\\2001240399_TrinhHuuKienQuoc\\phplab\\buoi7\\Buoi7\\vendor\\laravel\\framework\\src\\Illuminate\\Container\\Util.php(40): Illuminate\\Container\\BoundMethod::Illuminate\\Container\\{closure}()
#29 D:\\1LuuDuLieuSV\\2001240399_TrinhHuuKienQuoc\\phplab\\buoi7\\Buoi7\\vendor\\laravel\\framework\\src\\Illuminate\\Container\\BoundMethod.php(93): Illuminate\\Container\\Util::unwrapIfClosure(Object(Closure))
#30 D:\\1LuuDuLieuSV\\2001240399_TrinhHuuKienQuoc\\phplab\\buoi7\\Buoi7\\vendor\\laravel\\framework\\src\\Illuminate\\Container\\BoundMethod.php(37): Illuminate\\Container\\BoundMethod::callBoundMethod(Object(Illuminate\\Foundation\\Application), Array, Object(Closure))
#31 D:\\1LuuDuLieuSV\\2001240399_TrinhHuuKienQuoc\\phplab\\buoi7\\Buoi7\\vendor\\laravel\\framework\\src\\Illuminate\\Container\\Container.php(653): Illuminate\\Container\\BoundMethod::call(Object(Illuminate\\Foundation\\Application), Array, Array, NULL)
#32 D:\\1LuuDuLieuSV\\2001240399_TrinhHuuKienQuoc\\phplab\\buoi7\\Buoi7\\vendor\\laravel\\framework\\src\\Illuminate\\Console\\Command.php(136): Illuminate\\Container\\Container->call(Array)
#33 D:\\1LuuDuLieuSV\\2001240399_TrinhHuuKienQuoc\\phplab\\buoi7\\Buoi7\\vendor\\symfony\\console\\Command\\Command.php(298): Illuminate\\Console\\Command->execute(Object(Symfony\\Component\\Console\\Input\\ArgvInput), Object(Illuminate\\Console\\OutputStyle))
#34 D:\\1LuuDuLieuSV\\2001240399_TrinhHuuKienQuoc\\phplab\\buoi7\\Buoi7\\vendor\\laravel\\framework\\src\\Illuminate\\Console\\Command.php(121): Symfony\\Component\\Console\\Command\\Command->run(Object(Symfony\\Component\\Console\\Input\\ArgvInput), Object(Illuminate\\Console\\OutputStyle))
#35 D:\\1LuuDuLieuSV\\2001240399_TrinhHuuKienQuoc\\phplab\\buoi7\\Buoi7\\vendor\\symfony\\console\\Application.php(1040): Illuminate\\Console\\Command->run(Object(Symfony\\Component\\Console\\Input\\ArgvInput), Object(Symfony\\Component\\Console\\Output\\ConsoleOutput))
#36 D:\\1LuuDuLieuSV\\2001240399_TrinhHuuKienQuoc\\phplab\\buoi7\\Buoi7\\vendor\\symfony\\console\\Application.php(301): Symfony\\Component\\Console\\Application->doRunCommand(Object(Illuminate\\Database\\Console\\Migrations\\FreshCommand), Object(Symfony\\Component\\Console\\Input\\ArgvInput), Object(Symfony\\Component\\Console\\Output\\ConsoleOutput))
#37 D:\\1LuuDuLieuSV\\2001240399_TrinhHuuKienQuoc\\phplab\\buoi7\\Buoi7\\vendor\\symfony\\console\\Application.php(171): Symfony\\Component\\Console\\Application->doRun(Object(Symfony\\Component\\Console\\Input\\ArgvInput), Object(Symfony\\Component\\Console\\Output\\ConsoleOutput))
#38 D:\\1LuuDuLieuSV\\2001240399_TrinhHuuKienQuoc\\phplab\\buoi7\\Buoi7\\vendor\\laravel\\framework\\src\\Illuminate\\Console\\Application.php(94): Symfony\\Component\\Console\\Application->run(Object(Symfony\\Component\\Console\\Input\\ArgvInput), Object(Symfony\\Component\\Console\\Output\\ConsoleOutput))
#39 D:\\1LuuDuLieuSV\\2001240399_TrinhHuuKienQuoc\\phplab\\buoi7\\Buoi7\\vendor\\laravel\\framework\\src\\Illuminate\\Foundation\\Console\\Kernel.php(129): Illuminate\\Console\\Application->run(Object(Symfony\\Component\\Console\\Input\\ArgvInput), Object(Symfony\\Component\\Console\\Output\\ConsoleOutput))
#40 D:\\1LuuDuLieuSV\\2001240399_TrinhHuuKienQuoc\\phplab\\buoi7\\Buoi7\\artisan(37): Illuminate\\Foundation\\Console\\Kernel->handle(Object(Symfony\\Component\\Console\\Input\\ArgvInput), Object(Symfony\\Component\\Console\\Output\\ConsoleOutput))
#41 {main}

[previous exception] [object] (PDOException(code: 42000): SQLSTATE[42000]: Syntax error or access violation: 1166 Incorrect column name '' at D:\\1LuuDuLieuSV\\2001240399_TrinhHuuKienQuoc\\phplab\\buoi7\\Buoi7\\vendor\\laravel\\framework\\src\\Illuminate\\Database\\Connection.php:501)
[stacktrace]
#0 D:\\1LuuDuLieuSV\\2001240399_TrinhHuuKienQuoc\\phplab\\buoi7\\Buoi7\\vendor\\laravel\\framework\\src\\Illuminate\\Database\\Connection.php(501): PDOStatement->execute()
#1 D:\\1LuuDuLieuSV\\2001240399_TrinhHuuKienQuoc\\phplab\\buoi7\\Buoi7\\vendor\\laravel\\framework\\src\\Illuminate\\Database\\Connection.php(705): Illuminate\\Database\\Connection->Illuminate\\Database\\{closure}('create table `p...', Array)
#2 D:\\1LuuDuLieuSV\\2001240399_TrinhHuuKienQuoc\\phplab\\buoi7\\Buoi7\\vendor\\laravel\\framework\\src\\Illuminate\\Database\\Connection.php(672): Illuminate\\Database\\Connection->runQueryCallback('create table `p...', Array, Object(Closure))
#3 D:\\1LuuDuLieuSV\\2001240399_TrinhHuuKienQuoc\\phplab\\buoi7\\Buoi7\\vendor\\laravel\\framework\\src\\Illuminate\\Database\\Connection.php(502): Illuminate\\Database\\Connection->run('create table `p...', Array, Object(Closure))
#4 D:\\1LuuDuLieuSV\\2001240399_TrinhHuuKienQuoc\\phplab\\buoi7\\Buoi7\\vendor\\laravel\\framework\\src\\Illuminate\\Database\\Schema\\Blueprint.php(109): Illuminate\\Database\\Connection->statement('create table `p...')
#5 D:\\1LuuDuLieuSV\\2001240399_TrinhHuuKienQuoc\\phplab\\buoi7\\Buoi7\\vendor\\laravel\\framework\\src\\Illuminate\\Database\\Schema\\Builder.php(364): Illuminate\\Database\\Schema\\Blueprint->build(Object(Illuminate\\Database\\MySqlConnection), Object(Illuminate\\Database\\Schema\\Grammars\\MySqlGrammar))
#6 D:\\1LuuDuLieuSV\\2001240399_TrinhHuuKienQuoc\\phplab\\buoi7\\Buoi7\\vendor\\laravel\\framework\\src\\Illuminate\\Database\\Schema\\Builder.php(227): Illuminate\\Database\\Schema\\Builder->build(Object(Illuminate\\Database\\Schema\\Blueprint))
#7 D:\\1LuuDuLieuSV\\2001240399_TrinhHuuKienQuoc\\phplab\\buoi7\\Buoi7\\vendor\\laravel\\framework\\src\\Illuminate\\Support\\Facades\\Facade.php(261): Illuminate\\Database\\Schema\\Builder->create('products', Object(Closure))
#8 D:\\1LuuDuLieuSV\\2001240399_TrinhHuuKienQuoc\\phplab\\buoi7\\Buoi7\\database\\migrations\\2026_09_28_062445_create_products_table.php(22): Illuminate\\Support\\Facades\\Facade::__callStatic('create', Array)
#9 D:\\1LuuDuLieuSV\\2001240399_TrinhHuuKienQuoc\\phplab\\buoi7\\Buoi7\\vendor\\laravel\\framework\\src\\Illuminate\\Database\\Migrations\\Migrator.php(472): CreateProductsTable->up()
#10 D:\\1LuuDuLieuSV\\2001240399_TrinhHuuKienQuoc\\phplab\\buoi7\\Buoi7\\vendor\\laravel\\framework\\src\\Illuminate\\Database\\Migrations\\Migrator.php(394): Illuminate\\Database\\Migrations\\Migrator->runMethod(Object(Illuminate\\Database\\MySqlConnection), Object(CreateProductsTable), 'up')
#11 D:\\1LuuDuLieuSV\\2001240399_TrinhHuuKienQuoc\\phplab\\buoi7\\Buoi7\\vendor\\laravel\\framework\\src\\Illuminate\\Database\\Migrations\\Migrator.php(403): Illuminate\\Database\\Migrations\\Migrator->Illuminate\\Database\\Migrations\\{closure}()
#12 D:\\1LuuDuLieuSV\\2001240399_TrinhHuuKienQuoc\\phplab\\buoi7\\Buoi7\\vendor\\laravel\\framework\\src\\Illuminate\\Database\\Migrations\\Migrator.php(202): Illuminate\\Database\\Migrations\\Migrator->runMigration(Object(CreateProductsTable), 'up')
#13 D:\\1LuuDuLieuSV\\2001240399_TrinhHuuKienQuoc\\phplab\\buoi7\\Buoi7\\vendor\\laravel\\framework\\src\\Illuminate\\Database\\Migrations\\Migrator.php(167): Illuminate\\Database\\Migrations\\Migrator->runUp('D:\\\\1LuuDuLieuSV...', 1, false)
#14 D:\\1LuuDuLieuSV\\2001240399_TrinhHuuKienQuoc\\phplab\\buoi7\\Buoi7\\vendor\\laravel\\framework\\src\\Illuminate\\Database\\Migrations\\Migrator.php(112): Illuminate\\Database\\Migrations\\Migrator->runPending(Array, Array)
#15 D:\\1LuuDuLieuSV\\2001240399_TrinhHuuKienQuoc\\phplab\\buoi7\\Buoi7\\vendor\\laravel\\framework\\src\\Illuminate\\Database\\Console\\Migrations\\MigrateCommand.php(86): Illuminate\\Database\\Migrations\\Migrator->run(Array, Array)
#16 D:\\1LuuDuLieuSV\\2001240399_TrinhHuuKienQuoc\\phplab\\buoi7\\Buoi7\\vendor\\laravel\\framework\\src\\Illuminate\\Database\\Migrations\\Migrator.php(606): Illuminate\\Database\\Console\\Migrations\\MigrateCommand->Illuminate\\Database\\Console\\Migrations\\{closure}()
#17 D:\\1LuuDuLieuSV\\2001240399_TrinhHuuKienQuoc\\phplab\\buoi7\\Buoi7\\vendor\\laravel\\framework\\src\\Illuminate\\Database\\Console\\Migrations\\MigrateCommand.php(98): Illuminate\\Database\\Migrations\\Migrator->usingConnection(NULL, Object(Closure))
#18 D:\\1LuuDuLieuSV\\2001240399_TrinhHuuKienQuoc\\phplab\\buoi7\\Buoi7\\vendor\\laravel\\framework\\src\\Illuminate\\Container\\BoundMethod.php(36): Illuminate\\Database\\Console\\Migrations\\MigrateCommand->handle()
#19 D:\\1LuuDuLieuSV\\2001240399_TrinhHuuKienQuoc\\phplab\\buoi7\\Buoi7\\vendor\\laravel\\framework\\src\\Illuminate\\Container\\Util.php(40): Illuminate\\Container\\BoundMethod::Illuminate\\Container\\{closure}()
#20 D:\\1LuuDuLieuSV\\2001240399_TrinhHuuKienQuoc\\phplab\\buoi7\\Buoi7\\vendor\\laravel\\framework\\src\\Illuminate\\Container\\BoundMethod.php(93): Illuminate\\Container\\Util::unwrapIfClosure(Object(Closure))
#21 D:\\1LuuDuLieuSV\\2001240399_TrinhHuuKienQuoc\\phplab\\buoi7\\Buoi7\\vendor\\laravel\\framework\\src\\Illuminate\\Container\\BoundMethod.php(37): Illuminate\\Container\\BoundMethod::callBoundMethod(Object(Illuminate\\Foundation\\Application), Array, Object(Closure))
#22 D:\\1LuuDuLieuSV\\2001240399_TrinhHuuKienQuoc\\phplab\\buoi7\\Buoi7\\vendor\\laravel\\framework\\src\\Illuminate\\Container\\Container.php(653): Illuminate\\Container\\BoundMethod::call(Object(Illuminate\\Foundation\\Application), Array, Array, NULL)
#23 D:\\1LuuDuLieuSV\\2001240399_TrinhHuuKienQuoc\\phplab\\buoi7\\Buoi7\\vendor\\laravel\\framework\\src\\Illuminate\\Console\\Command.php(136): Illuminate\\Container\\Container->call(Array)
#24 D:\\1LuuDuLieuSV\\2001240399_TrinhHuuKienQuoc\\phplab\\buoi7\\Buoi7\\vendor\\symfony\\console\\Command\\Command.php(298): Illuminate\\Console\\Command->execute(Object(Symfony\\Component\\Console\\Input\\ArrayInput), Object(Illuminate\\Console\\OutputStyle))
#25 D:\\1LuuDuLieuSV\\2001240399_TrinhHuuKienQuoc\\phplab\\buoi7\\Buoi7\\vendor\\laravel\\framework\\src\\Illuminate\\Console\\Command.php(121): Symfony\\Component\\Console\\Command\\Command->run(Object(Symfony\\Component\\Console\\Input\\ArrayInput), Object(Illuminate\\Console\\OutputStyle))
#26 D:\\1LuuDuLieuSV\\2001240399_TrinhHuuKienQuoc\\phplab\\buoi7\\Buoi7\\vendor\\laravel\\framework\\src\\Illuminate\\Console\\Concerns\\CallsCommands.php(68): Illuminate\\Console\\Command->run(Object(Symfony\\Component\\Console\\Input\\ArrayInput), Object(Illuminate\\Console\\OutputStyle))
#27 D:\\1LuuDuLieuSV\\2001240399_TrinhHuuKienQuoc\\phplab\\buoi7\\Buoi7\\vendor\\laravel\\framework\\src\\Illuminate\\Console\\Concerns\\CallsCommands.php(28): Illuminate\\Console\\Command->runCommand('migrate', Array, Object(Illuminate\\Console\\OutputStyle))
#28 D:\\1LuuDuLieuSV\\2001240399_TrinhHuuKienQuoc\\phplab\\buoi7\\Buoi7\\vendor\\laravel\\framework\\src\\Illuminate\\Database\\Console\\Migrations\\FreshCommand.php(55): Illuminate\\Console\\Command->call('migrate', Array)
#29 D:\\1LuuDuLieuSV\\2001240399_TrinhHuuKienQuoc\\phplab\\buoi7\\Buoi7\\vendor\\laravel\\framework\\src\\Illuminate\\Container\\BoundMethod.php(36): Illuminate\\Database\\Console\\Migrations\\FreshCommand->handle()
#30 D:\\1LuuDuLieuSV\\2001240399_TrinhHuuKienQuoc\\phplab\\buoi7\\Buoi7\\vendor\\laravel\\framework\\src\\Illuminate\\Container\\Util.php(40): Illuminate\\Container\\BoundMethod::Illuminate\\Container\\{closure}()
#31 D:\\1LuuDuLieuSV\\2001240399_TrinhHuuKienQuoc\\phplab\\buoi7\\Buoi7\\vendor\\laravel\\framework\\src\\Illuminate\\Container\\BoundMethod.php(93): Illuminate\\Container\\Util::unwrapIfClosure(Object(Closure))
#32 D:\\1LuuDuLieuSV\\2001240399_TrinhHuuKienQuoc\\phplab\\buoi7\\Buoi7\\vendor\\laravel\\framework\\src\\Illuminate\\Container\\BoundMethod.php(37): Illuminate\\Container\\BoundMethod::callBoundMethod(Object(Illuminate\\Foundation\\Application), Array, Object(Closure))
#33 D:\\1LuuDuLieuSV\\2001240399_TrinhHuuKienQuoc\\phplab\\buoi7\\Buoi7\\vendor\\laravel\\framework\\src\\Illuminate\\Container\\Container.php(653): Illuminate\\Container\\BoundMethod::call(Object(Illuminate\\Foundation\\Application), Array, Array, NULL)
#34 D:\\1LuuDuLieuSV\\2001240399_TrinhHuuKienQuoc\\phplab\\buoi7\\Buoi7\\vendor\\laravel\\framework\\src\\Illuminate\\Console\\Command.php(136): Illuminate\\Container\\Container->call(Array)
#35 D:\\1LuuDuLieuSV\\2001240399_TrinhHuuKienQuoc\\phplab\\buoi7\\Buoi7\\vendor\\symfony\\console\\Command\\Command.php(298): Illuminate\\Console\\Command->execute(Object(Symfony\\Component\\Console\\Input\\ArgvInput), Object(Illuminate\\Console\\OutputStyle))
#36 D:\\1LuuDuLieuSV\\2001240399_TrinhHuuKienQuoc\\phplab\\buoi7\\Buoi7\\vendor\\laravel\\framework\\src\\Illuminate\\Console\\Command.php(121): Symfony\\Component\\Console\\Command\\Command->run(Object(Symfony\\Component\\Console\\Input\\ArgvInput), Object(Illuminate\\Console\\OutputStyle))
#37 D:\\1LuuDuLieuSV\\2001240399_TrinhHuuKienQuoc\\phplab\\buoi7\\Buoi7\\vendor\\symfony\\console\\Application.php(1040): Illuminate\\Console\\Command->run(Object(Symfony\\Component\\Console\\Input\\ArgvInput), Object(Symfony\\Component\\Console\\Output\\ConsoleOutput))
#38 D:\\1LuuDuLieuSV\\2001240399_TrinhHuuKienQuoc\\phplab\\buoi7\\Buoi7\\vendor\\symfony\\console\\Application.php(301): Symfony\\Component\\Console\\Application->doRunCommand(Object(Illuminate\\Database\\Console\\Migrations\\FreshCommand), Object(Symfony\\Component\\Console\\Input\\ArgvInput), Object(Symfony\\Component\\Console\\Output\\ConsoleOutput))
#39 D:\\1LuuDuLieuSV\\2001240399_TrinhHuuKienQuoc\\phplab\\buoi7\\Buoi7\\vendor\\symfony\\console\\Application.php(171): Symfony\\Component\\Console\\Application->doRun(Object(Symfony\\Component\\Console\\Input\\ArgvInput), Object(Symfony\\Component\\Console\\Output\\ConsoleOutput))
#40 D:\\1LuuDuLieuSV\\2001240399_TrinhHuuKienQuoc\\phplab\\buoi7\\Buoi7\\vendor\\laravel\\framework\\src\\Illuminate\\Console\\Application.php(94): Symfony\\Component\\Console\\Application->run(Object(Symfony\\Component\\Console\\Input\\ArgvInput), Object(Symfony\\Component\\Console\\Output\\ConsoleOutput))
#41 D:\\1LuuDuLieuSV\\2001240399_TrinhHuuKienQuoc\\phplab\\buoi7\\Buoi7\\vendor\\laravel\\framework\\src\\Illuminate\\Foundation\\Console\\Kernel.php(129): Illuminate\\Console\\Application->run(Object(Symfony\\Component\\Console\\Input\\ArgvInput), Object(Symfony\\Component\\Console\\Output\\ConsoleOutput))
#42 D:\\1LuuDuLieuSV\\2001240399_TrinhHuuKienQuoc\\phplab\\buoi7\\Buoi7\\artisan(37): Illuminate\\Foundation\\Console\\Kernel->handle(Object(Symfony\\Component\\Console\\Input\\ArgvInput), Object(Symfony\\Component\\Console\\Output\\ConsoleOutput))
#43 {main}
"} 
[2026-09-28 06:50:32] local.ERROR: SQLSTATE[42000]: Syntax error or access violation: 1166 Incorrect column name '' (SQL: create table `products` (`id` bigint unsigned not null auto_increment primary key, `name` varchar(255) not null, `` decimal(10, 2) null, `` timestamp null) default character set utf8mb4 collate 'utf8mb4_unicode_ci') {"exception":"[object] (Illuminate\\Database\\QueryException(code: 42000): SQLSTATE[42000]: Syntax error or access violation: 1166 Incorrect column name '' (SQL: create table `products` (`id` bigint unsigned not null auto_increment primary key, `name` varchar(255) not null, `` decimal(10, 2) null, `` timestamp null) default character set utf8mb4 collate 'utf8mb4_unicode_ci') at D:\\1LuuDuLieuSV\\2001240399_TrinhHuuKienQuoc\\phplab\\buoi7\\Buoi7\\vendor\\laravel\\framework\\src\\Illuminate\\Database\\Connection.php:712)
[stacktrace]
#0 D:\\1LuuDuLieuSV\\2001240399_TrinhHuuKienQuoc\\phplab\\buoi7\\Buoi7\\vendor\\laravel\\framework\\src\\Illuminate\\Database\\Connection.php(672): Illuminate\\Database\\Connection->runQueryCallback('create table `p...', Array, Object(Closure))
#1 D:\\1LuuDuLieuSV\\2001240399_TrinhHuuKienQuoc\\phplab\\buoi7\\Buoi7\\vendor\\laravel\\framework\\src\\Illuminate\\Database\\Connection.php(502): Illuminate\\Database\\Connection->run('create table `p...', Array, Object(Closure))
#2 D:\\1LuuDuLieuSV\\2001240399_TrinhHuuKienQuoc\\phplab\\buoi7\\Buoi7\\vendor\\laravel\\framework\\src\\Illuminate\\Database\\Schema\\Blueprint.php(109): Illuminate\\Database\\Connection->statement('create table `p...')
#3 D:\\1LuuDuLieuSV\\2001240399_TrinhHuuKienQuoc\\phplab\\buoi7\\Buoi7\\vendor\\laravel\\framework\\src\\Illuminate\\Database\\Schema\\Builder.php(364): Illuminate\\Database\\Schema\\Blueprint->build(Object(Illuminate\\Database\\MySqlConnection), Object(Illuminate\\Database\\Schema\\Grammars\\MySqlGrammar))
#4 D:\\1LuuDuLieuSV\\2001240399_TrinhHuuKienQuoc\\phplab\\buoi7\\Buoi7\\vendor\\laravel\\framework\\src\\Illuminate\\Database\\Schema\\Builder.php(227): Illuminate\\Database\\Schema\\Builder->build(Object(Illuminate\\Database\\Schema\\Blueprint))
#5 D:\\1LuuDuLieuSV\\2001240399_TrinhHuuKienQuoc\\phplab\\buoi7\\Buoi7\\vendor\\laravel\\framework\\src\\Illuminate\\Support\\Facades\\Facade.php(261): Illuminate\\Database\\Schema\\Builder->create('products', Object(Closure))
#6 D:\\1LuuDuLieuSV\\2001240399_TrinhHuuKienQuoc\\phplab\\buoi7\\Buoi7\\database\\migrations\\2026_09_28_062445_create_products_table.php(22): Illuminate\\Support\\Facades\\Facade::__callStatic('create', Array)
#7 D:\\1LuuDuLieuSV\\2001240399_TrinhHuuKienQuoc\\phplab\\buoi7\\Buoi7\\vendor\\laravel\\framework\\src\\Illuminate\\Database\\Migrations\\Migrator.php(472): CreateProductsTable->up()
#8 D:\\1LuuDuLieuSV\\2001240399_TrinhHuuKienQuoc\\phplab\\buoi7\\Buoi7\\vendor\\laravel\\framework\\src\\Illuminate\\Database\\Migrations\\Migrator.php(394): Illuminate\\Database\\Migrations\\Migrator->runMethod(Object(Illuminate\\Database\\MySqlConnection), Object(CreateProductsTable), 'up')
#9 D:\\1LuuDuLieuSV\\2001240399_TrinhHuuKienQuoc\\phplab\\buoi7\\Buoi7\\vendor\\laravel\\framework\\src\\Illuminate\\Database\\Migrations\\Migrator.php(403): Illuminate\\Database\\Migrations\\Migrator->Illuminate\\Database\\Migrations\\{closure}()
#10 D:\\1LuuDuLieuSV\\2001240399_TrinhHuuKienQuoc\\phplab\\buoi7\\Buoi7\\vendor\\laravel\\framework\\src\\Illuminate\\Database\\Migrations\\Migrator.php(202): Illuminate\\Database\\Migrations\\Migrator->runMigration(Object(CreateProductsTable), 'up')
#11 D:\\1LuuDuLieuSV\\2001240399_TrinhHuuKienQuoc\\phplab\\buoi7\\Buoi7\\vendor\\laravel\\framework\\src\\Illuminate\\Database\\Migrations\\Migrator.php(167): Illuminate\\Database\\Migrations\\Migrator->runUp('D:\\\\1LuuDuLieuSV...', 1, false)
#12 D:\\1LuuDuLieuSV\\2001240399_TrinhHuuKienQuoc\\phplab\\buoi7\\Buoi7\\vendor\\laravel\\framework\\src\\Illuminate\\Database\\Migrations\\Migrator.php(112): Illuminate\\Database\\Migrations\\Migrator->runPending(Array, Array)
#13 D:\\1LuuDuLieuSV\\2001240399_TrinhHuuKienQuoc\\phplab\\buoi7\\Buoi7\\vendor\\laravel\\framework\\src\\Illuminate\\Database\\Console\\Migrations\\MigrateCommand.php(86): Illuminate\\Database\\Migrations\\Migrator->run(Array, Array)
#14 D:\\1LuuDuLieuSV\\2001240399_TrinhHuuKienQuoc\\phplab\\buoi7\\Buoi7\\vendor\\laravel\\framework\\src\\Illuminate\\Database\\Migrations\\Migrator.php(606): Illuminate\\Database\\Console\\Migrations\\MigrateCommand->Illuminate\\Database\\Console\\Migrations\\{closure}()
#15 D:\\1LuuDuLieuSV\\2001240399_TrinhHuuKienQuoc\\phplab\\buoi7\\Buoi7\\vendor\\laravel\\framework\\src\\Illuminate\\Database\\Console\\Migrations\\MigrateCommand.php(98): Illuminate\\Database\\Migrations\\Migrator->usingConnection(NULL, Object(Closure))
#16 D:\\1LuuDuLieuSV\\2001240399_TrinhHuuKienQuoc\\phplab\\buoi7\\Buoi7\\vendor\\laravel\\framework\\src\\Illuminate\\Container\\BoundMethod.php(36): Illuminate\\Database\\Console\\Migrations\\MigrateCommand->handle()
#17 D:\\1LuuDuLieuSV\\2001240399_TrinhHuuKienQuoc\\phplab\\buoi7\\Buoi7\\vendor\\laravel\\framework\\src\\Illuminate\\Container\\Util.php(40): Illuminate\\Container\\BoundMethod::Illuminate\\Container\\{closure}()
#18 D:\\1LuuDuLieuSV\\2001240399_TrinhHuuKienQuoc\\phplab\\buoi7\\Buoi7\\vendor\\laravel\\framework\\src\\Illuminate\\Container\\BoundMethod.php(93): Illuminate\\Container\\Util::unwrapIfClosure(Object(Closure))
#19 D:\\1LuuDuLieuSV\\2001240399_TrinhHuuKienQuoc\\phplab\\buoi7\\Buoi7\\vendor\\laravel\\framework\\src\\Illuminate\\Container\\BoundMethod.php(37): Illuminate\\Container\\BoundMethod::callBoundMethod(Object(Illuminate\\Foundation\\Application), Array, Object(Closure))
#20 D:\\1LuuDuLieuSV\\2001240399_TrinhHuuKienQuoc\\phplab\\buoi7\\Buoi7\\vendor\\laravel\\framework\\src\\Illuminate\\Container\\Container.php(653): Illuminate\\Container\\BoundMethod::call(Object(Illuminate\\Foundation\\Application), Array, Array, NULL)
#21 D:\\1LuuDuLieuSV\\2001240399_TrinhHuuKienQuoc\\phplab\\buoi7\\Buoi7\\vendor\\laravel\\framework\\src\\Illuminate\\Console\\Command.php(136): Illuminate\\Container\\Container->call(Array)
#22 D:\\1LuuDuLieuSV\\2001240399_TrinhHuuKienQuoc\\phplab\\buoi7\\Buoi7\\vendor\\symfony\\console\\Command\\Command.php(298): Illuminate\\Console\\Command->execute(Object(Symfony\\Component\\Console\\Input\\ArrayInput), Object(Illuminate\\Console\\OutputStyle))
#23 D:\\1LuuDuLieuSV\\2001240399_TrinhHuuKienQuoc\\phplab\\buoi7\\Buoi7\\vendor\\laravel\\framework\\src\\Illuminate\\Console\\Command.php(121): Symfony\\Component\\Console\\Command\\Command->run(Object(Symfony\\Component\\Console\\Input\\ArrayInput), Object(Illuminate\\Console\\OutputStyle))
#24 D:\\1LuuDuLieuSV\\2001240399_TrinhHuuKienQuoc\\phplab\\buoi7\\Buoi7\\vendor\\laravel\\framework\\src\\Illuminate\\Console\\Concerns\\CallsCommands.php(68): Illuminate\\Console\\Command->run(Object(Symfony\\Component\\Console\\Input\\ArrayInput), Object(Illuminate\\Console\\OutputStyle))
#25 D:\\1LuuDuLieuSV\\2001240399_TrinhHuuKienQuoc\\phplab\\buoi7\\Buoi7\\vendor\\laravel\\framework\\src\\Illuminate\\Console\\Concerns\\CallsCommands.php(28): Illuminate\\Console\\Command->runCommand('migrate', Array, Object(Illuminate\\Console\\OutputStyle))
#26 D:\\1LuuDuLieuSV\\2001240399_TrinhHuuKienQuoc\\phplab\\buoi7\\Buoi7\\vendor\\laravel\\framework\\src\\Illuminate\\Database\\Console\\Migrations\\FreshCommand.php(55): Illuminate\\Console\\Command->call('migrate', Array)
#27 D:\\1LuuDuLieuSV\\2001240399_TrinhHuuKienQuoc\\phplab\\buoi7\\Buoi7\\vendor\\laravel\\framework\\src\\Illuminate\\Container\\BoundMethod.php(36): Illuminate\\Database\\Console\\Migrations\\FreshCommand->handle()
#28 D:\\1LuuDuLieuSV\\2001240399_TrinhHuuKienQuoc\\phplab\\buoi7\\Buoi7\\vendor\\laravel\\framework\\src\\Illuminate\\Container\\Util.php(40): Illuminate\\Container\\BoundMethod::Illuminate\\Container\\{closure}()
#29 D:\\1LuuDuLieuSV\\2001240399_TrinhHuuKienQuoc\\phplab\\buoi7\\Buoi7\\vendor\\laravel\\framework\\src\\Illuminate\\Container\\BoundMethod.php(93): Illuminate\\Container\\Util::unwrapIfClosure(Object(Closure))
#30 D:\\1LuuDuLieuSV\\2001240399_TrinhHuuKienQuoc\\phplab\\buoi7\\Buoi7\\vendor\\laravel\\framework\\src\\Illuminate\\Container\\BoundMethod.php(37): Illuminate\\Container\\BoundMethod::callBoundMethod(Object(Illuminate\\Foundation\\Application), Array, Object(Closure))
#31 D:\\1LuuDuLieuSV\\2001240399_TrinhHuuKienQuoc\\phplab\\buoi7\\Buoi7\\vendor\\laravel\\framework\\src\\Illuminate\\Container\\Container.php(653): Illuminate\\Container\\BoundMethod::call(Object(Illuminate\\Foundation\\Application), Array, Array, NULL)
#32 D:\\1LuuDuLieuSV\\2001240399_TrinhHuuKienQuoc\\phplab\\buoi7\\Buoi7\\vendor\\laravel\\framework\\src\\Illuminate\\Console\\Command.php(136): Illuminate\\Container\\Container->call(Array)
#33 D:\\1LuuDuLieuSV\\2001240399_TrinhHuuKienQuoc\\phplab\\buoi7\\Buoi7\\vendor\\symfony\\console\\Command\\Command.php(298): Illuminate\\Console\\Command->execute(Object(Symfony\\Component\\Console\\Input\\ArgvInput), Object(Illuminate\\Console\\OutputStyle))
#34 D:\\1LuuDuLieuSV\\2001240399_TrinhHuuKienQuoc\\phplab\\buoi7\\Buoi7\\vendor\\laravel\\framework\\src\\Illuminate\\Console\\Command.php(121): Symfony\\Component\\Console\\Command\\Command->run(Object(Symfony\\Component\\Console\\Input\\ArgvInput), Object(Illuminate\\Console\\OutputStyle))
#35 D:\\1LuuDuLieuSV\\2001240399_TrinhHuuKienQuoc\\phplab\\buoi7\\Buoi7\\vendor\\symfony\\console\\Application.php(1040): Illuminate\\Console\\Command->run(Object(Symfony\\Component\\Console\\Input\\ArgvInput), Object(Symfony\\Component\\Console\\Output\\ConsoleOutput))
#36 D:\\1LuuDuLieuSV\\2001240399_TrinhHuuKienQuoc\\phplab\\buoi7\\Buoi7\\vendor\\symfony\\console\\Application.php(301): Symfony\\Component\\Console\\Application->doRunCommand(Object(Illuminate\\Database\\Console\\Migrations\\FreshCommand), Object(Symfony\\Component\\Console\\Input\\ArgvInput), Object(Symfony\\Component\\Console\\Output\\ConsoleOutput))
#37 D:\\1LuuDuLieuSV\\2001240399_TrinhHuuKienQuoc\\phplab\\buoi7\\Buoi7\\vendor\\symfony\\console\\Application.php(171): Symfony\\Component\\Console\\Application->doRun(Object(Symfony\\Component\\Console\\Input\\ArgvInput), Object(Symfony\\Component\\Console\\Output\\ConsoleOutput))
#38 D:\\1LuuDuLieuSV\\2001240399_TrinhHuuKienQuoc\\phplab\\buoi7\\Buoi7\\vendor\\laravel\\framework\\src\\Illuminate\\Console\\Application.php(94): Symfony\\Component\\Console\\Application->run(Object(Symfony\\Component\\Console\\Input\\ArgvInput), Object(Symfony\\Component\\Console\\Output\\ConsoleOutput))
#39 D:\\1LuuDuLieuSV\\2001240399_TrinhHuuKienQuoc\\phplab\\buoi7\\Buoi7\\vendor\\laravel\\framework\\src\\Illuminate\\Foundation\\Console\\Kernel.php(129): Illuminate\\Console\\Application->run(Object(Symfony\\Component\\Console\\Input\\ArgvInput), Object(Symfony\\Component\\Console\\Output\\ConsoleOutput))
#40 D:\\1LuuDuLieuSV\\2001240399_TrinhHuuKienQuoc\\phplab\\buoi7\\Buoi7\\artisan(37): Illuminate\\Foundation\\Console\\Kernel->handle(Object(Symfony\\Component\\Console\\Input\\ArgvInput), Object(Symfony\\Component\\Console\\Output\\ConsoleOutput))
#41 {main}

[previous exception] [object] (PDOException(code: 42000): SQLSTATE[42000]: Syntax error or access violation: 1166 Incorrect column name '' at D:\\1LuuDuLieuSV\\2001240399_TrinhHuuKienQuoc\\phplab\\buoi7\\Buoi7\\vendor\\laravel\\framework\\src\\Illuminate\\Database\\Connection.php:501)
[stacktrace]
#0 D:\\1LuuDuLieuSV\\2001240399_TrinhHuuKienQuoc\\phplab\\buoi7\\Buoi7\\vendor\\laravel\\framework\\src\\Illuminate\\Database\\Connection.php(501): PDOStatement->execute()
#1 D:\\1LuuDuLieuSV\\2001240399_TrinhHuuKienQuoc\\phplab\\buoi7\\Buoi7\\vendor\\laravel\\framework\\src\\Illuminate\\Database\\Connection.php(705): Illuminate\\Database\\Connection->Illuminate\\Database\\{closure}('create table `p...', Array)
#2 D:\\1LuuDuLieuSV\\2001240399_TrinhHuuKienQuoc\\phplab\\buoi7\\Buoi7\\vendor\\laravel\\framework\\src\\Illuminate\\Database\\Connection.php(672): Illuminate\\Database\\Connection->runQueryCallback('create table `p...', Array, Object(Closure))
#3 D:\\1LuuDuLieuSV\\2001240399_TrinhHuuKienQuoc\\phplab\\buoi7\\Buoi7\\vendor\\laravel\\framework\\src\\Illuminate\\Database\\Connection.php(502): Illuminate\\Database\\Connection->run('create table `p...', Array, Object(Closure))
#4 D:\\1LuuDuLieuSV\\2001240399_TrinhHuuKienQuoc\\phplab\\buoi7\\Buoi7\\vendor\\laravel\\framework\\src\\Illuminate\\Database\\Schema\\Blueprint.php(109): Illuminate\\Database\\Connection->statement('create table `p...')
#5 D:\\1LuuDuLieuSV\\2001240399_TrinhHuuKienQuoc\\phplab\\buoi7\\Buoi7\\vendor\\laravel\\framework\\src\\Illuminate\\Database\\Schema\\Builder.php(364): Illuminate\\Database\\Schema\\Blueprint->build(Object(Illuminate\\Database\\MySqlConnection), Object(Illuminate\\Database\\Schema\\Grammars\\MySqlGrammar))
#6 D:\\1LuuDuLieuSV\\2001240399_TrinhHuuKienQuoc\\phplab\\buoi7\\Buoi7\\vendor\\laravel\\framework\\src\\Illuminate\\Database\\Schema\\Builder.php(227): Illuminate\\Database\\Schema\\Builder->build(Object(Illuminate\\Database\\Schema\\Blueprint))
#7 D:\\1LuuDuLieuSV\\2001240399_TrinhHuuKienQuoc\\phplab\\buoi7\\Buoi7\\vendor\\laravel\\framework\\src\\Illuminate\\Support\\Facades\\Facade.php(261): Illuminate\\Database\\Schema\\Builder->create('products', Object(Closure))
#8 D:\\1LuuDuLieuSV\\2001240399_TrinhHuuKienQuoc\\phplab\\buoi7\\Buoi7\\database\\migrations\\2026_09_28_062445_create_products_table.php(22): Illuminate\\Support\\Facades\\Facade::__callStatic('create', Array)
#9 D:\\1LuuDuLieuSV\\2001240399_TrinhHuuKienQuoc\\phplab\\buoi7\\Buoi7\\vendor\\laravel\\framework\\src\\Illuminate\\Database\\Migrations\\Migrator.php(472): CreateProductsTable->up()
#10 D:\\1LuuDuLieuSV\\2001240399_TrinhHuuKienQuoc\\phplab\\buoi7\\Buoi7\\vendor\\laravel\\framework\\src\\Illuminate\\Database\\Migrations\\Migrator.php(394): Illuminate\\Database\\Migrations\\Migrator->runMethod(Object(Illuminate\\Database\\MySqlConnection), Object(CreateProductsTable), 'up')
#11 D:\\1LuuDuLieuSV\\2001240399_TrinhHuuKienQuoc\\phplab\\buoi7\\Buoi7\\vendor\\laravel\\framework\\src\\Illuminate\\Database\\Migrations\\Migrator.php(403): Illuminate\\Database\\Migrations\\Migrator->Illuminate\\Database\\Migrations\\{closure}()
#12 D:\\1LuuDuLieuSV\\2001240399_TrinhHuuKienQuoc\\phplab\\buoi7\\Buoi7\\vendor\\laravel\\framework\\src\\Illuminate\\Database\\Migrations\\Migrator.php(202): Illuminate\\Database\\Migrations\\Migrator->runMigration(Object(CreateProductsTable), 'up')
#13 D:\\1LuuDuLieuSV\\2001240399_TrinhHuuKienQuoc\\phplab\\buoi7\\Buoi7\\vendor\\laravel\\framework\\src\\Illuminate\\Database\\Migrations\\Migrator.php(167): Illuminate\\Database\\Migrations\\Migrator->runUp('D:\\\\1LuuDuLieuSV...', 1, false)
#14 D:\\1LuuDuLieuSV\\2001240399_TrinhHuuKienQuoc\\phplab\\buoi7\\Buoi7\\vendor\\laravel\\framework\\src\\Illuminate\\Database\\Migrations\\Migrator.php(112): Illuminate\\Database\\Migrations\\Migrator->runPending(Array, Array)
#15 D:\\1LuuDuLieuSV\\2001240399_TrinhHuuKienQuoc\\phplab\\buoi7\\Buoi7\\vendor\\laravel\\framework\\src\\Illuminate\\Database\\Console\\Migrations\\MigrateCommand.php(86): Illuminate\\Database\\Migrations\\Migrator->run(Array, Array)
#16 D:\\1LuuDuLieuSV\\2001240399_TrinhHuuKienQuoc\\phplab\\buoi7\\Buoi7\\vendor\\laravel\\framework\\src\\Illuminate\\Database\\Migrations\\Migrator.php(606): Illuminate\\Database\\Console\\Migrations\\MigrateCommand->Illuminate\\Database\\Console\\Migrations\\{closure}()
#17 D:\\1LuuDuLieuSV\\2001240399_TrinhHuuKienQuoc\\phplab\\buoi7\\Buoi7\\vendor\\laravel\\framework\\src\\Illuminate\\Database\\Console\\Migrations\\MigrateCommand.php(98): Illuminate\\Database\\Migrations\\Migrator->usingConnection(NULL, Object(Closure))
#18 D:\\1LuuDuLieuSV\\2001240399_TrinhHuuKienQuoc\\phplab\\buoi7\\Buoi7\\vendor\\laravel\\framework\\src\\Illuminate\\Container\\BoundMethod.php(36): Illuminate\\Database\\Console\\Migrations\\MigrateCommand->handle()
#19 D:\\1LuuDuLieuSV\\2001240399_TrinhHuuKienQuoc\\phplab\\buoi7\\Buoi7\\vendor\\laravel\\framework\\src\\Illuminate\\Container\\Util.php(40): Illuminate\\Container\\BoundMethod::Illuminate\\Container\\{closure}()
#20 D:\\1LuuDuLieuSV\\2001240399_TrinhHuuKienQuoc\\phplab\\buoi7\\Buoi7\\vendor\\laravel\\framework\\src\\Illuminate\\Container\\BoundMethod.php(93): Illuminate\\Container\\Util::unwrapIfClosure(Object(Closure))
#21 D:\\1LuuDuLieuSV\\2001240399_TrinhHuuKienQuoc\\phplab\\buoi7\\Buoi7\\vendor\\laravel\\framework\\src\\Illuminate\\Container\\BoundMethod.php(37): Illuminate\\Container\\BoundMethod::callBoundMethod(Object(Illuminate\\Foundation\\Application), Array, Object(Closure))
#22 D:\\1LuuDuLieuSV\\2001240399_TrinhHuuKienQuoc\\phplab\\buoi7\\Buoi7\\vendor\\laravel\\framework\\src\\Illuminate\\Container\\Container.php(653): Illuminate\\Container\\BoundMethod::call(Object(Illuminate\\Foundation\\Application), Array, Array, NULL)
#23 D:\\1LuuDuLieuSV\\2001240399_TrinhHuuKienQuoc\\phplab\\buoi7\\Buoi7\\vendor\\laravel\\framework\\src\\Illuminate\\Console\\Command.php(136): Illuminate\\Container\\Container->call(Array)
#24 D:\\1LuuDuLieuSV\\2001240399_TrinhHuuKienQuoc\\phplab\\buoi7\\Buoi7\\vendor\\symfony\\console\\Command\\Command.php(298): Illuminate\\Console\\Command->execute(Object(Symfony\\Component\\Console\\Input\\ArrayInput), Object(Illuminate\\Console\\OutputStyle))
#25 D:\\1LuuDuLieuSV\\2001240399_TrinhHuuKienQuoc\\phplab\\buoi7\\Buoi7\\vendor\\laravel\\framework\\src\\Illuminate\\Console\\Command.php(121): Symfony\\Component\\Console\\Command\\Command->run(Object(Symfony\\Component\\Console\\Input\\ArrayInput), Object(Illuminate\\Console\\OutputStyle))
#26 D:\\1LuuDuLieuSV\\2001240399_TrinhHuuKienQuoc\\phplab\\buoi7\\Buoi7\\vendor\\laravel\\framework\\src\\Illuminate\\Console\\Concerns\\CallsCommands.php(68): Illuminate\\Console\\Command->run(Object(Symfony\\Component\\Console\\Input\\ArrayInput), Object(Illuminate\\Console\\OutputStyle))
#27 D:\\1LuuDuLieuSV\\2001240399_TrinhHuuKienQuoc\\phplab\\buoi7\\Buoi7\\vendor\\laravel\\framework\\src\\Illuminate\\Console\\Concerns\\CallsCommands.php(28): Illuminate\\Console\\Command->runCommand('migrate', Array, Object(Illuminate\\Console\\OutputStyle))
#28 D:\\1LuuDuLieuSV\\2001240399_TrinhHuuKienQuoc\\phplab\\buoi7\\Buoi7\\vendor\\laravel\\framework\\src\\Illuminate\\Database\\Console\\Migrations\\FreshCommand.php(55): Illuminate\\Console\\Command->call('migrate', Array)
#29 D:\\1LuuDuLieuSV\\2001240399_TrinhHuuKienQuoc\\phplab\\buoi7\\Buoi7\\vendor\\laravel\\framework\\src\\Illuminate\\Container\\BoundMethod.php(36): Illuminate\\Database\\Console\\Migrations\\FreshCommand->handle()
#30 D:\\1LuuDuLieuSV\\2001240399_TrinhHuuKienQuoc\\phplab\\buoi7\\Buoi7\\vendor\\laravel\\framework\\src\\Illuminate\\Container\\Util.php(40): Illuminate\\Container\\BoundMethod::Illuminate\\Container\\{closure}()
#31 D:\\1LuuDuLieuSV\\2001240399_TrinhHuuKienQuoc\\phplab\\buoi7\\Buoi7\\vendor\\laravel\\framework\\src\\Illuminate\\Container\\BoundMethod.php(93): Illuminate\\Container\\Util::unwrapIfClosure(Object(Closure))
#32 D:\\1LuuDuLieuSV\\2001240399_TrinhHuuKienQuoc\\phplab\\buoi7\\Buoi7\\vendor\\laravel\\framework\\src\\Illuminate\\Container\\BoundMethod.php(37): Illuminate\\Container\\BoundMethod::callBoundMethod(Object(Illuminate\\Foundation\\Application), Array, Object(Closure))
#33 D:\\1LuuDuLieuSV\\2001240399_TrinhHuuKienQuoc\\phplab\\buoi7\\Buoi7\\vendor\\laravel\\framework\\src\\Illuminate\\Container\\Container.php(653): Illuminate\\Container\\BoundMethod::call(Object(Illuminate\\Foundation\\Application), Array, Array, NULL)
#34 D:\\1LuuDuLieuSV\\2001240399_TrinhHuuKienQuoc\\phplab\\buoi7\\Buoi7\\vendor\\laravel\\framework\\src\\Illuminate\\Console\\Command.php(136): Illuminate\\Container\\Container->call(Array)
#35 D:\\1LuuDuLieuSV\\2001240399_TrinhHuuKienQuoc\\phplab\\buoi7\\Buoi7\\vendor\\symfony\\console\\Command\\Command.php(298): Illuminate\\Console\\Command->execute(Object(Symfony\\Component\\Console\\Input\\ArgvInput), Object(Illuminate\\Console\\OutputStyle))
#36 D:\\1LuuDuLieuSV\\2001240399_TrinhHuuKienQuoc\\phplab\\buoi7\\Buoi7\\vendor\\laravel\\framework\\src\\Illuminate\\Console\\Command.php(121): Symfony\\Component\\Console\\Command\\Command->run(Object(Symfony\\Component\\Console\\Input\\ArgvInput), Object(Illuminate\\Console\\OutputStyle))
#37 D:\\1LuuDuLieuSV\\2001240399_TrinhHuuKienQuoc\\phplab\\buoi7\\Buoi7\\vendor\\symfony\\console\\Application.php(1040): Illuminate\\Console\\Command->run(Object(Symfony\\Component\\Console\\Input\\ArgvInput), Object(Symfony\\Component\\Console\\Output\\ConsoleOutput))
#38 D:\\1LuuDuLieuSV\\2001240399_TrinhHuuKienQuoc\\phplab\\buoi7\\Buoi7\\vendor\\symfony\\console\\Application.php(301): Symfony\\Component\\Console\\Application->doRunCommand(Object(Illuminate\\Database\\Console\\Migrations\\FreshCommand), Object(Symfony\\Component\\Console\\Input\\ArgvInput), Object(Symfony\\Component\\Console\\Output\\ConsoleOutput))
#39 D:\\1LuuDuLieuSV\\2001240399_TrinhHuuKienQuoc\\phplab\\buoi7\\Buoi7\\vendor\\symfony\\console\\Application.php(171): Symfony\\Component\\Console\\Application->doRun(Object(Symfony\\Component\\Console\\Input\\ArgvInput), Object(Symfony\\Component\\Console\\Output\\ConsoleOutput))
#40 D:\\1LuuDuLieuSV\\2001240399_TrinhHuuKienQuoc\\phplab\\buoi7\\Buoi7\\vendor\\laravel\\framework\\src\\Illuminate\\Console\\Application.php(94): Symfony\\Component\\Console\\Application->run(Object(Symfony\\Component\\Console\\Input\\ArgvInput), Object(Symfony\\Component\\Console\\Output\\ConsoleOutput))
#41 D:\\1LuuDuLieuSV\\2001240399_TrinhHuuKienQuoc\\phplab\\buoi7\\Buoi7\\vendor\\laravel\\framework\\src\\Illuminate\\Foundation\\Console\\Kernel.php(129): Illuminate\\Console\\Application->run(Object(Symfony\\Component\\Console\\Input\\ArgvInput), Object(Symfony\\Component\\Console\\Output\\ConsoleOutput))
#42 D:\\1LuuDuLieuSV\\2001240399_TrinhHuuKienQuoc\\phplab\\buoi7\\Buoi7\\artisan(37): Illuminate\\Foundation\\Console\\Kernel->handle(Object(Symfony\\Component\\Console\\Input\\ArgvInput), Object(Symfony\\Component\\Console\\Output\\ConsoleOutput))
#43 {main}
"} 
[2026-09-28 06:53:59] local.ERROR: SQLSTATE[42000]: Syntax error or access violation: 1166 Incorrect column name '' (SQL: create table `products` (`id` bigint unsigned not null auto_increment primary key, `name` varchar(255) not null, `price` decimal(10, 2) null, `category_id` bigint unsigned not null, `` timestamp null) default character set utf8mb4 collate 'utf8mb4_unicode_ci') {"exception":"[object] (Illuminate\\Database\\QueryException(code: 42000): SQLSTATE[42000]: Syntax error or access violation: 1166 Incorrect column name '' (SQL: create table `products` (`id` bigint unsigned not null auto_increment primary key, `name` varchar(255) not null, `price` decimal(10, 2) null, `category_id` bigint unsigned not null, `` timestamp null) default character set utf8mb4 collate 'utf8mb4_unicode_ci') at D:\\1LuuDuLieuSV\\2001240399_TrinhHuuKienQuoc\\phplab\\buoi7\\Buoi7\\vendor\\laravel\\framework\\src\\Illuminate\\Database\\Connection.php:712)
[stacktrace]
#0 D:\\1LuuDuLieuSV\\2001240399_TrinhHuuKienQuoc\\phplab\\buoi7\\Buoi7\\vendor\\laravel\\framework\\src\\Illuminate\\Database\\Connection.php(672): Illuminate\\Database\\Connection->runQueryCallback('create table `p...', Array, Object(Closure))
#1 D:\\1LuuDuLieuSV\\2001240399_TrinhHuuKienQuoc\\phplab\\buoi7\\Buoi7\\vendor\\laravel\\framework\\src\\Illuminate\\Database\\Connection.php(502): Illuminate\\Database\\Connection->run('create table `p...', Array, Object(Closure))
#2 D:\\1LuuDuLieuSV\\2001240399_TrinhHuuKienQuoc\\phplab\\buoi7\\Buoi7\\vendor\\laravel\\framework\\src\\Illuminate\\Database\\Schema\\Blueprint.php(109): Illuminate\\Database\\Connection->statement('create table `p...')
#3 D:\\1LuuDuLieuSV\\2001240399_TrinhHuuKienQuoc\\phplab\\buoi7\\Buoi7\\vendor\\laravel\\framework\\src\\Illuminate\\Database\\Schema\\Builder.php(364): Illuminate\\Database\\Schema\\Blueprint->build(Object(Illuminate\\Database\\MySqlConnection), Object(Illuminate\\Database\\Schema\\Grammars\\MySqlGrammar))
#4 D:\\1LuuDuLieuSV\\2001240399_TrinhHuuKienQuoc\\phplab\\buoi7\\Buoi7\\vendor\\laravel\\framework\\src\\Illuminate\\Database\\Schema\\Builder.php(227): Illuminate\\Database\\Schema\\Builder->build(Object(Illuminate\\Database\\Schema\\Blueprint))
#5 D:\\1LuuDuLieuSV\\2001240399_TrinhHuuKienQuoc\\phplab\\buoi7\\Buoi7\\vendor\\laravel\\framework\\src\\Illuminate\\Support\\Facades\\Facade.php(261): Illuminate\\Database\\Schema\\Builder->create('products', Object(Closure))
#6 D:\\1LuuDuLieuSV\\2001240399_TrinhHuuKienQuoc\\phplab\\buoi7\\Buoi7\\database\\migrations\\2026_09_28_062445_create_products_table.php(22): Illuminate\\Support\\Facades\\Facade::__callStatic('create', Array)
#7 D:\\1LuuDuLieuSV\\2001240399_TrinhHuuKienQuoc\\phplab\\buoi7\\Buoi7\\vendor\\laravel\\framework\\src\\Illuminate\\Database\\Migrations\\Migrator.php(472): CreateProductsTable->up()
#8 D:\\1LuuDuLieuSV\\2001240399_TrinhHuuKienQuoc\\phplab\\buoi7\\Buoi7\\vendor\\laravel\\framework\\src\\Illuminate\\Database\\Migrations\\Migrator.php(394): Illuminate\\Database\\Migrations\\Migrator->runMethod(Object(Illuminate\\Database\\MySqlConnection), Object(CreateProductsTable), 'up')
#9 D:\\1LuuDuLieuSV\\2001240399_TrinhHuuKienQuoc\\phplab\\buoi7\\Buoi7\\vendor\\laravel\\framework\\src\\Illuminate\\Database\\Migrations\\Migrator.php(403): Illuminate\\Database\\Migrations\\Migrator->Illuminate\\Database\\Migrations\\{closure}()
#10 D:\\1LuuDuLieuSV\\2001240399_TrinhHuuKienQuoc\\phplab\\buoi7\\Buoi7\\vendor\\laravel\\framework\\src\\Illuminate\\Database\\Migrations\\Migrator.php(202): Illuminate\\Database\\Migrations\\Migrator->runMigration(Object(CreateProductsTable), 'up')
#11 D:\\1LuuDuLieuSV\\2001240399_TrinhHuuKienQuoc\\phplab\\buoi7\\Buoi7\\vendor\\laravel\\framework\\src\\Illuminate\\Database\\Migrations\\Migrator.php(167): Illuminate\\Database\\Migrations\\Migrator->runUp('D:\\\\1LuuDuLieuSV...', 1, false)
#12 D:\\1LuuDuLieuSV\\2001240399_TrinhHuuKienQuoc\\phplab\\buoi7\\Buoi7\\vendor\\laravel\\framework\\src\\Illuminate\\Database\\Migrations\\Migrator.php(112): Illuminate\\Database\\Migrations\\Migrator->runPending(Array, Array)
#13 D:\\1LuuDuLieuSV\\2001240399_TrinhHuuKienQuoc\\phplab\\buoi7\\Buoi7\\vendor\\laravel\\framework\\src\\Illuminate\\Database\\Console\\Migrations\\MigrateCommand.php(86): Illuminate\\Database\\Migrations\\Migrator->run(Array, Array)
#14 D:\\1LuuDuLieuSV\\2001240399_TrinhHuuKienQuoc\\phplab\\buoi7\\Buoi7\\vendor\\laravel\\framework\\src\\Illuminate\\Database\\Migrations\\Migrator.php(606): Illuminate\\Database\\Console\\Migrations\\MigrateCommand->Illuminate\\Database\\Console\\Migrations\\{closure}()
#15 D:\\1LuuDuLieuSV\\2001240399_TrinhHuuKienQuoc\\phplab\\buoi7\\Buoi7\\vendor\\laravel\\framework\\src\\Illuminate\\Database\\Console\\Migrations\\MigrateCommand.php(98): Illuminate\\Database\\Migrations\\Migrator->usingConnection(NULL, Object(Closure))
#16 D:\\1LuuDuLieuSV\\2001240399_TrinhHuuKienQuoc\\phplab\\buoi7\\Buoi7\\vendor\\laravel\\framework\\src\\Illuminate\\Container\\BoundMethod.php(36): Illuminate\\Database\\Console\\Migrations\\MigrateCommand->handle()
#17 D:\\1LuuDuLieuSV\\2001240399_TrinhHuuKienQuoc\\phplab\\buoi7\\Buoi7\\vendor\\laravel\\framework\\src\\Illuminate\\Container\\Util.php(40): Illuminate\\Container\\BoundMethod::Illuminate\\Container\\{closure}()
#18 D:\\1LuuDuLieuSV\\2001240399_TrinhHuuKienQuoc\\phplab\\buoi7\\Buoi7\\vendor\\laravel\\framework\\src\\Illuminate\\Container\\BoundMethod.php(93): Illuminate\\Container\\Util::unwrapIfClosure(Object(Closure))
#19 D:\\1LuuDuLieuSV\\2001240399_TrinhHuuKienQuoc\\phplab\\buoi7\\Buoi7\\vendor\\laravel\\framework\\src\\Illuminate\\Container\\BoundMethod.php(37): Illuminate\\Container\\BoundMethod::callBoundMethod(Object(Illuminate\\Foundation\\Application), Array, Object(Closure))
#20 D:\\1LuuDuLieuSV\\2001240399_TrinhHuuKienQuoc\\phplab\\buoi7\\Buoi7\\vendor\\laravel\\framework\\src\\Illuminate\\Container\\Container.php(653): Illuminate\\Container\\BoundMethod::call(Object(Illuminate\\Foundation\\Application), Array, Array, NULL)
#21 D:\\1LuuDuLieuSV\\2001240399_TrinhHuuKienQuoc\\phplab\\buoi7\\Buoi7\\vendor\\laravel\\framework\\src\\Illuminate\\Console\\Command.php(136): Illuminate\\Container\\Container->call(Array)
#22 D:\\1LuuDuLieuSV\\2001240399_TrinhHuuKienQuoc\\phplab\\buoi7\\Buoi7\\vendor\\symfony\\console\\Command\\Command.php(298): Illuminate\\Console\\Command->execute(Object(Symfony\\Component\\Console\\Input\\ArrayInput), Object(Illuminate\\Console\\OutputStyle))
#23 D:\\1LuuDuLieuSV\\2001240399_TrinhHuuKienQuoc\\phplab\\buoi7\\Buoi7\\vendor\\laravel\\framework\\src\\Illuminate\\Console\\Command.php(121): Symfony\\Component\\Console\\Command\\Command->run(Object(Symfony\\Component\\Console\\Input\\ArrayInput), Object(Illuminate\\Console\\OutputStyle))
#24 D:\\1LuuDuLieuSV\\2001240399_TrinhHuuKienQuoc\\phplab\\buoi7\\Buoi7\\vendor\\laravel\\framework\\src\\Illuminate\\Console\\Concerns\\CallsCommands.php(68): Illuminate\\Console\\Command->run(Object(Symfony\\Component\\Console\\Input\\ArrayInput), Object(Illuminate\\Console\\OutputStyle))
#25 D:\\1LuuDuLieuSV\\2001240399_TrinhHuuKienQuoc\\phplab\\buoi7\\Buoi7\\vendor\\laravel\\framework\\src\\Illuminate\\Console\\Concerns\\CallsCommands.php(28): Illuminate\\Console\\Command->runCommand('migrate', Array, Object(Illuminate\\Console\\OutputStyle))
#26 D:\\1LuuDuLieuSV\\2001240399_TrinhHuuKienQuoc\\phplab\\buoi7\\Buoi7\\vendor\\laravel\\framework\\src\\Illuminate\\Database\\Console\\Migrations\\FreshCommand.php(55): Illuminate\\Console\\Command->call('migrate', Array)
#27 D:\\1LuuDuLieuSV\\2001240399_TrinhHuuKienQuoc\\phplab\\buoi7\\Buoi7\\vendor\\laravel\\framework\\src\\Illuminate\\Container\\BoundMethod.php(36): Illuminate\\Database\\Console\\Migrations\\FreshCommand->handle()
#28 D:\\1LuuDuLieuSV\\2001240399_TrinhHuuKienQuoc\\phplab\\buoi7\\Buoi7\\vendor\\laravel\\framework\\src\\Illuminate\\Container\\Util.php(40): Illuminate\\Container\\BoundMethod::Illuminate\\Container\\{closure}()
#29 D:\\1LuuDuLieuSV\\2001240399_TrinhHuuKienQuoc\\phplab\\buoi7\\Buoi7\\vendor\\laravel\\framework\\src\\Illuminate\\Container\\BoundMethod.php(93): Illuminate\\Container\\Util::unwrapIfClosure(Object(Closure))
#30 D:\\1LuuDuLieuSV\\2001240399_TrinhHuuKienQuoc\\phplab\\buoi7\\Buoi7\\vendor\\laravel\\framework\\src\\Illuminate\\Container\\BoundMethod.php(37): Illuminate\\Container\\BoundMethod::callBoundMethod(Object(Illuminate\\Foundation\\Application), Array, Object(Closure))
#31 D:\\1LuuDuLieuSV\\2001240399_TrinhHuuKienQuoc\\phplab\\buoi7\\Buoi7\\vendor\\laravel\\framework\\src\\Illuminate\\Container\\Container.php(653): Illuminate\\Container\\BoundMethod::call(Object(Illuminate\\Foundation\\Application), Array, Array, NULL)
#32 D:\\1LuuDuLieuSV\\2001240399_TrinhHuuKienQuoc\\phplab\\buoi7\\Buoi7\\vendor\\laravel\\framework\\src\\Illuminate\\Console\\Command.php(136): Illuminate\\Container\\Container->call(Array)
#33 D:\\1LuuDuLieuSV\\2001240399_TrinhHuuKienQuoc\\phplab\\buoi7\\Buoi7\\vendor\\symfony\\console\\Command\\Command.php(298): Illuminate\\Console\\Command->execute(Object(Symfony\\Component\\Console\\Input\\ArgvInput), Object(Illuminate\\Console\\OutputStyle))
#34 D:\\1LuuDuLieuSV\\2001240399_TrinhHuuKienQuoc\\phplab\\buoi7\\Buoi7\\vendor\\laravel\\framework\\src\\Illuminate\\Console\\Command.php(121): Symfony\\Component\\Console\\Command\\Command->run(Object(Symfony\\Component\\Console\\Input\\ArgvInput), Object(Illuminate\\Console\\OutputStyle))
#35 D:\\1LuuDuLieuSV\\2001240399_TrinhHuuKienQuoc\\phplab\\buoi7\\Buoi7\\vendor\\symfony\\console\\Application.php(1040): Illuminate\\Console\\Command->run(Object(Symfony\\Component\\Console\\Input\\ArgvInput), Object(Symfony\\Component\\Console\\Output\\ConsoleOutput))
#36 D:\\1LuuDuLieuSV\\2001240399_TrinhHuuKienQuoc\\phplab\\buoi7\\Buoi7\\vendor\\symfony\\console\\Application.php(301): Symfony\\Component\\Console\\Application->doRunCommand(Object(Illuminate\\Database\\Console\\Migrations\\FreshCommand), Object(Symfony\\Component\\Console\\Input\\ArgvInput), Object(Symfony\\Component\\Console\\Output\\ConsoleOutput))
#37 D:\\1LuuDuLieuSV\\2001240399_TrinhHuuKienQuoc\\phplab\\buoi7\\Buoi7\\vendor\\symfony\\console\\Application.php(171): Symfony\\Component\\Console\\Application->doRun(Object(Symfony\\Component\\Console\\Input\\ArgvInput), Object(Symfony\\Component\\Console\\Output\\ConsoleOutput))
#38 D:\\1LuuDuLieuSV\\2001240399_TrinhHuuKienQuoc\\phplab\\buoi7\\Buoi7\\vendor\\laravel\\framework\\src\\Illuminate\\Console\\Application.php(94): Symfony\\Component\\Console\\Application->run(Object(Symfony\\Component\\Console\\Input\\ArgvInput), Object(Symfony\\Component\\Console\\Output\\ConsoleOutput))
#39 D:\\1LuuDuLieuSV\\2001240399_TrinhHuuKienQuoc\\phplab\\buoi7\\Buoi7\\vendor\\laravel\\framework\\src\\Illuminate\\Foundation\\Console\\Kernel.php(129): Illuminate\\Console\\Application->run(Object(Symfony\\Component\\Console\\Input\\ArgvInput), Object(Symfony\\Component\\Console\\Output\\ConsoleOutput))
#40 D:\\1LuuDuLieuSV\\2001240399_TrinhHuuKienQuoc\\phplab\\buoi7\\Buoi7\\artisan(37): Illuminate\\Foundation\\Console\\Kernel->handle(Object(Symfony\\Component\\Console\\Input\\ArgvInput), Object(Symfony\\Component\\Console\\Output\\ConsoleOutput))
#41 {main}

[previous exception] [object] (PDOException(code: 42000): SQLSTATE[42000]: Syntax error or access violation: 1166 Incorrect column name '' at D:\\1LuuDuLieuSV\\2001240399_TrinhHuuKienQuoc\\phplab\\buoi7\\Buoi7\\vendor\\laravel\\framework\\src\\Illuminate\\Database\\Connection.php:501)
[stacktrace]
#0 D:\\1LuuDuLieuSV\\2001240399_TrinhHuuKienQuoc\\phplab\\buoi7\\Buoi7\\vendor\\laravel\\framework\\src\\Illuminate\\Database\\Connection.php(501): PDOStatement->execute()
#1 D:\\1LuuDuLieuSV\\2001240399_TrinhHuuKienQuoc\\phplab\\buoi7\\Buoi7\\vendor\\laravel\\framework\\src\\Illuminate\\Database\\Connection.php(705): Illuminate\\Database\\Connection->Illuminate\\Database\\{closure}('create table `p...', Array)
#2 D:\\1LuuDuLieuSV\\2001240399_TrinhHuuKienQuoc\\phplab\\buoi7\\Buoi7\\vendor\\laravel\\framework\\src\\Illuminate\\Database\\Connection.php(672): Illuminate\\Database\\Connection->runQueryCallback('create table `p...', Array, Object(Closure))
#3 D:\\1LuuDuLieuSV\\2001240399_TrinhHuuKienQuoc\\phplab\\buoi7\\Buoi7\\vendor\\laravel\\framework\\src\\Illuminate\\Database\\Connection.php(502): Illuminate\\Database\\Connection->run('create table `p...', Array, Object(Closure))
#4 D:\\1LuuDuLieuSV\\2001240399_TrinhHuuKienQuoc\\phplab\\buoi7\\Buoi7\\vendor\\laravel\\framework\\src\\Illuminate\\Database\\Schema\\Blueprint.php(109): Illuminate\\Database\\Connection->statement('create table `p...')
#5 D:\\1LuuDuLieuSV\\2001240399_TrinhHuuKienQuoc\\phplab\\buoi7\\Buoi7\\vendor\\laravel\\framework\\src\\Illuminate\\Database\\Schema\\Builder.php(364): Illuminate\\Database\\Schema\\Blueprint->build(Object(Illuminate\\Database\\MySqlConnection), Object(Illuminate\\Database\\Schema\\Grammars\\MySqlGrammar))
#6 D:\\1LuuDuLieuSV\\2001240399_TrinhHuuKienQuoc\\phplab\\buoi7\\Buoi7\\vendor\\laravel\\framework\\src\\Illuminate\\Database\\Schema\\Builder.php(227): Illuminate\\Database\\Schema\\Builder->build(Object(Illuminate\\Database\\Schema\\Blueprint))
#7 D:\\1LuuDuLieuSV\\2001240399_TrinhHuuKienQuoc\\phplab\\buoi7\\Buoi7\\vendor\\laravel\\framework\\src\\Illuminate\\Support\\Facades\\Facade.php(261): Illuminate\\Database\\Schema\\Builder->create('products', Object(Closure))
#8 D:\\1LuuDuLieuSV\\2001240399_TrinhHuuKienQuoc\\phplab\\buoi7\\Buoi7\\database\\migrations\\2026_09_28_062445_create_products_table.php(22): Illuminate\\Support\\Facades\\Facade::__callStatic('create', Array)
#9 D:\\1LuuDuLieuSV\\2001240399_TrinhHuuKienQuoc\\phplab\\buoi7\\Buoi7\\vendor\\laravel\\framework\\src\\Illuminate\\Database\\Migrations\\Migrator.php(472): CreateProductsTable->up()
#10 D:\\1LuuDuLieuSV\\2001240399_TrinhHuuKienQuoc\\phplab\\buoi7\\Buoi7\\vendor\\laravel\\framework\\src\\Illuminate\\Database\\Migrations\\Migrator.php(394): Illuminate\\Database\\Migrations\\Migrator->runMethod(Object(Illuminate\\Database\\MySqlConnection), Object(CreateProductsTable), 'up')
#11 D:\\1LuuDuLieuSV\\2001240399_TrinhHuuKienQuoc\\phplab\\buoi7\\Buoi7\\vendor\\laravel\\framework\\src\\Illuminate\\Database\\Migrations\\Migrator.php(403): Illuminate\\Database\\Migrations\\Migrator->Illuminate\\Database\\Migrations\\{closure}()
#12 D:\\1LuuDuLieuSV\\2001240399_TrinhHuuKienQuoc\\phplab\\buoi7\\Buoi7\\vendor\\laravel\\framework\\src\\Illuminate\\Database\\Migrations\\Migrator.php(202): Illuminate\\Database\\Migrations\\Migrator->runMigration(Object(CreateProductsTable), 'up')
#13 D:\\1LuuDuLieuSV\\2001240399_TrinhHuuKienQuoc\\phplab\\buoi7\\Buoi7\\vendor\\laravel\\framework\\src\\Illuminate\\Database\\Migrations\\Migrator.php(167): Illuminate\\Database\\Migrations\\Migrator->runUp('D:\\\\1LuuDuLieuSV...', 1, false)
#14 D:\\1LuuDuLieuSV\\2001240399_TrinhHuuKienQuoc\\phplab\\buoi7\\Buoi7\\vendor\\laravel\\framework\\src\\Illuminate\\Database\\Migrations\\Migrator.php(112): Illuminate\\Database\\Migrations\\Migrator->runPending(Array, Array)
#15 D:\\1LuuDuLieuSV\\2001240399_TrinhHuuKienQuoc\\phplab\\buoi7\\Buoi7\\vendor\\laravel\\framework\\src\\Illuminate\\Database\\Console\\Migrations\\MigrateCommand.php(86): Illuminate\\Database\\Migrations\\Migrator->run(Array, Array)
#16 D:\\1LuuDuLieuSV\\2001240399_TrinhHuuKienQuoc\\phplab\\buoi7\\Buoi7\\vendor\\laravel\\framework\\src\\Illuminate\\Database\\Migrations\\Migrator.php(606): Illuminate\\Database\\Console\\Migrations\\MigrateCommand->Illuminate\\Database\\Console\\Migrations\\{closure}()
#17 D:\\1LuuDuLieuSV\\2001240399_TrinhHuuKienQuoc\\phplab\\buoi7\\Buoi7\\vendor\\laravel\\framework\\src\\Illuminate\\Database\\Console\\Migrations\\MigrateCommand.php(98): Illuminate\\Database\\Migrations\\Migrator->usingConnection(NULL, Object(Closure))
#18 D:\\1LuuDuLieuSV\\2001240399_TrinhHuuKienQuoc\\phplab\\buoi7\\Buoi7\\vendor\\laravel\\framework\\src\\Illuminate\\Container\\BoundMethod.php(36): Illuminate\\Database\\Console\\Migrations\\MigrateCommand->handle()
#19 D:\\1LuuDuLieuSV\\2001240399_TrinhHuuKienQuoc\\phplab\\buoi7\\Buoi7\\vendor\\laravel\\framework\\src\\Illuminate\\Container\\Util.php(40): Illuminate\\Container\\BoundMethod::Illuminate\\Container\\{closure}()
#20 D:\\1LuuDuLieuSV\\2001240399_TrinhHuuKienQuoc\\phplab\\buoi7\\Buoi7\\vendor\\laravel\\framework\\src\\Illuminate\\Container\\BoundMethod.php(93): Illuminate\\Container\\Util::unwrapIfClosure(Object(Closure))
#21 D:\\1LuuDuLieuSV\\2001240399_TrinhHuuKienQuoc\\phplab\\buoi7\\Buoi7\\vendor\\laravel\\framework\\src\\Illuminate\\Container\\BoundMethod.php(37): Illuminate\\Container\\BoundMethod::callBoundMethod(Object(Illuminate\\Foundation\\Application), Array, Object(Closure))
#22 D:\\1LuuDuLieuSV\\2001240399_TrinhHuuKienQuoc\\phplab\\buoi7\\Buoi7\\vendor\\laravel\\framework\\src\\Illuminate\\Container\\Container.php(653): Illuminate\\Container\\BoundMethod::call(Object(Illuminate\\Foundation\\Application), Array, Array, NULL)
#23 D:\\1LuuDuLieuSV\\2001240399_TrinhHuuKienQuoc\\phplab\\buoi7\\Buoi7\\vendor\\laravel\\framework\\src\\Illuminate\\Console\\Command.php(136): Illuminate\\Container\\Container->call(Array)
#24 D:\\1LuuDuLieuSV\\2001240399_TrinhHuuKienQuoc\\phplab\\buoi7\\Buoi7\\vendor\\symfony\\console\\Command\\Command.php(298): Illuminate\\Console\\Command->execute(Object(Symfony\\Component\\Console\\Input\\ArrayInput), Object(Illuminate\\Console\\OutputStyle))
#25 D:\\1LuuDuLieuSV\\2001240399_TrinhHuuKienQuoc\\phplab\\buoi7\\Buoi7\\vendor\\laravel\\framework\\src\\Illuminate\\Console\\Command.php(121): Symfony\\Component\\Console\\Command\\Command->run(Object(Symfony\\Component\\Console\\Input\\ArrayInput), Object(Illuminate\\Console\\OutputStyle))
#26 D:\\1LuuDuLieuSV\\2001240399_TrinhHuuKienQuoc\\phplab\\buoi7\\Buoi7\\vendor\\laravel\\framework\\src\\Illuminate\\Console\\Concerns\\CallsCommands.php(68): Illuminate\\Console\\Command->run(Object(Symfony\\Component\\Console\\Input\\ArrayInput), Object(Illuminate\\Console\\OutputStyle))
#27 D:\\1LuuDuLieuSV\\2001240399_TrinhHuuKienQuoc\\phplab\\buoi7\\Buoi7\\vendor\\laravel\\framework\\src\\Illuminate\\Console\\Concerns\\CallsCommands.php(28): Illuminate\\Console\\Command->runCommand('migrate', Array, Object(Illuminate\\Console\\OutputStyle))
#28 D:\\1LuuDuLieuSV\\2001240399_TrinhHuuKienQuoc\\phplab\\buoi7\\Buoi7\\vendor\\laravel\\framework\\src\\Illuminate\\Database\\Console\\Migrations\\FreshCommand.php(55): Illuminate\\Console\\Command->call('migrate', Array)
#29 D:\\1LuuDuLieuSV\\2001240399_TrinhHuuKienQuoc\\phplab\\buoi7\\Buoi7\\vendor\\laravel\\framework\\src\\Illuminate\\Container\\BoundMethod.php(36): Illuminate\\Database\\Console\\Migrations\\FreshCommand->handle()
#30 D:\\1LuuDuLieuSV\\2001240399_TrinhHuuKienQuoc\\phplab\\buoi7\\Buoi7\\vendor\\laravel\\framework\\src\\Illuminate\\Container\\Util.php(40): Illuminate\\Container\\BoundMethod::Illuminate\\Container\\{closure}()
#31 D:\\1LuuDuLieuSV\\2001240399_TrinhHuuKienQuoc\\phplab\\buoi7\\Buoi7\\vendor\\laravel\\framework\\src\\Illuminate\\Container\\BoundMethod.php(93): Illuminate\\Container\\Util::unwrapIfClosure(Object(Closure))
#32 D:\\1LuuDuLieuSV\\2001240399_TrinhHuuKienQuoc\\phplab\\buoi7\\Buoi7\\vendor\\laravel\\framework\\src\\Illuminate\\Container\\BoundMethod.php(37): Illuminate\\Container\\BoundMethod::callBoundMethod(Object(Illuminate\\Foundation\\Application), Array, Object(Closure))
#33 D:\\1LuuDuLieuSV\\2001240399_TrinhHuuKienQuoc\\phplab\\buoi7\\Buoi7\\vendor\\laravel\\framework\\src\\Illuminate\\Container\\Container.php(653): Illuminate\\Container\\BoundMethod::call(Object(Illuminate\\Foundation\\Application), Array, Array, NULL)
#34 D:\\1LuuDuLieuSV\\2001240399_TrinhHuuKienQuoc\\phplab\\buoi7\\Buoi7\\vendor\\laravel\\framework\\src\\Illuminate\\Console\\Command.php(136): Illuminate\\Container\\Container->call(Array)
#35 D:\\1LuuDuLieuSV\\2001240399_TrinhHuuKienQuoc\\phplab\\buoi7\\Buoi7\\vendor\\symfony\\console\\Command\\Command.php(298): Illuminate\\Console\\Command->execute(Object(Symfony\\Component\\Console\\Input\\ArgvInput), Object(Illuminate\\Console\\OutputStyle))
#36 D:\\1LuuDuLieuSV\\2001240399_TrinhHuuKienQuoc\\phplab\\buoi7\\Buoi7\\vendor\\laravel\\framework\\src\\Illuminate\\Console\\Command.php(121): Symfony\\Component\\Console\\Command\\Command->run(Object(Symfony\\Component\\Console\\Input\\ArgvInput), Object(Illuminate\\Console\\OutputStyle))
#37 D:\\1LuuDuLieuSV\\2001240399_TrinhHuuKienQuoc\\phplab\\buoi7\\Buoi7\\vendor\\symfony\\console\\Application.php(1040): Illuminate\\Console\\Command->run(Object(Symfony\\Component\\Console\\Input\\ArgvInput), Object(Symfony\\Component\\Console\\Output\\ConsoleOutput))
#38 D:\\1LuuDuLieuSV\\2001240399_TrinhHuuKienQuoc\\phplab\\buoi7\\Buoi7\\vendor\\symfony\\console\\Application.php(301): Symfony\\Component\\Console\\Application->doRunCommand(Object(Illuminate\\Database\\Console\\Migrations\\FreshCommand), Object(Symfony\\Component\\Console\\Input\\ArgvInput), Object(Symfony\\Component\\Console\\Output\\ConsoleOutput))
#39 D:\\1LuuDuLieuSV\\2001240399_TrinhHuuKienQuoc\\phplab\\buoi7\\Buoi7\\vendor\\symfony\\console\\Application.php(171): Symfony\\Component\\Console\\Application->doRun(Object(Symfony\\Component\\Console\\Input\\ArgvInput), Object(Symfony\\Component\\Console\\Output\\ConsoleOutput))
#40 D:\\1LuuDuLieuSV\\2001240399_TrinhHuuKienQuoc\\phplab\\buoi7\\Buoi7\\vendor\\laravel\\framework\\src\\Illuminate\\Console\\Application.php(94): Symfony\\Component\\Console\\Application->run(Object(Symfony\\Component\\Console\\Input\\ArgvInput), Object(Symfony\\Component\\Console\\Output\\ConsoleOutput))
#41 D:\\1LuuDuLieuSV\\2001240399_TrinhHuuKienQuoc\\phplab\\buoi7\\Buoi7\\vendor\\laravel\\framework\\src\\Illuminate\\Foundation\\Console\\Kernel.php(129): Illuminate\\Console\\Application->run(Object(Symfony\\Component\\Console\\Input\\ArgvInput), Object(Symfony\\Component\\Console\\Output\\ConsoleOutput))
#42 D:\\1LuuDuLieuSV\\2001240399_TrinhHuuKienQuoc\\phplab\\buoi7\\Buoi7\\artisan(37): Illuminate\\Foundation\\Console\\Kernel->handle(Object(Symfony\\Component\\Console\\Input\\ArgvInput), Object(Symfony\\Component\\Console\\Output\\ConsoleOutput))
#43 {main}
"} 
[2026-09-28 06:55:20] local.ERROR: SQLSTATE[42000]: Syntax error or access violation: 1166 Incorrect column name '' (SQL: create table `products` (`id` bigint unsigned not null auto_increment primary key, `name` varchar(255) not null, `price` decimal(10, 2) not null, `category_id` bigint unsigned not null, `` timestamp null) default character set utf8mb4 collate 'utf8mb4_unicode_ci') {"exception":"[object] (Illuminate\\Database\\QueryException(code: 42000): SQLSTATE[42000]: Syntax error or access violation: 1166 Incorrect column name '' (SQL: create table `products` (`id` bigint unsigned not null auto_increment primary key, `name` varchar(255) not null, `price` decimal(10, 2) not null, `category_id` bigint unsigned not null, `` timestamp null) default character set utf8mb4 collate 'utf8mb4_unicode_ci') at D:\\1LuuDuLieuSV\\2001240399_TrinhHuuKienQuoc\\phplab\\buoi7\\Buoi7\\vendor\\laravel\\framework\\src\\Illuminate\\Database\\Connection.php:712)
[stacktrace]
#0 D:\\1LuuDuLieuSV\\2001240399_TrinhHuuKienQuoc\\phplab\\buoi7\\Buoi7\\vendor\\laravel\\framework\\src\\Illuminate\\Database\\Connection.php(672): Illuminate\\Database\\Connection->runQueryCallback('create table `p...', Array, Object(Closure))
#1 D:\\1LuuDuLieuSV\\2001240399_TrinhHuuKienQuoc\\phplab\\buoi7\\Buoi7\\vendor\\laravel\\framework\\src\\Illuminate\\Database\\Connection.php(502): Illuminate\\Database\\Connection->run('create table `p...', Array, Object(Closure))
#2 D:\\1LuuDuLieuSV\\2001240399_TrinhHuuKienQuoc\\phplab\\buoi7\\Buoi7\\vendor\\laravel\\framework\\src\\Illuminate\\Database\\Schema\\Blueprint.php(109): Illuminate\\Database\\Connection->statement('create table `p...')
#3 D:\\1LuuDuLieuSV\\2001240399_TrinhHuuKienQuoc\\phplab\\buoi7\\Buoi7\\vendor\\laravel\\framework\\src\\Illuminate\\Database\\Schema\\Builder.php(364): Illuminate\\Database\\Schema\\Blueprint->build(Object(Illuminate\\Database\\MySqlConnection), Object(Illuminate\\Database\\Schema\\Grammars\\MySqlGrammar))
#4 D:\\1LuuDuLieuSV\\2001240399_TrinhHuuKienQuoc\\phplab\\buoi7\\Buoi7\\vendor\\laravel\\framework\\src\\Illuminate\\Database\\Schema\\Builder.php(227): Illuminate\\Database\\Schema\\Builder->build(Object(Illuminate\\Database\\Schema\\Blueprint))
#5 D:\\1LuuDuLieuSV\\2001240399_TrinhHuuKienQuoc\\phplab\\buoi7\\Buoi7\\vendor\\laravel\\framework\\src\\Illuminate\\Support\\Facades\\Facade.php(261): Illuminate\\Database\\Schema\\Builder->create('products', Object(Closure))
#6 D:\\1LuuDuLieuSV\\2001240399_TrinhHuuKienQuoc\\phplab\\buoi7\\Buoi7\\database\\migrations\\2026_09_28_062445_create_products_table.php(22): Illuminate\\Support\\Facades\\Facade::__callStatic('create', Array)
#7 D:\\1LuuDuLieuSV\\2001240399_TrinhHuuKienQuoc\\phplab\\buoi7\\Buoi7\\vendor\\laravel\\framework\\src\\Illuminate\\Database\\Migrations\\Migrator.php(472): CreateProductsTable->up()
#8 D:\\1LuuDuLieuSV\\2001240399_TrinhHuuKienQuoc\\phplab\\buoi7\\Buoi7\\vendor\\laravel\\framework\\src\\Illuminate\\Database\\Migrations\\Migrator.php(394): Illuminate\\Database\\Migrations\\Migrator->runMethod(Object(Illuminate\\Database\\MySqlConnection), Object(CreateProductsTable), 'up')
#9 D:\\1LuuDuLieuSV\\2001240399_TrinhHuuKienQuoc\\phplab\\buoi7\\Buoi7\\vendor\\laravel\\framework\\src\\Illuminate\\Database\\Migrations\\Migrator.php(403): Illuminate\\Database\\Migrations\\Migrator->Illuminate\\Database\\Migrations\\{closure}()
#10 D:\\1LuuDuLieuSV\\2001240399_TrinhHuuKienQuoc\\phplab\\buoi7\\Buoi7\\vendor\\laravel\\framework\\src\\Illuminate\\Database\\Migrations\\Migrator.php(202): Illuminate\\Database\\Migrations\\Migrator->runMigration(Object(CreateProductsTable), 'up')
#11 D:\\1LuuDuLieuSV\\2001240399_TrinhHuuKienQuoc\\phplab\\buoi7\\Buoi7\\vendor\\laravel\\framework\\src\\Illuminate\\Database\\Migrations\\Migrator.php(167): Illuminate\\Database\\Migrations\\Migrator->runUp('D:\\\\1LuuDuLieuSV...', 1, false)
#12 D:\\1LuuDuLieuSV\\2001240399_TrinhHuuKienQuoc\\phplab\\buoi7\\Buoi7\\vendor\\laravel\\framework\\src\\Illuminate\\Database\\Migrations\\Migrator.php(112): Illuminate\\Database\\Migrations\\Migrator->runPending(Array, Array)
#13 D:\\1LuuDuLieuSV\\2001240399_TrinhHuuKienQuoc\\phplab\\buoi7\\Buoi7\\vendor\\laravel\\framework\\src\\Illuminate\\Database\\Console\\Migrations\\MigrateCommand.php(86): Illuminate\\Database\\Migrations\\Migrator->run(Array, Array)
#14 D:\\1LuuDuLieuSV\\2001240399_TrinhHuuKienQuoc\\phplab\\buoi7\\Buoi7\\vendor\\laravel\\framework\\src\\Illuminate\\Database\\Migrations\\Migrator.php(606): Illuminate\\Database\\Console\\Migrations\\MigrateCommand->Illuminate\\Database\\Console\\Migrations\\{closure}()
#15 D:\\1LuuDuLieuSV\\2001240399_TrinhHuuKienQuoc\\phplab\\buoi7\\Buoi7\\vendor\\laravel\\framework\\src\\Illuminate\\Database\\Console\\Migrations\\MigrateCommand.php(98): Illuminate\\Database\\Migrations\\Migrator->usingConnection(NULL, Object(Closure))
#16 D:\\1LuuDuLieuSV\\2001240399_TrinhHuuKienQuoc\\phplab\\buoi7\\Buoi7\\vendor\\laravel\\framework\\src\\Illuminate\\Container\\BoundMethod.php(36): Illuminate\\Database\\Console\\Migrations\\MigrateCommand->handle()
#17 D:\\1LuuDuLieuSV\\2001240399_TrinhHuuKienQuoc\\phplab\\buoi7\\Buoi7\\vendor\\laravel\\framework\\src\\Illuminate\\Container\\Util.php(40): Illuminate\\Container\\BoundMethod::Illuminate\\Container\\{closure}()
#18 D:\\1LuuDuLieuSV\\2001240399_TrinhHuuKienQuoc\\phplab\\buoi7\\Buoi7\\vendor\\laravel\\framework\\src\\Illuminate\\Container\\BoundMethod.php(93): Illuminate\\Container\\Util::unwrapIfClosure(Object(Closure))
#19 D:\\1LuuDuLieuSV\\2001240399_TrinhHuuKienQuoc\\phplab\\buoi7\\Buoi7\\vendor\\laravel\\framework\\src\\Illuminate\\Container\\BoundMethod.php(37): Illuminate\\Container\\BoundMethod::callBoundMethod(Object(Illuminate\\Foundation\\Application), Array, Object(Closure))
#20 D:\\1LuuDuLieuSV\\2001240399_TrinhHuuKienQuoc\\phplab\\buoi7\\Buoi7\\vendor\\laravel\\framework\\src\\Illuminate\\Container\\Container.php(653): Illuminate\\Container\\BoundMethod::call(Object(Illuminate\\Foundation\\Application), Array, Array, NULL)
#21 D:\\1LuuDuLieuSV\\2001240399_TrinhHuuKienQuoc\\phplab\\buoi7\\Buoi7\\vendor\\laravel\\framework\\src\\Illuminate\\Console\\Command.php(136): Illuminate\\Container\\Container->call(Array)
#22 D:\\1LuuDuLieuSV\\2001240399_TrinhHuuKienQuoc\\phplab\\buoi7\\Buoi7\\vendor\\symfony\\console\\Command\\Command.php(298): Illuminate\\Console\\Command->execute(Object(Symfony\\Component\\Console\\Input\\ArrayInput), Object(Illuminate\\Console\\OutputStyle))
#23 D:\\1LuuDuLieuSV\\2001240399_TrinhHuuKienQuoc\\phplab\\buoi7\\Buoi7\\vendor\\laravel\\framework\\src\\Illuminate\\Console\\Command.php(121): Symfony\\Component\\Console\\Command\\Command->run(Object(Symfony\\Component\\Console\\Input\\ArrayInput), Object(Illuminate\\Console\\OutputStyle))
#24 D:\\1LuuDuLieuSV\\2001240399_TrinhHuuKienQuoc\\phplab\\buoi7\\Buoi7\\vendor\\laravel\\framework\\src\\Illuminate\\Console\\Concerns\\CallsCommands.php(68): Illuminate\\Console\\Command->run(Object(Symfony\\Component\\Console\\Input\\ArrayInput), Object(Illuminate\\Console\\OutputStyle))
#25 D:\\1LuuDuLieuSV\\2001240399_TrinhHuuKienQuoc\\phplab\\buoi7\\Buoi7\\vendor\\laravel\\framework\\src\\Illuminate\\Console\\Concerns\\CallsCommands.php(28): Illuminate\\Console\\Command->runCommand('migrate', Array, Object(Illuminate\\Console\\OutputStyle))
#26 D:\\1LuuDuLieuSV\\2001240399_TrinhHuuKienQuoc\\phplab\\buoi7\\Buoi7\\vendor\\laravel\\framework\\src\\Illuminate\\Database\\Console\\Migrations\\FreshCommand.php(55): Illuminate\\Console\\Command->call('migrate', Array)
#27 D:\\1LuuDuLieuSV\\2001240399_TrinhHuuKienQuoc\\phplab\\buoi7\\Buoi7\\vendor\\laravel\\framework\\src\\Illuminate\\Container\\BoundMethod.php(36): Illuminate\\Database\\Console\\Migrations\\FreshCommand->handle()
#28 D:\\1LuuDuLieuSV\\2001240399_TrinhHuuKienQuoc\\phplab\\buoi7\\Buoi7\\vendor\\laravel\\framework\\src\\Illuminate\\Container\\Util.php(40): Illuminate\\Container\\BoundMethod::Illuminate\\Container\\{closure}()
#29 D:\\1LuuDuLieuSV\\2001240399_TrinhHuuKienQuoc\\phplab\\buoi7\\Buoi7\\vendor\\laravel\\framework\\src\\Illuminate\\Container\\BoundMethod.php(93): Illuminate\\Container\\Util::unwrapIfClosure(Object(Closure))
#30 D:\\1LuuDuLieuSV\\2001240399_TrinhHuuKienQuoc\\phplab\\buoi7\\Buoi7\\vendor\\laravel\\framework\\src\\Illuminate\\Container\\BoundMethod.php(37): Illuminate\\Container\\BoundMethod::callBoundMethod(Object(Illuminate\\Foundation\\Application), Array, Object(Closure))
#31 D:\\1LuuDuLieuSV\\2001240399_TrinhHuuKienQuoc\\phplab\\buoi7\\Buoi7\\vendor\\laravel\\framework\\src\\Illuminate\\Container\\Container.php(653): Illuminate\\Container\\BoundMethod::call(Object(Illuminate\\Foundation\\Application), Array, Array, NULL)
#32 D:\\1LuuDuLieuSV\\2001240399_TrinhHuuKienQuoc\\phplab\\buoi7\\Buoi7\\vendor\\laravel\\framework\\src\\Illuminate\\Console\\Command.php(136): Illuminate\\Container\\Container->call(Array)
#33 D:\\1LuuDuLieuSV\\2001240399_TrinhHuuKienQuoc\\phplab\\buoi7\\Buoi7\\vendor\\symfony\\console\\Command\\Command.php(298): Illuminate\\Console\\Command->execute(Object(Symfony\\Component\\Console\\Input\\ArgvInput), Object(Illuminate\\Console\\OutputStyle))
#34 D:\\1LuuDuLieuSV\\2001240399_TrinhHuuKienQuoc\\phplab\\buoi7\\Buoi7\\vendor\\laravel\\framework\\src\\Illuminate\\Console\\Command.php(121): Symfony\\Component\\Console\\Command\\Command->run(Object(Symfony\\Component\\Console\\Input\\ArgvInput), Object(Illuminate\\Console\\OutputStyle))
#35 D:\\1LuuDuLieuSV\\2001240399_TrinhHuuKienQuoc\\phplab\\buoi7\\Buoi7\\vendor\\symfony\\console\\Application.php(1040): Illuminate\\Console\\Command->run(Object(Symfony\\Component\\Console\\Input\\ArgvInput), Object(Symfony\\Component\\Console\\Output\\ConsoleOutput))
#36 D:\\1LuuDuLieuSV\\2001240399_TrinhHuuKienQuoc\\phplab\\buoi7\\Buoi7\\vendor\\symfony\\console\\Application.php(301): Symfony\\Component\\Console\\Application->doRunCommand(Object(Illuminate\\Database\\Console\\Migrations\\FreshCommand), Object(Symfony\\Component\\Console\\Input\\ArgvInput), Object(Symfony\\Component\\Console\\Output\\ConsoleOutput))
#37 D:\\1LuuDuLieuSV\\2001240399_TrinhHuuKienQuoc\\phplab\\buoi7\\Buoi7\\vendor\\symfony\\console\\Application.php(171): Symfony\\Component\\Console\\Application->doRun(Object(Symfony\\Component\\Console\\Input\\ArgvInput), Object(Symfony\\Component\\Console\\Output\\ConsoleOutput))
#38 D:\\1LuuDuLieuSV\\2001240399_TrinhHuuKienQuoc\\phplab\\buoi7\\Buoi7\\vendor\\laravel\\framework\\src\\Illuminate\\Console\\Application.php(94): Symfony\\Component\\Console\\Application->run(Object(Symfony\\Component\\Console\\Input\\ArgvInput), Object(Symfony\\Component\\Console\\Output\\ConsoleOutput))
#39 D:\\1LuuDuLieuSV\\2001240399_TrinhHuuKienQuoc\\phplab\\buoi7\\Buoi7\\vendor\\laravel\\framework\\src\\Illuminate\\Foundation\\Console\\Kernel.php(129): Illuminate\\Console\\Application->run(Object(Symfony\\Component\\Console\\Input\\ArgvInput), Object(Symfony\\Component\\Console\\Output\\ConsoleOutput))
#40 D:\\1LuuDuLieuSV\\2001240399_TrinhHuuKienQuoc\\phplab\\buoi7\\Buoi7\\artisan(37): Illuminate\\Foundation\\Console\\Kernel->handle(Object(Symfony\\Component\\Console\\Input\\ArgvInput), Object(Symfony\\Component\\Console\\Output\\ConsoleOutput))
#41 {main}

[previous exception] [object] (PDOException(code: 42000): SQLSTATE[42000]: Syntax error or access violation: 1166 Incorrect column name '' at D:\\1LuuDuLieuSV\\2001240399_TrinhHuuKienQuoc\\phplab\\buoi7\\Buoi7\\vendor\\laravel\\framework\\src\\Illuminate\\Database\\Connection.php:501)
[stacktrace]
#0 D:\\1LuuDuLieuSV\\2001240399_TrinhHuuKienQuoc\\phplab\\buoi7\\Buoi7\\vendor\\laravel\\framework\\src\\Illuminate\\Database\\Connection.php(501): PDOStatement->execute()
#1 D:\\1LuuDuLieuSV\\2001240399_TrinhHuuKienQuoc\\phplab\\buoi7\\Buoi7\\vendor\\laravel\\framework\\src\\Illuminate\\Database\\Connection.php(705): Illuminate\\Database\\Connection->Illuminate\\Database\\{closure}('create table `p...', Array)
#2 D:\\1LuuDuLieuSV\\2001240399_TrinhHuuKienQuoc\\phplab\\buoi7\\Buoi7\\vendor\\laravel\\framework\\src\\Illuminate\\Database\\Connection.php(672): Illuminate\\Database\\Connection->runQueryCallback('create table `p...', Array, Object(Closure))
#3 D:\\1LuuDuLieuSV\\2001240399_TrinhHuuKienQuoc\\phplab\\buoi7\\Buoi7\\vendor\\laravel\\framework\\src\\Illuminate\\Database\\Connection.php(502): Illuminate\\Database\\Connection->run('create table `p...', Array, Object(Closure))
#4 D:\\1LuuDuLieuSV\\2001240399_TrinhHuuKienQuoc\\phplab\\buoi7\\Buoi7\\vendor\\laravel\\framework\\src\\Illuminate\\Database\\Schema\\Blueprint.php(109): Illuminate\\Database\\Connection->statement('create table `p...')
#5 D:\\1LuuDuLieuSV\\2001240399_TrinhHuuKienQuoc\\phplab\\buoi7\\Buoi7\\vendor\\laravel\\framework\\src\\Illuminate\\Database\\Schema\\Builder.php(364): Illuminate\\Database\\Schema\\Blueprint->build(Object(Illuminate\\Database\\MySqlConnection), Object(Illuminate\\Database\\Schema\\Grammars\\MySqlGrammar))
#6 D:\\1LuuDuLieuSV\\2001240399_TrinhHuuKienQuoc\\phplab\\buoi7\\Buoi7\\vendor\\laravel\\framework\\src\\Illuminate\\Database\\Schema\\Builder.php(227): Illuminate\\Database\\Schema\\Builder->build(Object(Illuminate\\Database\\Schema\\Blueprint))
#7 D:\\1LuuDuLieuSV\\2001240399_TrinhHuuKienQuoc\\phplab\\buoi7\\Buoi7\\vendor\\laravel\\framework\\src\\Illuminate\\Support\\Facades\\Facade.php(261): Illuminate\\Database\\Schema\\Builder->create('products', Object(Closure))
#8 D:\\1LuuDuLieuSV\\2001240399_TrinhHuuKienQuoc\\phplab\\buoi7\\Buoi7\\database\\migrations\\2026_09_28_062445_create_products_table.php(22): Illuminate\\Support\\Facades\\Facade::__callStatic('create', Array)
#9 D:\\1LuuDuLieuSV\\2001240399_TrinhHuuKienQuoc\\phplab\\buoi7\\Buoi7\\vendor\\laravel\\framework\\src\\Illuminate\\Database\\Migrations\\Migrator.php(472): CreateProductsTable->up()
#10 D:\\1LuuDuLieuSV\\2001240399_TrinhHuuKienQuoc\\phplab\\buoi7\\Buoi7\\vendor\\laravel\\framework\\src\\Illuminate\\Database\\Migrations\\Migrator.php(394): Illuminate\\Database\\Migrations\\Migrator->runMethod(Object(Illuminate\\Database\\MySqlConnection), Object(CreateProductsTable), 'up')
#11 D:\\1LuuDuLieuSV\\2001240399_TrinhHuuKienQuoc\\phplab\\buoi7\\Buoi7\\vendor\\laravel\\framework\\src\\Illuminate\\Database\\Migrations\\Migrator.php(403): Illuminate\\Database\\Migrations\\Migrator->Illuminate\\Database\\Migrations\\{closure}()
#12 D:\\1LuuDuLieuSV\\2001240399_TrinhHuuKienQuoc\\phplab\\buoi7\\Buoi7\\vendor\\laravel\\framework\\src\\Illuminate\\Database\\Migrations\\Migrator.php(202): Illuminate\\Database\\Migrations\\Migrator->runMigration(Object(CreateProductsTable), 'up')
#13 D:\\1LuuDuLieuSV\\2001240399_TrinhHuuKienQuoc\\phplab\\buoi7\\Buoi7\\vendor\\laravel\\framework\\src\\Illuminate\\Database\\Migrations\\Migrator.php(167): Illuminate\\Database\\Migrations\\Migrator->runUp('D:\\\\1LuuDuLieuSV...', 1, false)
#14 D:\\1LuuDuLieuSV\\2001240399_TrinhHuuKienQuoc\\phplab\\buoi7\\Buoi7\\vendor\\laravel\\framework\\src\\Illuminate\\Database\\Migrations\\Migrator.php(112): Illuminate\\Database\\Migrations\\Migrator->runPending(Array, Array)
#15 D:\\1LuuDuLieuSV\\2001240399_TrinhHuuKienQuoc\\phplab\\buoi7\\Buoi7\\vendor\\laravel\\framework\\src\\Illuminate\\Database\\Console\\Migrations\\MigrateCommand.php(86): Illuminate\\Database\\Migrations\\Migrator->run(Array, Array)
#16 D:\\1LuuDuLieuSV\\2001240399_TrinhHuuKienQuoc\\phplab\\buoi7\\Buoi7\\vendor\\laravel\\framework\\src\\Illuminate\\Database\\Migrations\\Migrator.php(606): Illuminate\\Database\\Console\\Migrations\\MigrateCommand->Illuminate\\Database\\Console\\Migrations\\{closure}()
#17 D:\\1LuuDuLieuSV\\2001240399_TrinhHuuKienQuoc\\phplab\\buoi7\\Buoi7\\vendor\\laravel\\framework\\src\\Illuminate\\Database\\Console\\Migrations\\MigrateCommand.php(98): Illuminate\\Database\\Migrations\\Migrator->usingConnection(NULL, Object(Closure))
#18 D:\\1LuuDuLieuSV\\2001240399_TrinhHuuKienQuoc\\phplab\\buoi7\\Buoi7\\vendor\\laravel\\framework\\src\\Illuminate\\Container\\BoundMethod.php(36): Illuminate\\Database\\Console\\Migrations\\MigrateCommand->handle()
#19 D:\\1LuuDuLieuSV\\2001240399_TrinhHuuKienQuoc\\phplab\\buoi7\\Buoi7\\vendor\\laravel\\framework\\src\\Illuminate\\Container\\Util.php(40): Illuminate\\Container\\BoundMethod::Illuminate\\Container\\{closure}()
#20 D:\\1LuuDuLieuSV\\2001240399_TrinhHuuKienQuoc\\phplab\\buoi7\\Buoi7\\vendor\\laravel\\framework\\src\\Illuminate\\Container\\BoundMethod.php(93): Illuminate\\Container\\Util::unwrapIfClosure(Object(Closure))
#21 D:\\1LuuDuLieuSV\\2001240399_TrinhHuuKienQuoc\\phplab\\buoi7\\Buoi7\\vendor\\laravel\\framework\\src\\Illuminate\\Container\\BoundMethod.php(37): Illuminate\\Container\\BoundMethod::callBoundMethod(Object(Illuminate\\Foundation\\Application), Array, Object(Closure))
#22 D:\\1LuuDuLieuSV\\2001240399_TrinhHuuKienQuoc\\phplab\\buoi7\\Buoi7\\vendor\\laravel\\framework\\src\\Illuminate\\Container\\Container.php(653): Illuminate\\Container\\BoundMethod::call(Object(Illuminate\\Foundation\\Application), Array, Array, NULL)
#23 D:\\1LuuDuLieuSV\\2001240399_TrinhHuuKienQuoc\\phplab\\buoi7\\Buoi7\\vendor\\laravel\\framework\\src\\Illuminate\\Console\\Command.php(136): Illuminate\\Container\\Container->call(Array)
#24 D:\\1LuuDuLieuSV\\2001240399_TrinhHuuKienQuoc\\phplab\\buoi7\\Buoi7\\vendor\\symfony\\console\\Command\\Command.php(298): Illuminate\\Console\\Command->execute(Object(Symfony\\Component\\Console\\Input\\ArrayInput), Object(Illuminate\\Console\\OutputStyle))
#25 D:\\1LuuDuLieuSV\\2001240399_TrinhHuuKienQuoc\\phplab\\buoi7\\Buoi7\\vendor\\laravel\\framework\\src\\Illuminate\\Console\\Command.php(121): Symfony\\Component\\Console\\Command\\Command->run(Object(Symfony\\Component\\Console\\Input\\ArrayInput), Object(Illuminate\\Console\\OutputStyle))
#26 D:\\1LuuDuLieuSV\\2001240399_TrinhHuuKienQuoc\\phplab\\buoi7\\Buoi7\\vendor\\laravel\\framework\\src\\Illuminate\\Console\\Concerns\\CallsCommands.php(68): Illuminate\\Console\\Command->run(Object(Symfony\\Component\\Console\\Input\\ArrayInput), Object(Illuminate\\Console\\OutputStyle))
#27 D:\\1LuuDuLieuSV\\2001240399_TrinhHuuKienQuoc\\phplab\\buoi7\\Buoi7\\vendor\\laravel\\framework\\src\\Illuminate\\Console\\Concerns\\CallsCommands.php(28): Illuminate\\Console\\Command->runCommand('migrate', Array, Object(Illuminate\\Console\\OutputStyle))
#28 D:\\1LuuDuLieuSV\\2001240399_TrinhHuuKienQuoc\\phplab\\buoi7\\Buoi7\\vendor\\laravel\\framework\\src\\Illuminate\\Database\\Console\\Migrations\\FreshCommand.php(55): Illuminate\\Console\\Command->call('migrate', Array)
#29 D:\\1LuuDuLieuSV\\2001240399_TrinhHuuKienQuoc\\phplab\\buoi7\\Buoi7\\vendor\\laravel\\framework\\src\\Illuminate\\Container\\BoundMethod.php(36): Illuminate\\Database\\Console\\Migrations\\FreshCommand->handle()
#30 D:\\1LuuDuLieuSV\\2001240399_TrinhHuuKienQuoc\\phplab\\buoi7\\Buoi7\\vendor\\laravel\\framework\\src\\Illuminate\\Container\\Util.php(40): Illuminate\\Container\\BoundMethod::Illuminate\\Container\\{closure}()
#31 D:\\1LuuDuLieuSV\\2001240399_TrinhHuuKienQuoc\\phplab\\buoi7\\Buoi7\\vendor\\laravel\\framework\\src\\Illuminate\\Container\\BoundMethod.php(93): Illuminate\\Container\\Util::unwrapIfClosure(Object(Closure))
#32 D:\\1LuuDuLieuSV\\2001240399_TrinhHuuKienQuoc\\phplab\\buoi7\\Buoi7\\vendor\\laravel\\framework\\src\\Illuminate\\Container\\BoundMethod.php(37): Illuminate\\Container\\BoundMethod::callBoundMethod(Object(Illuminate\\Foundation\\Application), Array, Object(Closure))
#33 D:\\1LuuDuLieuSV\\2001240399_TrinhHuuKienQuoc\\phplab\\buoi7\\Buoi7\\vendor\\laravel\\framework\\src\\Illuminate\\Container\\Container.php(653): Illuminate\\Container\\BoundMethod::call(Object(Illuminate\\Foundation\\Application), Array, Array, NULL)
#34 D:\\1LuuDuLieuSV\\2001240399_TrinhHuuKienQuoc\\phplab\\buoi7\\Buoi7\\vendor\\laravel\\framework\\src\\Illuminate\\Console\\Command.php(136): Illuminate\\Container\\Container->call(Array)
#35 D:\\1LuuDuLieuSV\\2001240399_TrinhHuuKienQuoc\\phplab\\buoi7\\Buoi7\\vendor\\symfony\\console\\Command\\Command.php(298): Illuminate\\Console\\Command->execute(Object(Symfony\\Component\\Console\\Input\\ArgvInput), Object(Illuminate\\Console\\OutputStyle))
#36 D:\\1LuuDuLieuSV\\2001240399_TrinhHuuKienQuoc\\phplab\\buoi7\\Buoi7\\vendor\\laravel\\framework\\src\\Illuminate\\Console\\Command.php(121): Symfony\\Component\\Console\\Command\\Command->run(Object(Symfony\\Component\\Console\\Input\\ArgvInput), Object(Illuminate\\Console\\OutputStyle))
#37 D:\\1LuuDuLieuSV\\2001240399_TrinhHuuKienQuoc\\phplab\\buoi7\\Buoi7\\vendor\\symfony\\console\\Application.php(1040): Illuminate\\Console\\Command->run(Object(Symfony\\Component\\Console\\Input\\ArgvInput), Object(Symfony\\Component\\Console\\Output\\ConsoleOutput))
#38 D:\\1LuuDuLieuSV\\2001240399_TrinhHuuKienQuoc\\phplab\\buoi7\\Buoi7\\vendor\\symfony\\console\\Application.php(301): Symfony\\Component\\Console\\Application->doRunCommand(Object(Illuminate\\Database\\Console\\Migrations\\FreshCommand), Object(Symfony\\Component\\Console\\Input\\ArgvInput), Object(Symfony\\Component\\Console\\Output\\ConsoleOutput))
#39 D:\\1LuuDuLieuSV\\2001240399_TrinhHuuKienQuoc\\phplab\\buoi7\\Buoi7\\vendor\\symfony\\console\\Application.php(171): Symfony\\Component\\Console\\Application->doRun(Object(Symfony\\Component\\Console\\Input\\ArgvInput), Object(Symfony\\Component\\Console\\Output\\ConsoleOutput))
#40 D:\\1LuuDuLieuSV\\2001240399_TrinhHuuKienQuoc\\phplab\\buoi7\\Buoi7\\vendor\\laravel\\framework\\src\\Illuminate\\Console\\Application.php(94): Symfony\\Component\\Console\\Application->run(Object(Symfony\\Component\\Console\\Input\\ArgvInput), Object(Symfony\\Component\\Console\\Output\\ConsoleOutput))
#41 D:\\1LuuDuLieuSV\\2001240399_TrinhHuuKienQuoc\\phplab\\buoi7\\Buoi7\\vendor\\laravel\\framework\\src\\Illuminate\\Foundation\\Console\\Kernel.php(129): Illuminate\\Console\\Application->run(Object(Symfony\\Component\\Console\\Input\\ArgvInput), Object(Symfony\\Component\\Console\\Output\\ConsoleOutput))
#42 D:\\1LuuDuLieuSV\\2001240399_TrinhHuuKienQuoc\\phplab\\buoi7\\Buoi7\\artisan(37): Illuminate\\Foundation\\Console\\Kernel->handle(Object(Symfony\\Component\\Console\\Input\\ArgvInput), Object(Symfony\\Component\\Console\\Output\\ConsoleOutput))
#43 {main}
"} 
[2026-09-28 06:55:51] local.ERROR: SQLSTATE[42000]: Syntax error or access violation: 1166 Incorrect column name '' (SQL: create table `products` (`id` bigint unsigned not null auto_increment primary key, `name` varchar(255) not null, `price` decimal(10, 2) not null, `category_id` bigint unsigned not null, `` timestamp null) default character set utf8mb4 collate 'utf8mb4_unicode_ci') {"exception":"[object] (Illuminate\\Database\\QueryException(code: 42000): SQLSTATE[42000]: Syntax error or access violation: 1166 Incorrect column name '' (SQL: create table `products` (`id` bigint unsigned not null auto_increment primary key, `name` varchar(255) not null, `price` decimal(10, 2) not null, `category_id` bigint unsigned not null, `` timestamp null) default character set utf8mb4 collate 'utf8mb4_unicode_ci') at D:\\1LuuDuLieuSV\\2001240399_TrinhHuuKienQuoc\\phplab\\buoi7\\Buoi7\\vendor\\laravel\\framework\\src\\Illuminate\\Database\\Connection.php:712)
[stacktrace]
#0 D:\\1LuuDuLieuSV\\2001240399_TrinhHuuKienQuoc\\phplab\\buoi7\\Buoi7\\vendor\\laravel\\framework\\src\\Illuminate\\Database\\Connection.php(672): Illuminate\\Database\\Connection->runQueryCallback('create table `p...', Array, Object(Closure))
#1 D:\\1LuuDuLieuSV\\2001240399_TrinhHuuKienQuoc\\phplab\\buoi7\\Buoi7\\vendor\\laravel\\framework\\src\\Illuminate\\Database\\Connection.php(502): Illuminate\\Database\\Connection->run('create table `p...', Array, Object(Closure))
#2 D:\\1LuuDuLieuSV\\2001240399_TrinhHuuKienQuoc\\phplab\\buoi7\\Buoi7\\vendor\\laravel\\framework\\src\\Illuminate\\Database\\Schema\\Blueprint.php(109): Illuminate\\Database\\Connection->statement('create table `p...')
#3 D:\\1LuuDuLieuSV\\2001240399_TrinhHuuKienQuoc\\phplab\\buoi7\\Buoi7\\vendor\\laravel\\framework\\src\\Illuminate\\Database\\Schema\\Builder.php(364): Illuminate\\Database\\Schema\\Blueprint->build(Object(Illuminate\\Database\\MySqlConnection), Object(Illuminate\\Database\\Schema\\Grammars\\MySqlGrammar))
#4 D:\\1LuuDuLieuSV\\2001240399_TrinhHuuKienQuoc\\phplab\\buoi7\\Buoi7\\vendor\\laravel\\framework\\src\\Illuminate\\Database\\Schema\\Builder.php(227): Illuminate\\Database\\Schema\\Builder->build(Object(Illuminate\\Database\\Schema\\Blueprint))
#5 D:\\1LuuDuLieuSV\\2001240399_TrinhHuuKienQuoc\\phplab\\buoi7\\Buoi7\\vendor\\laravel\\framework\\src\\Illuminate\\Support\\Facades\\Facade.php(261): Illuminate\\Database\\Schema\\Builder->create('products', Object(Closure))
#6 D:\\1LuuDuLieuSV\\2001240399_TrinhHuuKienQuoc\\phplab\\buoi7\\Buoi7\\database\\migrations\\2026_09_28_062445_create_products_table.php(22): Illuminate\\Support\\Facades\\Facade::__callStatic('create', Array)
#7 D:\\1LuuDuLieuSV\\2001240399_TrinhHuuKienQuoc\\phplab\\buoi7\\Buoi7\\vendor\\laravel\\framework\\src\\Illuminate\\Database\\Migrations\\Migrator.php(472): CreateProductsTable->up()
#8 D:\\1LuuDuLieuSV\\2001240399_TrinhHuuKienQuoc\\phplab\\buoi7\\Buoi7\\vendor\\laravel\\framework\\src\\Illuminate\\Database\\Migrations\\Migrator.php(394): Illuminate\\Database\\Migrations\\Migrator->runMethod(Object(Illuminate\\Database\\MySqlConnection), Object(CreateProductsTable), 'up')
#9 D:\\1LuuDuLieuSV\\2001240399_TrinhHuuKienQuoc\\phplab\\buoi7\\Buoi7\\vendor\\laravel\\framework\\src\\Illuminate\\Database\\Migrations\\Migrator.php(403): Illuminate\\Database\\Migrations\\Migrator->Illuminate\\Database\\Migrations\\{closure}()
#10 D:\\1LuuDuLieuSV\\2001240399_TrinhHuuKienQuoc\\phplab\\buoi7\\Buoi7\\vendor\\laravel\\framework\\src\\Illuminate\\Database\\Migrations\\Migrator.php(202): Illuminate\\Database\\Migrations\\Migrator->runMigration(Object(CreateProductsTable), 'up')
#11 D:\\1LuuDuLieuSV\\2001240399_TrinhHuuKienQuoc\\phplab\\buoi7\\Buoi7\\vendor\\laravel\\framework\\src\\Illuminate\\Database\\Migrations\\Migrator.php(167): Illuminate\\Database\\Migrations\\Migrator->runUp('D:\\\\1LuuDuLieuSV...', 2, false)
#12 D:\\1LuuDuLieuSV\\2001240399_TrinhHuuKienQuoc\\phplab\\buoi7\\Buoi7\\vendor\\laravel\\framework\\src\\Illuminate\\Database\\Migrations\\Migrator.php(112): Illuminate\\Database\\Migrations\\Migrator->runPending(Array, Array)
#13 D:\\1LuuDuLieuSV\\2001240399_TrinhHuuKienQuoc\\phplab\\buoi7\\Buoi7\\vendor\\laravel\\framework\\src\\Illuminate\\Database\\Console\\Migrations\\MigrateCommand.php(86): Illuminate\\Database\\Migrations\\Migrator->run(Array, Array)
#14 D:\\1LuuDuLieuSV\\2001240399_TrinhHuuKienQuoc\\phplab\\buoi7\\Buoi7\\vendor\\laravel\\framework\\src\\Illuminate\\Database\\Migrations\\Migrator.php(606): Illuminate\\Database\\Console\\Migrations\\MigrateCommand->Illuminate\\Database\\Console\\Migrations\\{closure}()
#15 D:\\1LuuDuLieuSV\\2001240399_TrinhHuuKienQuoc\\phplab\\buoi7\\Buoi7\\vendor\\laravel\\framework\\src\\Illuminate\\Database\\Console\\Migrations\\MigrateCommand.php(98): Illuminate\\Database\\Migrations\\Migrator->usingConnection(NULL, Object(Closure))
#16 D:\\1LuuDuLieuSV\\2001240399_TrinhHuuKienQuoc\\phplab\\buoi7\\Buoi7\\vendor\\laravel\\framework\\src\\Illuminate\\Container\\BoundMethod.php(36): Illuminate\\Database\\Console\\Migrations\\MigrateCommand->handle()
#17 D:\\1LuuDuLieuSV\\2001240399_TrinhHuuKienQuoc\\phplab\\buoi7\\Buoi7\\vendor\\laravel\\framework\\src\\Illuminate\\Container\\Util.php(40): Illuminate\\Container\\BoundMethod::Illuminate\\Container\\{closure}()
#18 D:\\1LuuDuLieuSV\\2001240399_TrinhHuuKienQuoc\\phplab\\buoi7\\Buoi7\\vendor\\laravel\\framework\\src\\Illuminate\\Container\\BoundMethod.php(93): Illuminate\\Container\\Util::unwrapIfClosure(Object(Closure))
#19 D:\\1LuuDuLieuSV\\2001240399_TrinhHuuKienQuoc\\phplab\\buoi7\\Buoi7\\vendor\\laravel\\framework\\src\\Illuminate\\Container\\BoundMethod.php(37): Illuminate\\Container\\BoundMethod::callBoundMethod(Object(Illuminate\\Foundation\\Application), Array, Object(Closure))
#20 D:\\1LuuDuLieuSV\\2001240399_TrinhHuuKienQuoc\\phplab\\buoi7\\Buoi7\\vendor\\laravel\\framework\\src\\Illuminate\\Container\\Container.php(653): Illuminate\\Container\\BoundMethod::call(Object(Illuminate\\Foundation\\Application), Array, Array, NULL)
#21 D:\\1LuuDuLieuSV\\2001240399_TrinhHuuKienQuoc\\phplab\\buoi7\\Buoi7\\vendor\\laravel\\framework\\src\\Illuminate\\Console\\Command.php(136): Illuminate\\Container\\Container->call(Array)
#22 D:\\1LuuDuLieuSV\\2001240399_TrinhHuuKienQuoc\\phplab\\buoi7\\Buoi7\\vendor\\symfony\\console\\Command\\Command.php(298): Illuminate\\Console\\Command->execute(Object(Symfony\\Component\\Console\\Input\\ArgvInput), Object(Illuminate\\Console\\OutputStyle))
#23 D:\\1LuuDuLieuSV\\2001240399_TrinhHuuKienQuoc\\phplab\\buoi7\\Buoi7\\vendor\\laravel\\framework\\src\\Illuminate\\Console\\Command.php(121): Symfony\\Component\\Console\\Command\\Command->run(Object(Symfony\\Component\\Console\\Input\\ArgvInput), Object(Illuminate\\Console\\OutputStyle))
#24 D:\\1LuuDuLieuSV\\2001240399_TrinhHuuKienQuoc\\phplab\\buoi7\\Buoi7\\vendor\\symfony\\console\\Application.php(1040): Illuminate\\Console\\Command->run(Object(Symfony\\Component\\Console\\Input\\ArgvInput), Object(Symfony\\Component\\Console\\Output\\ConsoleOutput))
#25 D:\\1LuuDuLieuSV\\2001240399_TrinhHuuKienQuoc\\phplab\\buoi7\\Buoi7\\vendor\\symfony\\console\\Application.php(301): Symfony\\Component\\Console\\Application->doRunCommand(Object(Illuminate\\Database\\Console\\Migrations\\MigrateCommand), Object(Symfony\\Component\\Console\\Input\\ArgvInput), Object(Symfony\\Component\\Console\\Output\\ConsoleOutput))
#26 D:\\1LuuDuLieuSV\\2001240399_TrinhHuuKienQuoc\\phplab\\buoi7\\Buoi7\\vendor\\symfony\\console\\Application.php(171): Symfony\\Component\\Console\\Application->doRun(Object(Symfony\\Component\\Console\\Input\\ArgvInput), Object(Symfony\\Component\\Console\\Output\\ConsoleOutput))
#27 D:\\1LuuDuLieuSV\\2001240399_TrinhHuuKienQuoc\\phplab\\buoi7\\Buoi7\\vendor\\laravel\\framework\\src\\Illuminate\\Console\\Application.php(94): Symfony\\Component\\Console\\Application->run(Object(Symfony\\Component\\Console\\Input\\ArgvInput), Object(Symfony\\Component\\Console\\Output\\ConsoleOutput))
#28 D:\\1LuuDuLieuSV\\2001240399_TrinhHuuKienQuoc\\phplab\\buoi7\\Buoi7\\vendor\\laravel\\framework\\src\\Illuminate\\Foundation\\Console\\Kernel.php(129): Illuminate\\Console\\Application->run(Object(Symfony\\Component\\Console\\Input\\ArgvInput), Object(Symfony\\Component\\Console\\Output\\ConsoleOutput))
#29 D:\\1LuuDuLieuSV\\2001240399_TrinhHuuKienQuoc\\phplab\\buoi7\\Buoi7\\artisan(37): Illuminate\\Foundation\\Console\\Kernel->handle(Object(Symfony\\Component\\Console\\Input\\ArgvInput), Object(Symfony\\Component\\Console\\Output\\ConsoleOutput))
#30 {main}

[previous exception] [object] (PDOException(code: 42000): SQLSTATE[42000]: Syntax error or access violation: 1166 Incorrect column name '' at D:\\1LuuDuLieuSV\\2001240399_TrinhHuuKienQuoc\\phplab\\buoi7\\Buoi7\\vendor\\laravel\\framework\\src\\Illuminate\\Database\\Connection.php:501)
[stacktrace]
#0 D:\\1LuuDuLieuSV\\2001240399_TrinhHuuKienQuoc\\phplab\\buoi7\\Buoi7\\vendor\\laravel\\framework\\src\\Illuminate\\Database\\Connection.php(501): PDOStatement->execute()
#1 D:\\1LuuDuLieuSV\\2001240399_TrinhHuuKienQuoc\\phplab\\buoi7\\Buoi7\\vendor\\laravel\\framework\\src\\Illuminate\\Database\\Connection.php(705): Illuminate\\Database\\Connection->Illuminate\\Database\\{closure}('create table `p...', Array)
#2 D:\\1LuuDuLieuSV\\2001240399_TrinhHuuKienQuoc\\phplab\\buoi7\\Buoi7\\vendor\\laravel\\framework\\src\\Illuminate\\Database\\Connection.php(672): Illuminate\\Database\\Connection->runQueryCallback('create table `p...', Array, Object(Closure))
#3 D:\\1LuuDuLieuSV\\2001240399_TrinhHuuKienQuoc\\phplab\\buoi7\\Buoi7\\vendor\\laravel\\framework\\src\\Illuminate\\Database\\Connection.php(502): Illuminate\\Database\\Connection->run('create table `p...', Array, Object(Closure))
#4 D:\\1LuuDuLieuSV\\2001240399_TrinhHuuKienQuoc\\phplab\\buoi7\\Buoi7\\vendor\\laravel\\framework\\src\\Illuminate\\Database\\Schema\\Blueprint.php(109): Illuminate\\Database\\Connection->statement('create table `p...')
#5 D:\\1LuuDuLieuSV\\2001240399_TrinhHuuKienQuoc\\phplab\\buoi7\\Buoi7\\vendor\\laravel\\framework\\src\\Illuminate\\Database\\Schema\\Builder.php(364): Illuminate\\Database\\Schema\\Blueprint->build(Object(Illuminate\\Database\\MySqlConnection), Object(Illuminate\\Database\\Schema\\Grammars\\MySqlGrammar))
#6 D:\\1LuuDuLieuSV\\2001240399_TrinhHuuKienQuoc\\phplab\\buoi7\\Buoi7\\vendor\\laravel\\framework\\src\\Illuminate\\Database\\Schema\\Builder.php(227): Illuminate\\Database\\Schema\\Builder->build(Object(Illuminate\\Database\\Schema\\Blueprint))
#7 D:\\1LuuDuLieuSV\\2001240399_TrinhHuuKienQuoc\\phplab\\buoi7\\Buoi7\\vendor\\laravel\\framework\\src\\Illuminate\\Support\\Facades\\Facade.php(261): Illuminate\\Database\\Schema\\Builder->create('products', Object(Closure))
#8 D:\\1LuuDuLieuSV\\2001240399_TrinhHuuKienQuoc\\phplab\\buoi7\\Buoi7\\database\\migrations\\2026_09_28_062445_create_products_table.php(22): Illuminate\\Support\\Facades\\Facade::__callStatic('create', Array)
#9 D:\\1LuuDuLieuSV\\2001240399_TrinhHuuKienQuoc\\phplab\\buoi7\\Buoi7\\vendor\\laravel\\framework\\src\\Illuminate\\Database\\Migrations\\Migrator.php(472): CreateProductsTable->up()
#10 D:\\1LuuDuLieuSV\\2001240399_TrinhHuuKienQuoc\\phplab\\buoi7\\Buoi7\\vendor\\laravel\\framework\\src\\Illuminate\\Database\\Migrations\\Migrator.php(394): Illuminate\\Database\\Migrations\\Migrator->runMethod(Object(Illuminate\\Database\\MySqlConnection), Object(CreateProductsTable), 'up')
#11 D:\\1LuuDuLieuSV\\2001240399_TrinhHuuKienQuoc\\phplab\\buoi7\\Buoi7\\vendor\\laravel\\framework\\src\\Illuminate\\Database\\Migrations\\Migrator.php(403): Illuminate\\Database\\Migrations\\Migrator->Illuminate\\Database\\Migrations\\{closure}()
#12 D:\\1LuuDuLieuSV\\2001240399_TrinhHuuKienQuoc\\phplab\\buoi7\\Buoi7\\vendor\\laravel\\framework\\src\\Illuminate\\Database\\Migrations\\Migrator.php(202): Illuminate\\Database\\Migrations\\Migrator->runMigration(Object(CreateProductsTable), 'up')
#13 D:\\1LuuDuLieuSV\\2001240399_TrinhHuuKienQuoc\\phplab\\buoi7\\Buoi7\\vendor\\laravel\\framework\\src\\Illuminate\\Database\\Migrations\\Migrator.php(167): Illuminate\\Database\\Migrations\\Migrator->runUp('D:\\\\1LuuDuLieuSV...', 2, false)
#14 D:\\1LuuDuLieuSV\\2001240399_TrinhHuuKienQuoc\\phplab\\buoi7\\Buoi7\\vendor\\laravel\\framework\\src\\Illuminate\\Database\\Migrations\\Migrator.php(112): Illuminate\\Database\\Migrations\\Migrator->runPending(Array, Array)
#15 D:\\1LuuDuLieuSV\\2001240399_TrinhHuuKienQuoc\\phplab\\buoi7\\Buoi7\\vendor\\laravel\\framework\\src\\Illuminate\\Database\\Console\\Migrations\\MigrateCommand.php(86): Illuminate\\Database\\Migrations\\Migrator->run(Array, Array)
#16 D:\\1LuuDuLieuSV\\2001240399_TrinhHuuKienQuoc\\phplab\\buoi7\\Buoi7\\vendor\\laravel\\framework\\src\\Illuminate\\Database\\Migrations\\Migrator.php(606): Illuminate\\Database\\Console\\Migrations\\MigrateCommand->Illuminate\\Database\\Console\\Migrations\\{closure}()
#17 D:\\1LuuDuLieuSV\\2001240399_TrinhHuuKienQuoc\\phplab\\buoi7\\Buoi7\\vendor\\laravel\\framework\\src\\Illuminate\\Database\\Console\\Migrations\\MigrateCommand.php(98): Illuminate\\Database\\Migrations\\Migrator->usingConnection(NULL, Object(Closure))
#18 D:\\1LuuDuLieuSV\\2001240399_TrinhHuuKienQuoc\\phplab\\buoi7\\Buoi7\\vendor\\laravel\\framework\\src\\Illuminate\\Container\\BoundMethod.php(36): Illuminate\\Database\\Console\\Migrations\\MigrateCommand->handle()
#19 D:\\1LuuDuLieuSV\\2001240399_TrinhHuuKienQuoc\\phplab\\buoi7\\Buoi7\\vendor\\laravel\\framework\\src\\Illuminate\\Container\\Util.php(40): Illuminate\\Container\\BoundMethod::Illuminate\\Container\\{closure}()
#20 D:\\1LuuDuLieuSV\\2001240399_TrinhHuuKienQuoc\\phplab\\buoi7\\Buoi7\\vendor\\laravel\\framework\\src\\Illuminate\\Container\\BoundMethod.php(93): Illuminate\\Container\\Util::unwrapIfClosure(Object(Closure))
#21 D:\\1LuuDuLieuSV\\2001240399_TrinhHuuKienQuoc\\phplab\\buoi7\\Buoi7\\vendor\\laravel\\framework\\src\\Illuminate\\Container\\BoundMethod.php(37): Illuminate\\Container\\BoundMethod::callBoundMethod(Object(Illuminate\\Foundation\\Application), Array, Object(Closure))
#22 D:\\1LuuDuLieuSV\\2001240399_TrinhHuuKienQuoc\\phplab\\buoi7\\Buoi7\\vendor\\laravel\\framework\\src\\Illuminate\\Container\\Container.php(653): Illuminate\\Container\\BoundMethod::call(Object(Illuminate\\Foundation\\Application), Array, Array, NULL)
#23 D:\\1LuuDuLieuSV\\2001240399_TrinhHuuKienQuoc\\phplab\\buoi7\\Buoi7\\vendor\\laravel\\framework\\src\\Illuminate\\Console\\Command.php(136): Illuminate\\Container\\Container->call(Array)
#24 D:\\1LuuDuLieuSV\\2001240399_TrinhHuuKienQuoc\\phplab\\buoi7\\Buoi7\\vendor\\symfony\\console\\Command\\Command.php(298): Illuminate\\Console\\Command->execute(Object(Symfony\\Component\\Console\\Input\\ArgvInput), Object(Illuminate\\Console\\OutputStyle))
#25 D:\\1LuuDuLieuSV\\2001240399_TrinhHuuKienQuoc\\phplab\\buoi7\\Buoi7\\vendor\\laravel\\framework\\src\\Illuminate\\Console\\Command.php(121): Symfony\\Component\\Console\\Command\\Command->run(Object(Symfony\\Component\\Console\\Input\\ArgvInput), Object(Illuminate\\Console\\OutputStyle))
#26 D:\\1LuuDuLieuSV\\2001240399_TrinhHuuKienQuoc\\phplab\\buoi7\\Buoi7\\vendor\\symfony\\console\\Application.php(1040): Illuminate\\Console\\Command->run(Object(Symfony\\Component\\Console\\Input\\ArgvInput), Object(Symfony\\Component\\Console\\Output\\ConsoleOutput))
#27 D:\\1LuuDuLieuSV\\2001240399_TrinhHuuKienQuoc\\phplab\\buoi7\\Buoi7\\vendor\\symfony\\console\\Application.php(301): Symfony\\Component\\Console\\Application->doRunCommand(Object(Illuminate\\Database\\Console\\Migrations\\MigrateCommand), Object(Symfony\\Component\\Console\\Input\\ArgvInput), Object(Symfony\\Component\\Console\\Output\\ConsoleOutput))
#28 D:\\1LuuDuLieuSV\\2001240399_TrinhHuuKienQuoc\\phplab\\buoi7\\Buoi7\\vendor\\symfony\\console\\Application.php(171): Symfony\\Component\\Console\\Application->doRun(Object(Symfony\\Component\\Console\\Input\\ArgvInput), Object(Symfony\\Component\\Console\\Output\\ConsoleOutput))
#29 D:\\1LuuDuLieuSV\\2001240399_TrinhHuuKienQuoc\\phplab\\buoi7\\Buoi7\\vendor\\laravel\\framework\\src\\Illuminate\\Console\\Application.php(94): Symfony\\Component\\Console\\Application->run(Object(Symfony\\Component\\Console\\Input\\ArgvInput), Object(Symfony\\Component\\Console\\Output\\ConsoleOutput))
#30 D:\\1LuuDuLieuSV\\2001240399_TrinhHuuKienQuoc\\phplab\\buoi7\\Buoi7\\vendor\\laravel\\framework\\src\\Illuminate\\Foundation\\Console\\Kernel.php(129): Illuminate\\Console\\Application->run(Object(Symfony\\Component\\Console\\Input\\ArgvInput), Object(Symfony\\Component\\Console\\Output\\ConsoleOutput))
#31 D:\\1LuuDuLieuSV\\2001240399_TrinhHuuKienQuoc\\phplab\\buoi7\\Buoi7\\artisan(37): Illuminate\\Foundation\\Console\\Kernel->handle(Object(Symfony\\Component\\Console\\Input\\ArgvInput), Object(Symfony\\Component\\Console\\Output\\ConsoleOutput))
#32 {main}
"} 
[2026-09-28 06:55:53] local.ERROR: SQLSTATE[42000]: Syntax error or access violation: 1166 Incorrect column name '' (SQL: create table `products` (`id` bigint unsigned not null auto_increment primary key, `name` varchar(255) not null, `price` decimal(10, 2) not null, `category_id` bigint unsigned not null, `` timestamp null) default character set utf8mb4 collate 'utf8mb4_unicode_ci') {"exception":"[object] (Illuminate\\Database\\QueryException(code: 42000): SQLSTATE[42000]: Syntax error or access violation: 1166 Incorrect column name '' (SQL: create table `products` (`id` bigint unsigned not null auto_increment primary key, `name` varchar(255) not null, `price` decimal(10, 2) not null, `category_id` bigint unsigned not null, `` timestamp null) default character set utf8mb4 collate 'utf8mb4_unicode_ci') at D:\\1LuuDuLieuSV\\2001240399_TrinhHuuKienQuoc\\phplab\\buoi7\\Buoi7\\vendor\\laravel\\framework\\src\\Illuminate\\Database\\Connection.php:712)
[stacktrace]
#0 D:\\1LuuDuLieuSV\\2001240399_TrinhHuuKienQuoc\\phplab\\buoi7\\Buoi7\\vendor\\laravel\\framework\\src\\Illuminate\\Database\\Connection.php(672): Illuminate\\Database\\Connection->runQueryCallback('create table `p...', Array, Object(Closure))
#1 D:\\1LuuDuLieuSV\\2001240399_TrinhHuuKienQuoc\\phplab\\buoi7\\Buoi7\\vendor\\laravel\\framework\\src\\Illuminate\\Database\\Connection.php(502): Illuminate\\Database\\Connection->run('create table `p...', Array, Object(Closure))
#2 D:\\1LuuDuLieuSV\\2001240399_TrinhHuuKienQuoc\\phplab\\buoi7\\Buoi7\\vendor\\laravel\\framework\\src\\Illuminate\\Database\\Schema\\Blueprint.php(109): Illuminate\\Database\\Connection->statement('create table `p...')
#3 D:\\1LuuDuLieuSV\\2001240399_TrinhHuuKienQuoc\\phplab\\buoi7\\Buoi7\\vendor\\laravel\\framework\\src\\Illuminate\\Database\\Schema\\Builder.php(364): Illuminate\\Database\\Schema\\Blueprint->build(Object(Illuminate\\Database\\MySqlConnection), Object(Illuminate\\Database\\Schema\\Grammars\\MySqlGrammar))
#4 D:\\1LuuDuLieuSV\\2001240399_TrinhHuuKienQuoc\\phplab\\buoi7\\Buoi7\\vendor\\laravel\\framework\\src\\Illuminate\\Database\\Schema\\Builder.php(227): Illuminate\\Database\\Schema\\Builder->build(Object(Illuminate\\Database\\Schema\\Blueprint))
#5 D:\\1LuuDuLieuSV\\2001240399_TrinhHuuKienQuoc\\phplab\\buoi7\\Buoi7\\vendor\\laravel\\framework\\src\\Illuminate\\Support\\Facades\\Facade.php(261): Illuminate\\Database\\Schema\\Builder->create('products', Object(Closure))
#6 D:\\1LuuDuLieuSV\\2001240399_TrinhHuuKienQuoc\\phplab\\buoi7\\Buoi7\\database\\migrations\\2026_09_28_062445_create_products_table.php(22): Illuminate\\Support\\Facades\\Facade::__callStatic('create', Array)
#7 D:\\1LuuDuLieuSV\\2001240399_TrinhHuuKienQuoc\\phplab\\buoi7\\Buoi7\\vendor\\laravel\\framework\\src\\Illuminate\\Database\\Migrations\\Migrator.php(472): CreateProductsTable->up()
#8 D:\\1LuuDuLieuSV\\2001240399_TrinhHuuKienQuoc\\phplab\\buoi7\\Buoi7\\vendor\\laravel\\framework\\src\\Illuminate\\Database\\Migrations\\Migrator.php(394): Illuminate\\Database\\Migrations\\Migrator->runMethod(Object(Illuminate\\Database\\MySqlConnection), Object(CreateProductsTable), 'up')
#9 D:\\1LuuDuLieuSV\\2001240399_TrinhHuuKienQuoc\\phplab\\buoi7\\Buoi7\\vendor\\laravel\\framework\\src\\Illuminate\\Database\\Migrations\\Migrator.php(403): Illuminate\\Database\\Migrations\\Migrator->Illuminate\\Database\\Migrations\\{closure}()
#10 D:\\1LuuDuLieuSV\\2001240399_TrinhHuuKienQuoc\\phplab\\buoi7\\Buoi7\\vendor\\laravel\\framework\\src\\Illuminate\\Database\\Migrations\\Migrator.php(202): Illuminate\\Database\\Migrations\\Migrator->runMigration(Object(CreateProductsTable), 'up')
#11 D:\\1LuuDuLieuSV\\2001240399_TrinhHuuKienQuoc\\phplab\\buoi7\\Buoi7\\vendor\\laravel\\framework\\src\\Illuminate\\Database\\Migrations\\Migrator.php(167): Illuminate\\Database\\Migrations\\Migrator->runUp('D:\\\\1LuuDuLieuSV...', 2, false)
#12 D:\\1LuuDuLieuSV\\2001240399_TrinhHuuKienQuoc\\phplab\\buoi7\\Buoi7\\vendor\\laravel\\framework\\src\\Illuminate\\Database\\Migrations\\Migrator.php(112): Illuminate\\Database\\Migrations\\Migrator->runPending(Array, Array)
#13 D:\\1LuuDuLieuSV\\2001240399_TrinhHuuKienQuoc\\phplab\\buoi7\\Buoi7\\vendor\\laravel\\framework\\src\\Illuminate\\Database\\Console\\Migrations\\MigrateCommand.php(86): Illuminate\\Database\\Migrations\\Migrator->run(Array, Array)
#14 D:\\1LuuDuLieuSV\\2001240399_TrinhHuuKienQuoc\\phplab\\buoi7\\Buoi7\\vendor\\laravel\\framework\\src\\Illuminate\\Database\\Migrations\\Migrator.php(606): Illuminate\\Database\\Console\\Migrations\\MigrateCommand->Illuminate\\Database\\Console\\Migrations\\{closure}()
#15 D:\\1LuuDuLieuSV\\2001240399_TrinhHuuKienQuoc\\phplab\\buoi7\\Buoi7\\vendor\\laravel\\framework\\src\\Illuminate\\Database\\Console\\Migrations\\MigrateCommand.php(98): Illuminate\\Database\\Migrations\\Migrator->usingConnection(NULL, Object(Closure))
#16 D:\\1LuuDuLieuSV\\2001240399_TrinhHuuKienQuoc\\phplab\\buoi7\\Buoi7\\vendor\\laravel\\framework\\src\\Illuminate\\Container\\BoundMethod.php(36): Illuminate\\Database\\Console\\Migrations\\MigrateCommand->handle()
#17 D:\\1LuuDuLieuSV\\2001240399_TrinhHuuKienQuoc\\phplab\\buoi7\\Buoi7\\vendor\\laravel\\framework\\src\\Illuminate\\Container\\Util.php(40): Illuminate\\Container\\BoundMethod::Illuminate\\Container\\{closure}()
#18 D:\\1LuuDuLieuSV\\2001240399_TrinhHuuKienQuoc\\phplab\\buoi7\\Buoi7\\vendor\\laravel\\framework\\src\\Illuminate\\Container\\BoundMethod.php(93): Illuminate\\Container\\Util::unwrapIfClosure(Object(Closure))
#19 D:\\1LuuDuLieuSV\\2001240399_TrinhHuuKienQuoc\\phplab\\buoi7\\Buoi7\\vendor\\laravel\\framework\\src\\Illuminate\\Container\\BoundMethod.php(37): Illuminate\\Container\\BoundMethod::callBoundMethod(Object(Illuminate\\Foundation\\Application), Array, Object(Closure))
#20 D:\\1LuuDuLieuSV\\2001240399_TrinhHuuKienQuoc\\phplab\\buoi7\\Buoi7\\vendor\\laravel\\framework\\src\\Illuminate\\Container\\Container.php(653): Illuminate\\Container\\BoundMethod::call(Object(Illuminate\\Foundation\\Application), Array, Array, NULL)
#21 D:\\1LuuDuLieuSV\\2001240399_TrinhHuuKienQuoc\\phplab\\buoi7\\Buoi7\\vendor\\laravel\\framework\\src\\Illuminate\\Console\\Command.php(136): Illuminate\\Container\\Container->call(Array)
#22 D:\\1LuuDuLieuSV\\2001240399_TrinhHuuKienQuoc\\phplab\\buoi7\\Buoi7\\vendor\\symfony\\console\\Command\\Command.php(298): Illuminate\\Console\\Command->execute(Object(Symfony\\Component\\Console\\Input\\ArgvInput), Object(Illuminate\\Console\\OutputStyle))
#23 D:\\1LuuDuLieuSV\\2001240399_TrinhHuuKienQuoc\\phplab\\buoi7\\Buoi7\\vendor\\laravel\\framework\\src\\Illuminate\\Console\\Command.php(121): Symfony\\Component\\Console\\Command\\Command->run(Object(Symfony\\Component\\Console\\Input\\ArgvInput), Object(Illuminate\\Console\\OutputStyle))
#24 D:\\1LuuDuLieuSV\\2001240399_TrinhHuuKienQuoc\\phplab\\buoi7\\Buoi7\\vendor\\symfony\\console\\Application.php(1040): Illuminate\\Console\\Command->run(Object(Symfony\\Component\\Console\\Input\\ArgvInput), Object(Symfony\\Component\\Console\\Output\\ConsoleOutput))
#25 D:\\1LuuDuLieuSV\\2001240399_TrinhHuuKienQuoc\\phplab\\buoi7\\Buoi7\\vendor\\symfony\\console\\Application.php(301): Symfony\\Component\\Console\\Application->doRunCommand(Object(Illuminate\\Database\\Console\\Migrations\\MigrateCommand), Object(Symfony\\Component\\Console\\Input\\ArgvInput), Object(Symfony\\Component\\Console\\Output\\ConsoleOutput))
#26 D:\\1LuuDuLieuSV\\2001240399_TrinhHuuKienQuoc\\phplab\\buoi7\\Buoi7\\vendor\\symfony\\console\\Application.php(171): Symfony\\Component\\Console\\Application->doRun(Object(Symfony\\Component\\Console\\Input\\ArgvInput), Object(Symfony\\Component\\Console\\Output\\ConsoleOutput))
#27 D:\\1LuuDuLieuSV\\2001240399_TrinhHuuKienQuoc\\phplab\\buoi7\\Buoi7\\vendor\\laravel\\framework\\src\\Illuminate\\Console\\Application.php(94): Symfony\\Component\\Console\\Application->run(Object(Symfony\\Component\\Console\\Input\\ArgvInput), Object(Symfony\\Component\\Console\\Output\\ConsoleOutput))
#28 D:\\1LuuDuLieuSV\\2001240399_TrinhHuuKienQuoc\\phplab\\buoi7\\Buoi7\\vendor\\laravel\\framework\\src\\Illuminate\\Foundation\\Console\\Kernel.php(129): Illuminate\\Console\\Application->run(Object(Symfony\\Component\\Console\\Input\\ArgvInput), Object(Symfony\\Component\\Console\\Output\\ConsoleOutput))
#29 D:\\1LuuDuLieuSV\\2001240399_TrinhHuuKienQuoc\\phplab\\buoi7\\Buoi7\\artisan(37): Illuminate\\Foundation\\Console\\Kernel->handle(Object(Symfony\\Component\\Console\\Input\\ArgvInput), Object(Symfony\\Component\\Console\\Output\\ConsoleOutput))
#30 {main}

[previous exception] [object] (PDOException(code: 42000): SQLSTATE[42000]: Syntax error or access violation: 1166 Incorrect column name '' at D:\\1LuuDuLieuSV\\2001240399_TrinhHuuKienQuoc\\phplab\\buoi7\\Buoi7\\vendor\\laravel\\framework\\src\\Illuminate\\Database\\Connection.php:501)
[stacktrace]
#0 D:\\1LuuDuLieuSV\\2001240399_TrinhHuuKienQuoc\\phplab\\buoi7\\Buoi7\\vendor\\laravel\\framework\\src\\Illuminate\\Database\\Connection.php(501): PDOStatement->execute()
#1 D:\\1LuuDuLieuSV\\2001240399_TrinhHuuKienQuoc\\phplab\\buoi7\\Buoi7\\vendor\\laravel\\framework\\src\\Illuminate\\Database\\Connection.php(705): Illuminate\\Database\\Connection->Illuminate\\Database\\{closure}('create table `p...', Array)
#2 D:\\1LuuDuLieuSV\\2001240399_TrinhHuuKienQuoc\\phplab\\buoi7\\Buoi7\\vendor\\laravel\\framework\\src\\Illuminate\\Database\\Connection.php(672): Illuminate\\Database\\Connection->runQueryCallback('create table `p...', Array, Object(Closure))
#3 D:\\1LuuDuLieuSV\\2001240399_TrinhHuuKienQuoc\\phplab\\buoi7\\Buoi7\\vendor\\laravel\\framework\\src\\Illuminate\\Database\\Connection.php(502): Illuminate\\Database\\Connection->run('create table `p...', Array, Object(Closure))
#4 D:\\1LuuDuLieuSV\\2001240399_TrinhHuuKienQuoc\\phplab\\buoi7\\Buoi7\\vendor\\laravel\\framework\\src\\Illuminate\\Database\\Schema\\Blueprint.php(109): Illuminate\\Database\\Connection->statement('create table `p...')
#5 D:\\1LuuDuLieuSV\\2001240399_TrinhHuuKienQuoc\\phplab\\buoi7\\Buoi7\\vendor\\laravel\\framework\\src\\Illuminate\\Database\\Schema\\Builder.php(364): Illuminate\\Database\\Schema\\Blueprint->build(Object(Illuminate\\Database\\MySqlConnection), Object(Illuminate\\Database\\Schema\\Grammars\\MySqlGrammar))
#6 D:\\1LuuDuLieuSV\\2001240399_TrinhHuuKienQuoc\\phplab\\buoi7\\Buoi7\\vendor\\laravel\\framework\\src\\Illuminate\\Database\\Schema\\Builder.php(227): Illuminate\\Database\\Schema\\Builder->build(Object(Illuminate\\Database\\Schema\\Blueprint))
#7 D:\\1LuuDuLieuSV\\2001240399_TrinhHuuKienQuoc\\phplab\\buoi7\\Buoi7\\vendor\\laravel\\framework\\src\\Illuminate\\Support\\Facades\\Facade.php(261): Illuminate\\Database\\Schema\\Builder->create('products', Object(Closure))
#8 D:\\1LuuDuLieuSV\\2001240399_TrinhHuuKienQuoc\\phplab\\buoi7\\Buoi7\\database\\migrations\\2026_09_28_062445_create_products_table.php(22): Illuminate\\Support\\Facades\\Facade::__callStatic('create', Array)
#9 D:\\1LuuDuLieuSV\\2001240399_TrinhHuuKienQuoc\\phplab\\buoi7\\Buoi7\\vendor\\laravel\\framework\\src\\Illuminate\\Database\\Migrations\\Migrator.php(472): CreateProductsTable->up()
#10 D:\\1LuuDuLieuSV\\2001240399_TrinhHuuKienQuoc\\phplab\\buoi7\\Buoi7\\vendor\\laravel\\framework\\src\\Illuminate\\Database\\Migrations\\Migrator.php(394): Illuminate\\Database\\Migrations\\Migrator->runMethod(Object(Illuminate\\Database\\MySqlConnection), Object(CreateProductsTable), 'up')
#11 D:\\1LuuDuLieuSV\\2001240399_TrinhHuuKienQuoc\\phplab\\buoi7\\Buoi7\\vendor\\laravel\\framework\\src\\Illuminate\\Database\\Migrations\\Migrator.php(403): Illuminate\\Database\\Migrations\\Migrator->Illuminate\\Database\\Migrations\\{closure}()
#12 D:\\1LuuDuLieuSV\\2001240399_TrinhHuuKienQuoc\\phplab\\buoi7\\Buoi7\\vendor\\laravel\\framework\\src\\Illuminate\\Database\\Migrations\\Migrator.php(202): Illuminate\\Database\\Migrations\\Migrator->runMigration(Object(CreateProductsTable), 'up')
#13 D:\\1LuuDuLieuSV\\2001240399_TrinhHuuKienQuoc\\phplab\\buoi7\\Buoi7\\vendor\\laravel\\framework\\src\\Illuminate\\Database\\Migrations\\Migrator.php(167): Illuminate\\Database\\Migrations\\Migrator->runUp('D:\\\\1LuuDuLieuSV...', 2, false)
#14 D:\\1LuuDuLieuSV\\2001240399_TrinhHuuKienQuoc\\phplab\\buoi7\\Buoi7\\vendor\\laravel\\framework\\src\\Illuminate\\Database\\Migrations\\Migrator.php(112): Illuminate\\Database\\Migrations\\Migrator->runPending(Array, Array)
#15 D:\\1LuuDuLieuSV\\2001240399_TrinhHuuKienQuoc\\phplab\\buoi7\\Buoi7\\vendor\\laravel\\framework\\src\\Illuminate\\Database\\Console\\Migrations\\MigrateCommand.php(86): Illuminate\\Database\\Migrations\\Migrator->run(Array, Array)
#16 D:\\1LuuDuLieuSV\\2001240399_TrinhHuuKienQuoc\\phplab\\buoi7\\Buoi7\\vendor\\laravel\\framework\\src\\Illuminate\\Database\\Migrations\\Migrator.php(606): Illuminate\\Database\\Console\\Migrations\\MigrateCommand->Illuminate\\Database\\Console\\Migrations\\{closure}()
#17 D:\\1LuuDuLieuSV\\2001240399_TrinhHuuKienQuoc\\phplab\\buoi7\\Buoi7\\vendor\\laravel\\framework\\src\\Illuminate\\Database\\Console\\Migrations\\MigrateCommand.php(98): Illuminate\\Database\\Migrations\\Migrator->usingConnection(NULL, Object(Closure))
#18 D:\\1LuuDuLieuSV\\2001240399_TrinhHuuKienQuoc\\phplab\\buoi7\\Buoi7\\vendor\\laravel\\framework\\src\\Illuminate\\Container\\BoundMethod.php(36): Illuminate\\Database\\Console\\Migrations\\MigrateCommand->handle()
#19 D:\\1LuuDuLieuSV\\2001240399_TrinhHuuKienQuoc\\phplab\\buoi7\\Buoi7\\vendor\\laravel\\framework\\src\\Illuminate\\Container\\Util.php(40): Illuminate\\Container\\BoundMethod::Illuminate\\Container\\{closure}()
#20 D:\\1LuuDuLieuSV\\2001240399_TrinhHuuKienQuoc\\phplab\\buoi7\\Buoi7\\vendor\\laravel\\framework\\src\\Illuminate\\Container\\BoundMethod.php(93): Illuminate\\Container\\Util::unwrapIfClosure(Object(Closure))
#21 D:\\1LuuDuLieuSV\\2001240399_TrinhHuuKienQuoc\\phplab\\buoi7\\Buoi7\\vendor\\laravel\\framework\\src\\Illuminate\\Container\\BoundMethod.php(37): Illuminate\\Container\\BoundMethod::callBoundMethod(Object(Illuminate\\Foundation\\Application), Array, Object(Closure))
#22 D:\\1LuuDuLieuSV\\2001240399_TrinhHuuKienQuoc\\phplab\\buoi7\\Buoi7\\vendor\\laravel\\framework\\src\\Illuminate\\Container\\Container.php(653): Illuminate\\Container\\BoundMethod::call(Object(Illuminate\\Foundation\\Application), Array, Array, NULL)
#23 D:\\1LuuDuLieuSV\\2001240399_TrinhHuuKienQuoc\\phplab\\buoi7\\Buoi7\\vendor\\laravel\\framework\\src\\Illuminate\\Console\\Command.php(136): Illuminate\\Container\\Container->call(Array)
#24 D:\\1LuuDuLieuSV\\2001240399_TrinhHuuKienQuoc\\phplab\\buoi7\\Buoi7\\vendor\\symfony\\console\\Command\\Command.php(298): Illuminate\\Console\\Command->execute(Object(Symfony\\Component\\Console\\Input\\ArgvInput), Object(Illuminate\\Console\\OutputStyle))
#25 D:\\1LuuDuLieuSV\\2001240399_TrinhHuuKienQuoc\\phplab\\buoi7\\Buoi7\\vendor\\laravel\\framework\\src\\Illuminate\\Console\\Command.php(121): Symfony\\Component\\Console\\Command\\Command->run(Object(Symfony\\Component\\Console\\Input\\ArgvInput), Object(Illuminate\\Console\\OutputStyle))
#26 D:\\1LuuDuLieuSV\\2001240399_TrinhHuuKienQuoc\\phplab\\buoi7\\Buoi7\\vendor\\symfony\\console\\Application.php(1040): Illuminate\\Console\\Command->run(Object(Symfony\\Component\\Console\\Input\\ArgvInput), Object(Symfony\\Component\\Console\\Output\\ConsoleOutput))
#27 D:\\1LuuDuLieuSV\\2001240399_TrinhHuuKienQuoc\\phplab\\buoi7\\Buoi7\\vendor\\symfony\\console\\Application.php(301): Symfony\\Component\\Console\\Application->doRunCommand(Object(Illuminate\\Database\\Console\\Migrations\\MigrateCommand), Object(Symfony\\Component\\Console\\Input\\ArgvInput), Object(Symfony\\Component\\Console\\Output\\ConsoleOutput))
#28 D:\\1LuuDuLieuSV\\2001240399_TrinhHuuKienQuoc\\phplab\\buoi7\\Buoi7\\vendor\\symfony\\console\\Application.php(171): Symfony\\Component\\Console\\Application->doRun(Object(Symfony\\Component\\Console\\Input\\ArgvInput), Object(Symfony\\Component\\Console\\Output\\ConsoleOutput))
#29 D:\\1LuuDuLieuSV\\2001240399_TrinhHuuKienQuoc\\phplab\\buoi7\\Buoi7\\vendor\\laravel\\framework\\src\\Illuminate\\Console\\Application.php(94): Symfony\\Component\\Console\\Application->run(Object(Symfony\\Component\\Console\\Input\\ArgvInput), Object(Symfony\\Component\\Console\\Output\\ConsoleOutput))
#30 D:\\1LuuDuLieuSV\\2001240399_TrinhHuuKienQuoc\\phplab\\buoi7\\Buoi7\\vendor\\laravel\\framework\\src\\Illuminate\\Foundation\\Console\\Kernel.php(129): Illuminate\\Console\\Application->run(Object(Symfony\\Component\\Console\\Input\\ArgvInput), Object(Symfony\\Component\\Console\\Output\\ConsoleOutput))
#31 D:\\1LuuDuLieuSV\\2001240399_TrinhHuuKienQuoc\\phplab\\buoi7\\Buoi7\\artisan(37): Illuminate\\Foundation\\Console\\Kernel->handle(Object(Symfony\\Component\\Console\\Input\\ArgvInput), Object(Symfony\\Component\\Console\\Output\\ConsoleOutput))
#32 {main}
"} 
[2026-09-28 06:57:14] local.ERROR: Object of class Faker\Generator could not be converted to string {"exception":"[object] (Error(code: 0): Object of class Faker\\Generator could not be converted to string at D:\\1LuuDuLieuSV\\2001240399_TrinhHuuKienQuoc\\phplab\\buoi7\\Buoi7\\vendor\\laravel\\framework\\src\\Illuminate\\Database\\Connection.php:619)
[stacktrace]
#0 D:\\1LuuDuLieuSV\\2001240399_TrinhHuuKienQuoc\\phplab\\buoi7\\Buoi7\\vendor\\laravel\\framework\\src\\Illuminate\\Database\\Connection.php(619): PDOStatement->bindValue(1, Object(Faker\\Generator), 2)
#1 D:\\1LuuDuLieuSV\\2001240399_TrinhHuuKienQuoc\\phplab\\buoi7\\Buoi7\\vendor\\laravel\\framework\\src\\Illuminate\\Database\\Connection.php(497): Illuminate\\Database\\Connection->bindValues(Object(PDOStatement), Array)
#2 D:\\1LuuDuLieuSV\\2001240399_TrinhHuuKienQuoc\\phplab\\buoi7\\Buoi7\\vendor\\laravel\\framework\\src\\Illuminate\\Database\\Connection.php(705): Illuminate\\Database\\Connection->Illuminate\\Database\\{closure}('insert into `ca...', Array)
#3 D:\\1LuuDuLieuSV\\2001240399_TrinhHuuKienQuoc\\phplab\\buoi7\\Buoi7\\vendor\\laravel\\framework\\src\\Illuminate\\Database\\Connection.php(672): Illuminate\\Database\\Connection->runQueryCallback('insert into `ca...', Array, Object(Closure))
#4 D:\\1LuuDuLieuSV\\2001240399_TrinhHuuKienQuoc\\phplab\\buoi7\\Buoi7\\vendor\\laravel\\framework\\src\\Illuminate\\Database\\Connection.php(502): Illuminate\\Database\\Connection->run('insert into `ca...', Array, Object(Closure))
#5 D:\\1LuuDuLieuSV\\2001240399_TrinhHuuKienQuoc\\phplab\\buoi7\\Buoi7\\vendor\\laravel\\framework\\src\\Illuminate\\Database\\Connection.php(454): Illuminate\\Database\\Connection->statement('insert into `ca...', Array)
#6 D:\\1LuuDuLieuSV\\2001240399_TrinhHuuKienQuoc\\phplab\\buoi7\\Buoi7\\vendor\\laravel\\framework\\src\\Illuminate\\Database\\Query\\Processors\\Processor.php(32): Illuminate\\Database\\Connection->insert('insert into `ca...', Array)
#7 D:\\1LuuDuLieuSV\\2001240399_TrinhHuuKienQuoc\\phplab\\buoi7\\Buoi7\\vendor\\laravel\\framework\\src\\Illuminate\\Database\\Query\\Builder.php(3028): Illuminate\\Database\\Query\\Processors\\Processor->processInsertGetId(Object(Illuminate\\Database\\Query\\Builder), 'insert into `ca...', Array, 'id')
#8 D:\\1LuuDuLieuSV\\2001240399_TrinhHuuKienQuoc\\phplab\\buoi7\\Buoi7\\vendor\\laravel\\framework\\src\\Illuminate\\Database\\Eloquent\\Builder.php(1657): Illuminate\\Database\\Query\\Builder->insertGetId(Array, 'id')
#9 D:\\1LuuDuLieuSV\\2001240399_TrinhHuuKienQuoc\\phplab\\buoi7\\Buoi7\\vendor\\laravel\\framework\\src\\Illuminate\\Database\\Eloquent\\Model.php(1188): Illuminate\\Database\\Eloquent\\Builder->__call('insertGetId', Array)
#10 D:\\1LuuDuLieuSV\\2001240399_TrinhHuuKienQuoc\\phplab\\buoi7\\Buoi7\\vendor\\laravel\\framework\\src\\Illuminate\\Database\\Eloquent\\Model.php(1153): Illuminate\\Database\\Eloquent\\Model->insertAndSetId(Object(Illuminate\\Database\\Eloquent\\Builder), Array)
#11 D:\\1LuuDuLieuSV\\2001240399_TrinhHuuKienQuoc\\phplab\\buoi7\\Buoi7\\vendor\\laravel\\framework\\src\\Illuminate\\Database\\Eloquent\\Model.php(994): Illuminate\\Database\\Eloquent\\Model->performInsert(Object(Illuminate\\Database\\Eloquent\\Builder))
#12 D:\\1LuuDuLieuSV\\2001240399_TrinhHuuKienQuoc\\phplab\\buoi7\\Buoi7\\vendor\\laravel\\framework\\src\\Illuminate\\Database\\Eloquent\\Factories\\Factory.php(314): Illuminate\\Database\\Eloquent\\Model->save()
#13 D:\\1LuuDuLieuSV\\2001240399_TrinhHuuKienQuoc\\phplab\\buoi7\\Buoi7\\vendor\\laravel\\framework\\src\\Illuminate\\Collections\\Traits\\EnumeratesValues.php(245): Illuminate\\Database\\Eloquent\\Factories\\Factory->Illuminate\\Database\\Eloquent\\Factories\\{closure}(Object(App\\Models\\Category), 0)
#14 D:\\1LuuDuLieuSV\\2001240399_TrinhHuuKienQuoc\\phplab\\buoi7\\Buoi7\\vendor\\laravel\\framework\\src\\Illuminate\\Database\\Eloquent\\Factories\\Factory.php(317): Illuminate\\Support\\Collection->each(Object(Closure))
#15 D:\\1LuuDuLieuSV\\2001240399_TrinhHuuKienQuoc\\phplab\\buoi7\\Buoi7\\vendor\\laravel\\framework\\src\\Illuminate\\Database\\Eloquent\\Factories\\Factory.php(265): Illuminate\\Database\\Eloquent\\Factories\\Factory->store(Object(Illuminate\\Database\\Eloquent\\Collection))
#16 D:\\1LuuDuLieuSV\\2001240399_TrinhHuuKienQuoc\\phplab\\buoi7\\Buoi7\\database\\seeders\\DatabaseSeeder.php(21): Illuminate\\Database\\Eloquent\\Factories\\Factory->create()
#17 D:\\1LuuDuLieuSV\\2001240399_TrinhHuuKienQuoc\\phplab\\buoi7\\Buoi7\\vendor\\laravel\\framework\\src\\Illuminate\\Container\\BoundMethod.php(36): Database\\Seeders\\DatabaseSeeder->run()
#18 D:\\1LuuDuLieuSV\\2001240399_TrinhHuuKienQuoc\\phplab\\buoi7\\Buoi7\\vendor\\laravel\\framework\\src\\Illuminate\\Container\\Util.php(40): Illuminate\\Container\\BoundMethod::Illuminate\\Container\\{closure}()
#19 D:\\1LuuDuLieuSV\\2001240399_TrinhHuuKienQuoc\\phplab\\buoi7\\Buoi7\\vendor\\laravel\\framework\\src\\Illuminate\\Container\\BoundMethod.php(93): Illuminate\\Container\\Util::unwrapIfClosure(Object(Closure))
#20 D:\\1LuuDuLieuSV\\2001240399_TrinhHuuKienQuoc\\phplab\\buoi7\\Buoi7\\vendor\\laravel\\framework\\src\\Illuminate\\Container\\BoundMethod.php(37): Illuminate\\Container\\BoundMethod::callBoundMethod(Object(Illuminate\\Foundation\\Application), Array, Object(Closure))
#21 D:\\1LuuDuLieuSV\\2001240399_TrinhHuuKienQuoc\\phplab\\buoi7\\Buoi7\\vendor\\laravel\\framework\\src\\Illuminate\\Container\\Container.php(653): Illuminate\\Container\\BoundMethod::call(Object(Illuminate\\Foundation\\Application), Array, Array, NULL)
#22 D:\\1LuuDuLieuSV\\2001240399_TrinhHuuKienQuoc\\phplab\\buoi7\\Buoi7\\vendor\\laravel\\framework\\src\\Illuminate\\Database\\Seeder.php(149): Illuminate\\Container\\Container->call(Array, Array)
#23 D:\\1LuuDuLieuSV\\2001240399_TrinhHuuKienQuoc\\phplab\\buoi7\\Buoi7\\vendor\\laravel\\framework\\src\\Illuminate\\Database\\Console\\Seeds\\SeedCommand.php(66): Illuminate\\Database\\Seeder->__invoke()
#24 D:\\1LuuDuLieuSV\\2001240399_TrinhHuuKienQuoc\\phplab\\buoi7\\Buoi7\\vendor\\laravel\\framework\\src\\Illuminate\\Database\\Eloquent\\Concerns\\GuardsAttributes.php(157): Illuminate\\Database\\Console\\Seeds\\SeedCommand->Illuminate\\Database\\Console\\Seeds\\{closure}()
#25 D:\\1LuuDuLieuSV\\2001240399_TrinhHuuKienQuoc\\phplab\\buoi7\\Buoi7\\vendor\\laravel\\framework\\src\\Illuminate\\Database\\Console\\Seeds\\SeedCommand.php(67): Illuminate\\Database\\Eloquent\\Model::unguarded(Object(Closure))
#26 D:\\1LuuDuLieuSV\\2001240399_TrinhHuuKienQuoc\\phplab\\buoi7\\Buoi7\\vendor\\laravel\\framework\\src\\Illuminate\\Container\\BoundMethod.php(36): Illuminate\\Database\\Console\\Seeds\\SeedCommand->handle()
#27 D:\\1LuuDuLieuSV\\2001240399_TrinhHuuKienQuoc\\phplab\\buoi7\\Buoi7\\vendor\\laravel\\framework\\src\\Illuminate\\Container\\Util.php(40): Illuminate\\Container\\BoundMethod::Illuminate\\Container\\{closure}()
#28 D:\\1LuuDuLieuSV\\2001240399_TrinhHuuKienQuoc\\phplab\\buoi7\\Buoi7\\vendor\\laravel\\framework\\src\\Illuminate\\Container\\BoundMethod.php(93): Illuminate\\Container\\Util::unwrapIfClosure(Object(Closure))
#29 D:\\1LuuDuLieuSV\\2001240399_TrinhHuuKienQuoc\\phplab\\buoi7\\Buoi7\\vendor\\laravel\\framework\\src\\Illuminate\\Container\\BoundMethod.php(37): Illuminate\\Container\\BoundMethod::callBoundMethod(Object(Illuminate\\Foundation\\Application), Array, Object(Closure))
#30 D:\\1LuuDuLieuSV\\2001240399_TrinhHuuKienQuoc\\phplab\\buoi7\\Buoi7\\vendor\\laravel\\framework\\src\\Illuminate\\Container\\Container.php(653): Illuminate\\Container\\BoundMethod::call(Object(Illuminate\\Foundation\\Application), Array, Array, NULL)
#31 D:\\1LuuDuLieuSV\\2001240399_TrinhHuuKienQuoc\\phplab\\buoi7\\Buoi7\\vendor\\laravel\\framework\\src\\Illuminate\\Console\\Command.php(136): Illuminate\\Container\\Container->call(Array)
#32 D:\\1LuuDuLieuSV\\2001240399_TrinhHuuKienQuoc\\phplab\\buoi7\\Buoi7\\vendor\\symfony\\console\\Command\\Command.php(298): Illuminate\\Console\\Command->execute(Object(Symfony\\Component\\Console\\Input\\ArrayInput), Object(Illuminate\\Console\\OutputStyle))
#33 D:\\1LuuDuLieuSV\\2001240399_TrinhHuuKienQuoc\\phplab\\buoi7\\Buoi7\\vendor\\laravel\\framework\\src\\Illuminate\\Console\\Command.php(121): Symfony\\Component\\Console\\Command\\Command->run(Object(Symfony\\Component\\Console\\Input\\ArrayInput), Object(Illuminate\\Console\\OutputStyle))
#34 D:\\1LuuDuLieuSV\\2001240399_TrinhHuuKienQuoc\\phplab\\buoi7\\Buoi7\\vendor\\laravel\\framework\\src\\Illuminate\\Console\\Concerns\\CallsCommands.php(68): Illuminate\\Console\\Command->run(Object(Symfony\\Component\\Console\\Input\\ArrayInput), Object(Illuminate\\Console\\OutputStyle))
#35 D:\\1LuuDuLieuSV\\2001240399_TrinhHuuKienQuoc\\phplab\\buoi7\\Buoi7\\vendor\\laravel\\framework\\src\\Illuminate\\Console\\Concerns\\CallsCommands.php(28): Illuminate\\Console\\Command->runCommand('db:seed', Array, Object(Illuminate\\Console\\OutputStyle))
#36 D:\\1LuuDuLieuSV\\2001240399_TrinhHuuKienQuoc\\phplab\\buoi7\\Buoi7\\vendor\\laravel\\framework\\src\\Illuminate\\Database\\Console\\Migrations\\FreshCommand.php(90): Illuminate\\Console\\Command->call('db:seed', Array)
#37 D:\\1LuuDuLieuSV\\2001240399_TrinhHuuKienQuoc\\phplab\\buoi7\\Buoi7\\vendor\\laravel\\framework\\src\\Illuminate\\Database\\Console\\Migrations\\FreshCommand.php(65): Illuminate\\Database\\Console\\Migrations\\FreshCommand->runSeeder(NULL)
#38 D:\\1LuuDuLieuSV\\2001240399_TrinhHuuKienQuoc\\phplab\\buoi7\\Buoi7\\vendor\\laravel\\framework\\src\\Illuminate\\Container\\BoundMethod.php(36): Illuminate\\Database\\Console\\Migrations\\FreshCommand->handle()
#39 D:\\1LuuDuLieuSV\\2001240399_TrinhHuuKienQuoc\\phplab\\buoi7\\Buoi7\\vendor\\laravel\\framework\\src\\Illuminate\\Container\\Util.php(40): Illuminate\\Container\\BoundMethod::Illuminate\\Container\\{closure}()
#40 D:\\1LuuDuLieuSV\\2001240399_TrinhHuuKienQuoc\\phplab\\buoi7\\Buoi7\\vendor\\laravel\\framework\\src\\Illuminate\\Container\\BoundMethod.php(93): Illuminate\\Container\\Util::unwrapIfClosure(Object(Closure))
#41 D:\\1LuuDuLieuSV\\2001240399_TrinhHuuKienQuoc\\phplab\\buoi7\\Buoi7\\vendor\\laravel\\framework\\src\\Illuminate\\Container\\BoundMethod.php(37): Illuminate\\Container\\BoundMethod::callBoundMethod(Object(Illuminate\\Foundation\\Application), Array, Object(Closure))
#42 D:\\1LuuDuLieuSV\\2001240399_TrinhHuuKienQuoc\\phplab\\buoi7\\Buoi7\\vendor\\laravel\\framework\\src\\Illuminate\\Container\\Container.php(653): Illuminate\\Container\\BoundMethod::call(Object(Illuminate\\Foundation\\Application), Array, Array, NULL)
#43 D:\\1LuuDuLieuSV\\2001240399_TrinhHuuKienQuoc\\phplab\\buoi7\\Buoi7\\vendor\\laravel\\framework\\src\\Illuminate\\Console\\Command.php(136): Illuminate\\Container\\Container->call(Array)
#44 D:\\1LuuDuLieuSV\\2001240399_TrinhHuuKienQuoc\\phplab\\buoi7\\Buoi7\\vendor\\symfony\\console\\Command\\Command.php(298): Illuminate\\Console\\Command->execute(Object(Symfony\\Component\\Console\\Input\\ArgvInput), Object(Illuminate\\Console\\OutputStyle))
#45 D:\\1LuuDuLieuSV\\2001240399_TrinhHuuKienQuoc\\phplab\\buoi7\\Buoi7\\vendor\\laravel\\framework\\src\\Illuminate\\Console\\Command.php(121): Symfony\\Component\\Console\\Command\\Command->run(Object(Symfony\\Component\\Console\\Input\\ArgvInput), Object(Illuminate\\Console\\OutputStyle))
#46 D:\\1LuuDuLieuSV\\2001240399_TrinhHuuKienQuoc\\phplab\\buoi7\\Buoi7\\vendor\\symfony\\console\\Application.php(1040): Illuminate\\Console\\Command->run(Object(Symfony\\Component\\Console\\Input\\ArgvInput), Object(Symfony\\Component\\Console\\Output\\ConsoleOutput))
#47 D:\\1LuuDuLieuSV\\2001240399_TrinhHuuKienQuoc\\phplab\\buoi7\\Buoi7\\vendor\\symfony\\console\\Application.php(301): Symfony\\Component\\Console\\Application->doRunCommand(Object(Illuminate\\Database\\Console\\Migrations\\FreshCommand), Object(Symfony\\Component\\Console\\Input\\ArgvInput), Object(Symfony\\Component\\Console\\Output\\ConsoleOutput))
#48 D:\\1LuuDuLieuSV\\2001240399_TrinhHuuKienQuoc\\phplab\\buoi7\\Buoi7\\vendor\\symfony\\console\\Application.php(171): Symfony\\Component\\Console\\Application->doRun(Object(Symfony\\Component\\Console\\Input\\ArgvInput), Object(Symfony\\Component\\Console\\Output\\ConsoleOutput))
#49 D:\\1LuuDuLieuSV\\2001240399_TrinhHuuKienQuoc\\phplab\\buoi7\\Buoi7\\vendor\\laravel\\framework\\src\\Illuminate\\Console\\Application.php(94): Symfony\\Component\\Console\\Application->run(Object(Symfony\\Component\\Console\\Input\\ArgvInput), Object(Symfony\\Component\\Console\\Output\\ConsoleOutput))
#50 D:\\1LuuDuLieuSV\\2001240399_TrinhHuuKienQuoc\\phplab\\buoi7\\Buoi7\\vendor\\laravel\\framework\\src\\Illuminate\\Foundation\\Console\\Kernel.php(129): Illuminate\\Console\\Application->run(Object(Symfony\\Component\\Console\\Input\\ArgvInput), Object(Symfony\\Component\\Console\\Output\\ConsoleOutput))
#51 D:\\1LuuDuLieuSV\\2001240399_TrinhHuuKienQuoc\\phplab\\buoi7\\Buoi7\\artisan(37): Illuminate\\Foundation\\Console\\Kernel->handle(Object(Symfony\\Component\\Console\\Input\\ArgvInput), Object(Symfony\\Component\\Console\\Output\\ConsoleOutput))
#52 {main}
"} 
[2026-09-28 07:19:50] local.ERROR: compact(): Undefined variable: products {"exception":"[object] (ErrorException(code: 0): compact(): Undefined variable: products at D:\\1LuuDuLieuSV\\2001240399_TrinhHuuKienQuoc\\phplab\\buoi7\\Buoi7\\routes\\web.php:21)
[stacktrace]
#0 [internal function]: Illuminate\\Foundation\\Bootstrap\\HandleExceptions->handleError(8, 'compact(): Unde...', 'D:\\\\1LuuDuLieuSV...', 21, Array)
#1 D:\\1LuuDuLieuSV\\2001240399_TrinhHuuKienQuoc\\phplab\\buoi7\\Buoi7\\routes\\web.php(21): compact('products')
#2 D:\\1LuuDuLieuSV\\2001240399_TrinhHuuKienQuoc\\phplab\\buoi7\\Buoi7\\vendor\\laravel\\framework\\src\\Illuminate\\Routing\\Route.php(238): Illuminate\\Routing\\RouteFileRegistrar->{closure}()
#3 D:\\1LuuDuLieuSV\\2001240399_TrinhHuuKienQuoc\\phplab\\buoi7\\Buoi7\\vendor\\laravel\\framework\\src\\Illuminate\\Routing\\Route.php(208): Illuminate\\Routing\\Route->runCallable()
#4 D:\\1LuuDuLieuSV\\2001240399_TrinhHuuKienQuoc\\phplab\\buoi7\\Buoi7\\vendor\\laravel\\framework\\src\\Illuminate\\Routing\\Router.php(721): Illuminate\\Routing\\Route->run()
#5 D:\\1LuuDuLieuSV\\2001240399_TrinhHuuKienQuoc\\phplab\\buoi7\\Buoi7\\vendor\\laravel\\framework\\src\\Illuminate\\Pipeline\\Pipeline.php(128): Illuminate\\Routing\\Router->Illuminate\\Routing\\{closure}(Object(Illuminate\\Http\\Request))
#6 D:\\1LuuDuLieuSV\\2001240399_TrinhHuuKienQuoc\\phplab\\buoi7\\Buoi7\\vendor\\laravel\\framework\\src\\Illuminate\\Routing\\Middleware\\SubstituteBindings.php(50): Illuminate\\Pipeline\\Pipeline->Illuminate\\Pipeline\\{closure}(Object(Illuminate\\Http\\Request))
#7 D:\\1LuuDuLieuSV\\2001240399_TrinhHuuKienQuoc\\phplab\\buoi7\\Buoi7\\vendor\\laravel\\framework\\src\\Illuminate\\Pipeline\\Pipeline.php(167): Illuminate\\Routing\\Middleware\\SubstituteBindings->handle(Object(Illuminate\\Http\\Request), Object(Closure))
#8 D:\\1LuuDuLieuSV\\2001240399_TrinhHuuKienQuoc\\phplab\\buoi7\\Buoi7\\vendor\\laravel\\framework\\src\\Illuminate\\Foundation\\Http\\Middleware\\VerifyCsrfToken.php(78): Illuminate\\Pipeline\\Pipeline->Illuminate\\Pipeline\\{closure}(Object(Illuminate\\Http\\Request))
#9 D:\\1LuuDuLieuSV\\2001240399_TrinhHuuKienQuoc\\phplab\\buoi7\\Buoi7\\vendor\\laravel\\framework\\src\\Illuminate\\Pipeline\\Pipeline.php(167): Illuminate\\Foundation\\Http\\Middleware\\VerifyCsrfToken->handle(Object(Illuminate\\Http\\Request), Object(Closure))
#10 D:\\1LuuDuLieuSV\\2001240399_TrinhHuuKienQuoc\\phplab\\buoi7\\Buoi7\\vendor\\laravel\\framework\\src\\Illuminate\\View\\Middleware\\ShareErrorsFromSession.php(49): Illuminate\\Pipeline\\Pipeline->Illuminate\\Pipeline\\{closure}(Object(Illuminate\\Http\\Request))
#11 D:\\1LuuDuLieuSV\\2001240399_TrinhHuuKienQuoc\\phplab\\buoi7\\Buoi7\\vendor\\laravel\\framework\\src\\Illuminate\\Pipeline\\Pipeline.php(167): Illuminate\\View\\Middleware\\ShareErrorsFromSession->handle(Object(Illuminate\\Http\\Request), Object(Closure))
#12 D:\\1LuuDuLieuSV\\2001240399_TrinhHuuKienQuoc\\phplab\\buoi7\\Buoi7\\vendor\\laravel\\framework\\src\\Illuminate\\Session\\Middleware\\StartSession.php(121): Illuminate\\Pipeline\\Pipeline->Illuminate\\Pipeline\\{closure}(Object(Illuminate\\Http\\Request))
#13 D:\\1LuuDuLieuSV\\2001240399_TrinhHuuKienQuoc\\phplab\\buoi7\\Buoi7\\vendor\\laravel\\framework\\src\\Illuminate\\Session\\Middleware\\StartSession.php(64): Illuminate\\Session\\Middleware\\StartSession->handleStatefulRequest(Object(Illuminate\\Http\\Request), Object(Illuminate\\Session\\Store), Object(Closure))
#14 D:\\1LuuDuLieuSV\\2001240399_TrinhHuuKienQuoc\\phplab\\buoi7\\Buoi7\\vendor\\laravel\\framework\\src\\Illuminate\\Pipeline\\Pipeline.php(167): Illuminate\\Session\\Middleware\\StartSession->handle(Object(Illuminate\\Http\\Request), Object(Closure))
#15 D:\\1LuuDuLieuSV\\2001240399_TrinhHuuKienQuoc\\phplab\\buoi7\\Buoi7\\vendor\\laravel\\framework\\src\\Illuminate\\Cookie\\Middleware\\AddQueuedCookiesToResponse.php(37): Illuminate\\Pipeline\\Pipeline->Illuminate\\Pipeline\\{closure}(Object(Illuminate\\Http\\Request))
#16 D:\\1LuuDuLieuSV\\2001240399_TrinhHuuKienQuoc\\phplab\\buoi7\\Buoi7\\vendor\\laravel\\framework\\src\\Illuminate\\Pipeline\\Pipeline.php(167): Illuminate\\Cookie\\Middleware\\AddQueuedCookiesToResponse->handle(Object(Illuminate\\Http\\Request), Object(Closure))
#17 D:\\1LuuDuLieuSV\\2001240399_TrinhHuuKienQuoc\\phplab\\buoi7\\Buoi7\\vendor\\laravel\\framework\\src\\Illuminate\\Cookie\\Middleware\\EncryptCookies.php(67): Illuminate\\Pipeline\\Pipeline->Illuminate\\Pipeline\\{closure}(Object(Illuminate\\Http\\Request))
#18 D:\\1LuuDuLieuSV\\2001240399_TrinhHuuKienQuoc\\phplab\\buoi7\\Buoi7\\vendor\\laravel\\framework\\src\\Illuminate\\Pipeline\\Pipeline.php(167): Illuminate\\Cookie\\Middleware\\EncryptCookies->handle(Object(Illuminate\\Http\\Request), Object(Closure))
#19 D:\\1LuuDuLieuSV\\2001240399_TrinhHuuKienQuoc\\phplab\\buoi7\\Buoi7\\vendor\\laravel\\framework\\src\\Illuminate\\Pipeline\\Pipeline.php(103): Illuminate\\Pipeline\\Pipeline->Illuminate\\Pipeline\\{closure}(Object(Illuminate\\Http\\Request))
#20 D:\\1LuuDuLieuSV\\2001240399_TrinhHuuKienQuoc\\phplab\\buoi7\\Buoi7\\vendor\\laravel\\framework\\src\\Illuminate\\Routing\\Router.php(723): Illuminate\\Pipeline\\Pipeline->then(Object(Closure))
#21 D:\\1LuuDuLieuSV\\2001240399_TrinhHuuKienQuoc\\phplab\\buoi7\\Buoi7\\vendor\\laravel\\framework\\src\\Illuminate\\Routing\\Router.php(698): Illuminate\\Routing\\Router->runRouteWithinStack(Object(Illuminate\\Routing\\Route), Object(Illuminate\\Http\\Request))
#22 D:\\1LuuDuLieuSV\\2001240399_TrinhHuuKienQuoc\\phplab\\buoi7\\Buoi7\\vendor\\laravel\\framework\\src\\Illuminate\\Routing\\Router.php(662): Illuminate\\Routing\\Router->runRoute(Object(Illuminate\\Http\\Request), Object(Illuminate\\Routing\\Route))
#23 D:\\1LuuDuLieuSV\\2001240399_TrinhHuuKienQuoc\\phplab\\buoi7\\Buoi7\\vendor\\laravel\\framework\\src\\Illuminate\\Routing\\Router.php(651): Illuminate\\Routing\\Router->dispatchToRoute(Object(Illuminate\\Http\\Request))
#24 D:\\1LuuDuLieuSV\\2001240399_TrinhHuuKienQuoc\\phplab\\buoi7\\Buoi7\\vendor\\laravel\\framework\\src\\Illuminate\\Foundation\\Http\\Kernel.php(167): Illuminate\\Routing\\Router->dispatch(Object(Illuminate\\Http\\Request))
#25 D:\\1LuuDuLieuSV\\2001240399_TrinhHuuKienQuoc\\phplab\\buoi7\\Buoi7\\vendor\\laravel\\framework\\src\\Illuminate\\Pipeline\\Pipeline.php(128): Illuminate\\Foundation\\Http\\Kernel->Illuminate\\Foundation\\Http\\{closure}(Object(Illuminate\\Http\\Request))
#26 D:\\1LuuDuLieuSV\\2001240399_TrinhHuuKienQuoc\\phplab\\buoi7\\Buoi7\\vendor\\laravel\\framework\\src\\Illuminate\\Foundation\\Http\\Middleware\\TransformsRequest.php(21): Illuminate\\Pipeline\\Pipeline->Illuminate\\Pipeline\\{closure}(Object(Illuminate\\Http\\Request))
#27 D:\\1LuuDuLieuSV\\2001240399_TrinhHuuKienQuoc\\phplab\\buoi7\\Buoi7\\vendor\\laravel\\framework\\src\\Illuminate\\Foundation\\Http\\Middleware\\ConvertEmptyStringsToNull.php(31): Illuminate\\Foundation\\Http\\Middleware\\TransformsRequest->handle(Object(Illuminate\\Http\\Request), Object(Closure))
#28 D:\\1LuuDuLieuSV\\2001240399_TrinhHuuKienQuoc\\phplab\\buoi7\\Buoi7\\vendor\\laravel\\framework\\src\\Illuminate\\Pipeline\\Pipeline.php(167): Illuminate\\Foundation\\Http\\Middleware\\ConvertEmptyStringsToNull->handle(Object(Illuminate\\Http\\Request), Object(Closure))
#29 D:\\1LuuDuLieuSV\\2001240399_TrinhHuuKienQuoc\\phplab\\buoi7\\Buoi7\\vendor\\laravel\\framework\\src\\Illuminate\\Foundation\\Http\\Middleware\\TransformsRequest.php(21): Illuminate\\Pipeline\\Pipeline->Illuminate\\Pipeline\\{closure}(Object(Illuminate\\Http\\Request))
#30 D:\\1LuuDuLieuSV\\2001240399_TrinhHuuKienQuoc\\phplab\\buoi7\\Buoi7\\vendor\\laravel\\framework\\src\\Illuminate\\Foundation\\Http\\Middleware\\TrimStrings.php(40): Illuminate\\Foundation\\Http\\Middleware\\TransformsRequest->handle(Object(Illuminate\\Http\\Request), Object(Closure))
#31 D:\\1LuuDuLieuSV\\2001240399_TrinhHuuKienQuoc\\phplab\\buoi7\\Buoi7\\vendor\\laravel\\framework\\src\\Illuminate\\Pipeline\\Pipeline.php(167): Illuminate\\Foundation\\Http\\Middleware\\TrimStrings->handle(Object(Illuminate\\Http\\Request), Object(Closure))
#32 D:\\1LuuDuLieuSV\\2001240399_TrinhHuuKienQuoc\\phplab\\buoi7\\Buoi7\\vendor\\laravel\\framework\\src\\Illuminate\\Foundation\\Http\\Middleware\\ValidatePostSize.php(27): Illuminate\\Pipeline\\Pipeline->Illuminate\\Pipeline\\{closure}(Object(Illuminate\\Http\\Request))
#33 D:\\1LuuDuLieuSV\\2001240399_TrinhHuuKienQuoc\\phplab\\buoi7\\Buoi7\\vendor\\laravel\\framework\\src\\Illuminate\\Pipeline\\Pipeline.php(167): Illuminate\\Foundation\\Http\\Middleware\\ValidatePostSize->handle(Object(Illuminate\\Http\\Request), Object(Closure))
#34 D:\\1LuuDuLieuSV\\2001240399_TrinhHuuKienQuoc\\phplab\\buoi7\\Buoi7\\vendor\\laravel\\framework\\src\\Illuminate\\Foundation\\Http\\Middleware\\PreventRequestsDuringMaintenance.php(86): Illuminate\\Pipeline\\Pipeline->Illuminate\\Pipeline\\{closure}(Object(Illuminate\\Http\\Request))
#35 D:\\1LuuDuLieuSV\\2001240399_TrinhHuuKienQuoc\\phplab\\buoi7\\Buoi7\\vendor\\laravel\\framework\\src\\Illuminate\\Pipeline\\Pipeline.php(167): Illuminate\\Foundation\\Http\\Middleware\\PreventRequestsDuringMaintenance->handle(Object(Illuminate\\Http\\Request), Object(Closure))
#36 D:\\1LuuDuLieuSV\\2001240399_TrinhHuuKienQuoc\\phplab\\buoi7\\Buoi7\\vendor\\fruitcake\\laravel-cors\\src\\HandleCors.php(38): Illuminate\\Pipeline\\Pipeline->Illuminate\\Pipeline\\{closure}(Object(Illuminate\\Http\\Request))
#37 D:\\1LuuDuLieuSV\\2001240399_TrinhHuuKienQuoc\\phplab\\buoi7\\Buoi7\\vendor\\laravel\\framework\\src\\Illuminate\\Pipeline\\Pipeline.php(167): Fruitcake\\Cors\\HandleCors->handle(Object(Illuminate\\Http\\Request), Object(Closure))
#38 D:\\1LuuDuLieuSV\\2001240399_TrinhHuuKienQuoc\\phplab\\buoi7\\Buoi7\\vendor\\laravel\\framework\\src\\Illuminate\\Http\\Middleware\\TrustProxies.php(39): Illuminate\\Pipeline\\Pipeline->Illuminate\\Pipeline\\{closure}(Object(Illuminate\\Http\\Request))
#39 D:\\1LuuDuLieuSV\\2001240399_TrinhHuuKienQuoc\\phplab\\buoi7\\Buoi7\\vendor\\laravel\\framework\\src\\Illuminate\\Pipeline\\Pipeline.php(167): Illuminate\\Http\\Middleware\\TrustProxies->handle(Object(Illuminate\\Http\\Request), Object(Closure))
#40 D:\\1LuuDuLieuSV\\2001240399_TrinhHuuKienQuoc\\phplab\\buoi7\\Buoi7\\vendor\\laravel\\framework\\src\\Illuminate\\Pipeline\\Pipeline.php(103): Illuminate\\Pipeline\\Pipeline->Illuminate\\Pipeline\\{closure}(Object(Illuminate\\Http\\Request))
#41 D:\\1LuuDuLieuSV\\2001240399_TrinhHuuKienQuoc\\phplab\\buoi7\\Buoi7\\vendor\\laravel\\framework\\src\\Illuminate\\Foundation\\Http\\Kernel.php(142): Illuminate\\Pipeline\\Pipeline->then(Object(Closure))
#42 D:\\1LuuDuLieuSV\\2001240399_TrinhHuuKienQuoc\\phplab\\buoi7\\Buoi7\\vendor\\laravel\\framework\\src\\Illuminate\\Foundation\\Http\\Kernel.php(111): Illuminate\\Foundation\\Http\\Kernel->sendRequestThroughRouter(Object(Illuminate\\Http\\Request))
#43 D:\\1LuuDuLieuSV\\2001240399_TrinhHuuKienQuoc\\phplab\\buoi7\\Buoi7\\public\\index.php(52): Illuminate\\Foundation\\Http\\Kernel->handle(Object(Illuminate\\Http\\Request))
#44 D:\\1LuuDuLieuSV\\2001240399_TrinhHuuKienQuoc\\phplab\\buoi7\\Buoi7\\server.php(21): require_once('D:\\\\1LuuDuLieuSV...')
#45 {main}
"} 
[2026-09-28 07:20:50] local.ERROR: compact(): Undefined variable: products {"exception":"[object] (ErrorException(code: 0): compact(): Undefined variable: products at D:\\1LuuDuLieuSV\\2001240399_TrinhHuuKienQuoc\\phplab\\buoi7\\Buoi7\\routes\\web.php:21)
[stacktrace]
#0 [internal function]: Illuminate\\Foundation\\Bootstrap\\HandleExceptions->handleError(8, 'compact(): Unde...', 'D:\\\\1LuuDuLieuSV...', 21, Array)
#1 D:\\1LuuDuLieuSV\\2001240399_TrinhHuuKienQuoc\\phplab\\buoi7\\Buoi7\\routes\\web.php(21): compact('products')
#2 D:\\1LuuDuLieuSV\\2001240399_TrinhHuuKienQuoc\\phplab\\buoi7\\Buoi7\\vendor\\laravel\\framework\\src\\Illuminate\\Routing\\Route.php(238): Illuminate\\Routing\\RouteFileRegistrar->{closure}()
#3 D:\\1LuuDuLieuSV\\2001240399_TrinhHuuKienQuoc\\phplab\\buoi7\\Buoi7\\vendor\\laravel\\framework\\src\\Illuminate\\Routing\\Route.php(208): Illuminate\\Routing\\Route->runCallable()
#4 D:\\1LuuDuLieuSV\\2001240399_TrinhHuuKienQuoc\\phplab\\buoi7\\Buoi7\\vendor\\laravel\\framework\\src\\Illuminate\\Routing\\Router.php(721): Illuminate\\Routing\\Route->run()
#5 D:\\1LuuDuLieuSV\\2001240399_TrinhHuuKienQuoc\\phplab\\buoi7\\Buoi7\\vendor\\laravel\\framework\\src\\Illuminate\\Pipeline\\Pipeline.php(128): Illuminate\\Routing\\Router->Illuminate\\Routing\\{closure}(Object(Illuminate\\Http\\Request))
#6 D:\\1LuuDuLieuSV\\2001240399_TrinhHuuKienQuoc\\phplab\\buoi7\\Buoi7\\vendor\\laravel\\framework\\src\\Illuminate\\Routing\\Middleware\\SubstituteBindings.php(50): Illuminate\\Pipeline\\Pipeline->Illuminate\\Pipeline\\{closure}(Object(Illuminate\\Http\\Request))
#7 D:\\1LuuDuLieuSV\\2001240399_TrinhHuuKienQuoc\\phplab\\buoi7\\Buoi7\\vendor\\laravel\\framework\\src\\Illuminate\\Pipeline\\Pipeline.php(167): Illuminate\\Routing\\Middleware\\SubstituteBindings->handle(Object(Illuminate\\Http\\Request), Object(Closure))
#8 D:\\1LuuDuLieuSV\\2001240399_TrinhHuuKienQuoc\\phplab\\buoi7\\Buoi7\\vendor\\laravel\\framework\\src\\Illuminate\\Foundation\\Http\\Middleware\\VerifyCsrfToken.php(78): Illuminate\\Pipeline\\Pipeline->Illuminate\\Pipeline\\{closure}(Object(Illuminate\\Http\\Request))
#9 D:\\1LuuDuLieuSV\\2001240399_TrinhHuuKienQuoc\\phplab\\buoi7\\Buoi7\\vendor\\laravel\\framework\\src\\Illuminate\\Pipeline\\Pipeline.php(167): Illuminate\\Foundation\\Http\\Middleware\\VerifyCsrfToken->handle(Object(Illuminate\\Http\\Request), Object(Closure))
#10 D:\\1LuuDuLieuSV\\2001240399_TrinhHuuKienQuoc\\phplab\\buoi7\\Buoi7\\vendor\\laravel\\framework\\src\\Illuminate\\View\\Middleware\\ShareErrorsFromSession.php(49): Illuminate\\Pipeline\\Pipeline->Illuminate\\Pipeline\\{closure}(Object(Illuminate\\Http\\Request))
#11 D:\\1LuuDuLieuSV\\2001240399_TrinhHuuKienQuoc\\phplab\\buoi7\\Buoi7\\vendor\\laravel\\framework\\src\\Illuminate\\Pipeline\\Pipeline.php(167): Illuminate\\View\\Middleware\\ShareErrorsFromSession->handle(Object(Illuminate\\Http\\Request), Object(Closure))
#12 D:\\1LuuDuLieuSV\\2001240399_TrinhHuuKienQuoc\\phplab\\buoi7\\Buoi7\\vendor\\laravel\\framework\\src\\Illuminate\\Session\\Middleware\\StartSession.php(121): Illuminate\\Pipeline\\Pipeline->Illuminate\\Pipeline\\{closure}(Object(Illuminate\\Http\\Request))
#13 D:\\1LuuDuLieuSV\\2001240399_TrinhHuuKienQuoc\\phplab\\buoi7\\Buoi7\\vendor\\laravel\\framework\\src\\Illuminate\\Session\\Middleware\\StartSession.php(64): Illuminate\\Session\\Middleware\\StartSession->handleStatefulRequest(Object(Illuminate\\Http\\Request), Object(Illuminate\\Session\\Store), Object(Closure))
#14 D:\\1LuuDuLieuSV\\2001240399_TrinhHuuKienQuoc\\phplab\\buoi7\\Buoi7\\vendor\\laravel\\framework\\src\\Illuminate\\Pipeline\\Pipeline.php(167): Illuminate\\Session\\Middleware\\StartSession->handle(Object(Illuminate\\Http\\Request), Object(Closure))
#15 D:\\1LuuDuLieuSV\\2001240399_TrinhHuuKienQuoc\\phplab\\buoi7\\Buoi7\\vendor\\laravel\\framework\\src\\Illuminate\\Cookie\\Middleware\\AddQueuedCookiesToResponse.php(37): Illuminate\\Pipeline\\Pipeline->Illuminate\\Pipeline\\{closure}(Object(Illuminate\\Http\\Request))
#16 D:\\1LuuDuLieuSV\\2001240399_TrinhHuuKienQuoc\\phplab\\buoi7\\Buoi7\\vendor\\laravel\\framework\\src\\Illuminate\\Pipeline\\Pipeline.php(167): Illuminate\\Cookie\\Middleware\\AddQueuedCookiesToResponse->handle(Object(Illuminate\\Http\\Request), Object(Closure))
#17 D:\\1LuuDuLieuSV\\2001240399_TrinhHuuKienQuoc\\phplab\\buoi7\\Buoi7\\vendor\\laravel\\framework\\src\\Illuminate\\Cookie\\Middleware\\EncryptCookies.php(67): Illuminate\\Pipeline\\Pipeline->Illuminate\\Pipeline\\{closure}(Object(Illuminate\\Http\\Request))
#18 D:\\1LuuDuLieuSV\\2001240399_TrinhHuuKienQuoc\\phplab\\buoi7\\Buoi7\\vendor\\laravel\\framework\\src\\Illuminate\\Pipeline\\Pipeline.php(167): Illuminate\\Cookie\\Middleware\\EncryptCookies->handle(Object(Illuminate\\Http\\Request), Object(Closure))
#19 D:\\1LuuDuLieuSV\\2001240399_TrinhHuuKienQuoc\\phplab\\buoi7\\Buoi7\\vendor\\laravel\\framework\\src\\Illuminate\\Pipeline\\Pipeline.php(103): Illuminate\\Pipeline\\Pipeline->Illuminate\\Pipeline\\{closure}(Object(Illuminate\\Http\\Request))
#20 D:\\1LuuDuLieuSV\\2001240399_TrinhHuuKienQuoc\\phplab\\buoi7\\Buoi7\\vendor\\laravel\\framework\\src\\Illuminate\\Routing\\Router.php(723): Illuminate\\Pipeline\\Pipeline->then(Object(Closure))
#21 D:\\1LuuDuLieuSV\\2001240399_TrinhHuuKienQuoc\\phplab\\buoi7\\Buoi7\\vendor\\laravel\\framework\\src\\Illuminate\\Routing\\Router.php(698): Illuminate\\Routing\\Router->runRouteWithinStack(Object(Illuminate\\Routing\\Route), Object(Illuminate\\Http\\Request))
#22 D:\\1LuuDuLieuSV\\2001240399_TrinhHuuKienQuoc\\phplab\\buoi7\\Buoi7\\vendor\\laravel\\framework\\src\\Illuminate\\Routing\\Router.php(662): Illuminate\\Routing\\Router->runRoute(Object(Illuminate\\Http\\Request), Object(Illuminate\\Routing\\Route))
#23 D:\\1LuuDuLieuSV\\2001240399_TrinhHuuKienQuoc\\phplab\\buoi7\\Buoi7\\vendor\\laravel\\framework\\src\\Illuminate\\Routing\\Router.php(651): Illuminate\\Routing\\Router->dispatchToRoute(Object(Illuminate\\Http\\Request))
#24 D:\\1LuuDuLieuSV\\2001240399_TrinhHuuKienQuoc\\phplab\\buoi7\\Buoi7\\vendor\\laravel\\framework\\src\\Illuminate\\Foundation\\Http\\Kernel.php(167): Illuminate\\Routing\\Router->dispatch(Object(Illuminate\\Http\\Request))
#25 D:\\1LuuDuLieuSV\\2001240399_TrinhHuuKienQuoc\\phplab\\buoi7\\Buoi7\\vendor\\laravel\\framework\\src\\Illuminate\\Pipeline\\Pipeline.php(128): Illuminate\\Foundation\\Http\\Kernel->Illuminate\\Foundation\\Http\\{closure}(Object(Illuminate\\Http\\Request))
#26 D:\\1LuuDuLieuSV\\2001240399_TrinhHuuKienQuoc\\phplab\\buoi7\\Buoi7\\vendor\\laravel\\framework\\src\\Illuminate\\Foundation\\Http\\Middleware\\TransformsRequest.php(21): Illuminate\\Pipeline\\Pipeline->Illuminate\\Pipeline\\{closure}(Object(Illuminate\\Http\\Request))
#27 D:\\1LuuDuLieuSV\\2001240399_TrinhHuuKienQuoc\\phplab\\buoi7\\Buoi7\\vendor\\laravel\\framework\\src\\Illuminate\\Foundation\\Http\\Middleware\\ConvertEmptyStringsToNull.php(31): Illuminate\\Foundation\\Http\\Middleware\\TransformsRequest->handle(Object(Illuminate\\Http\\Request), Object(Closure))
#28 D:\\1LuuDuLieuSV\\2001240399_TrinhHuuKienQuoc\\phplab\\buoi7\\Buoi7\\vendor\\laravel\\framework\\src\\Illuminate\\Pipeline\\Pipeline.php(167): Illuminate\\Foundation\\Http\\Middleware\\ConvertEmptyStringsToNull->handle(Object(Illuminate\\Http\\Request), Object(Closure))
#29 D:\\1LuuDuLieuSV\\2001240399_TrinhHuuKienQuoc\\phplab\\buoi7\\Buoi7\\vendor\\laravel\\framework\\src\\Illuminate\\Foundation\\Http\\Middleware\\TransformsRequest.php(21): Illuminate\\Pipeline\\Pipeline->Illuminate\\Pipeline\\{closure}(Object(Illuminate\\Http\\Request))
#30 D:\\1LuuDuLieuSV\\2001240399_TrinhHuuKienQuoc\\phplab\\buoi7\\Buoi7\\vendor\\laravel\\framework\\src\\Illuminate\\Foundation\\Http\\Middleware\\TrimStrings.php(40): Illuminate\\Foundation\\Http\\Middleware\\TransformsRequest->handle(Object(Illuminate\\Http\\Request), Object(Closure))
#31 D:\\1LuuDuLieuSV\\2001240399_TrinhHuuKienQuoc\\phplab\\buoi7\\Buoi7\\vendor\\laravel\\framework\\src\\Illuminate\\Pipeline\\Pipeline.php(167): Illuminate\\Foundation\\Http\\Middleware\\TrimStrings->handle(Object(Illuminate\\Http\\Request), Object(Closure))
#32 D:\\1LuuDuLieuSV\\2001240399_TrinhHuuKienQuoc\\phplab\\buoi7\\Buoi7\\vendor\\laravel\\framework\\src\\Illuminate\\Foundation\\Http\\Middleware\\ValidatePostSize.php(27): Illuminate\\Pipeline\\Pipeline->Illuminate\\Pipeline\\{closure}(Object(Illuminate\\Http\\Request))
#33 D:\\1LuuDuLieuSV\\2001240399_TrinhHuuKienQuoc\\phplab\\buoi7\\Buoi7\\vendor\\laravel\\framework\\src\\Illuminate\\Pipeline\\Pipeline.php(167): Illuminate\\Foundation\\Http\\Middleware\\ValidatePostSize->handle(Object(Illuminate\\Http\\Request), Object(Closure))
#34 D:\\1LuuDuLieuSV\\2001240399_TrinhHuuKienQuoc\\phplab\\buoi7\\Buoi7\\vendor\\laravel\\framework\\src\\Illuminate\\Foundation\\Http\\Middleware\\PreventRequestsDuringMaintenance.php(86): Illuminate\\Pipeline\\Pipeline->Illuminate\\Pipeline\\{closure}(Object(Illuminate\\Http\\Request))
#35 D:\\1LuuDuLieuSV\\2001240399_TrinhHuuKienQuoc\\phplab\\buoi7\\Buoi7\\vendor\\laravel\\framework\\src\\Illuminate\\Pipeline\\Pipeline.php(167): Illuminate\\Foundation\\Http\\Middleware\\PreventRequestsDuringMaintenance->handle(Object(Illuminate\\Http\\Request), Object(Closure))
#36 D:\\1LuuDuLieuSV\\2001240399_TrinhHuuKienQuoc\\phplab\\buoi7\\Buoi7\\vendor\\fruitcake\\laravel-cors\\src\\HandleCors.php(38): Illuminate\\Pipeline\\Pipeline->Illuminate\\Pipeline\\{closure}(Object(Illuminate\\Http\\Request))
#37 D:\\1LuuDuLieuSV\\2001240399_TrinhHuuKienQuoc\\phplab\\buoi7\\Buoi7\\vendor\\laravel\\framework\\src\\Illuminate\\Pipeline\\Pipeline.php(167): Fruitcake\\Cors\\HandleCors->handle(Object(Illuminate\\Http\\Request), Object(Closure))
#38 D:\\1LuuDuLieuSV\\2001240399_TrinhHuuKienQuoc\\phplab\\buoi7\\Buoi7\\vendor\\laravel\\framework\\src\\Illuminate\\Http\\Middleware\\TrustProxies.php(39): Illuminate\\Pipeline\\Pipeline->Illuminate\\Pipeline\\{closure}(Object(Illuminate\\Http\\Request))
#39 D:\\1LuuDuLieuSV\\2001240399_TrinhHuuKienQuoc\\phplab\\buoi7\\Buoi7\\vendor\\laravel\\framework\\src\\Illuminate\\Pipeline\\Pipeline.php(167): Illuminate\\Http\\Middleware\\TrustProxies->handle(Object(Illuminate\\Http\\Request), Object(Closure))
#40 D:\\1LuuDuLieuSV\\2001240399_TrinhHuuKienQuoc\\phplab\\buoi7\\Buoi7\\vendor\\laravel\\framework\\src\\Illuminate\\Pipeline\\Pipeline.php(103): Illuminate\\Pipeline\\Pipeline->Illuminate\\Pipeline\\{closure}(Object(Illuminate\\Http\\Request))
#41 D:\\1LuuDuLieuSV\\2001240399_TrinhHuuKienQuoc\\phplab\\buoi7\\Buoi7\\vendor\\laravel\\framework\\src\\Illuminate\\Foundation\\Http\\Kernel.php(142): Illuminate\\Pipeline\\Pipeline->then(Object(Closure))
#42 D:\\1LuuDuLieuSV\\2001240399_TrinhHuuKienQuoc\\phplab\\buoi7\\Buoi7\\vendor\\laravel\\framework\\src\\Illuminate\\Foundation\\Http\\Kernel.php(111): Illuminate\\Foundation\\Http\\Kernel->sendRequestThroughRouter(Object(Illuminate\\Http\\Request))
#43 D:\\1LuuDuLieuSV\\2001240399_TrinhHuuKienQuoc\\phplab\\buoi7\\Buoi7\\public\\index.php(52): Illuminate\\Foundation\\Http\\Kernel->handle(Object(Illuminate\\Http\\Request))
#44 D:\\1LuuDuLieuSV\\2001240399_TrinhHuuKienQuoc\\phplab\\buoi7\\Buoi7\\server.php(21): require_once('D:\\\\1LuuDuLieuSV...')
#45 {main}
"} 
[2026-09-28 07:21:09] local.ERROR: compact(): Undefined variable: products {"exception":"[object] (ErrorException(code: 0): compact(): Undefined variable: products at D:\\1LuuDuLieuSV\\2001240399_TrinhHuuKienQuoc\\phplab\\buoi7\\Buoi7\\routes\\web.php:21)
[stacktrace]
#0 [internal function]: Illuminate\\Foundation\\Bootstrap\\HandleExceptions->handleError(8, 'compact(): Unde...', 'D:\\\\1LuuDuLieuSV...', 21, Array)
#1 D:\\1LuuDuLieuSV\\2001240399_TrinhHuuKienQuoc\\phplab\\buoi7\\Buoi7\\routes\\web.php(21): compact('products')
#2 D:\\1LuuDuLieuSV\\2001240399_TrinhHuuKienQuoc\\phplab\\buoi7\\Buoi7\\vendor\\laravel\\framework\\src\\Illuminate\\Routing\\Route.php(238): Illuminate\\Routing\\RouteFileRegistrar->{closure}()
#3 D:\\1LuuDuLieuSV\\2001240399_TrinhHuuKienQuoc\\phplab\\buoi7\\Buoi7\\vendor\\laravel\\framework\\src\\Illuminate\\Routing\\Route.php(208): Illuminate\\Routing\\Route->runCallable()
#4 D:\\1LuuDuLieuSV\\2001240399_TrinhHuuKienQuoc\\phplab\\buoi7\\Buoi7\\vendor\\laravel\\framework\\src\\Illuminate\\Routing\\Router.php(721): Illuminate\\Routing\\Route->run()
#5 D:\\1LuuDuLieuSV\\2001240399_TrinhHuuKienQuoc\\phplab\\buoi7\\Buoi7\\vendor\\laravel\\framework\\src\\Illuminate\\Pipeline\\Pipeline.php(128): Illuminate\\Routing\\Router->Illuminate\\Routing\\{closure}(Object(Illuminate\\Http\\Request))
#6 D:\\1LuuDuLieuSV\\2001240399_TrinhHuuKienQuoc\\phplab\\buoi7\\Buoi7\\vendor\\laravel\\framework\\src\\Illuminate\\Routing\\Middleware\\SubstituteBindings.php(50): Illuminate\\Pipeline\\Pipeline->Illuminate\\Pipeline\\{closure}(Object(Illuminate\\Http\\Request))
#7 D:\\1LuuDuLieuSV\\2001240399_TrinhHuuKienQuoc\\phplab\\buoi7\\Buoi7\\vendor\\laravel\\framework\\src\\Illuminate\\Pipeline\\Pipeline.php(167): Illuminate\\Routing\\Middleware\\SubstituteBindings->handle(Object(Illuminate\\Http\\Request), Object(Closure))
#8 D:\\1LuuDuLieuSV\\2001240399_TrinhHuuKienQuoc\\phplab\\buoi7\\Buoi7\\vendor\\laravel\\framework\\src\\Illuminate\\Foundation\\Http\\Middleware\\VerifyCsrfToken.php(78): Illuminate\\Pipeline\\Pipeline->Illuminate\\Pipeline\\{closure}(Object(Illuminate\\Http\\Request))
#9 D:\\1LuuDuLieuSV\\2001240399_TrinhHuuKienQuoc\\phplab\\buoi7\\Buoi7\\vendor\\laravel\\framework\\src\\Illuminate\\Pipeline\\Pipeline.php(167): Illuminate\\Foundation\\Http\\Middleware\\VerifyCsrfToken->handle(Object(Illuminate\\Http\\Request), Object(Closure))
#10 D:\\1LuuDuLieuSV\\2001240399_TrinhHuuKienQuoc\\phplab\\buoi7\\Buoi7\\vendor\\laravel\\framework\\src\\Illuminate\\View\\Middleware\\ShareErrorsFromSession.php(49): Illuminate\\Pipeline\\Pipeline->Illuminate\\Pipeline\\{closure}(Object(Illuminate\\Http\\Request))
#11 D:\\1LuuDuLieuSV\\2001240399_TrinhHuuKienQuoc\\phplab\\buoi7\\Buoi7\\vendor\\laravel\\framework\\src\\Illuminate\\Pipeline\\Pipeline.php(167): Illuminate\\View\\Middleware\\ShareErrorsFromSession->handle(Object(Illuminate\\Http\\Request), Object(Closure))
#12 D:\\1LuuDuLieuSV\\2001240399_TrinhHuuKienQuoc\\phplab\\buoi7\\Buoi7\\vendor\\laravel\\framework\\src\\Illuminate\\Session\\Middleware\\StartSession.php(121): Illuminate\\Pipeline\\Pipeline->Illuminate\\Pipeline\\{closure}(Object(Illuminate\\Http\\Request))
#13 D:\\1LuuDuLieuSV\\2001240399_TrinhHuuKienQuoc\\phplab\\buoi7\\Buoi7\\vendor\\laravel\\framework\\src\\Illuminate\\Session\\Middleware\\StartSession.php(64): Illuminate\\Session\\Middleware\\StartSession->handleStatefulRequest(Object(Illuminate\\Http\\Request), Object(Illuminate\\Session\\Store), Object(Closure))
#14 D:\\1LuuDuLieuSV\\2001240399_TrinhHuuKienQuoc\\phplab\\buoi7\\Buoi7\\vendor\\laravel\\framework\\src\\Illuminate\\Pipeline\\Pipeline.php(167): Illuminate\\Session\\Middleware\\StartSession->handle(Object(Illuminate\\Http\\Request), Object(Closure))
#15 D:\\1LuuDuLieuSV\\2001240399_TrinhHuuKienQuoc\\phplab\\buoi7\\Buoi7\\vendor\\laravel\\framework\\src\\Illuminate\\Cookie\\Middleware\\AddQueuedCookiesToResponse.php(37): Illuminate\\Pipeline\\Pipeline->Illuminate\\Pipeline\\{closure}(Object(Illuminate\\Http\\Request))
#16 D:\\1LuuDuLieuSV\\2001240399_TrinhHuuKienQuoc\\phplab\\buoi7\\Buoi7\\vendor\\laravel\\framework\\src\\Illuminate\\Pipeline\\Pipeline.php(167): Illuminate\\Cookie\\Middleware\\AddQueuedCookiesToResponse->handle(Object(Illuminate\\Http\\Request), Object(Closure))
#17 D:\\1LuuDuLieuSV\\2001240399_TrinhHuuKienQuoc\\phplab\\buoi7\\Buoi7\\vendor\\laravel\\framework\\src\\Illuminate\\Cookie\\Middleware\\EncryptCookies.php(67): Illuminate\\Pipeline\\Pipeline->Illuminate\\Pipeline\\{closure}(Object(Illuminate\\Http\\Request))
#18 D:\\1LuuDuLieuSV\\2001240399_TrinhHuuKienQuoc\\phplab\\buoi7\\Buoi7\\vendor\\laravel\\framework\\src\\Illuminate\\Pipeline\\Pipeline.php(167): Illuminate\\Cookie\\Middleware\\EncryptCookies->handle(Object(Illuminate\\Http\\Request), Object(Closure))
#19 D:\\1LuuDuLieuSV\\2001240399_TrinhHuuKienQuoc\\phplab\\buoi7\\Buoi7\\vendor\\laravel\\framework\\src\\Illuminate\\Pipeline\\Pipeline.php(103): Illuminate\\Pipeline\\Pipeline->Illuminate\\Pipeline\\{closure}(Object(Illuminate\\Http\\Request))
#20 D:\\1LuuDuLieuSV\\2001240399_TrinhHuuKienQuoc\\phplab\\buoi7\\Buoi7\\vendor\\laravel\\framework\\src\\Illuminate\\Routing\\Router.php(723): Illuminate\\Pipeline\\Pipeline->then(Object(Closure))
#21 D:\\1LuuDuLieuSV\\2001240399_TrinhHuuKienQuoc\\phplab\\buoi7\\Buoi7\\vendor\\laravel\\framework\\src\\Illuminate\\Routing\\Router.php(698): Illuminate\\Routing\\Router->runRouteWithinStack(Object(Illuminate\\Routing\\Route), Object(Illuminate\\Http\\Request))
#22 D:\\1LuuDuLieuSV\\2001240399_TrinhHuuKienQuoc\\phplab\\buoi7\\Buoi7\\vendor\\laravel\\framework\\src\\Illuminate\\Routing\\Router.php(662): Illuminate\\Routing\\Router->runRoute(Object(Illuminate\\Http\\Request), Object(Illuminate\\Routing\\Route))
#23 D:\\1LuuDuLieuSV\\2001240399_TrinhHuuKienQuoc\\phplab\\buoi7\\Buoi7\\vendor\\laravel\\framework\\src\\Illuminate\\Routing\\Router.php(651): Illuminate\\Routing\\Router->dispatchToRoute(Object(Illuminate\\Http\\Request))
#24 D:\\1LuuDuLieuSV\\2001240399_TrinhHuuKienQuoc\\phplab\\buoi7\\Buoi7\\vendor\\laravel\\framework\\src\\Illuminate\\Foundation\\Http\\Kernel.php(167): Illuminate\\Routing\\Router->dispatch(Object(Illuminate\\Http\\Request))
#25 D:\\1LuuDuLieuSV\\2001240399_TrinhHuuKienQuoc\\phplab\\buoi7\\Buoi7\\vendor\\laravel\\framework\\src\\Illuminate\\Pipeline\\Pipeline.php(128): Illuminate\\Foundation\\Http\\Kernel->Illuminate\\Foundation\\Http\\{closure}(Object(Illuminate\\Http\\Request))
#26 D:\\1LuuDuLieuSV\\2001240399_TrinhHuuKienQuoc\\phplab\\buoi7\\Buoi7\\vendor\\laravel\\framework\\src\\Illuminate\\Foundation\\Http\\Middleware\\TransformsRequest.php(21): Illuminate\\Pipeline\\Pipeline->Illuminate\\Pipeline\\{closure}(Object(Illuminate\\Http\\Request))
#27 D:\\1LuuDuLieuSV\\2001240399_TrinhHuuKienQuoc\\phplab\\buoi7\\Buoi7\\vendor\\laravel\\framework\\src\\Illuminate\\Foundation\\Http\\Middleware\\ConvertEmptyStringsToNull.php(31): Illuminate\\Foundation\\Http\\Middleware\\TransformsRequest->handle(Object(Illuminate\\Http\\Request), Object(Closure))
#28 D:\\1LuuDuLieuSV\\2001240399_TrinhHuuKienQuoc\\phplab\\buoi7\\Buoi7\\vendor\\laravel\\framework\\src\\Illuminate\\Pipeline\\Pipeline.php(167): Illuminate\\Foundation\\Http\\Middleware\\ConvertEmptyStringsToNull->handle(Object(Illuminate\\Http\\Request), Object(Closure))
#29 D:\\1LuuDuLieuSV\\2001240399_TrinhHuuKienQuoc\\phplab\\buoi7\\Buoi7\\vendor\\laravel\\framework\\src\\Illuminate\\Foundation\\Http\\Middleware\\TransformsRequest.php(21): Illuminate\\Pipeline\\Pipeline->Illuminate\\Pipeline\\{closure}(Object(Illuminate\\Http\\Request))
#30 D:\\1LuuDuLieuSV\\2001240399_TrinhHuuKienQuoc\\phplab\\buoi7\\Buoi7\\vendor\\laravel\\framework\\src\\Illuminate\\Foundation\\Http\\Middleware\\TrimStrings.php(40): Illuminate\\Foundation\\Http\\Middleware\\TransformsRequest->handle(Object(Illuminate\\Http\\Request), Object(Closure))
#31 D:\\1LuuDuLieuSV\\2001240399_TrinhHuuKienQuoc\\phplab\\buoi7\\Buoi7\\vendor\\laravel\\framework\\src\\Illuminate\\Pipeline\\Pipeline.php(167): Illuminate\\Foundation\\Http\\Middleware\\TrimStrings->handle(Object(Illuminate\\Http\\Request), Object(Closure))
#32 D:\\1LuuDuLieuSV\\2001240399_TrinhHuuKienQuoc\\phplab\\buoi7\\Buoi7\\vendor\\laravel\\framework\\src\\Illuminate\\Foundation\\Http\\Middleware\\ValidatePostSize.php(27): Illuminate\\Pipeline\\Pipeline->Illuminate\\Pipeline\\{closure}(Object(Illuminate\\Http\\Request))
#33 D:\\1LuuDuLieuSV\\2001240399_TrinhHuuKienQuoc\\phplab\\buoi7\\Buoi7\\vendor\\laravel\\framework\\src\\Illuminate\\Pipeline\\Pipeline.php(167): Illuminate\\Foundation\\Http\\Middleware\\ValidatePostSize->handle(Object(Illuminate\\Http\\Request), Object(Closure))
#34 D:\\1LuuDuLieuSV\\2001240399_TrinhHuuKienQuoc\\phplab\\buoi7\\Buoi7\\vendor\\laravel\\framework\\src\\Illuminate\\Foundation\\Http\\Middleware\\PreventRequestsDuringMaintenance.php(86): Illuminate\\Pipeline\\Pipeline->Illuminate\\Pipeline\\{closure}(Object(Illuminate\\Http\\Request))
#35 D:\\1LuuDuLieuSV\\2001240399_TrinhHuuKienQuoc\\phplab\\buoi7\\Buoi7\\vendor\\laravel\\framework\\src\\Illuminate\\Pipeline\\Pipeline.php(167): Illuminate\\Foundation\\Http\\Middleware\\PreventRequestsDuringMaintenance->handle(Object(Illuminate\\Http\\Request), Object(Closure))
#36 D:\\1LuuDuLieuSV\\2001240399_TrinhHuuKienQuoc\\phplab\\buoi7\\Buoi7\\vendor\\fruitcake\\laravel-cors\\src\\HandleCors.php(38): Illuminate\\Pipeline\\Pipeline->Illuminate\\Pipeline\\{closure}(Object(Illuminate\\Http\\Request))
#37 D:\\1LuuDuLieuSV\\2001240399_TrinhHuuKienQuoc\\phplab\\buoi7\\Buoi7\\vendor\\laravel\\framework\\src\\Illuminate\\Pipeline\\Pipeline.php(167): Fruitcake\\Cors\\HandleCors->handle(Object(Illuminate\\Http\\Request), Object(Closure))
#38 D:\\1LuuDuLieuSV\\2001240399_TrinhHuuKienQuoc\\phplab\\buoi7\\Buoi7\\vendor\\laravel\\framework\\src\\Illuminate\\Http\\Middleware\\TrustProxies.php(39): Illuminate\\Pipeline\\Pipeline->Illuminate\\Pipeline\\{closure}(Object(Illuminate\\Http\\Request))
#39 D:\\1LuuDuLieuSV\\2001240399_TrinhHuuKienQuoc\\phplab\\buoi7\\Buoi7\\vendor\\laravel\\framework\\src\\Illuminate\\Pipeline\\Pipeline.php(167): Illuminate\\Http\\Middleware\\TrustProxies->handle(Object(Illuminate\\Http\\Request), Object(Closure))
#40 D:\\1LuuDuLieuSV\\2001240399_TrinhHuuKienQuoc\\phplab\\buoi7\\Buoi7\\vendor\\laravel\\framework\\src\\Illuminate\\Pipeline\\Pipeline.php(103): Illuminate\\Pipeline\\Pipeline->Illuminate\\Pipeline\\{closure}(Object(Illuminate\\Http\\Request))
#41 D:\\1LuuDuLieuSV\\2001240399_TrinhHuuKienQuoc\\phplab\\buoi7\\Buoi7\\vendor\\laravel\\framework\\src\\Illuminate\\Foundation\\Http\\Kernel.php(142): Illuminate\\Pipeline\\Pipeline->then(Object(Closure))
#42 D:\\1LuuDuLieuSV\\2001240399_TrinhHuuKienQuoc\\phplab\\buoi7\\Buoi7\\vendor\\laravel\\framework\\src\\Illuminate\\Foundation\\Http\\Kernel.php(111): Illuminate\\Foundation\\Http\\Kernel->sendRequestThroughRouter(Object(Illuminate\\Http\\Request))
#43 D:\\1LuuDuLieuSV\\2001240399_TrinhHuuKienQuoc\\phplab\\buoi7\\Buoi7\\public\\index.php(52): Illuminate\\Foundation\\Http\\Kernel->handle(Object(Illuminate\\Http\\Request))
#44 D:\\1LuuDuLieuSV\\2001240399_TrinhHuuKienQuoc\\phplab\\buoi7\\Buoi7\\server.php(21): require_once('D:\\\\1LuuDuLieuSV...')
#45 {main}
"} 
[2026-09-28 07:21:09] local.ERROR: compact(): Undefined variable: products {"exception":"[object] (ErrorException(code: 0): compact(): Undefined variable: products at D:\\1LuuDuLieuSV\\2001240399_TrinhHuuKienQuoc\\phplab\\buoi7\\Buoi7\\routes\\web.php:21)
[stacktrace]
#0 [internal function]: Illuminate\\Foundation\\Bootstrap\\HandleExceptions->handleError(8, 'compact(): Unde...', 'D:\\\\1LuuDuLieuSV...', 21, Array)
#1 D:\\1LuuDuLieuSV\\2001240399_TrinhHuuKienQuoc\\phplab\\buoi7\\Buoi7\\routes\\web.php(21): compact('products')
#2 D:\\1LuuDuLieuSV\\2001240399_TrinhHuuKienQuoc\\phplab\\buoi7\\Buoi7\\vendor\\laravel\\framework\\src\\Illuminate\\Routing\\Route.php(238): Illuminate\\Routing\\RouteFileRegistrar->{closure}()
#3 D:\\1LuuDuLieuSV\\2001240399_TrinhHuuKienQuoc\\phplab\\buoi7\\Buoi7\\vendor\\laravel\\framework\\src\\Illuminate\\Routing\\Route.php(208): Illuminate\\Routing\\Route->runCallable()
#4 D:\\1LuuDuLieuSV\\2001240399_TrinhHuuKienQuoc\\phplab\\buoi7\\Buoi7\\vendor\\laravel\\framework\\src\\Illuminate\\Routing\\Router.php(721): Illuminate\\Routing\\Route->run()
#5 D:\\1LuuDuLieuSV\\2001240399_TrinhHuuKienQuoc\\phplab\\buoi7\\Buoi7\\vendor\\laravel\\framework\\src\\Illuminate\\Pipeline\\Pipeline.php(128): Illuminate\\Routing\\Router->Illuminate\\Routing\\{closure}(Object(Illuminate\\Http\\Request))
#6 D:\\1LuuDuLieuSV\\2001240399_TrinhHuuKienQuoc\\phplab\\buoi7\\Buoi7\\vendor\\laravel\\framework\\src\\Illuminate\\Routing\\Middleware\\SubstituteBindings.php(50): Illuminate\\Pipeline\\Pipeline->Illuminate\\Pipeline\\{closure}(Object(Illuminate\\Http\\Request))
#7 D:\\1LuuDuLieuSV\\2001240399_TrinhHuuKienQuoc\\phplab\\buoi7\\Buoi7\\vendor\\laravel\\framework\\src\\Illuminate\\Pipeline\\Pipeline.php(167): Illuminate\\Routing\\Middleware\\SubstituteBindings->handle(Object(Illuminate\\Http\\Request), Object(Closure))
#8 D:\\1LuuDuLieuSV\\2001240399_TrinhHuuKienQuoc\\phplab\\buoi7\\Buoi7\\vendor\\laravel\\framework\\src\\Illuminate\\Foundation\\Http\\Middleware\\VerifyCsrfToken.php(78): Illuminate\\Pipeline\\Pipeline->Illuminate\\Pipeline\\{closure}(Object(Illuminate\\Http\\Request))
#9 D:\\1LuuDuLieuSV\\2001240399_TrinhHuuKienQuoc\\phplab\\buoi7\\Buoi7\\vendor\\laravel\\framework\\src\\Illuminate\\Pipeline\\Pipeline.php(167): Illuminate\\Foundation\\Http\\Middleware\\VerifyCsrfToken->handle(Object(Illuminate\\Http\\Request), Object(Closure))
#10 D:\\1LuuDuLieuSV\\2001240399_TrinhHuuKienQuoc\\phplab\\buoi7\\Buoi7\\vendor\\laravel\\framework\\src\\Illuminate\\View\\Middleware\\ShareErrorsFromSession.php(49): Illuminate\\Pipeline\\Pipeline->Illuminate\\Pipeline\\{closure}(Object(Illuminate\\Http\\Request))
#11 D:\\1LuuDuLieuSV\\2001240399_TrinhHuuKienQuoc\\phplab\\buoi7\\Buoi7\\vendor\\laravel\\framework\\src\\Illuminate\\Pipeline\\Pipeline.php(167): Illuminate\\View\\Middleware\\ShareErrorsFromSession->handle(Object(Illuminate\\Http\\Request), Object(Closure))
#12 D:\\1LuuDuLieuSV\\2001240399_TrinhHuuKienQuoc\\phplab\\buoi7\\Buoi7\\vendor\\laravel\\framework\\src\\Illuminate\\Session\\Middleware\\StartSession.php(121): Illuminate\\Pipeline\\Pipeline->Illuminate\\Pipeline\\{closure}(Object(Illuminate\\Http\\Request))
#13 D:\\1LuuDuLieuSV\\2001240399_TrinhHuuKienQuoc\\phplab\\buoi7\\Buoi7\\vendor\\laravel\\framework\\src\\Illuminate\\Session\\Middleware\\StartSession.php(64): Illuminate\\Session\\Middleware\\StartSession->handleStatefulRequest(Object(Illuminate\\Http\\Request), Object(Illuminate\\Session\\Store), Object(Closure))
#14 D:\\1LuuDuLieuSV\\2001240399_TrinhHuuKienQuoc\\phplab\\buoi7\\Buoi7\\vendor\\laravel\\framework\\src\\Illuminate\\Pipeline\\Pipeline.php(167): Illuminate\\Session\\Middleware\\StartSession->handle(Object(Illuminate\\Http\\Request), Object(Closure))
#15 D:\\1LuuDuLieuSV\\2001240399_TrinhHuuKienQuoc\\phplab\\buoi7\\Buoi7\\vendor\\laravel\\framework\\src\\Illuminate\\Cookie\\Middleware\\AddQueuedCookiesToResponse.php(37): Illuminate\\Pipeline\\Pipeline->Illuminate\\Pipeline\\{closure}(Object(Illuminate\\Http\\Request))
#16 D:\\1LuuDuLieuSV\\2001240399_TrinhHuuKienQuoc\\phplab\\buoi7\\Buoi7\\vendor\\laravel\\framework\\src\\Illuminate\\Pipeline\\Pipeline.php(167): Illuminate\\Cookie\\Middleware\\AddQueuedCookiesToResponse->handle(Object(Illuminate\\Http\\Request), Object(Closure))
#17 D:\\1LuuDuLieuSV\\2001240399_TrinhHuuKienQuoc\\phplab\\buoi7\\Buoi7\\vendor\\laravel\\framework\\src\\Illuminate\\Cookie\\Middleware\\EncryptCookies.php(67): Illuminate\\Pipeline\\Pipeline->Illuminate\\Pipeline\\{closure}(Object(Illuminate\\Http\\Request))
#18 D:\\1LuuDuLieuSV\\2001240399_TrinhHuuKienQuoc\\phplab\\buoi7\\Buoi7\\vendor\\laravel\\framework\\src\\Illuminate\\Pipeline\\Pipeline.php(167): Illuminate\\Cookie\\Middleware\\EncryptCookies->handle(Object(Illuminate\\Http\\Request), Object(Closure))
#19 D:\\1LuuDuLieuSV\\2001240399_TrinhHuuKienQuoc\\phplab\\buoi7\\Buoi7\\vendor\\laravel\\framework\\src\\Illuminate\\Pipeline\\Pipeline.php(103): Illuminate\\Pipeline\\Pipeline->Illuminate\\Pipeline\\{closure}(Object(Illuminate\\Http\\Request))
#20 D:\\1LuuDuLieuSV\\2001240399_TrinhHuuKienQuoc\\phplab\\buoi7\\Buoi7\\vendor\\laravel\\framework\\src\\Illuminate\\Routing\\Router.php(723): Illuminate\\Pipeline\\Pipeline->then(Object(Closure))
#21 D:\\1LuuDuLieuSV\\2001240399_TrinhHuuKienQuoc\\phplab\\buoi7\\Buoi7\\vendor\\laravel\\framework\\src\\Illuminate\\Routing\\Router.php(698): Illuminate\\Routing\\Router->runRouteWithinStack(Object(Illuminate\\Routing\\Route), Object(Illuminate\\Http\\Request))
#22 D:\\1LuuDuLieuSV\\2001240399_TrinhHuuKienQuoc\\phplab\\buoi7\\Buoi7\\vendor\\laravel\\framework\\src\\Illuminate\\Routing\\Router.php(662): Illuminate\\Routing\\Router->runRoute(Object(Illuminate\\Http\\Request), Object(Illuminate\\Routing\\Route))
#23 D:\\1LuuDuLieuSV\\2001240399_TrinhHuuKienQuoc\\phplab\\buoi7\\Buoi7\\vendor\\laravel\\framework\\src\\Illuminate\\Routing\\Router.php(651): Illuminate\\Routing\\Router->dispatchToRoute(Object(Illuminate\\Http\\Request))
#24 D:\\1LuuDuLieuSV\\2001240399_TrinhHuuKienQuoc\\phplab\\buoi7\\Buoi7\\vendor\\laravel\\framework\\src\\Illuminate\\Foundation\\Http\\Kernel.php(167): Illuminate\\Routing\\Router->dispatch(Object(Illuminate\\Http\\Request))
#25 D:\\1LuuDuLieuSV\\2001240399_TrinhHuuKienQuoc\\phplab\\buoi7\\Buoi7\\vendor\\laravel\\framework\\src\\Illuminate\\Pipeline\\Pipeline.php(128): Illuminate\\Foundation\\Http\\Kernel->Illuminate\\Foundation\\Http\\{closure}(Object(Illuminate\\Http\\Request))
#26 D:\\1LuuDuLieuSV\\2001240399_TrinhHuuKienQuoc\\phplab\\buoi7\\Buoi7\\vendor\\laravel\\framework\\src\\Illuminate\\Foundation\\Http\\Middleware\\TransformsRequest.php(21): Illuminate\\Pipeline\\Pipeline->Illuminate\\Pipeline\\{closure}(Object(Illuminate\\Http\\Request))
#27 D:\\1LuuDuLieuSV\\2001240399_TrinhHuuKienQuoc\\phplab\\buoi7\\Buoi7\\vendor\\laravel\\framework\\src\\Illuminate\\Foundation\\Http\\Middleware\\ConvertEmptyStringsToNull.php(31): Illuminate\\Foundation\\Http\\Middleware\\TransformsRequest->handle(Object(Illuminate\\Http\\Request), Object(Closure))
#28 D:\\1LuuDuLieuSV\\2001240399_TrinhHuuKienQuoc\\phplab\\buoi7\\Buoi7\\vendor\\laravel\\framework\\src\\Illuminate\\Pipeline\\Pipeline.php(167): Illuminate\\Foundation\\Http\\Middleware\\ConvertEmptyStringsToNull->handle(Object(Illuminate\\Http\\Request), Object(Closure))
#29 D:\\1LuuDuLieuSV\\2001240399_TrinhHuuKienQuoc\\phplab\\buoi7\\Buoi7\\vendor\\laravel\\framework\\src\\Illuminate\\Foundation\\Http\\Middleware\\TransformsRequest.php(21): Illuminate\\Pipeline\\Pipeline->Illuminate\\Pipeline\\{closure}(Object(Illuminate\\Http\\Request))
#30 D:\\1LuuDuLieuSV\\2001240399_TrinhHuuKienQuoc\\phplab\\buoi7\\Buoi7\\vendor\\laravel\\framework\\src\\Illuminate\\Foundation\\Http\\Middleware\\TrimStrings.php(40): Illuminate\\Foundation\\Http\\Middleware\\TransformsRequest->handle(Object(Illuminate\\Http\\Request), Object(Closure))
#31 D:\\1LuuDuLieuSV\\2001240399_TrinhHuuKienQuoc\\phplab\\buoi7\\Buoi7\\vendor\\laravel\\framework\\src\\Illuminate\\Pipeline\\Pipeline.php(167): Illuminate\\Foundation\\Http\\Middleware\\TrimStrings->handle(Object(Illuminate\\Http\\Request), Object(Closure))
#32 D:\\1LuuDuLieuSV\\2001240399_TrinhHuuKienQuoc\\phplab\\buoi7\\Buoi7\\vendor\\laravel\\framework\\src\\Illuminate\\Foundation\\Http\\Middleware\\ValidatePostSize.php(27): Illuminate\\Pipeline\\Pipeline->Illuminate\\Pipeline\\{closure}(Object(Illuminate\\Http\\Request))
#33 D:\\1LuuDuLieuSV\\2001240399_TrinhHuuKienQuoc\\phplab\\buoi7\\Buoi7\\vendor\\laravel\\framework\\src\\Illuminate\\Pipeline\\Pipeline.php(167): Illuminate\\Foundation\\Http\\Middleware\\ValidatePostSize->handle(Object(Illuminate\\Http\\Request), Object(Closure))
#34 D:\\1LuuDuLieuSV\\2001240399_TrinhHuuKienQuoc\\phplab\\buoi7\\Buoi7\\vendor\\laravel\\framework\\src\\Illuminate\\Foundation\\Http\\Middleware\\PreventRequestsDuringMaintenance.php(86): Illuminate\\Pipeline\\Pipeline->Illuminate\\Pipeline\\{closure}(Object(Illuminate\\Http\\Request))
#35 D:\\1LuuDuLieuSV\\2001240399_TrinhHuuKienQuoc\\phplab\\buoi7\\Buoi7\\vendor\\laravel\\framework\\src\\Illuminate\\Pipeline\\Pipeline.php(167): Illuminate\\Foundation\\Http\\Middleware\\PreventRequestsDuringMaintenance->handle(Object(Illuminate\\Http\\Request), Object(Closure))
#36 D:\\1LuuDuLieuSV\\2001240399_TrinhHuuKienQuoc\\phplab\\buoi7\\Buoi7\\vendor\\fruitcake\\laravel-cors\\src\\HandleCors.php(38): Illuminate\\Pipeline\\Pipeline->Illuminate\\Pipeline\\{closure}(Object(Illuminate\\Http\\Request))
#37 D:\\1LuuDuLieuSV\\2001240399_TrinhHuuKienQuoc\\phplab\\buoi7\\Buoi7\\vendor\\laravel\\framework\\src\\Illuminate\\Pipeline\\Pipeline.php(167): Fruitcake\\Cors\\HandleCors->handle(Object(Illuminate\\Http\\Request), Object(Closure))
#38 D:\\1LuuDuLieuSV\\2001240399_TrinhHuuKienQuoc\\phplab\\buoi7\\Buoi7\\vendor\\laravel\\framework\\src\\Illuminate\\Http\\Middleware\\TrustProxies.php(39): Illuminate\\Pipeline\\Pipeline->Illuminate\\Pipeline\\{closure}(Object(Illuminate\\Http\\Request))
#39 D:\\1LuuDuLieuSV\\2001240399_TrinhHuuKienQuoc\\phplab\\buoi7\\Buoi7\\vendor\\laravel\\framework\\src\\Illuminate\\Pipeline\\Pipeline.php(167): Illuminate\\Http\\Middleware\\TrustProxies->handle(Object(Illuminate\\Http\\Request), Object(Closure))
#40 D:\\1LuuDuLieuSV\\2001240399_TrinhHuuKienQuoc\\phplab\\buoi7\\Buoi7\\vendor\\laravel\\framework\\src\\Illuminate\\Pipeline\\Pipeline.php(103): Illuminate\\Pipeline\\Pipeline->Illuminate\\Pipeline\\{closure}(Object(Illuminate\\Http\\Request))
#41 D:\\1LuuDuLieuSV\\2001240399_TrinhHuuKienQuoc\\phplab\\buoi7\\Buoi7\\vendor\\laravel\\framework\\src\\Illuminate\\Foundation\\Http\\Kernel.php(142): Illuminate\\Pipeline\\Pipeline->then(Object(Closure))
#42 D:\\1LuuDuLieuSV\\2001240399_TrinhHuuKienQuoc\\phplab\\buoi7\\Buoi7\\vendor\\laravel\\framework\\src\\Illuminate\\Foundation\\Http\\Kernel.php(111): Illuminate\\Foundation\\Http\\Kernel->sendRequestThroughRouter(Object(Illuminate\\Http\\Request))
#43 D:\\1LuuDuLieuSV\\2001240399_TrinhHuuKienQuoc\\phplab\\buoi7\\Buoi7\\public\\index.php(52): Illuminate\\Foundation\\Http\\Kernel->handle(Object(Illuminate\\Http\\Request))
#44 D:\\1LuuDuLieuSV\\2001240399_TrinhHuuKienQuoc\\phplab\\buoi7\\Buoi7\\server.php(21): require_once('D:\\\\1LuuDuLieuSV...')
#45 {main}
"} 
[2026-09-28 07:21:44] local.ERROR: compact(): Undefined variable: products {"exception":"[object] (ErrorException(code: 0): compact(): Undefined variable: products at D:\\1LuuDuLieuSV\\2001240399_TrinhHuuKienQuoc\\phplab\\buoi7\\Buoi7\\routes\\web.php:21)
[stacktrace]
#0 [internal function]: Illuminate\\Foundation\\Bootstrap\\HandleExceptions->handleError(8, 'compact(): Unde...', 'D:\\\\1LuuDuLieuSV...', 21, Array)
#1 D:\\1LuuDuLieuSV\\2001240399_TrinhHuuKienQuoc\\phplab\\buoi7\\Buoi7\\routes\\web.php(21): compact('products')
#2 D:\\1LuuDuLieuSV\\2001240399_TrinhHuuKienQuoc\\phplab\\buoi7\\Buoi7\\vendor\\laravel\\framework\\src\\Illuminate\\Routing\\Route.php(238): Illuminate\\Routing\\RouteFileRegistrar->{closure}()
#3 D:\\1LuuDuLieuSV\\2001240399_TrinhHuuKienQuoc\\phplab\\buoi7\\Buoi7\\vendor\\laravel\\framework\\src\\Illuminate\\Routing\\Route.php(208): Illuminate\\Routing\\Route->runCallable()
#4 D:\\1LuuDuLieuSV\\2001240399_TrinhHuuKienQuoc\\phplab\\buoi7\\Buoi7\\vendor\\laravel\\framework\\src\\Illuminate\\Routing\\Router.php(721): Illuminate\\Routing\\Route->run()
#5 D:\\1LuuDuLieuSV\\2001240399_TrinhHuuKienQuoc\\phplab\\buoi7\\Buoi7\\vendor\\laravel\\framework\\src\\Illuminate\\Pipeline\\Pipeline.php(128): Illuminate\\Routing\\Router->Illuminate\\Routing\\{closure}(Object(Illuminate\\Http\\Request))
#6 D:\\1LuuDuLieuSV\\2001240399_TrinhHuuKienQuoc\\phplab\\buoi7\\Buoi7\\vendor\\laravel\\framework\\src\\Illuminate\\Routing\\Middleware\\SubstituteBindings.php(50): Illuminate\\Pipeline\\Pipeline->Illuminate\\Pipeline\\{closure}(Object(Illuminate\\Http\\Request))
#7 D:\\1LuuDuLieuSV\\2001240399_TrinhHuuKienQuoc\\phplab\\buoi7\\Buoi7\\vendor\\laravel\\framework\\src\\Illuminate\\Pipeline\\Pipeline.php(167): Illuminate\\Routing\\Middleware\\SubstituteBindings->handle(Object(Illuminate\\Http\\Request), Object(Closure))
#8 D:\\1LuuDuLieuSV\\2001240399_TrinhHuuKienQuoc\\phplab\\buoi7\\Buoi7\\vendor\\laravel\\framework\\src\\Illuminate\\Foundation\\Http\\Middleware\\VerifyCsrfToken.php(78): Illuminate\\Pipeline\\Pipeline->Illuminate\\Pipeline\\{closure}(Object(Illuminate\\Http\\Request))
#9 D:\\1LuuDuLieuSV\\2001240399_TrinhHuuKienQuoc\\phplab\\buoi7\\Buoi7\\vendor\\laravel\\framework\\src\\Illuminate\\Pipeline\\Pipeline.php(167): Illuminate\\Foundation\\Http\\Middleware\\VerifyCsrfToken->handle(Object(Illuminate\\Http\\Request), Object(Closure))
#10 D:\\1LuuDuLieuSV\\2001240399_TrinhHuuKienQuoc\\phplab\\buoi7\\Buoi7\\vendor\\laravel\\framework\\src\\Illuminate\\View\\Middleware\\ShareErrorsFromSession.php(49): Illuminate\\Pipeline\\Pipeline->Illuminate\\Pipeline\\{closure}(Object(Illuminate\\Http\\Request))
#11 D:\\1LuuDuLieuSV\\2001240399_TrinhHuuKienQuoc\\phplab\\buoi7\\Buoi7\\vendor\\laravel\\framework\\src\\Illuminate\\Pipeline\\Pipeline.php(167): Illuminate\\View\\Middleware\\ShareErrorsFromSession->handle(Object(Illuminate\\Http\\Request), Object(Closure))
#12 D:\\1LuuDuLieuSV\\2001240399_TrinhHuuKienQuoc\\phplab\\buoi7\\Buoi7\\vendor\\laravel\\framework\\src\\Illuminate\\Session\\Middleware\\StartSession.php(121): Illuminate\\Pipeline\\Pipeline->Illuminate\\Pipeline\\{closure}(Object(Illuminate\\Http\\Request))
#13 D:\\1LuuDuLieuSV\\2001240399_TrinhHuuKienQuoc\\phplab\\buoi7\\Buoi7\\vendor\\laravel\\framework\\src\\Illuminate\\Session\\Middleware\\StartSession.php(64): Illuminate\\Session\\Middleware\\StartSession->handleStatefulRequest(Object(Illuminate\\Http\\Request), Object(Illuminate\\Session\\Store), Object(Closure))
#14 D:\\1LuuDuLieuSV\\2001240399_TrinhHuuKienQuoc\\phplab\\buoi7\\Buoi7\\vendor\\laravel\\framework\\src\\Illuminate\\Pipeline\\Pipeline.php(167): Illuminate\\Session\\Middleware\\StartSession->handle(Object(Illuminate\\Http\\Request), Object(Closure))
#15 D:\\1LuuDuLieuSV\\2001240399_TrinhHuuKienQuoc\\phplab\\buoi7\\Buoi7\\vendor\\laravel\\framework\\src\\Illuminate\\Cookie\\Middleware\\AddQueuedCookiesToResponse.php(37): Illuminate\\Pipeline\\Pipeline->Illuminate\\Pipeline\\{closure}(Object(Illuminate\\Http\\Request))
#16 D:\\1LuuDuLieuSV\\2001240399_TrinhHuuKienQuoc\\phplab\\buoi7\\Buoi7\\vendor\\laravel\\framework\\src\\Illuminate\\Pipeline\\Pipeline.php(167): Illuminate\\Cookie\\Middleware\\AddQueuedCookiesToResponse->handle(Object(Illuminate\\Http\\Request), Object(Closure))
#17 D:\\1LuuDuLieuSV\\2001240399_TrinhHuuKienQuoc\\phplab\\buoi7\\Buoi7\\vendor\\laravel\\framework\\src\\Illuminate\\Cookie\\Middleware\\EncryptCookies.php(67): Illuminate\\Pipeline\\Pipeline->Illuminate\\Pipeline\\{closure}(Object(Illuminate\\Http\\Request))
#18 D:\\1LuuDuLieuSV\\2001240399_TrinhHuuKienQuoc\\phplab\\buoi7\\Buoi7\\vendor\\laravel\\framework\\src\\Illuminate\\Pipeline\\Pipeline.php(167): Illuminate\\Cookie\\Middleware\\EncryptCookies->handle(Object(Illuminate\\Http\\Request), Object(Closure))
#19 D:\\1LuuDuLieuSV\\2001240399_TrinhHuuKienQuoc\\phplab\\buoi7\\Buoi7\\vendor\\laravel\\framework\\src\\Illuminate\\Pipeline\\Pipeline.php(103): Illuminate\\Pipeline\\Pipeline->Illuminate\\Pipeline\\{closure}(Object(Illuminate\\Http\\Request))
#20 D:\\1LuuDuLieuSV\\2001240399_TrinhHuuKienQuoc\\phplab\\buoi7\\Buoi7\\vendor\\laravel\\framework\\src\\Illuminate\\Routing\\Router.php(723): Illuminate\\Pipeline\\Pipeline->then(Object(Closure))
#21 D:\\1LuuDuLieuSV\\2001240399_TrinhHuuKienQuoc\\phplab\\buoi7\\Buoi7\\vendor\\laravel\\framework\\src\\Illuminate\\Routing\\Router.php(698): Illuminate\\Routing\\Router->runRouteWithinStack(Object(Illuminate\\Routing\\Route), Object(Illuminate\\Http\\Request))
#22 D:\\1LuuDuLieuSV\\2001240399_TrinhHuuKienQuoc\\phplab\\buoi7\\Buoi7\\vendor\\laravel\\framework\\src\\Illuminate\\Routing\\Router.php(662): Illuminate\\Routing\\Router->runRoute(Object(Illuminate\\Http\\Request), Object(Illuminate\\Routing\\Route))
#23 D:\\1LuuDuLieuSV\\2001240399_TrinhHuuKienQuoc\\phplab\\buoi7\\Buoi7\\vendor\\laravel\\framework\\src\\Illuminate\\Routing\\Router.php(651): Illuminate\\Routing\\Router->dispatchToRoute(Object(Illuminate\\Http\\Request))
#24 D:\\1LuuDuLieuSV\\2001240399_TrinhHuuKienQuoc\\phplab\\buoi7\\Buoi7\\vendor\\laravel\\framework\\src\\Illuminate\\Foundation\\Http\\Kernel.php(167): Illuminate\\Routing\\Router->dispatch(Object(Illuminate\\Http\\Request))
#25 D:\\1LuuDuLieuSV\\2001240399_TrinhHuuKienQuoc\\phplab\\buoi7\\Buoi7\\vendor\\laravel\\framework\\src\\Illuminate\\Pipeline\\Pipeline.php(128): Illuminate\\Foundation\\Http\\Kernel->Illuminate\\Foundation\\Http\\{closure}(Object(Illuminate\\Http\\Request))
#26 D:\\1LuuDuLieuSV\\2001240399_TrinhHuuKienQuoc\\phplab\\buoi7\\Buoi7\\vendor\\laravel\\framework\\src\\Illuminate\\Foundation\\Http\\Middleware\\TransformsRequest.php(21): Illuminate\\Pipeline\\Pipeline->Illuminate\\Pipeline\\{closure}(Object(Illuminate\\Http\\Request))
#27 D:\\1LuuDuLieuSV\\2001240399_TrinhHuuKienQuoc\\phplab\\buoi7\\Buoi7\\vendor\\laravel\\framework\\src\\Illuminate\\Foundation\\Http\\Middleware\\ConvertEmptyStringsToNull.php(31): Illuminate\\Foundation\\Http\\Middleware\\TransformsRequest->handle(Object(Illuminate\\Http\\Request), Object(Closure))
#28 D:\\1LuuDuLieuSV\\2001240399_TrinhHuuKienQuoc\\phplab\\buoi7\\Buoi7\\vendor\\laravel\\framework\\src\\Illuminate\\Pipeline\\Pipeline.php(167): Illuminate\\Foundation\\Http\\Middleware\\ConvertEmptyStringsToNull->handle(Object(Illuminate\\Http\\Request), Object(Closure))
#29 D:\\1LuuDuLieuSV\\2001240399_TrinhHuuKienQuoc\\phplab\\buoi7\\Buoi7\\vendor\\laravel\\framework\\src\\Illuminate\\Foundation\\Http\\Middleware\\TransformsRequest.php(21): Illuminate\\Pipeline\\Pipeline->Illuminate\\Pipeline\\{closure}(Object(Illuminate\\Http\\Request))
#30 D:\\1LuuDuLieuSV\\2001240399_TrinhHuuKienQuoc\\phplab\\buoi7\\Buoi7\\vendor\\laravel\\framework\\src\\Illuminate\\Foundation\\Http\\Middleware\\TrimStrings.php(40): Illuminate\\Foundation\\Http\\Middleware\\TransformsRequest->handle(Object(Illuminate\\Http\\Request), Object(Closure))
#31 D:\\1LuuDuLieuSV\\2001240399_TrinhHuuKienQuoc\\phplab\\buoi7\\Buoi7\\vendor\\laravel\\framework\\src\\Illuminate\\Pipeline\\Pipeline.php(167): Illuminate\\Foundation\\Http\\Middleware\\TrimStrings->handle(Object(Illuminate\\Http\\Request), Object(Closure))
#32 D:\\1LuuDuLieuSV\\2001240399_TrinhHuuKienQuoc\\phplab\\buoi7\\Buoi7\\vendor\\laravel\\framework\\src\\Illuminate\\Foundation\\Http\\Middleware\\ValidatePostSize.php(27): Illuminate\\Pipeline\\Pipeline->Illuminate\\Pipeline\\{closure}(Object(Illuminate\\Http\\Request))
#33 D:\\1LuuDuLieuSV\\2001240399_TrinhHuuKienQuoc\\phplab\\buoi7\\Buoi7\\vendor\\laravel\\framework\\src\\Illuminate\\Pipeline\\Pipeline.php(167): Illuminate\\Foundation\\Http\\Middleware\\ValidatePostSize->handle(Object(Illuminate\\Http\\Request), Object(Closure))
#34 D:\\1LuuDuLieuSV\\2001240399_TrinhHuuKienQuoc\\phplab\\buoi7\\Buoi7\\vendor\\laravel\\framework\\src\\Illuminate\\Foundation\\Http\\Middleware\\PreventRequestsDuringMaintenance.php(86): Illuminate\\Pipeline\\Pipeline->Illuminate\\Pipeline\\{closure}(Object(Illuminate\\Http\\Request))
#35 D:\\1LuuDuLieuSV\\2001240399_TrinhHuuKienQuoc\\phplab\\buoi7\\Buoi7\\vendor\\laravel\\framework\\src\\Illuminate\\Pipeline\\Pipeline.php(167): Illuminate\\Foundation\\Http\\Middleware\\PreventRequestsDuringMaintenance->handle(Object(Illuminate\\Http\\Request), Object(Closure))
#36 D:\\1LuuDuLieuSV\\2001240399_TrinhHuuKienQuoc\\phplab\\buoi7\\Buoi7\\vendor\\fruitcake\\laravel-cors\\src\\HandleCors.php(38): Illuminate\\Pipeline\\Pipeline->Illuminate\\Pipeline\\{closure}(Object(Illuminate\\Http\\Request))
#37 D:\\1LuuDuLieuSV\\2001240399_TrinhHuuKienQuoc\\phplab\\buoi7\\Buoi7\\vendor\\laravel\\framework\\src\\Illuminate\\Pipeline\\Pipeline.php(167): Fruitcake\\Cors\\HandleCors->handle(Object(Illuminate\\Http\\Request), Object(Closure))
#38 D:\\1LuuDuLieuSV\\2001240399_TrinhHuuKienQuoc\\phplab\\buoi7\\Buoi7\\vendor\\laravel\\framework\\src\\Illuminate\\Http\\Middleware\\TrustProxies.php(39): Illuminate\\Pipeline\\Pipeline->Illuminate\\Pipeline\\{closure}(Object(Illuminate\\Http\\Request))
#39 D:\\1LuuDuLieuSV\\2001240399_TrinhHuuKienQuoc\\phplab\\buoi7\\Buoi7\\vendor\\laravel\\framework\\src\\Illuminate\\Pipeline\\Pipeline.php(167): Illuminate\\Http\\Middleware\\TrustProxies->handle(Object(Illuminate\\Http\\Request), Object(Closure))
#40 D:\\1LuuDuLieuSV\\2001240399_TrinhHuuKienQuoc\\phplab\\buoi7\\Buoi7\\vendor\\laravel\\framework\\src\\Illuminate\\Pipeline\\Pipeline.php(103): Illuminate\\Pipeline\\Pipeline->Illuminate\\Pipeline\\{closure}(Object(Illuminate\\Http\\Request))
#41 D:\\1LuuDuLieuSV\\2001240399_TrinhHuuKienQuoc\\phplab\\buoi7\\Buoi7\\vendor\\laravel\\framework\\src\\Illuminate\\Foundation\\Http\\Kernel.php(142): Illuminate\\Pipeline\\Pipeline->then(Object(Closure))
#42 D:\\1LuuDuLieuSV\\2001240399_TrinhHuuKienQuoc\\phplab\\buoi7\\Buoi7\\vendor\\laravel\\framework\\src\\Illuminate\\Foundation\\Http\\Kernel.php(111): Illuminate\\Foundation\\Http\\Kernel->sendRequestThroughRouter(Object(Illuminate\\Http\\Request))
#43 D:\\1LuuDuLieuSV\\2001240399_TrinhHuuKienQuoc\\phplab\\buoi7\\Buoi7\\public\\index.php(52): Illuminate\\Foundation\\Http\\Kernel->handle(Object(Illuminate\\Http\\Request))
#44 D:\\1LuuDuLieuSV\\2001240399_TrinhHuuKienQuoc\\phplab\\buoi7\\Buoi7\\server.php(21): require_once('D:\\\\1LuuDuLieuSV...')
#45 {main}
"} 
[2026-09-28 07:21:45] local.ERROR: compact(): Undefined variable: products {"exception":"[object] (ErrorException(code: 0): compact(): Undefined variable: products at D:\\1LuuDuLieuSV\\2001240399_TrinhHuuKienQuoc\\phplab\\buoi7\\Buoi7\\routes\\web.php:21)
[stacktrace]
#0 [internal function]: Illuminate\\Foundation\\Bootstrap\\HandleExceptions->handleError(8, 'compact(): Unde...', 'D:\\\\1LuuDuLieuSV...', 21, Array)
#1 D:\\1LuuDuLieuSV\\2001240399_TrinhHuuKienQuoc\\phplab\\buoi7\\Buoi7\\routes\\web.php(21): compact('products')
#2 D:\\1LuuDuLieuSV\\2001240399_TrinhHuuKienQuoc\\phplab\\buoi7\\Buoi7\\vendor\\laravel\\framework\\src\\Illuminate\\Routing\\Route.php(238): Illuminate\\Routing\\RouteFileRegistrar->{closure}()
#3 D:\\1LuuDuLieuSV\\2001240399_TrinhHuuKienQuoc\\phplab\\buoi7\\Buoi7\\vendor\\laravel\\framework\\src\\Illuminate\\Routing\\Route.php(208): Illuminate\\Routing\\Route->runCallable()
#4 D:\\1LuuDuLieuSV\\2001240399_TrinhHuuKienQuoc\\phplab\\buoi7\\Buoi7\\vendor\\laravel\\framework\\src\\Illuminate\\Routing\\Router.php(721): Illuminate\\Routing\\Route->run()
#5 D:\\1LuuDuLieuSV\\2001240399_TrinhHuuKienQuoc\\phplab\\buoi7\\Buoi7\\vendor\\laravel\\framework\\src\\Illuminate\\Pipeline\\Pipeline.php(128): Illuminate\\Routing\\Router->Illuminate\\Routing\\{closure}(Object(Illuminate\\Http\\Request))
#6 D:\\1LuuDuLieuSV\\2001240399_TrinhHuuKienQuoc\\phplab\\buoi7\\Buoi7\\vendor\\laravel\\framework\\src\\Illuminate\\Routing\\Middleware\\SubstituteBindings.php(50): Illuminate\\Pipeline\\Pipeline->Illuminate\\Pipeline\\{closure}(Object(Illuminate\\Http\\Request))
#7 D:\\1LuuDuLieuSV\\2001240399_TrinhHuuKienQuoc\\phplab\\buoi7\\Buoi7\\vendor\\laravel\\framework\\src\\Illuminate\\Pipeline\\Pipeline.php(167): Illuminate\\Routing\\Middleware\\SubstituteBindings->handle(Object(Illuminate\\Http\\Request), Object(Closure))
#8 D:\\1LuuDuLieuSV\\2001240399_TrinhHuuKienQuoc\\phplab\\buoi7\\Buoi7\\vendor\\laravel\\framework\\src\\Illuminate\\Foundation\\Http\\Middleware\\VerifyCsrfToken.php(78): Illuminate\\Pipeline\\Pipeline->Illuminate\\Pipeline\\{closure}(Object(Illuminate\\Http\\Request))
#9 D:\\1LuuDuLieuSV\\2001240399_TrinhHuuKienQuoc\\phplab\\buoi7\\Buoi7\\vendor\\laravel\\framework\\src\\Illuminate\\Pipeline\\Pipeline.php(167): Illuminate\\Foundation\\Http\\Middleware\\VerifyCsrfToken->handle(Object(Illuminate\\Http\\Request), Object(Closure))
#10 D:\\1LuuDuLieuSV\\2001240399_TrinhHuuKienQuoc\\phplab\\buoi7\\Buoi7\\vendor\\laravel\\framework\\src\\Illuminate\\View\\Middleware\\ShareErrorsFromSession.php(49): Illuminate\\Pipeline\\Pipeline->Illuminate\\Pipeline\\{closure}(Object(Illuminate\\Http\\Request))
#11 D:\\1LuuDuLieuSV\\2001240399_TrinhHuuKienQuoc\\phplab\\buoi7\\Buoi7\\vendor\\laravel\\framework\\src\\Illuminate\\Pipeline\\Pipeline.php(167): Illuminate\\View\\Middleware\\ShareErrorsFromSession->handle(Object(Illuminate\\Http\\Request), Object(Closure))
#12 D:\\1LuuDuLieuSV\\2001240399_TrinhHuuKienQuoc\\phplab\\buoi7\\Buoi7\\vendor\\laravel\\framework\\src\\Illuminate\\Session\\Middleware\\StartSession.php(121): Illuminate\\Pipeline\\Pipeline->Illuminate\\Pipeline\\{closure}(Object(Illuminate\\Http\\Request))
#13 D:\\1LuuDuLieuSV\\2001240399_TrinhHuuKienQuoc\\phplab\\buoi7\\Buoi7\\vendor\\laravel\\framework\\src\\Illuminate\\Session\\Middleware\\StartSession.php(64): Illuminate\\Session\\Middleware\\StartSession->handleStatefulRequest(Object(Illuminate\\Http\\Request), Object(Illuminate\\Session\\Store), Object(Closure))
#14 D:\\1LuuDuLieuSV\\2001240399_TrinhHuuKienQuoc\\phplab\\buoi7\\Buoi7\\vendor\\laravel\\framework\\src\\Illuminate\\Pipeline\\Pipeline.php(167): Illuminate\\Session\\Middleware\\StartSession->handle(Object(Illuminate\\Http\\Request), Object(Closure))
#15 D:\\1LuuDuLieuSV\\2001240399_TrinhHuuKienQuoc\\phplab\\buoi7\\Buoi7\\vendor\\laravel\\framework\\src\\Illuminate\\Cookie\\Middleware\\AddQueuedCookiesToResponse.php(37): Illuminate\\Pipeline\\Pipeline->Illuminate\\Pipeline\\{closure}(Object(Illuminate\\Http\\Request))
#16 D:\\1LuuDuLieuSV\\2001240399_TrinhHuuKienQuoc\\phplab\\buoi7\\Buoi7\\vendor\\laravel\\framework\\src\\Illuminate\\Pipeline\\Pipeline.php(167): Illuminate\\Cookie\\Middleware\\AddQueuedCookiesToResponse->handle(Object(Illuminate\\Http\\Request), Object(Closure))
#17 D:\\1LuuDuLieuSV\\2001240399_TrinhHuuKienQuoc\\phplab\\buoi7\\Buoi7\\vendor\\laravel\\framework\\src\\Illuminate\\Cookie\\Middleware\\EncryptCookies.php(67): Illuminate\\Pipeline\\Pipeline->Illuminate\\Pipeline\\{closure}(Object(Illuminate\\Http\\Request))
#18 D:\\1LuuDuLieuSV\\2001240399_TrinhHuuKienQuoc\\phplab\\buoi7\\Buoi7\\vendor\\laravel\\framework\\src\\Illuminate\\Pipeline\\Pipeline.php(167): Illuminate\\Cookie\\Middleware\\EncryptCookies->handle(Object(Illuminate\\Http\\Request), Object(Closure))
#19 D:\\1LuuDuLieuSV\\2001240399_TrinhHuuKienQuoc\\phplab\\buoi7\\Buoi7\\vendor\\laravel\\framework\\src\\Illuminate\\Pipeline\\Pipeline.php(103): Illuminate\\Pipeline\\Pipeline->Illuminate\\Pipeline\\{closure}(Object(Illuminate\\Http\\Request))
#20 D:\\1LuuDuLieuSV\\2001240399_TrinhHuuKienQuoc\\phplab\\buoi7\\Buoi7\\vendor\\laravel\\framework\\src\\Illuminate\\Routing\\Router.php(723): Illuminate\\Pipeline\\Pipeline->then(Object(Closure))
#21 D:\\1LuuDuLieuSV\\2001240399_TrinhHuuKienQuoc\\phplab\\buoi7\\Buoi7\\vendor\\laravel\\framework\\src\\Illuminate\\Routing\\Router.php(698): Illuminate\\Routing\\Router->runRouteWithinStack(Object(Illuminate\\Routing\\Route), Object(Illuminate\\Http\\Request))
#22 D:\\1LuuDuLieuSV\\2001240399_TrinhHuuKienQuoc\\phplab\\buoi7\\Buoi7\\vendor\\laravel\\framework\\src\\Illuminate\\Routing\\Router.php(662): Illuminate\\Routing\\Router->runRoute(Object(Illuminate\\Http\\Request), Object(Illuminate\\Routing\\Route))
#23 D:\\1LuuDuLieuSV\\2001240399_TrinhHuuKienQuoc\\phplab\\buoi7\\Buoi7\\vendor\\laravel\\framework\\src\\Illuminate\\Routing\\Router.php(651): Illuminate\\Routing\\Router->dispatchToRoute(Object(Illuminate\\Http\\Request))
#24 D:\\1LuuDuLieuSV\\2001240399_TrinhHuuKienQuoc\\phplab\\buoi7\\Buoi7\\vendor\\laravel\\framework\\src\\Illuminate\\Foundation\\Http\\Kernel.php(167): Illuminate\\Routing\\Router->dispatch(Object(Illuminate\\Http\\Request))
#25 D:\\1LuuDuLieuSV\\2001240399_TrinhHuuKienQuoc\\phplab\\buoi7\\Buoi7\\vendor\\laravel\\framework\\src\\Illuminate\\Pipeline\\Pipeline.php(128): Illuminate\\Foundation\\Http\\Kernel->Illuminate\\Foundation\\Http\\{closure}(Object(Illuminate\\Http\\Request))
#26 D:\\1LuuDuLieuSV\\2001240399_TrinhHuuKienQuoc\\phplab\\buoi7\\Buoi7\\vendor\\laravel\\framework\\src\\Illuminate\\Foundation\\Http\\Middleware\\TransformsRequest.php(21): Illuminate\\Pipeline\\Pipeline->Illuminate\\Pipeline\\{closure}(Object(Illuminate\\Http\\Request))
#27 D:\\1LuuDuLieuSV\\2001240399_TrinhHuuKienQuoc\\phplab\\buoi7\\Buoi7\\vendor\\laravel\\framework\\src\\Illuminate\\Foundation\\Http\\Middleware\\ConvertEmptyStringsToNull.php(31): Illuminate\\Foundation\\Http\\Middleware\\TransformsRequest->handle(Object(Illuminate\\Http\\Request), Object(Closure))
#28 D:\\1LuuDuLieuSV\\2001240399_TrinhHuuKienQuoc\\phplab\\buoi7\\Buoi7\\vendor\\laravel\\framework\\src\\Illuminate\\Pipeline\\Pipeline.php(167): Illuminate\\Foundation\\Http\\Middleware\\ConvertEmptyStringsToNull->handle(Object(Illuminate\\Http\\Request), Object(Closure))
#29 D:\\1LuuDuLieuSV\\2001240399_TrinhHuuKienQuoc\\phplab\\buoi7\\Buoi7\\vendor\\laravel\\framework\\src\\Illuminate\\Foundation\\Http\\Middleware\\TransformsRequest.php(21): Illuminate\\Pipeline\\Pipeline->Illuminate\\Pipeline\\{closure}(Object(Illuminate\\Http\\Request))
#30 D:\\1LuuDuLieuSV\\2001240399_TrinhHuuKienQuoc\\phplab\\buoi7\\Buoi7\\vendor\\laravel\\framework\\src\\Illuminate\\Foundation\\Http\\Middleware\\TrimStrings.php(40): Illuminate\\Foundation\\Http\\Middleware\\TransformsRequest->handle(Object(Illuminate\\Http\\Request), Object(Closure))
#31 D:\\1LuuDuLieuSV\\2001240399_TrinhHuuKienQuoc\\phplab\\buoi7\\Buoi7\\vendor\\laravel\\framework\\src\\Illuminate\\Pipeline\\Pipeline.php(167): Illuminate\\Foundation\\Http\\Middleware\\TrimStrings->handle(Object(Illuminate\\Http\\Request), Object(Closure))
#32 D:\\1LuuDuLieuSV\\2001240399_TrinhHuuKienQuoc\\phplab\\buoi7\\Buoi7\\vendor\\laravel\\framework\\src\\Illuminate\\Foundation\\Http\\Middleware\\ValidatePostSize.php(27): Illuminate\\Pipeline\\Pipeline->Illuminate\\Pipeline\\{closure}(Object(Illuminate\\Http\\Request))
#33 D:\\1LuuDuLieuSV\\2001240399_TrinhHuuKienQuoc\\phplab\\buoi7\\Buoi7\\vendor\\laravel\\framework\\src\\Illuminate\\Pipeline\\Pipeline.php(167): Illuminate\\Foundation\\Http\\Middleware\\ValidatePostSize->handle(Object(Illuminate\\Http\\Request), Object(Closure))
#34 D:\\1LuuDuLieuSV\\2001240399_TrinhHuuKienQuoc\\phplab\\buoi7\\Buoi7\\vendor\\laravel\\framework\\src\\Illuminate\\Foundation\\Http\\Middleware\\PreventRequestsDuringMaintenance.php(86): Illuminate\\Pipeline\\Pipeline->Illuminate\\Pipeline\\{closure}(Object(Illuminate\\Http\\Request))
#35 D:\\1LuuDuLieuSV\\2001240399_TrinhHuuKienQuoc\\phplab\\buoi7\\Buoi7\\vendor\\laravel\\framework\\src\\Illuminate\\Pipeline\\Pipeline.php(167): Illuminate\\Foundation\\Http\\Middleware\\PreventRequestsDuringMaintenance->handle(Object(Illuminate\\Http\\Request), Object(Closure))
#36 D:\\1LuuDuLieuSV\\2001240399_TrinhHuuKienQuoc\\phplab\\buoi7\\Buoi7\\vendor\\fruitcake\\laravel-cors\\src\\HandleCors.php(38): Illuminate\\Pipeline\\Pipeline->Illuminate\\Pipeline\\{closure}(Object(Illuminate\\Http\\Request))
#37 D:\\1LuuDuLieuSV\\2001240399_TrinhHuuKienQuoc\\phplab\\buoi7\\Buoi7\\vendor\\laravel\\framework\\src\\Illuminate\\Pipeline\\Pipeline.php(167): Fruitcake\\Cors\\HandleCors->handle(Object(Illuminate\\Http\\Request), Object(Closure))
#38 D:\\1LuuDuLieuSV\\2001240399_TrinhHuuKienQuoc\\phplab\\buoi7\\Buoi7\\vendor\\laravel\\framework\\src\\Illuminate\\Http\\Middleware\\TrustProxies.php(39): Illuminate\\Pipeline\\Pipeline->Illuminate\\Pipeline\\{closure}(Object(Illuminate\\Http\\Request))
#39 D:\\1LuuDuLieuSV\\2001240399_TrinhHuuKienQuoc\\phplab\\buoi7\\Buoi7\\vendor\\laravel\\framework\\src\\Illuminate\\Pipeline\\Pipeline.php(167): Illuminate\\Http\\Middleware\\TrustProxies->handle(Object(Illuminate\\Http\\Request), Object(Closure))
#40 D:\\1LuuDuLieuSV\\2001240399_TrinhHuuKienQuoc\\phplab\\buoi7\\Buoi7\\vendor\\laravel\\framework\\src\\Illuminate\\Pipeline\\Pipeline.php(103): Illuminate\\Pipeline\\Pipeline->Illuminate\\Pipeline\\{closure}(Object(Illuminate\\Http\\Request))
#41 D:\\1LuuDuLieuSV\\2001240399_TrinhHuuKienQuoc\\phplab\\buoi7\\Buoi7\\vendor\\laravel\\framework\\src\\Illuminate\\Foundation\\Http\\Kernel.php(142): Illuminate\\Pipeline\\Pipeline->then(Object(Closure))
#42 D:\\1LuuDuLieuSV\\2001240399_TrinhHuuKienQuoc\\phplab\\buoi7\\Buoi7\\vendor\\laravel\\framework\\src\\Illuminate\\Foundation\\Http\\Kernel.php(111): Illuminate\\Foundation\\Http\\Kernel->sendRequestThroughRouter(Object(Illuminate\\Http\\Request))
#43 D:\\1LuuDuLieuSV\\2001240399_TrinhHuuKienQuoc\\phplab\\buoi7\\Buoi7\\public\\index.php(52): Illuminate\\Foundation\\Http\\Kernel->handle(Object(Illuminate\\Http\\Request))
#44 D:\\1LuuDuLieuSV\\2001240399_TrinhHuuKienQuoc\\phplab\\buoi7\\Buoi7\\server.php(21): require_once('D:\\\\1LuuDuLieuSV...')
#45 {main}
"} 
[2026-09-28 07:21:45] local.ERROR: compact(): Undefined variable: products {"exception":"[object] (ErrorException(code: 0): compact(): Undefined variable: products at D:\\1LuuDuLieuSV\\2001240399_TrinhHuuKienQuoc\\phplab\\buoi7\\Buoi7\\routes\\web.php:21)
[stacktrace]
#0 [internal function]: Illuminate\\Foundation\\Bootstrap\\HandleExceptions->handleError(8, 'compact(): Unde...', 'D:\\\\1LuuDuLieuSV...', 21, Array)
#1 D:\\1LuuDuLieuSV\\2001240399_TrinhHuuKienQuoc\\phplab\\buoi7\\Buoi7\\routes\\web.php(21): compact('products')
#2 D:\\1LuuDuLieuSV\\2001240399_TrinhHuuKienQuoc\\phplab\\buoi7\\Buoi7\\vendor\\laravel\\framework\\src\\Illuminate\\Routing\\Route.php(238): Illuminate\\Routing\\RouteFileRegistrar->{closure}()
#3 D:\\1LuuDuLieuSV\\2001240399_TrinhHuuKienQuoc\\phplab\\buoi7\\Buoi7\\vendor\\laravel\\framework\\src\\Illuminate\\Routing\\Route.php(208): Illuminate\\Routing\\Route->runCallable()
#4 D:\\1LuuDuLieuSV\\2001240399_TrinhHuuKienQuoc\\phplab\\buoi7\\Buoi7\\vendor\\laravel\\framework\\src\\Illuminate\\Routing\\Router.php(721): Illuminate\\Routing\\Route->run()
#5 D:\\1LuuDuLieuSV\\2001240399_TrinhHuuKienQuoc\\phplab\\buoi7\\Buoi7\\vendor\\laravel\\framework\\src\\Illuminate\\Pipeline\\Pipeline.php(128): Illuminate\\Routing\\Router->Illuminate\\Routing\\{closure}(Object(Illuminate\\Http\\Request))
#6 D:\\1LuuDuLieuSV\\2001240399_TrinhHuuKienQuoc\\phplab\\buoi7\\Buoi7\\vendor\\laravel\\framework\\src\\Illuminate\\Routing\\Middleware\\SubstituteBindings.php(50): Illuminate\\Pipeline\\Pipeline->Illuminate\\Pipeline\\{closure}(Object(Illuminate\\Http\\Request))
#7 D:\\1LuuDuLieuSV\\2001240399_TrinhHuuKienQuoc\\phplab\\buoi7\\Buoi7\\vendor\\laravel\\framework\\src\\Illuminate\\Pipeline\\Pipeline.php(167): Illuminate\\Routing\\Middleware\\SubstituteBindings->handle(Object(Illuminate\\Http\\Request), Object(Closure))
#8 D:\\1LuuDuLieuSV\\2001240399_TrinhHuuKienQuoc\\phplab\\buoi7\\Buoi7\\vendor\\laravel\\framework\\src\\Illuminate\\Foundation\\Http\\Middleware\\VerifyCsrfToken.php(78): Illuminate\\Pipeline\\Pipeline->Illuminate\\Pipeline\\{closure}(Object(Illuminate\\Http\\Request))
#9 D:\\1LuuDuLieuSV\\2001240399_TrinhHuuKienQuoc\\phplab\\buoi7\\Buoi7\\vendor\\laravel\\framework\\src\\Illuminate\\Pipeline\\Pipeline.php(167): Illuminate\\Foundation\\Http\\Middleware\\VerifyCsrfToken->handle(Object(Illuminate\\Http\\Request), Object(Closure))
#10 D:\\1LuuDuLieuSV\\2001240399_TrinhHuuKienQuoc\\phplab\\buoi7\\Buoi7\\vendor\\laravel\\framework\\src\\Illuminate\\View\\Middleware\\ShareErrorsFromSession.php(49): Illuminate\\Pipeline\\Pipeline->Illuminate\\Pipeline\\{closure}(Object(Illuminate\\Http\\Request))
#11 D:\\1LuuDuLieuSV\\2001240399_TrinhHuuKienQuoc\\phplab\\buoi7\\Buoi7\\vendor\\laravel\\framework\\src\\Illuminate\\Pipeline\\Pipeline.php(167): Illuminate\\View\\Middleware\\ShareErrorsFromSession->handle(Object(Illuminate\\Http\\Request), Object(Closure))
#12 D:\\1LuuDuLieuSV\\2001240399_TrinhHuuKienQuoc\\phplab\\buoi7\\Buoi7\\vendor\\laravel\\framework\\src\\Illuminate\\Session\\Middleware\\StartSession.php(121): Illuminate\\Pipeline\\Pipeline->Illuminate\\Pipeline\\{closure}(Object(Illuminate\\Http\\Request))
#13 D:\\1LuuDuLieuSV\\2001240399_TrinhHuuKienQuoc\\phplab\\buoi7\\Buoi7\\vendor\\laravel\\framework\\src\\Illuminate\\Session\\Middleware\\StartSession.php(64): Illuminate\\Session\\Middleware\\StartSession->handleStatefulRequest(Object(Illuminate\\Http\\Request), Object(Illuminate\\Session\\Store), Object(Closure))
#14 D:\\1LuuDuLieuSV\\2001240399_TrinhHuuKienQuoc\\phplab\\buoi7\\Buoi7\\vendor\\laravel\\framework\\src\\Illuminate\\Pipeline\\Pipeline.php(167): Illuminate\\Session\\Middleware\\StartSession->handle(Object(Illuminate\\Http\\Request), Object(Closure))
#15 D:\\1LuuDuLieuSV\\2001240399_TrinhHuuKienQuoc\\phplab\\buoi7\\Buoi7\\vendor\\laravel\\framework\\src\\Illuminate\\Cookie\\Middleware\\AddQueuedCookiesToResponse.php(37): Illuminate\\Pipeline\\Pipeline->Illuminate\\Pipeline\\{closure}(Object(Illuminate\\Http\\Request))
#16 D:\\1LuuDuLieuSV\\2001240399_TrinhHuuKienQuoc\\phplab\\buoi7\\Buoi7\\vendor\\laravel\\framework\\src\\Illuminate\\Pipeline\\Pipeline.php(167): Illuminate\\Cookie\\Middleware\\AddQueuedCookiesToResponse->handle(Object(Illuminate\\Http\\Request), Object(Closure))
#17 D:\\1LuuDuLieuSV\\2001240399_TrinhHuuKienQuoc\\phplab\\buoi7\\Buoi7\\vendor\\laravel\\framework\\src\\Illuminate\\Cookie\\Middleware\\EncryptCookies.php(67): Illuminate\\Pipeline\\Pipeline->Illuminate\\Pipeline\\{closure}(Object(Illuminate\\Http\\Request))
#18 D:\\1LuuDuLieuSV\\2001240399_TrinhHuuKienQuoc\\phplab\\buoi7\\Buoi7\\vendor\\laravel\\framework\\src\\Illuminate\\Pipeline\\Pipeline.php(167): Illuminate\\Cookie\\Middleware\\EncryptCookies->handle(Object(Illuminate\\Http\\Request), Object(Closure))
#19 D:\\1LuuDuLieuSV\\2001240399_TrinhHuuKienQuoc\\phplab\\buoi7\\Buoi7\\vendor\\laravel\\framework\\src\\Illuminate\\Pipeline\\Pipeline.php(103): Illuminate\\Pipeline\\Pipeline->Illuminate\\Pipeline\\{closure}(Object(Illuminate\\Http\\Request))
#20 D:\\1LuuDuLieuSV\\2001240399_TrinhHuuKienQuoc\\phplab\\buoi7\\Buoi7\\vendor\\laravel\\framework\\src\\Illuminate\\Routing\\Router.php(723): Illuminate\\Pipeline\\Pipeline->then(Object(Closure))
#21 D:\\1LuuDuLieuSV\\2001240399_TrinhHuuKienQuoc\\phplab\\buoi7\\Buoi7\\vendor\\laravel\\framework\\src\\Illuminate\\Routing\\Router.php(698): Illuminate\\Routing\\Router->runRouteWithinStack(Object(Illuminate\\Routing\\Route), Object(Illuminate\\Http\\Request))
#22 D:\\1LuuDuLieuSV\\2001240399_TrinhHuuKienQuoc\\phplab\\buoi7\\Buoi7\\vendor\\laravel\\framework\\src\\Illuminate\\Routing\\Router.php(662): Illuminate\\Routing\\Router->runRoute(Object(Illuminate\\Http\\Request), Object(Illuminate\\Routing\\Route))
#23 D:\\1LuuDuLieuSV\\2001240399_TrinhHuuKienQuoc\\phplab\\buoi7\\Buoi7\\vendor\\laravel\\framework\\src\\Illuminate\\Routing\\Router.php(651): Illuminate\\Routing\\Router->dispatchToRoute(Object(Illuminate\\Http\\Request))
#24 D:\\1LuuDuLieuSV\\2001240399_TrinhHuuKienQuoc\\phplab\\buoi7\\Buoi7\\vendor\\laravel\\framework\\src\\Illuminate\\Foundation\\Http\\Kernel.php(167): Illuminate\\Routing\\Router->dispatch(Object(Illuminate\\Http\\Request))
#25 D:\\1LuuDuLieuSV\\2001240399_TrinhHuuKienQuoc\\phplab\\buoi7\\Buoi7\\vendor\\laravel\\framework\\src\\Illuminate\\Pipeline\\Pipeline.php(128): Illuminate\\Foundation\\Http\\Kernel->Illuminate\\Foundation\\Http\\{closure}(Object(Illuminate\\Http\\Request))
#26 D:\\1LuuDuLieuSV\\2001240399_TrinhHuuKienQuoc\\phplab\\buoi7\\Buoi7\\vendor\\laravel\\framework\\src\\Illuminate\\Foundation\\Http\\Middleware\\TransformsRequest.php(21): Illuminate\\Pipeline\\Pipeline->Illuminate\\Pipeline\\{closure}(Object(Illuminate\\Http\\Request))
#27 D:\\1LuuDuLieuSV\\2001240399_TrinhHuuKienQuoc\\phplab\\buoi7\\Buoi7\\vendor\\laravel\\framework\\src\\Illuminate\\Foundation\\Http\\Middleware\\ConvertEmptyStringsToNull.php(31): Illuminate\\Foundation\\Http\\Middleware\\TransformsRequest->handle(Object(Illuminate\\Http\\Request), Object(Closure))
#28 D:\\1LuuDuLieuSV\\2001240399_TrinhHuuKienQuoc\\phplab\\buoi7\\Buoi7\\vendor\\laravel\\framework\\src\\Illuminate\\Pipeline\\Pipeline.php(167): Illuminate\\Foundation\\Http\\Middleware\\ConvertEmptyStringsToNull->handle(Object(Illuminate\\Http\\Request), Object(Closure))
#29 D:\\1LuuDuLieuSV\\2001240399_TrinhHuuKienQuoc\\phplab\\buoi7\\Buoi7\\vendor\\laravel\\framework\\src\\Illuminate\\Foundation\\Http\\Middleware\\TransformsRequest.php(21): Illuminate\\Pipeline\\Pipeline->Illuminate\\Pipeline\\{closure}(Object(Illuminate\\Http\\Request))
#30 D:\\1LuuDuLieuSV\\2001240399_TrinhHuuKienQuoc\\phplab\\buoi7\\Buoi7\\vendor\\laravel\\framework\\src\\Illuminate\\Foundation\\Http\\Middleware\\TrimStrings.php(40): Illuminate\\Foundation\\Http\\Middleware\\TransformsRequest->handle(Object(Illuminate\\Http\\Request), Object(Closure))
#31 D:\\1LuuDuLieuSV\\2001240399_TrinhHuuKienQuoc\\phplab\\buoi7\\Buoi7\\vendor\\laravel\\framework\\src\\Illuminate\\Pipeline\\Pipeline.php(167): Illuminate\\Foundation\\Http\\Middleware\\TrimStrings->handle(Object(Illuminate\\Http\\Request), Object(Closure))
#32 D:\\1LuuDuLieuSV\\2001240399_TrinhHuuKienQuoc\\phplab\\buoi7\\Buoi7\\vendor\\laravel\\framework\\src\\Illuminate\\Foundation\\Http\\Middleware\\ValidatePostSize.php(27): Illuminate\\Pipeline\\Pipeline->Illuminate\\Pipeline\\{closure}(Object(Illuminate\\Http\\Request))
#33 D:\\1LuuDuLieuSV\\2001240399_TrinhHuuKienQuoc\\phplab\\buoi7\\Buoi7\\vendor\\laravel\\framework\\src\\Illuminate\\Pipeline\\Pipeline.php(167): Illuminate\\Foundation\\Http\\Middleware\\ValidatePostSize->handle(Object(Illuminate\\Http\\Request), Object(Closure))
#34 D:\\1LuuDuLieuSV\\2001240399_TrinhHuuKienQuoc\\phplab\\buoi7\\Buoi7\\vendor\\laravel\\framework\\src\\Illuminate\\Foundation\\Http\\Middleware\\PreventRequestsDuringMaintenance.php(86): Illuminate\\Pipeline\\Pipeline->Illuminate\\Pipeline\\{closure}(Object(Illuminate\\Http\\Request))
#35 D:\\1LuuDuLieuSV\\2001240399_TrinhHuuKienQuoc\\phplab\\buoi7\\Buoi7\\vendor\\laravel\\framework\\src\\Illuminate\\Pipeline\\Pipeline.php(167): Illuminate\\Foundation\\Http\\Middleware\\PreventRequestsDuringMaintenance->handle(Object(Illuminate\\Http\\Request), Object(Closure))
#36 D:\\1LuuDuLieuSV\\2001240399_TrinhHuuKienQuoc\\phplab\\buoi7\\Buoi7\\vendor\\fruitcake\\laravel-cors\\src\\HandleCors.php(38): Illuminate\\Pipeline\\Pipeline->Illuminate\\Pipeline\\{closure}(Object(Illuminate\\Http\\Request))
#37 D:\\1LuuDuLieuSV\\2001240399_TrinhHuuKienQuoc\\phplab\\buoi7\\Buoi7\\vendor\\laravel\\framework\\src\\Illuminate\\Pipeline\\Pipeline.php(167): Fruitcake\\Cors\\HandleCors->handle(Object(Illuminate\\Http\\Request), Object(Closure))
#38 D:\\1LuuDuLieuSV\\2001240399_TrinhHuuKienQuoc\\phplab\\buoi7\\Buoi7\\vendor\\laravel\\framework\\src\\Illuminate\\Http\\Middleware\\TrustProxies.php(39): Illuminate\\Pipeline\\Pipeline->Illuminate\\Pipeline\\{closure}(Object(Illuminate\\Http\\Request))
#39 D:\\1LuuDuLieuSV\\2001240399_TrinhHuuKienQuoc\\phplab\\buoi7\\Buoi7\\vendor\\laravel\\framework\\src\\Illuminate\\Pipeline\\Pipeline.php(167): Illuminate\\Http\\Middleware\\TrustProxies->handle(Object(Illuminate\\Http\\Request), Object(Closure))
#40 D:\\1LuuDuLieuSV\\2001240399_TrinhHuuKienQuoc\\phplab\\buoi7\\Buoi7\\vendor\\laravel\\framework\\src\\Illuminate\\Pipeline\\Pipeline.php(103): Illuminate\\Pipeline\\Pipeline->Illuminate\\Pipeline\\{closure}(Object(Illuminate\\Http\\Request))
#41 D:\\1LuuDuLieuSV\\2001240399_TrinhHuuKienQuoc\\phplab\\buoi7\\Buoi7\\vendor\\laravel\\framework\\src\\Illuminate\\Foundation\\Http\\Kernel.php(142): Illuminate\\Pipeline\\Pipeline->then(Object(Closure))
#42 D:\\1LuuDuLieuSV\\2001240399_TrinhHuuKienQuoc\\phplab\\buoi7\\Buoi7\\vendor\\laravel\\framework\\src\\Illuminate\\Foundation\\Http\\Kernel.php(111): Illuminate\\Foundation\\Http\\Kernel->sendRequestThroughRouter(Object(Illuminate\\Http\\Request))
#43 D:\\1LuuDuLieuSV\\2001240399_TrinhHuuKienQuoc\\phplab\\buoi7\\Buoi7\\public\\index.php(52): Illuminate\\Foundation\\Http\\Kernel->handle(Object(Illuminate\\Http\\Request))
#44 D:\\1LuuDuLieuSV\\2001240399_TrinhHuuKienQuoc\\phplab\\buoi7\\Buoi7\\server.php(21): require_once('D:\\\\1LuuDuLieuSV...')
#45 {main}
"} 
[2026-09-28 07:21:46] local.ERROR: compact(): Undefined variable: products {"exception":"[object] (ErrorException(code: 0): compact(): Undefined variable: products at D:\\1LuuDuLieuSV\\2001240399_TrinhHuuKienQuoc\\phplab\\buoi7\\Buoi7\\routes\\web.php:21)
[stacktrace]
#0 [internal function]: Illuminate\\Foundation\\Bootstrap\\HandleExceptions->handleError(8, 'compact(): Unde...', 'D:\\\\1LuuDuLieuSV...', 21, Array)
#1 D:\\1LuuDuLieuSV\\2001240399_TrinhHuuKienQuoc\\phplab\\buoi7\\Buoi7\\routes\\web.php(21): compact('products')
#2 D:\\1LuuDuLieuSV\\2001240399_TrinhHuuKienQuoc\\phplab\\buoi7\\Buoi7\\vendor\\laravel\\framework\\src\\Illuminate\\Routing\\Route.php(238): Illuminate\\Routing\\RouteFileRegistrar->{closure}()
#3 D:\\1LuuDuLieuSV\\2001240399_TrinhHuuKienQuoc\\phplab\\buoi7\\Buoi7\\vendor\\laravel\\framework\\src\\Illuminate\\Routing\\Route.php(208): Illuminate\\Routing\\Route->runCallable()
#4 D:\\1LuuDuLieuSV\\2001240399_TrinhHuuKienQuoc\\phplab\\buoi7\\Buoi7\\vendor\\laravel\\framework\\src\\Illuminate\\Routing\\Router.php(721): Illuminate\\Routing\\Route->run()
#5 D:\\1LuuDuLieuSV\\2001240399_TrinhHuuKienQuoc\\phplab\\buoi7\\Buoi7\\vendor\\laravel\\framework\\src\\Illuminate\\Pipeline\\Pipeline.php(128): Illuminate\\Routing\\Router->Illuminate\\Routing\\{closure}(Object(Illuminate\\Http\\Request))
#6 D:\\1LuuDuLieuSV\\2001240399_TrinhHuuKienQuoc\\phplab\\buoi7\\Buoi7\\vendor\\laravel\\framework\\src\\Illuminate\\Routing\\Middleware\\SubstituteBindings.php(50): Illuminate\\Pipeline\\Pipeline->Illuminate\\Pipeline\\{closure}(Object(Illuminate\\Http\\Request))
#7 D:\\1LuuDuLieuSV\\2001240399_TrinhHuuKienQuoc\\phplab\\buoi7\\Buoi7\\vendor\\laravel\\framework\\src\\Illuminate\\Pipeline\\Pipeline.php(167): Illuminate\\Routing\\Middleware\\SubstituteBindings->handle(Object(Illuminate\\Http\\Request), Object(Closure))
#8 D:\\1LuuDuLieuSV\\2001240399_TrinhHuuKienQuoc\\phplab\\buoi7\\Buoi7\\vendor\\laravel\\framework\\src\\Illuminate\\Foundation\\Http\\Middleware\\VerifyCsrfToken.php(78): Illuminate\\Pipeline\\Pipeline->Illuminate\\Pipeline\\{closure}(Object(Illuminate\\Http\\Request))
#9 D:\\1LuuDuLieuSV\\2001240399_TrinhHuuKienQuoc\\phplab\\buoi7\\Buoi7\\vendor\\laravel\\framework\\src\\Illuminate\\Pipeline\\Pipeline.php(167): Illuminate\\Foundation\\Http\\Middleware\\VerifyCsrfToken->handle(Object(Illuminate\\Http\\Request), Object(Closure))
#10 D:\\1LuuDuLieuSV\\2001240399_TrinhHuuKienQuoc\\phplab\\buoi7\\Buoi7\\vendor\\laravel\\framework\\src\\Illuminate\\View\\Middleware\\ShareErrorsFromSession.php(49): Illuminate\\Pipeline\\Pipeline->Illuminate\\Pipeline\\{closure}(Object(Illuminate\\Http\\Request))
#11 D:\\1LuuDuLieuSV\\2001240399_TrinhHuuKienQuoc\\phplab\\buoi7\\Buoi7\\vendor\\laravel\\framework\\src\\Illuminate\\Pipeline\\Pipeline.php(167): Illuminate\\View\\Middleware\\ShareErrorsFromSession->handle(Object(Illuminate\\Http\\Request), Object(Closure))
#12 D:\\1LuuDuLieuSV\\2001240399_TrinhHuuKienQuoc\\phplab\\buoi7\\Buoi7\\vendor\\laravel\\framework\\src\\Illuminate\\Session\\Middleware\\StartSession.php(121): Illuminate\\Pipeline\\Pipeline->Illuminate\\Pipeline\\{closure}(Object(Illuminate\\Http\\Request))
#13 D:\\1LuuDuLieuSV\\2001240399_TrinhHuuKienQuoc\\phplab\\buoi7\\Buoi7\\vendor\\laravel\\framework\\src\\Illuminate\\Session\\Middleware\\StartSession.php(64): Illuminate\\Session\\Middleware\\StartSession->handleStatefulRequest(Object(Illuminate\\Http\\Request), Object(Illuminate\\Session\\Store), Object(Closure))
#14 D:\\1LuuDuLieuSV\\2001240399_TrinhHuuKienQuoc\\phplab\\buoi7\\Buoi7\\vendor\\laravel\\framework\\src\\Illuminate\\Pipeline\\Pipeline.php(167): Illuminate\\Session\\Middleware\\StartSession->handle(Object(Illuminate\\Http\\Request), Object(Closure))
#15 D:\\1LuuDuLieuSV\\2001240399_TrinhHuuKienQuoc\\phplab\\buoi7\\Buoi7\\vendor\\laravel\\framework\\src\\Illuminate\\Cookie\\Middleware\\AddQueuedCookiesToResponse.php(37): Illuminate\\Pipeline\\Pipeline->Illuminate\\Pipeline\\{closure}(Object(Illuminate\\Http\\Request))
#16 D:\\1LuuDuLieuSV\\2001240399_TrinhHuuKienQuoc\\phplab\\buoi7\\Buoi7\\vendor\\laravel\\framework\\src\\Illuminate\\Pipeline\\Pipeline.php(167): Illuminate\\Cookie\\Middleware\\AddQueuedCookiesToResponse->handle(Object(Illuminate\\Http\\Request), Object(Closure))
#17 D:\\1LuuDuLieuSV\\2001240399_TrinhHuuKienQuoc\\phplab\\buoi7\\Buoi7\\vendor\\laravel\\framework\\src\\Illuminate\\Cookie\\Middleware\\EncryptCookies.php(67): Illuminate\\Pipeline\\Pipeline->Illuminate\\Pipeline\\{closure}(Object(Illuminate\\Http\\Request))
#18 D:\\1LuuDuLieuSV\\2001240399_TrinhHuuKienQuoc\\phplab\\buoi7\\Buoi7\\vendor\\laravel\\framework\\src\\Illuminate\\Pipeline\\Pipeline.php(167): Illuminate\\Cookie\\Middleware\\EncryptCookies->handle(Object(Illuminate\\Http\\Request), Object(Closure))
#19 D:\\1LuuDuLieuSV\\2001240399_TrinhHuuKienQuoc\\phplab\\buoi7\\Buoi7\\vendor\\laravel\\framework\\src\\Illuminate\\Pipeline\\Pipeline.php(103): Illuminate\\Pipeline\\Pipeline->Illuminate\\Pipeline\\{closure}(Object(Illuminate\\Http\\Request))
#20 D:\\1LuuDuLieuSV\\2001240399_TrinhHuuKienQuoc\\phplab\\buoi7\\Buoi7\\vendor\\laravel\\framework\\src\\Illuminate\\Routing\\Router.php(723): Illuminate\\Pipeline\\Pipeline->then(Object(Closure))
#21 D:\\1LuuDuLieuSV\\2001240399_TrinhHuuKienQuoc\\phplab\\buoi7\\Buoi7\\vendor\\laravel\\framework\\src\\Illuminate\\Routing\\Router.php(698): Illuminate\\Routing\\Router->runRouteWithinStack(Object(Illuminate\\Routing\\Route), Object(Illuminate\\Http\\Request))
#22 D:\\1LuuDuLieuSV\\2001240399_TrinhHuuKienQuoc\\phplab\\buoi7\\Buoi7\\vendor\\laravel\\framework\\src\\Illuminate\\Routing\\Router.php(662): Illuminate\\Routing\\Router->runRoute(Object(Illuminate\\Http\\Request), Object(Illuminate\\Routing\\Route))
#23 D:\\1LuuDuLieuSV\\2001240399_TrinhHuuKienQuoc\\phplab\\buoi7\\Buoi7\\vendor\\laravel\\framework\\src\\Illuminate\\Routing\\Router.php(651): Illuminate\\Routing\\Router->dispatchToRoute(Object(Illuminate\\Http\\Request))
#24 D:\\1LuuDuLieuSV\\2001240399_TrinhHuuKienQuoc\\phplab\\buoi7\\Buoi7\\vendor\\laravel\\framework\\src\\Illuminate\\Foundation\\Http\\Kernel.php(167): Illuminate\\Routing\\Router->dispatch(Object(Illuminate\\Http\\Request))
#25 D:\\1LuuDuLieuSV\\2001240399_TrinhHuuKienQuoc\\phplab\\buoi7\\Buoi7\\vendor\\laravel\\framework\\src\\Illuminate\\Pipeline\\Pipeline.php(128): Illuminate\\Foundation\\Http\\Kernel->Illuminate\\Foundation\\Http\\{closure}(Object(Illuminate\\Http\\Request))
#26 D:\\1LuuDuLieuSV\\2001240399_TrinhHuuKienQuoc\\phplab\\buoi7\\Buoi7\\vendor\\laravel\\framework\\src\\Illuminate\\Foundation\\Http\\Middleware\\TransformsRequest.php(21): Illuminate\\Pipeline\\Pipeline->Illuminate\\Pipeline\\{closure}(Object(Illuminate\\Http\\Request))
#27 D:\\1LuuDuLieuSV\\2001240399_TrinhHuuKienQuoc\\phplab\\buoi7\\Buoi7\\vendor\\laravel\\framework\\src\\Illuminate\\Foundation\\Http\\Middleware\\ConvertEmptyStringsToNull.php(31): Illuminate\\Foundation\\Http\\Middleware\\TransformsRequest->handle(Object(Illuminate\\Http\\Request), Object(Closure))
#28 D:\\1LuuDuLieuSV\\2001240399_TrinhHuuKienQuoc\\phplab\\buoi7\\Buoi7\\vendor\\laravel\\framework\\src\\Illuminate\\Pipeline\\Pipeline.php(167): Illuminate\\Foundation\\Http\\Middleware\\ConvertEmptyStringsToNull->handle(Object(Illuminate\\Http\\Request), Object(Closure))
#29 D:\\1LuuDuLieuSV\\2001240399_TrinhHuuKienQuoc\\phplab\\buoi7\\Buoi7\\vendor\\laravel\\framework\\src\\Illuminate\\Foundation\\Http\\Middleware\\TransformsRequest.php(21): Illuminate\\Pipeline\\Pipeline->Illuminate\\Pipeline\\{closure}(Object(Illuminate\\Http\\Request))
#30 D:\\1LuuDuLieuSV\\2001240399_TrinhHuuKienQuoc\\phplab\\buoi7\\Buoi7\\vendor\\laravel\\framework\\src\\Illuminate\\Foundation\\Http\\Middleware\\TrimStrings.php(40): Illuminate\\Foundation\\Http\\Middleware\\TransformsRequest->handle(Object(Illuminate\\Http\\Request), Object(Closure))
#31 D:\\1LuuDuLieuSV\\2001240399_TrinhHuuKienQuoc\\phplab\\buoi7\\Buoi7\\vendor\\laravel\\framework\\src\\Illuminate\\Pipeline\\Pipeline.php(167): Illuminate\\Foundation\\Http\\Middleware\\TrimStrings->handle(Object(Illuminate\\Http\\Request), Object(Closure))
#32 D:\\1LuuDuLieuSV\\2001240399_TrinhHuuKienQuoc\\phplab\\buoi7\\Buoi7\\vendor\\laravel\\framework\\src\\Illuminate\\Foundation\\Http\\Middleware\\ValidatePostSize.php(27): Illuminate\\Pipeline\\Pipeline->Illuminate\\Pipeline\\{closure}(Object(Illuminate\\Http\\Request))
#33 D:\\1LuuDuLieuSV\\2001240399_TrinhHuuKienQuoc\\phplab\\buoi7\\Buoi7\\vendor\\laravel\\framework\\src\\Illuminate\\Pipeline\\Pipeline.php(167): Illuminate\\Foundation\\Http\\Middleware\\ValidatePostSize->handle(Object(Illuminate\\Http\\Request), Object(Closure))
#34 D:\\1LuuDuLieuSV\\2001240399_TrinhHuuKienQuoc\\phplab\\buoi7\\Buoi7\\vendor\\laravel\\framework\\src\\Illuminate\\Foundation\\Http\\Middleware\\PreventRequestsDuringMaintenance.php(86): Illuminate\\Pipeline\\Pipeline->Illuminate\\Pipeline\\{closure}(Object(Illuminate\\Http\\Request))
#35 D:\\1LuuDuLieuSV\\2001240399_TrinhHuuKienQuoc\\phplab\\buoi7\\Buoi7\\vendor\\laravel\\framework\\src\\Illuminate\\Pipeline\\Pipeline.php(167): Illuminate\\Foundation\\Http\\Middleware\\PreventRequestsDuringMaintenance->handle(Object(Illuminate\\Http\\Request), Object(Closure))
#36 D:\\1LuuDuLieuSV\\2001240399_TrinhHuuKienQuoc\\phplab\\buoi7\\Buoi7\\vendor\\fruitcake\\laravel-cors\\src\\HandleCors.php(38): Illuminate\\Pipeline\\Pipeline->Illuminate\\Pipeline\\{closure}(Object(Illuminate\\Http\\Request))
#37 D:\\1LuuDuLieuSV\\2001240399_TrinhHuuKienQuoc\\phplab\\buoi7\\Buoi7\\vendor\\laravel\\framework\\src\\Illuminate\\Pipeline\\Pipeline.php(167): Fruitcake\\Cors\\HandleCors->handle(Object(Illuminate\\Http\\Request), Object(Closure))
#38 D:\\1LuuDuLieuSV\\2001240399_TrinhHuuKienQuoc\\phplab\\buoi7\\Buoi7\\vendor\\laravel\\framework\\src\\Illuminate\\Http\\Middleware\\TrustProxies.php(39): Illuminate\\Pipeline\\Pipeline->Illuminate\\Pipeline\\{closure}(Object(Illuminate\\Http\\Request))
#39 D:\\1LuuDuLieuSV\\2001240399_TrinhHuuKienQuoc\\phplab\\buoi7\\Buoi7\\vendor\\laravel\\framework\\src\\Illuminate\\Pipeline\\Pipeline.php(167): Illuminate\\Http\\Middleware\\TrustProxies->handle(Object(Illuminate\\Http\\Request), Object(Closure))
#40 D:\\1LuuDuLieuSV\\2001240399_TrinhHuuKienQuoc\\phplab\\buoi7\\Buoi7\\vendor\\laravel\\framework\\src\\Illuminate\\Pipeline\\Pipeline.php(103): Illuminate\\Pipeline\\Pipeline->Illuminate\\Pipeline\\{closure}(Object(Illuminate\\Http\\Request))
#41 D:\\1LuuDuLieuSV\\2001240399_TrinhHuuKienQuoc\\phplab\\buoi7\\Buoi7\\vendor\\laravel\\framework\\src\\Illuminate\\Foundation\\Http\\Kernel.php(142): Illuminate\\Pipeline\\Pipeline->then(Object(Closure))
#42 D:\\1LuuDuLieuSV\\2001240399_TrinhHuuKienQuoc\\phplab\\buoi7\\Buoi7\\vendor\\laravel\\framework\\src\\Illuminate\\Foundation\\Http\\Kernel.php(111): Illuminate\\Foundation\\Http\\Kernel->sendRequestThroughRouter(Object(Illuminate\\Http\\Request))
#43 D:\\1LuuDuLieuSV\\2001240399_TrinhHuuKienQuoc\\phplab\\buoi7\\Buoi7\\public\\index.php(52): Illuminate\\Foundation\\Http\\Kernel->handle(Object(Illuminate\\Http\\Request))
#44 D:\\1LuuDuLieuSV\\2001240399_TrinhHuuKienQuoc\\phplab\\buoi7\\Buoi7\\server.php(21): require_once('D:\\\\1LuuDuLieuSV...')
#45 {main}
"} 
[2026-09-28 07:21:46] local.ERROR: compact(): Undefined variable: products {"exception":"[object] (ErrorException(code: 0): compact(): Undefined variable: products at D:\\1LuuDuLieuSV\\2001240399_TrinhHuuKienQuoc\\phplab\\buoi7\\Buoi7\\routes\\web.php:21)
[stacktrace]
#0 [internal function]: Illuminate\\Foundation\\Bootstrap\\HandleExceptions->handleError(8, 'compact(): Unde...', 'D:\\\\1LuuDuLieuSV...', 21, Array)
#1 D:\\1LuuDuLieuSV\\2001240399_TrinhHuuKienQuoc\\phplab\\buoi7\\Buoi7\\routes\\web.php(21): compact('products')
#2 D:\\1LuuDuLieuSV\\2001240399_TrinhHuuKienQuoc\\phplab\\buoi7\\Buoi7\\vendor\\laravel\\framework\\src\\Illuminate\\Routing\\Route.php(238): Illuminate\\Routing\\RouteFileRegistrar->{closure}()
#3 D:\\1LuuDuLieuSV\\2001240399_TrinhHuuKienQuoc\\phplab\\buoi7\\Buoi7\\vendor\\laravel\\framework\\src\\Illuminate\\Routing\\Route.php(208): Illuminate\\Routing\\Route->runCallable()
#4 D:\\1LuuDuLieuSV\\2001240399_TrinhHuuKienQuoc\\phplab\\buoi7\\Buoi7\\vendor\\laravel\\framework\\src\\Illuminate\\Routing\\Router.php(721): Illuminate\\Routing\\Route->run()
#5 D:\\1LuuDuLieuSV\\2001240399_TrinhHuuKienQuoc\\phplab\\buoi7\\Buoi7\\vendor\\laravel\\framework\\src\\Illuminate\\Pipeline\\Pipeline.php(128): Illuminate\\Routing\\Router->Illuminate\\Routing\\{closure}(Object(Illuminate\\Http\\Request))
#6 D:\\1LuuDuLieuSV\\2001240399_TrinhHuuKienQuoc\\phplab\\buoi7\\Buoi7\\vendor\\laravel\\framework\\src\\Illuminate\\Routing\\Middleware\\SubstituteBindings.php(50): Illuminate\\Pipeline\\Pipeline->Illuminate\\Pipeline\\{closure}(Object(Illuminate\\Http\\Request))
#7 D:\\1LuuDuLieuSV\\2001240399_TrinhHuuKienQuoc\\phplab\\buoi7\\Buoi7\\vendor\\laravel\\framework\\src\\Illuminate\\Pipeline\\Pipeline.php(167): Illuminate\\Routing\\Middleware\\SubstituteBindings->handle(Object(Illuminate\\Http\\Request), Object(Closure))
#8 D:\\1LuuDuLieuSV\\2001240399_TrinhHuuKienQuoc\\phplab\\buoi7\\Buoi7\\vendor\\laravel\\framework\\src\\Illuminate\\Foundation\\Http\\Middleware\\VerifyCsrfToken.php(78): Illuminate\\Pipeline\\Pipeline->Illuminate\\Pipeline\\{closure}(Object(Illuminate\\Http\\Request))
#9 D:\\1LuuDuLieuSV\\2001240399_TrinhHuuKienQuoc\\phplab\\buoi7\\Buoi7\\vendor\\laravel\\framework\\src\\Illuminate\\Pipeline\\Pipeline.php(167): Illuminate\\Foundation\\Http\\Middleware\\VerifyCsrfToken->handle(Object(Illuminate\\Http\\Request), Object(Closure))
#10 D:\\1LuuDuLieuSV\\2001240399_TrinhHuuKienQuoc\\phplab\\buoi7\\Buoi7\\vendor\\laravel\\framework\\src\\Illuminate\\View\\Middleware\\ShareErrorsFromSession.php(49): Illuminate\\Pipeline\\Pipeline->Illuminate\\Pipeline\\{closure}(Object(Illuminate\\Http\\Request))
#11 D:\\1LuuDuLieuSV\\2001240399_TrinhHuuKienQuoc\\phplab\\buoi7\\Buoi7\\vendor\\laravel\\framework\\src\\Illuminate\\Pipeline\\Pipeline.php(167): Illuminate\\View\\Middleware\\ShareErrorsFromSession->handle(Object(Illuminate\\Http\\Request), Object(Closure))
#12 D:\\1LuuDuLieuSV\\2001240399_TrinhHuuKienQuoc\\phplab\\buoi7\\Buoi7\\vendor\\laravel\\framework\\src\\Illuminate\\Session\\Middleware\\StartSession.php(121): Illuminate\\Pipeline\\Pipeline->Illuminate\\Pipeline\\{closure}(Object(Illuminate\\Http\\Request))
#13 D:\\1LuuDuLieuSV\\2001240399_TrinhHuuKienQuoc\\phplab\\buoi7\\Buoi7\\vendor\\laravel\\framework\\src\\Illuminate\\Session\\Middleware\\StartSession.php(64): Illuminate\\Session\\Middleware\\StartSession->handleStatefulRequest(Object(Illuminate\\Http\\Request), Object(Illuminate\\Session\\Store), Object(Closure))
#14 D:\\1LuuDuLieuSV\\2001240399_TrinhHuuKienQuoc\\phplab\\buoi7\\Buoi7\\vendor\\laravel\\framework\\src\\Illuminate\\Pipeline\\Pipeline.php(167): Illuminate\\Session\\Middleware\\StartSession->handle(Object(Illuminate\\Http\\Request), Object(Closure))
#15 D:\\1LuuDuLieuSV\\2001240399_TrinhHuuKienQuoc\\phplab\\buoi7\\Buoi7\\vendor\\laravel\\framework\\src\\Illuminate\\Cookie\\Middleware\\AddQueuedCookiesToResponse.php(37): Illuminate\\Pipeline\\Pipeline->Illuminate\\Pipeline\\{closure}(Object(Illuminate\\Http\\Request))
#16 D:\\1LuuDuLieuSV\\2001240399_TrinhHuuKienQuoc\\phplab\\buoi7\\Buoi7\\vendor\\laravel\\framework\\src\\Illuminate\\Pipeline\\Pipeline.php(167): Illuminate\\Cookie\\Middleware\\AddQueuedCookiesToResponse->handle(Object(Illuminate\\Http\\Request), Object(Closure))
#17 D:\\1LuuDuLieuSV\\2001240399_TrinhHuuKienQuoc\\phplab\\buoi7\\Buoi7\\vendor\\laravel\\framework\\src\\Illuminate\\Cookie\\Middleware\\EncryptCookies.php(67): Illuminate\\Pipeline\\Pipeline->Illuminate\\Pipeline\\{closure}(Object(Illuminate\\Http\\Request))
#18 D:\\1LuuDuLieuSV\\2001240399_TrinhHuuKienQuoc\\phplab\\buoi7\\Buoi7\\vendor\\laravel\\framework\\src\\Illuminate\\Pipeline\\Pipeline.php(167): Illuminate\\Cookie\\Middleware\\EncryptCookies->handle(Object(Illuminate\\Http\\Request), Object(Closure))
#19 D:\\1LuuDuLieuSV\\2001240399_TrinhHuuKienQuoc\\phplab\\buoi7\\Buoi7\\vendor\\laravel\\framework\\src\\Illuminate\\Pipeline\\Pipeline.php(103): Illuminate\\Pipeline\\Pipeline->Illuminate\\Pipeline\\{closure}(Object(Illuminate\\Http\\Request))
#20 D:\\1LuuDuLieuSV\\2001240399_TrinhHuuKienQuoc\\phplab\\buoi7\\Buoi7\\vendor\\laravel\\framework\\src\\Illuminate\\Routing\\Router.php(723): Illuminate\\Pipeline\\Pipeline->then(Object(Closure))
#21 D:\\1LuuDuLieuSV\\2001240399_TrinhHuuKienQuoc\\phplab\\buoi7\\Buoi7\\vendor\\laravel\\framework\\src\\Illuminate\\Routing\\Router.php(698): Illuminate\\Routing\\Router->runRouteWithinStack(Object(Illuminate\\Routing\\Route), Object(Illuminate\\Http\\Request))
#22 D:\\1LuuDuLieuSV\\2001240399_TrinhHuuKienQuoc\\phplab\\buoi7\\Buoi7\\vendor\\laravel\\framework\\src\\Illuminate\\Routing\\Router.php(662): Illuminate\\Routing\\Router->runRoute(Object(Illuminate\\Http\\Request), Object(Illuminate\\Routing\\Route))
#23 D:\\1LuuDuLieuSV\\2001240399_TrinhHuuKienQuoc\\phplab\\buoi7\\Buoi7\\vendor\\laravel\\framework\\src\\Illuminate\\Routing\\Router.php(651): Illuminate\\Routing\\Router->dispatchToRoute(Object(Illuminate\\Http\\Request))
#24 D:\\1LuuDuLieuSV\\2001240399_TrinhHuuKienQuoc\\phplab\\buoi7\\Buoi7\\vendor\\laravel\\framework\\src\\Illuminate\\Foundation\\Http\\Kernel.php(167): Illuminate\\Routing\\Router->dispatch(Object(Illuminate\\Http\\Request))
#25 D:\\1LuuDuLieuSV\\2001240399_TrinhHuuKienQuoc\\phplab\\buoi7\\Buoi7\\vendor\\laravel\\framework\\src\\Illuminate\\Pipeline\\Pipeline.php(128): Illuminate\\Foundation\\Http\\Kernel->Illuminate\\Foundation\\Http\\{closure}(Object(Illuminate\\Http\\Request))
#26 D:\\1LuuDuLieuSV\\2001240399_TrinhHuuKienQuoc\\phplab\\buoi7\\Buoi7\\vendor\\laravel\\framework\\src\\Illuminate\\Foundation\\Http\\Middleware\\TransformsRequest.php(21): Illuminate\\Pipeline\\Pipeline->Illuminate\\Pipeline\\{closure}(Object(Illuminate\\Http\\Request))
#27 D:\\1LuuDuLieuSV\\2001240399_TrinhHuuKienQuoc\\phplab\\buoi7\\Buoi7\\vendor\\laravel\\framework\\src\\Illuminate\\Foundation\\Http\\Middleware\\ConvertEmptyStringsToNull.php(31): Illuminate\\Foundation\\Http\\Middleware\\TransformsRequest->handle(Object(Illuminate\\Http\\Request), Object(Closure))
#28 D:\\1LuuDuLieuSV\\2001240399_TrinhHuuKienQuoc\\phplab\\buoi7\\Buoi7\\vendor\\laravel\\framework\\src\\Illuminate\\Pipeline\\Pipeline.php(167): Illuminate\\Foundation\\Http\\Middleware\\ConvertEmptyStringsToNull->handle(Object(Illuminate\\Http\\Request), Object(Closure))
#29 D:\\1LuuDuLieuSV\\2001240399_TrinhHuuKienQuoc\\phplab\\buoi7\\Buoi7\\vendor\\laravel\\framework\\src\\Illuminate\\Foundation\\Http\\Middleware\\TransformsRequest.php(21): Illuminate\\Pipeline\\Pipeline->Illuminate\\Pipeline\\{closure}(Object(Illuminate\\Http\\Request))
#30 D:\\1LuuDuLieuSV\\2001240399_TrinhHuuKienQuoc\\phplab\\buoi7\\Buoi7\\vendor\\laravel\\framework\\src\\Illuminate\\Foundation\\Http\\Middleware\\TrimStrings.php(40): Illuminate\\Foundation\\Http\\Middleware\\TransformsRequest->handle(Object(Illuminate\\Http\\Request), Object(Closure))
#31 D:\\1LuuDuLieuSV\\2001240399_TrinhHuuKienQuoc\\phplab\\buoi7\\Buoi7\\vendor\\laravel\\framework\\src\\Illuminate\\Pipeline\\Pipeline.php(167): Illuminate\\Foundation\\Http\\Middleware\\TrimStrings->handle(Object(Illuminate\\Http\\Request), Object(Closure))
#32 D:\\1LuuDuLieuSV\\2001240399_TrinhHuuKienQuoc\\phplab\\buoi7\\Buoi7\\vendor\\laravel\\framework\\src\\Illuminate\\Foundation\\Http\\Middleware\\ValidatePostSize.php(27): Illuminate\\Pipeline\\Pipeline->Illuminate\\Pipeline\\{closure}(Object(Illuminate\\Http\\Request))
#33 D:\\1LuuDuLieuSV\\2001240399_TrinhHuuKienQuoc\\phplab\\buoi7\\Buoi7\\vendor\\laravel\\framework\\src\\Illuminate\\Pipeline\\Pipeline.php(167): Illuminate\\Foundation\\Http\\Middleware\\ValidatePostSize->handle(Object(Illuminate\\Http\\Request), Object(Closure))
#34 D:\\1LuuDuLieuSV\\2001240399_TrinhHuuKienQuoc\\phplab\\buoi7\\Buoi7\\vendor\\laravel\\framework\\src\\Illuminate\\Foundation\\Http\\Middleware\\PreventRequestsDuringMaintenance.php(86): Illuminate\\Pipeline\\Pipeline->Illuminate\\Pipeline\\{closure}(Object(Illuminate\\Http\\Request))
#35 D:\\1LuuDuLieuSV\\2001240399_TrinhHuuKienQuoc\\phplab\\buoi7\\Buoi7\\vendor\\laravel\\framework\\src\\Illuminate\\Pipeline\\Pipeline.php(167): Illuminate\\Foundation\\Http\\Middleware\\PreventRequestsDuringMaintenance->handle(Object(Illuminate\\Http\\Request), Object(Closure))
#36 D:\\1LuuDuLieuSV\\2001240399_TrinhHuuKienQuoc\\phplab\\buoi7\\Buoi7\\vendor\\fruitcake\\laravel-cors\\src\\HandleCors.php(38): Illuminate\\Pipeline\\Pipeline->Illuminate\\Pipeline\\{closure}(Object(Illuminate\\Http\\Request))
#37 D:\\1LuuDuLieuSV\\2001240399_TrinhHuuKienQuoc\\phplab\\buoi7\\Buoi7\\vendor\\laravel\\framework\\src\\Illuminate\\Pipeline\\Pipeline.php(167): Fruitcake\\Cors\\HandleCors->handle(Object(Illuminate\\Http\\Request), Object(Closure))
#38 D:\\1LuuDuLieuSV\\2001240399_TrinhHuuKienQuoc\\phplab\\buoi7\\Buoi7\\vendor\\laravel\\framework\\src\\Illuminate\\Http\\Middleware\\TrustProxies.php(39): Illuminate\\Pipeline\\Pipeline->Illuminate\\Pipeline\\{closure}(Object(Illuminate\\Http\\Request))
#39 D:\\1LuuDuLieuSV\\2001240399_TrinhHuuKienQuoc\\phplab\\buoi7\\Buoi7\\vendor\\laravel\\framework\\src\\Illuminate\\Pipeline\\Pipeline.php(167): Illuminate\\Http\\Middleware\\TrustProxies->handle(Object(Illuminate\\Http\\Request), Object(Closure))
#40 D:\\1LuuDuLieuSV\\2001240399_TrinhHuuKienQuoc\\phplab\\buoi7\\Buoi7\\vendor\\laravel\\framework\\src\\Illuminate\\Pipeline\\Pipeline.php(103): Illuminate\\Pipeline\\Pipeline->Illuminate\\Pipeline\\{closure}(Object(Illuminate\\Http\\Request))
#41 D:\\1LuuDuLieuSV\\2001240399_TrinhHuuKienQuoc\\phplab\\buoi7\\Buoi7\\vendor\\laravel\\framework\\src\\Illuminate\\Foundation\\Http\\Kernel.php(142): Illuminate\\Pipeline\\Pipeline->then(Object(Closure))
#42 D:\\1LuuDuLieuSV\\2001240399_TrinhHuuKienQuoc\\phplab\\buoi7\\Buoi7\\vendor\\laravel\\framework\\src\\Illuminate\\Foundation\\Http\\Kernel.php(111): Illuminate\\Foundation\\Http\\Kernel->sendRequestThroughRouter(Object(Illuminate\\Http\\Request))
#43 D:\\1LuuDuLieuSV\\2001240399_TrinhHuuKienQuoc\\phplab\\buoi7\\Buoi7\\public\\index.php(52): Illuminate\\Foundation\\Http\\Kernel->handle(Object(Illuminate\\Http\\Request))
#44 D:\\1LuuDuLieuSV\\2001240399_TrinhHuuKienQuoc\\phplab\\buoi7\\Buoi7\\server.php(21): require_once('D:\\\\1LuuDuLieuSV...')
#45 {main}
"} 
[2026-09-28 07:21:46] local.ERROR: compact(): Undefined variable: products {"exception":"[object] (ErrorException(code: 0): compact(): Undefined variable: products at D:\\1LuuDuLieuSV\\2001240399_TrinhHuuKienQuoc\\phplab\\buoi7\\Buoi7\\routes\\web.php:21)
[stacktrace]
#0 [internal function]: Illuminate\\Foundation\\Bootstrap\\HandleExceptions->handleError(8, 'compact(): Unde...', 'D:\\\\1LuuDuLieuSV...', 21, Array)
#1 D:\\1LuuDuLieuSV\\2001240399_TrinhHuuKienQuoc\\phplab\\buoi7\\Buoi7\\routes\\web.php(21): compact('products')
#2 D:\\1LuuDuLieuSV\\2001240399_TrinhHuuKienQuoc\\phplab\\buoi7\\Buoi7\\vendor\\laravel\\framework\\src\\Illuminate\\Routing\\Route.php(238): Illuminate\\Routing\\RouteFileRegistrar->{closure}()
#3 D:\\1LuuDuLieuSV\\2001240399_TrinhHuuKienQuoc\\phplab\\buoi7\\Buoi7\\vendor\\laravel\\framework\\src\\Illuminate\\Routing\\Route.php(208): Illuminate\\Routing\\Route->runCallable()
#4 D:\\1LuuDuLieuSV\\2001240399_TrinhHuuKienQuoc\\phplab\\buoi7\\Buoi7\\vendor\\laravel\\framework\\src\\Illuminate\\Routing\\Router.php(721): Illuminate\\Routing\\Route->run()
#5 D:\\1LuuDuLieuSV\\2001240399_TrinhHuuKienQuoc\\phplab\\buoi7\\Buoi7\\vendor\\laravel\\framework\\src\\Illuminate\\Pipeline\\Pipeline.php(128): Illuminate\\Routing\\Router->Illuminate\\Routing\\{closure}(Object(Illuminate\\Http\\Request))
#6 D:\\1LuuDuLieuSV\\2001240399_TrinhHuuKienQuoc\\phplab\\buoi7\\Buoi7\\vendor\\laravel\\framework\\src\\Illuminate\\Routing\\Middleware\\SubstituteBindings.php(50): Illuminate\\Pipeline\\Pipeline->Illuminate\\Pipeline\\{closure}(Object(Illuminate\\Http\\Request))
#7 D:\\1LuuDuLieuSV\\2001240399_TrinhHuuKienQuoc\\phplab\\buoi7\\Buoi7\\vendor\\laravel\\framework\\src\\Illuminate\\Pipeline\\Pipeline.php(167): Illuminate\\Routing\\Middleware\\SubstituteBindings->handle(Object(Illuminate\\Http\\Request), Object(Closure))
#8 D:\\1LuuDuLieuSV\\2001240399_TrinhHuuKienQuoc\\phplab\\buoi7\\Buoi7\\vendor\\laravel\\framework\\src\\Illuminate\\Foundation\\Http\\Middleware\\VerifyCsrfToken.php(78): Illuminate\\Pipeline\\Pipeline->Illuminate\\Pipeline\\{closure}(Object(Illuminate\\Http\\Request))
#9 D:\\1LuuDuLieuSV\\2001240399_TrinhHuuKienQuoc\\phplab\\buoi7\\Buoi7\\vendor\\laravel\\framework\\src\\Illuminate\\Pipeline\\Pipeline.php(167): Illuminate\\Foundation\\Http\\Middleware\\VerifyCsrfToken->handle(Object(Illuminate\\Http\\Request), Object(Closure))
#10 D:\\1LuuDuLieuSV\\2001240399_TrinhHuuKienQuoc\\phplab\\buoi7\\Buoi7\\vendor\\laravel\\framework\\src\\Illuminate\\View\\Middleware\\ShareErrorsFromSession.php(49): Illuminate\\Pipeline\\Pipeline->Illuminate\\Pipeline\\{closure}(Object(Illuminate\\Http\\Request))
#11 D:\\1LuuDuLieuSV\\2001240399_TrinhHuuKienQuoc\\phplab\\buoi7\\Buoi7\\vendor\\laravel\\framework\\src\\Illuminate\\Pipeline\\Pipeline.php(167): Illuminate\\View\\Middleware\\ShareErrorsFromSession->handle(Object(Illuminate\\Http\\Request), Object(Closure))
#12 D:\\1LuuDuLieuSV\\2001240399_TrinhHuuKienQuoc\\phplab\\buoi7\\Buoi7\\vendor\\laravel\\framework\\src\\Illuminate\\Session\\Middleware\\StartSession.php(121): Illuminate\\Pipeline\\Pipeline->Illuminate\\Pipeline\\{closure}(Object(Illuminate\\Http\\Request))
#13 D:\\1LuuDuLieuSV\\2001240399_TrinhHuuKienQuoc\\phplab\\buoi7\\Buoi7\\vendor\\laravel\\framework\\src\\Illuminate\\Session\\Middleware\\StartSession.php(64): Illuminate\\Session\\Middleware\\StartSession->handleStatefulRequest(Object(Illuminate\\Http\\Request), Object(Illuminate\\Session\\Store), Object(Closure))
#14 D:\\1LuuDuLieuSV\\2001240399_TrinhHuuKienQuoc\\phplab\\buoi7\\Buoi7\\vendor\\laravel\\framework\\src\\Illuminate\\Pipeline\\Pipeline.php(167): Illuminate\\Session\\Middleware\\StartSession->handle(Object(Illuminate\\Http\\Request), Object(Closure))
#15 D:\\1LuuDuLieuSV\\2001240399_TrinhHuuKienQuoc\\phplab\\buoi7\\Buoi7\\vendor\\laravel\\framework\\src\\Illuminate\\Cookie\\Middleware\\AddQueuedCookiesToResponse.php(37): Illuminate\\Pipeline\\Pipeline->Illuminate\\Pipeline\\{closure}(Object(Illuminate\\Http\\Request))
#16 D:\\1LuuDuLieuSV\\2001240399_TrinhHuuKienQuoc\\phplab\\buoi7\\Buoi7\\vendor\\laravel\\framework\\src\\Illuminate\\Pipeline\\Pipeline.php(167): Illuminate\\Cookie\\Middleware\\AddQueuedCookiesToResponse->handle(Object(Illuminate\\Http\\Request), Object(Closure))
#17 D:\\1LuuDuLieuSV\\2001240399_TrinhHuuKienQuoc\\phplab\\buoi7\\Buoi7\\vendor\\laravel\\framework\\src\\Illuminate\\Cookie\\Middleware\\EncryptCookies.php(67): Illuminate\\Pipeline\\Pipeline->Illuminate\\Pipeline\\{closure}(Object(Illuminate\\Http\\Request))
#18 D:\\1LuuDuLieuSV\\2001240399_TrinhHuuKienQuoc\\phplab\\buoi7\\Buoi7\\vendor\\laravel\\framework\\src\\Illuminate\\Pipeline\\Pipeline.php(167): Illuminate\\Cookie\\Middleware\\EncryptCookies->handle(Object(Illuminate\\Http\\Request), Object(Closure))
#19 D:\\1LuuDuLieuSV\\2001240399_TrinhHuuKienQuoc\\phplab\\buoi7\\Buoi7\\vendor\\laravel\\framework\\src\\Illuminate\\Pipeline\\Pipeline.php(103): Illuminate\\Pipeline\\Pipeline->Illuminate\\Pipeline\\{closure}(Object(Illuminate\\Http\\Request))
#20 D:\\1LuuDuLieuSV\\2001240399_TrinhHuuKienQuoc\\phplab\\buoi7\\Buoi7\\vendor\\laravel\\framework\\src\\Illuminate\\Routing\\Router.php(723): Illuminate\\Pipeline\\Pipeline->then(Object(Closure))
#21 D:\\1LuuDuLieuSV\\2001240399_TrinhHuuKienQuoc\\phplab\\buoi7\\Buoi7\\vendor\\laravel\\framework\\src\\Illuminate\\Routing\\Router.php(698): Illuminate\\Routing\\Router->runRouteWithinStack(Object(Illuminate\\Routing\\Route), Object(Illuminate\\Http\\Request))
#22 D:\\1LuuDuLieuSV\\2001240399_TrinhHuuKienQuoc\\phplab\\buoi7\\Buoi7\\vendor\\laravel\\framework\\src\\Illuminate\\Routing\\Router.php(662): Illuminate\\Routing\\Router->runRoute(Object(Illuminate\\Http\\Request), Object(Illuminate\\Routing\\Route))
#23 D:\\1LuuDuLieuSV\\2001240399_TrinhHuuKienQuoc\\phplab\\buoi7\\Buoi7\\vendor\\laravel\\framework\\src\\Illuminate\\Routing\\Router.php(651): Illuminate\\Routing\\Router->dispatchToRoute(Object(Illuminate\\Http\\Request))
#24 D:\\1LuuDuLieuSV\\2001240399_TrinhHuuKienQuoc\\phplab\\buoi7\\Buoi7\\vendor\\laravel\\framework\\src\\Illuminate\\Foundation\\Http\\Kernel.php(167): Illuminate\\Routing\\Router->dispatch(Object(Illuminate\\Http\\Request))
#25 D:\\1LuuDuLieuSV\\2001240399_TrinhHuuKienQuoc\\phplab\\buoi7\\Buoi7\\vendor\\laravel\\framework\\src\\Illuminate\\Pipeline\\Pipeline.php(128): Illuminate\\Foundation\\Http\\Kernel->Illuminate\\Foundation\\Http\\{closure}(Object(Illuminate\\Http\\Request))
#26 D:\\1LuuDuLieuSV\\2001240399_TrinhHuuKienQuoc\\phplab\\buoi7\\Buoi7\\vendor\\laravel\\framework\\src\\Illuminate\\Foundation\\Http\\Middleware\\TransformsRequest.php(21): Illuminate\\Pipeline\\Pipeline->Illuminate\\Pipeline\\{closure}(Object(Illuminate\\Http\\Request))
#27 D:\\1LuuDuLieuSV\\2001240399_TrinhHuuKienQuoc\\phplab\\buoi7\\Buoi7\\vendor\\laravel\\framework\\src\\Illuminate\\Foundation\\Http\\Middleware\\ConvertEmptyStringsToNull.php(31): Illuminate\\Foundation\\Http\\Middleware\\TransformsRequest->handle(Object(Illuminate\\Http\\Request), Object(Closure))
#28 D:\\1LuuDuLieuSV\\2001240399_TrinhHuuKienQuoc\\phplab\\buoi7\\Buoi7\\vendor\\laravel\\framework\\src\\Illuminate\\Pipeline\\Pipeline.php(167): Illuminate\\Foundation\\Http\\Middleware\\ConvertEmptyStringsToNull->handle(Object(Illuminate\\Http\\Request), Object(Closure))
#29 D:\\1LuuDuLieuSV\\2001240399_TrinhHuuKienQuoc\\phplab\\buoi7\\Buoi7\\vendor\\laravel\\framework\\src\\Illuminate\\Foundation\\Http\\Middleware\\TransformsRequest.php(21): Illuminate\\Pipeline\\Pipeline->Illuminate\\Pipeline\\{closure}(Object(Illuminate\\Http\\Request))
#30 D:\\1LuuDuLieuSV\\2001240399_TrinhHuuKienQuoc\\phplab\\buoi7\\Buoi7\\vendor\\laravel\\framework\\src\\Illuminate\\Foundation\\Http\\Middleware\\TrimStrings.php(40): Illuminate\\Foundation\\Http\\Middleware\\TransformsRequest->handle(Object(Illuminate\\Http\\Request), Object(Closure))
#31 D:\\1LuuDuLieuSV\\2001240399_TrinhHuuKienQuoc\\phplab\\buoi7\\Buoi7\\vendor\\laravel\\framework\\src\\Illuminate\\Pipeline\\Pipeline.php(167): Illuminate\\Foundation\\Http\\Middleware\\TrimStrings->handle(Object(Illuminate\\Http\\Request), Object(Closure))
#32 D:\\1LuuDuLieuSV\\2001240399_TrinhHuuKienQuoc\\phplab\\buoi7\\Buoi7\\vendor\\laravel\\framework\\src\\Illuminate\\Foundation\\Http\\Middleware\\ValidatePostSize.php(27): Illuminate\\Pipeline\\Pipeline->Illuminate\\Pipeline\\{closure}(Object(Illuminate\\Http\\Request))
#33 D:\\1LuuDuLieuSV\\2001240399_TrinhHuuKienQuoc\\phplab\\buoi7\\Buoi7\\vendor\\laravel\\framework\\src\\Illuminate\\Pipeline\\Pipeline.php(167): Illuminate\\Foundation\\Http\\Middleware\\ValidatePostSize->handle(Object(Illuminate\\Http\\Request), Object(Closure))
#34 D:\\1LuuDuLieuSV\\2001240399_TrinhHuuKienQuoc\\phplab\\buoi7\\Buoi7\\vendor\\laravel\\framework\\src\\Illuminate\\Foundation\\Http\\Middleware\\PreventRequestsDuringMaintenance.php(86): Illuminate\\Pipeline\\Pipeline->Illuminate\\Pipeline\\{closure}(Object(Illuminate\\Http\\Request))
#35 D:\\1LuuDuLieuSV\\2001240399_TrinhHuuKienQuoc\\phplab\\buoi7\\Buoi7\\vendor\\laravel\\framework\\src\\Illuminate\\Pipeline\\Pipeline.php(167): Illuminate\\Foundation\\Http\\Middleware\\PreventRequestsDuringMaintenance->handle(Object(Illuminate\\Http\\Request), Object(Closure))
#36 D:\\1LuuDuLieuSV\\2001240399_TrinhHuuKienQuoc\\phplab\\buoi7\\Buoi7\\vendor\\fruitcake\\laravel-cors\\src\\HandleCors.php(38): Illuminate\\Pipeline\\Pipeline->Illuminate\\Pipeline\\{closure}(Object(Illuminate\\Http\\Request))
#37 D:\\1LuuDuLieuSV\\2001240399_TrinhHuuKienQuoc\\phplab\\buoi7\\Buoi7\\vendor\\laravel\\framework\\src\\Illuminate\\Pipeline\\Pipeline.php(167): Fruitcake\\Cors\\HandleCors->handle(Object(Illuminate\\Http\\Request), Object(Closure))
#38 D:\\1LuuDuLieuSV\\2001240399_TrinhHuuKienQuoc\\phplab\\buoi7\\Buoi7\\vendor\\laravel\\framework\\src\\Illuminate\\Http\\Middleware\\TrustProxies.php(39): Illuminate\\Pipeline\\Pipeline->Illuminate\\Pipeline\\{closure}(Object(Illuminate\\Http\\Request))
#39 D:\\1LuuDuLieuSV\\2001240399_TrinhHuuKienQuoc\\phplab\\buoi7\\Buoi7\\vendor\\laravel\\framework\\src\\Illuminate\\Pipeline\\Pipeline.php(167): Illuminate\\Http\\Middleware\\TrustProxies->handle(Object(Illuminate\\Http\\Request), Object(Closure))
#40 D:\\1LuuDuLieuSV\\2001240399_TrinhHuuKienQuoc\\phplab\\buoi7\\Buoi7\\vendor\\laravel\\framework\\src\\Illuminate\\Pipeline\\Pipeline.php(103): Illuminate\\Pipeline\\Pipeline->Illuminate\\Pipeline\\{closure}(Object(Illuminate\\Http\\Request))
#41 D:\\1LuuDuLieuSV\\2001240399_TrinhHuuKienQuoc\\phplab\\buoi7\\Buoi7\\vendor\\laravel\\framework\\src\\Illuminate\\Foundation\\Http\\Kernel.php(142): Illuminate\\Pipeline\\Pipeline->then(Object(Closure))
#42 D:\\1LuuDuLieuSV\\2001240399_TrinhHuuKienQuoc\\phplab\\buoi7\\Buoi7\\vendor\\laravel\\framework\\src\\Illuminate\\Foundation\\Http\\Kernel.php(111): Illuminate\\Foundation\\Http\\Kernel->sendRequestThroughRouter(Object(Illuminate\\Http\\Request))
#43 D:\\1LuuDuLieuSV\\2001240399_TrinhHuuKienQuoc\\phplab\\buoi7\\Buoi7\\public\\index.php(52): Illuminate\\Foundation\\Http\\Kernel->handle(Object(Illuminate\\Http\\Request))
#44 D:\\1LuuDuLieuSV\\2001240399_TrinhHuuKienQuoc\\phplab\\buoi7\\Buoi7\\server.php(21): require_once('D:\\\\1LuuDuLieuSV...')
#45 {main}
"} 
[2026-09-28 07:21:46] local.ERROR: compact(): Undefined variable: products {"exception":"[object] (ErrorException(code: 0): compact(): Undefined variable: products at D:\\1LuuDuLieuSV\\2001240399_TrinhHuuKienQuoc\\phplab\\buoi7\\Buoi7\\routes\\web.php:21)
[stacktrace]
#0 [internal function]: Illuminate\\Foundation\\Bootstrap\\HandleExceptions->handleError(8, 'compact(): Unde...', 'D:\\\\1LuuDuLieuSV...', 21, Array)
#1 D:\\1LuuDuLieuSV\\2001240399_TrinhHuuKienQuoc\\phplab\\buoi7\\Buoi7\\routes\\web.php(21): compact('products')
#2 D:\\1LuuDuLieuSV\\2001240399_TrinhHuuKienQuoc\\phplab\\buoi7\\Buoi7\\vendor\\laravel\\framework\\src\\Illuminate\\Routing\\Route.php(238): Illuminate\\Routing\\RouteFileRegistrar->{closure}()
#3 D:\\1LuuDuLieuSV\\2001240399_TrinhHuuKienQuoc\\phplab\\buoi7\\Buoi7\\vendor\\laravel\\framework\\src\\Illuminate\\Routing\\Route.php(208): Illuminate\\Routing\\Route->runCallable()
#4 D:\\1LuuDuLieuSV\\2001240399_TrinhHuuKienQuoc\\phplab\\buoi7\\Buoi7\\vendor\\laravel\\framework\\src\\Illuminate\\Routing\\Router.php(721): Illuminate\\Routing\\Route->run()
#5 D:\\1LuuDuLieuSV\\2001240399_TrinhHuuKienQuoc\\phplab\\buoi7\\Buoi7\\vendor\\laravel\\framework\\src\\Illuminate\\Pipeline\\Pipeline.php(128): Illuminate\\Routing\\Router->Illuminate\\Routing\\{closure}(Object(Illuminate\\Http\\Request))
#6 D:\\1LuuDuLieuSV\\2001240399_TrinhHuuKienQuoc\\phplab\\buoi7\\Buoi7\\vendor\\laravel\\framework\\src\\Illuminate\\Routing\\Middleware\\SubstituteBindings.php(50): Illuminate\\Pipeline\\Pipeline->Illuminate\\Pipeline\\{closure}(Object(Illuminate\\Http\\Request))
#7 D:\\1LuuDuLieuSV\\2001240399_TrinhHuuKienQuoc\\phplab\\buoi7\\Buoi7\\vendor\\laravel\\framework\\src\\Illuminate\\Pipeline\\Pipeline.php(167): Illuminate\\Routing\\Middleware\\SubstituteBindings->handle(Object(Illuminate\\Http\\Request), Object(Closure))
#8 D:\\1LuuDuLieuSV\\2001240399_TrinhHuuKienQuoc\\phplab\\buoi7\\Buoi7\\vendor\\laravel\\framework\\src\\Illuminate\\Foundation\\Http\\Middleware\\VerifyCsrfToken.php(78): Illuminate\\Pipeline\\Pipeline->Illuminate\\Pipeline\\{closure}(Object(Illuminate\\Http\\Request))
#9 D:\\1LuuDuLieuSV\\2001240399_TrinhHuuKienQuoc\\phplab\\buoi7\\Buoi7\\vendor\\laravel\\framework\\src\\Illuminate\\Pipeline\\Pipeline.php(167): Illuminate\\Foundation\\Http\\Middleware\\VerifyCsrfToken->handle(Object(Illuminate\\Http\\Request), Object(Closure))
#10 D:\\1LuuDuLieuSV\\2001240399_TrinhHuuKienQuoc\\phplab\\buoi7\\Buoi7\\vendor\\laravel\\framework\\src\\Illuminate\\View\\Middleware\\ShareErrorsFromSession.php(49): Illuminate\\Pipeline\\Pipeline->Illuminate\\Pipeline\\{closure}(Object(Illuminate\\Http\\Request))
#11 D:\\1LuuDuLieuSV\\2001240399_TrinhHuuKienQuoc\\phplab\\buoi7\\Buoi7\\vendor\\laravel\\framework\\src\\Illuminate\\Pipeline\\Pipeline.php(167): Illuminate\\View\\Middleware\\ShareErrorsFromSession->handle(Object(Illuminate\\Http\\Request), Object(Closure))
#12 D:\\1LuuDuLieuSV\\2001240399_TrinhHuuKienQuoc\\phplab\\buoi7\\Buoi7\\vendor\\laravel\\framework\\src\\Illuminate\\Session\\Middleware\\StartSession.php(121): Illuminate\\Pipeline\\Pipeline->Illuminate\\Pipeline\\{closure}(Object(Illuminate\\Http\\Request))
#13 D:\\1LuuDuLieuSV\\2001240399_TrinhHuuKienQuoc\\phplab\\buoi7\\Buoi7\\vendor\\laravel\\framework\\src\\Illuminate\\Session\\Middleware\\StartSession.php(64): Illuminate\\Session\\Middleware\\StartSession->handleStatefulRequest(Object(Illuminate\\Http\\Request), Object(Illuminate\\Session\\Store), Object(Closure))
#14 D:\\1LuuDuLieuSV\\2001240399_TrinhHuuKienQuoc\\phplab\\buoi7\\Buoi7\\vendor\\laravel\\framework\\src\\Illuminate\\Pipeline\\Pipeline.php(167): Illuminate\\Session\\Middleware\\StartSession->handle(Object(Illuminate\\Http\\Request), Object(Closure))
#15 D:\\1LuuDuLieuSV\\2001240399_TrinhHuuKienQuoc\\phplab\\buoi7\\Buoi7\\vendor\\laravel\\framework\\src\\Illuminate\\Cookie\\Middleware\\AddQueuedCookiesToResponse.php(37): Illuminate\\Pipeline\\Pipeline->Illuminate\\Pipeline\\{closure}(Object(Illuminate\\Http\\Request))
#16 D:\\1LuuDuLieuSV\\2001240399_TrinhHuuKienQuoc\\phplab\\buoi7\\Buoi7\\vendor\\laravel\\framework\\src\\Illuminate\\Pipeline\\Pipeline.php(167): Illuminate\\Cookie\\Middleware\\AddQueuedCookiesToResponse->handle(Object(Illuminate\\Http\\Request), Object(Closure))
#17 D:\\1LuuDuLieuSV\\2001240399_TrinhHuuKienQuoc\\phplab\\buoi7\\Buoi7\\vendor\\laravel\\framework\\src\\Illuminate\\Cookie\\Middleware\\EncryptCookies.php(67): Illuminate\\Pipeline\\Pipeline->Illuminate\\Pipeline\\{closure}(Object(Illuminate\\Http\\Request))
#18 D:\\1LuuDuLieuSV\\2001240399_TrinhHuuKienQuoc\\phplab\\buoi7\\Buoi7\\vendor\\laravel\\framework\\src\\Illuminate\\Pipeline\\Pipeline.php(167): Illuminate\\Cookie\\Middleware\\EncryptCookies->handle(Object(Illuminate\\Http\\Request), Object(Closure))
#19 D:\\1LuuDuLieuSV\\2001240399_TrinhHuuKienQuoc\\phplab\\buoi7\\Buoi7\\vendor\\laravel\\framework\\src\\Illuminate\\Pipeline\\Pipeline.php(103): Illuminate\\Pipeline\\Pipeline->Illuminate\\Pipeline\\{closure}(Object(Illuminate\\Http\\Request))
#20 D:\\1LuuDuLieuSV\\2001240399_TrinhHuuKienQuoc\\phplab\\buoi7\\Buoi7\\vendor\\laravel\\framework\\src\\Illuminate\\Routing\\Router.php(723): Illuminate\\Pipeline\\Pipeline->then(Object(Closure))
#21 D:\\1LuuDuLieuSV\\2001240399_TrinhHuuKienQuoc\\phplab\\buoi7\\Buoi7\\vendor\\laravel\\framework\\src\\Illuminate\\Routing\\Router.php(698): Illuminate\\Routing\\Router->runRouteWithinStack(Object(Illuminate\\Routing\\Route), Object(Illuminate\\Http\\Request))
#22 D:\\1LuuDuLieuSV\\2001240399_TrinhHuuKienQuoc\\phplab\\buoi7\\Buoi7\\vendor\\laravel\\framework\\src\\Illuminate\\Routing\\Router.php(662): Illuminate\\Routing\\Router->runRoute(Object(Illuminate\\Http\\Request), Object(Illuminate\\Routing\\Route))
#23 D:\\1LuuDuLieuSV\\2001240399_TrinhHuuKienQuoc\\phplab\\buoi7\\Buoi7\\vendor\\laravel\\framework\\src\\Illuminate\\Routing\\Router.php(651): Illuminate\\Routing\\Router->dispatchToRoute(Object(Illuminate\\Http\\Request))
#24 D:\\1LuuDuLieuSV\\2001240399_TrinhHuuKienQuoc\\phplab\\buoi7\\Buoi7\\vendor\\laravel\\framework\\src\\Illuminate\\Foundation\\Http\\Kernel.php(167): Illuminate\\Routing\\Router->dispatch(Object(Illuminate\\Http\\Request))
#25 D:\\1LuuDuLieuSV\\2001240399_TrinhHuuKienQuoc\\phplab\\buoi7\\Buoi7\\vendor\\laravel\\framework\\src\\Illuminate\\Pipeline\\Pipeline.php(128): Illuminate\\Foundation\\Http\\Kernel->Illuminate\\Foundation\\Http\\{closure}(Object(Illuminate\\Http\\Request))
#26 D:\\1LuuDuLieuSV\\2001240399_TrinhHuuKienQuoc\\phplab\\buoi7\\Buoi7\\vendor\\laravel\\framework\\src\\Illuminate\\Foundation\\Http\\Middleware\\TransformsRequest.php(21): Illuminate\\Pipeline\\Pipeline->Illuminate\\Pipeline\\{closure}(Object(Illuminate\\Http\\Request))
#27 D:\\1LuuDuLieuSV\\2001240399_TrinhHuuKienQuoc\\phplab\\buoi7\\Buoi7\\vendor\\laravel\\framework\\src\\Illuminate\\Foundation\\Http\\Middleware\\ConvertEmptyStringsToNull.php(31): Illuminate\\Foundation\\Http\\Middleware\\TransformsRequest->handle(Object(Illuminate\\Http\\Request), Object(Closure))
#28 D:\\1LuuDuLieuSV\\2001240399_TrinhHuuKienQuoc\\phplab\\buoi7\\Buoi7\\vendor\\laravel\\framework\\src\\Illuminate\\Pipeline\\Pipeline.php(167): Illuminate\\Foundation\\Http\\Middleware\\ConvertEmptyStringsToNull->handle(Object(Illuminate\\Http\\Request), Object(Closure))
#29 D:\\1LuuDuLieuSV\\2001240399_TrinhHuuKienQuoc\\phplab\\buoi7\\Buoi7\\vendor\\laravel\\framework\\src\\Illuminate\\Foundation\\Http\\Middleware\\TransformsRequest.php(21): Illuminate\\Pipeline\\Pipeline->Illuminate\\Pipeline\\{closure}(Object(Illuminate\\Http\\Request))
#30 D:\\1LuuDuLieuSV\\2001240399_TrinhHuuKienQuoc\\phplab\\buoi7\\Buoi7\\vendor\\laravel\\framework\\src\\Illuminate\\Foundation\\Http\\Middleware\\TrimStrings.php(40): Illuminate\\Foundation\\Http\\Middleware\\TransformsRequest->handle(Object(Illuminate\\Http\\Request), Object(Closure))
#31 D:\\1LuuDuLieuSV\\2001240399_TrinhHuuKienQuoc\\phplab\\buoi7\\Buoi7\\vendor\\laravel\\framework\\src\\Illuminate\\Pipeline\\Pipeline.php(167): Illuminate\\Foundation\\Http\\Middleware\\TrimStrings->handle(Object(Illuminate\\Http\\Request), Object(Closure))
#32 D:\\1LuuDuLieuSV\\2001240399_TrinhHuuKienQuoc\\phplab\\buoi7\\Buoi7\\vendor\\laravel\\framework\\src\\Illuminate\\Foundation\\Http\\Middleware\\ValidatePostSize.php(27): Illuminate\\Pipeline\\Pipeline->Illuminate\\Pipeline\\{closure}(Object(Illuminate\\Http\\Request))
#33 D:\\1LuuDuLieuSV\\2001240399_TrinhHuuKienQuoc\\phplab\\buoi7\\Buoi7\\vendor\\laravel\\framework\\src\\Illuminate\\Pipeline\\Pipeline.php(167): Illuminate\\Foundation\\Http\\Middleware\\ValidatePostSize->handle(Object(Illuminate\\Http\\Request), Object(Closure))
#34 D:\\1LuuDuLieuSV\\2001240399_TrinhHuuKienQuoc\\phplab\\buoi7\\Buoi7\\vendor\\laravel\\framework\\src\\Illuminate\\Foundation\\Http\\Middleware\\PreventRequestsDuringMaintenance.php(86): Illuminate\\Pipeline\\Pipeline->Illuminate\\Pipeline\\{closure}(Object(Illuminate\\Http\\Request))
#35 D:\\1LuuDuLieuSV\\2001240399_TrinhHuuKienQuoc\\phplab\\buoi7\\Buoi7\\vendor\\laravel\\framework\\src\\Illuminate\\Pipeline\\Pipeline.php(167): Illuminate\\Foundation\\Http\\Middleware\\PreventRequestsDuringMaintenance->handle(Object(Illuminate\\Http\\Request), Object(Closure))
#36 D:\\1LuuDuLieuSV\\2001240399_TrinhHuuKienQuoc\\phplab\\buoi7\\Buoi7\\vendor\\fruitcake\\laravel-cors\\src\\HandleCors.php(38): Illuminate\\Pipeline\\Pipeline->Illuminate\\Pipeline\\{closure}(Object(Illuminate\\Http\\Request))
#37 D:\\1LuuDuLieuSV\\2001240399_TrinhHuuKienQuoc\\phplab\\buoi7\\Buoi7\\vendor\\laravel\\framework\\src\\Illuminate\\Pipeline\\Pipeline.php(167): Fruitcake\\Cors\\HandleCors->handle(Object(Illuminate\\Http\\Request), Object(Closure))
#38 D:\\1LuuDuLieuSV\\2001240399_TrinhHuuKienQuoc\\phplab\\buoi7\\Buoi7\\vendor\\laravel\\framework\\src\\Illuminate\\Http\\Middleware\\TrustProxies.php(39): Illuminate\\Pipeline\\Pipeline->Illuminate\\Pipeline\\{closure}(Object(Illuminate\\Http\\Request))
#39 D:\\1LuuDuLieuSV\\2001240399_TrinhHuuKienQuoc\\phplab\\buoi7\\Buoi7\\vendor\\laravel\\framework\\src\\Illuminate\\Pipeline\\Pipeline.php(167): Illuminate\\Http\\Middleware\\TrustProxies->handle(Object(Illuminate\\Http\\Request), Object(Closure))
#40 D:\\1LuuDuLieuSV\\2001240399_TrinhHuuKienQuoc\\phplab\\buoi7\\Buoi7\\vendor\\laravel\\framework\\src\\Illuminate\\Pipeline\\Pipeline.php(103): Illuminate\\Pipeline\\Pipeline->Illuminate\\Pipeline\\{closure}(Object(Illuminate\\Http\\Request))
#41 D:\\1LuuDuLieuSV\\2001240399_TrinhHuuKienQuoc\\phplab\\buoi7\\Buoi7\\vendor\\laravel\\framework\\src\\Illuminate\\Foundation\\Http\\Kernel.php(142): Illuminate\\Pipeline\\Pipeline->then(Object(Closure))
#42 D:\\1LuuDuLieuSV\\2001240399_TrinhHuuKienQuoc\\phplab\\buoi7\\Buoi7\\vendor\\laravel\\framework\\src\\Illuminate\\Foundation\\Http\\Kernel.php(111): Illuminate\\Foundation\\Http\\Kernel->sendRequestThroughRouter(Object(Illuminate\\Http\\Request))
#43 D:\\1LuuDuLieuSV\\2001240399_TrinhHuuKienQuoc\\phplab\\buoi7\\Buoi7\\public\\index.php(52): Illuminate\\Foundation\\Http\\Kernel->handle(Object(Illuminate\\Http\\Request))
#44 D:\\1LuuDuLieuSV\\2001240399_TrinhHuuKienQuoc\\phplab\\buoi7\\Buoi7\\server.php(21): require_once('D:\\\\1LuuDuLieuSV...')
#45 {main}
"} 
[2026-09-28 07:21:47] local.ERROR: compact(): Undefined variable: products {"exception":"[object] (ErrorException(code: 0): compact(): Undefined variable: products at D:\\1LuuDuLieuSV\\2001240399_TrinhHuuKienQuoc\\phplab\\buoi7\\Buoi7\\routes\\web.php:21)
[stacktrace]
#0 [internal function]: Illuminate\\Foundation\\Bootstrap\\HandleExceptions->handleError(8, 'compact(): Unde...', 'D:\\\\1LuuDuLieuSV...', 21, Array)
#1 D:\\1LuuDuLieuSV\\2001240399_TrinhHuuKienQuoc\\phplab\\buoi7\\Buoi7\\routes\\web.php(21): compact('products')
#2 D:\\1LuuDuLieuSV\\2001240399_TrinhHuuKienQuoc\\phplab\\buoi7\\Buoi7\\vendor\\laravel\\framework\\src\\Illuminate\\Routing\\Route.php(238): Illuminate\\Routing\\RouteFileRegistrar->{closure}()
#3 D:\\1LuuDuLieuSV\\2001240399_TrinhHuuKienQuoc\\phplab\\buoi7\\Buoi7\\vendor\\laravel\\framework\\src\\Illuminate\\Routing\\Route.php(208): Illuminate\\Routing\\Route->runCallable()
#4 D:\\1LuuDuLieuSV\\2001240399_TrinhHuuKienQuoc\\phplab\\buoi7\\Buoi7\\vendor\\laravel\\framework\\src\\Illuminate\\Routing\\Router.php(721): Illuminate\\Routing\\Route->run()
#5 D:\\1LuuDuLieuSV\\2001240399_TrinhHuuKienQuoc\\phplab\\buoi7\\Buoi7\\vendor\\laravel\\framework\\src\\Illuminate\\Pipeline\\Pipeline.php(128): Illuminate\\Routing\\Router->Illuminate\\Routing\\{closure}(Object(Illuminate\\Http\\Request))
#6 D:\\1LuuDuLieuSV\\2001240399_TrinhHuuKienQuoc\\phplab\\buoi7\\Buoi7\\vendor\\laravel\\framework\\src\\Illuminate\\Routing\\Middleware\\SubstituteBindings.php(50): Illuminate\\Pipeline\\Pipeline->Illuminate\\Pipeline\\{closure}(Object(Illuminate\\Http\\Request))
#7 D:\\1LuuDuLieuSV\\2001240399_TrinhHuuKienQuoc\\phplab\\buoi7\\Buoi7\\vendor\\laravel\\framework\\src\\Illuminate\\Pipeline\\Pipeline.php(167): Illuminate\\Routing\\Middleware\\SubstituteBindings->handle(Object(Illuminate\\Http\\Request), Object(Closure))
#8 D:\\1LuuDuLieuSV\\2001240399_TrinhHuuKienQuoc\\phplab\\buoi7\\Buoi7\\vendor\\laravel\\framework\\src\\Illuminate\\Foundation\\Http\\Middleware\\VerifyCsrfToken.php(78): Illuminate\\Pipeline\\Pipeline->Illuminate\\Pipeline\\{closure}(Object(Illuminate\\Http\\Request))
#9 D:\\1LuuDuLieuSV\\2001240399_TrinhHuuKienQuoc\\phplab\\buoi7\\Buoi7\\vendor\\laravel\\framework\\src\\Illuminate\\Pipeline\\Pipeline.php(167): Illuminate\\Foundation\\Http\\Middleware\\VerifyCsrfToken->handle(Object(Illuminate\\Http\\Request), Object(Closure))
#10 D:\\1LuuDuLieuSV\\2001240399_TrinhHuuKienQuoc\\phplab\\buoi7\\Buoi7\\vendor\\laravel\\framework\\src\\Illuminate\\View\\Middleware\\ShareErrorsFromSession.php(49): Illuminate\\Pipeline\\Pipeline->Illuminate\\Pipeline\\{closure}(Object(Illuminate\\Http\\Request))
#11 D:\\1LuuDuLieuSV\\2001240399_TrinhHuuKienQuoc\\phplab\\buoi7\\Buoi7\\vendor\\laravel\\framework\\src\\Illuminate\\Pipeline\\Pipeline.php(167): Illuminate\\View\\Middleware\\ShareErrorsFromSession->handle(Object(Illuminate\\Http\\Request), Object(Closure))
#12 D:\\1LuuDuLieuSV\\2001240399_TrinhHuuKienQuoc\\phplab\\buoi7\\Buoi7\\vendor\\laravel\\framework\\src\\Illuminate\\Session\\Middleware\\StartSession.php(121): Illuminate\\Pipeline\\Pipeline->Illuminate\\Pipeline\\{closure}(Object(Illuminate\\Http\\Request))
#13 D:\\1LuuDuLieuSV\\2001240399_TrinhHuuKienQuoc\\phplab\\buoi7\\Buoi7\\vendor\\laravel\\framework\\src\\Illuminate\\Session\\Middleware\\StartSession.php(64): Illuminate\\Session\\Middleware\\StartSession->handleStatefulRequest(Object(Illuminate\\Http\\Request), Object(Illuminate\\Session\\Store), Object(Closure))
#14 D:\\1LuuDuLieuSV\\2001240399_TrinhHuuKienQuoc\\phplab\\buoi7\\Buoi7\\vendor\\laravel\\framework\\src\\Illuminate\\Pipeline\\Pipeline.php(167): Illuminate\\Session\\Middleware\\StartSession->handle(Object(Illuminate\\Http\\Request), Object(Closure))
#15 D:\\1LuuDuLieuSV\\2001240399_TrinhHuuKienQuoc\\phplab\\buoi7\\Buoi7\\vendor\\laravel\\framework\\src\\Illuminate\\Cookie\\Middleware\\AddQueuedCookiesToResponse.php(37): Illuminate\\Pipeline\\Pipeline->Illuminate\\Pipeline\\{closure}(Object(Illuminate\\Http\\Request))
#16 D:\\1LuuDuLieuSV\\2001240399_TrinhHuuKienQuoc\\phplab\\buoi7\\Buoi7\\vendor\\laravel\\framework\\src\\Illuminate\\Pipeline\\Pipeline.php(167): Illuminate\\Cookie\\Middleware\\AddQueuedCookiesToResponse->handle(Object(Illuminate\\Http\\Request), Object(Closure))
#17 D:\\1LuuDuLieuSV\\2001240399_TrinhHuuKienQuoc\\phplab\\buoi7\\Buoi7\\vendor\\laravel\\framework\\src\\Illuminate\\Cookie\\Middleware\\EncryptCookies.php(67): Illuminate\\Pipeline\\Pipeline->Illuminate\\Pipeline\\{closure}(Object(Illuminate\\Http\\Request))
#18 D:\\1LuuDuLieuSV\\2001240399_TrinhHuuKienQuoc\\phplab\\buoi7\\Buoi7\\vendor\\laravel\\framework\\src\\Illuminate\\Pipeline\\Pipeline.php(167): Illuminate\\Cookie\\Middleware\\EncryptCookies->handle(Object(Illuminate\\Http\\Request), Object(Closure))
#19 D:\\1LuuDuLieuSV\\2001240399_TrinhHuuKienQuoc\\phplab\\buoi7\\Buoi7\\vendor\\laravel\\framework\\src\\Illuminate\\Pipeline\\Pipeline.php(103): Illuminate\\Pipeline\\Pipeline->Illuminate\\Pipeline\\{closure}(Object(Illuminate\\Http\\Request))
#20 D:\\1LuuDuLieuSV\\2001240399_TrinhHuuKienQuoc\\phplab\\buoi7\\Buoi7\\vendor\\laravel\\framework\\src\\Illuminate\\Routing\\Router.php(723): Illuminate\\Pipeline\\Pipeline->then(Object(Closure))
#21 D:\\1LuuDuLieuSV\\2001240399_TrinhHuuKienQuoc\\phplab\\buoi7\\Buoi7\\vendor\\laravel\\framework\\src\\Illuminate\\Routing\\Router.php(698): Illuminate\\Routing\\Router->runRouteWithinStack(Object(Illuminate\\Routing\\Route), Object(Illuminate\\Http\\Request))
#22 D:\\1LuuDuLieuSV\\2001240399_TrinhHuuKienQuoc\\phplab\\buoi7\\Buoi7\\vendor\\laravel\\framework\\src\\Illuminate\\Routing\\Router.php(662): Illuminate\\Routing\\Router->runRoute(Object(Illuminate\\Http\\Request), Object(Illuminate\\Routing\\Route))
#23 D:\\1LuuDuLieuSV\\2001240399_TrinhHuuKienQuoc\\phplab\\buoi7\\Buoi7\\vendor\\laravel\\framework\\src\\Illuminate\\Routing\\Router.php(651): Illuminate\\Routing\\Router->dispatchToRoute(Object(Illuminate\\Http\\Request))
#24 D:\\1LuuDuLieuSV\\2001240399_TrinhHuuKienQuoc\\phplab\\buoi7\\Buoi7\\vendor\\laravel\\framework\\src\\Illuminate\\Foundation\\Http\\Kernel.php(167): Illuminate\\Routing\\Router->dispatch(Object(Illuminate\\Http\\Request))
#25 D:\\1LuuDuLieuSV\\2001240399_TrinhHuuKienQuoc\\phplab\\buoi7\\Buoi7\\vendor\\laravel\\framework\\src\\Illuminate\\Pipeline\\Pipeline.php(128): Illuminate\\Foundation\\Http\\Kernel->Illuminate\\Foundation\\Http\\{closure}(Object(Illuminate\\Http\\Request))
#26 D:\\1LuuDuLieuSV\\2001240399_TrinhHuuKienQuoc\\phplab\\buoi7\\Buoi7\\vendor\\laravel\\framework\\src\\Illuminate\\Foundation\\Http\\Middleware\\TransformsRequest.php(21): Illuminate\\Pipeline\\Pipeline->Illuminate\\Pipeline\\{closure}(Object(Illuminate\\Http\\Request))
#27 D:\\1LuuDuLieuSV\\2001240399_TrinhHuuKienQuoc\\phplab\\buoi7\\Buoi7\\vendor\\laravel\\framework\\src\\Illuminate\\Foundation\\Http\\Middleware\\ConvertEmptyStringsToNull.php(31): Illuminate\\Foundation\\Http\\Middleware\\TransformsRequest->handle(Object(Illuminate\\Http\\Request), Object(Closure))
#28 D:\\1LuuDuLieuSV\\2001240399_TrinhHuuKienQuoc\\phplab\\buoi7\\Buoi7\\vendor\\laravel\\framework\\src\\Illuminate\\Pipeline\\Pipeline.php(167): Illuminate\\Foundation\\Http\\Middleware\\ConvertEmptyStringsToNull->handle(Object(Illuminate\\Http\\Request), Object(Closure))
#29 D:\\1LuuDuLieuSV\\2001240399_TrinhHuuKienQuoc\\phplab\\buoi7\\Buoi7\\vendor\\laravel\\framework\\src\\Illuminate\\Foundation\\Http\\Middleware\\TransformsRequest.php(21): Illuminate\\Pipeline\\Pipeline->Illuminate\\Pipeline\\{closure}(Object(Illuminate\\Http\\Request))
#30 D:\\1LuuDuLieuSV\\2001240399_TrinhHuuKienQuoc\\phplab\\buoi7\\Buoi7\\vendor\\laravel\\framework\\src\\Illuminate\\Foundation\\Http\\Middleware\\TrimStrings.php(40): Illuminate\\Foundation\\Http\\Middleware\\TransformsRequest->handle(Object(Illuminate\\Http\\Request), Object(Closure))
#31 D:\\1LuuDuLieuSV\\2001240399_TrinhHuuKienQuoc\\phplab\\buoi7\\Buoi7\\vendor\\laravel\\framework\\src\\Illuminate\\Pipeline\\Pipeline.php(167): Illuminate\\Foundation\\Http\\Middleware\\TrimStrings->handle(Object(Illuminate\\Http\\Request), Object(Closure))
#32 D:\\1LuuDuLieuSV\\2001240399_TrinhHuuKienQuoc\\phplab\\buoi7\\Buoi7\\vendor\\laravel\\framework\\src\\Illuminate\\Foundation\\Http\\Middleware\\ValidatePostSize.php(27): Illuminate\\Pipeline\\Pipeline->Illuminate\\Pipeline\\{closure}(Object(Illuminate\\Http\\Request))
#33 D:\\1LuuDuLieuSV\\2001240399_TrinhHuuKienQuoc\\phplab\\buoi7\\Buoi7\\vendor\\laravel\\framework\\src\\Illuminate\\Pipeline\\Pipeline.php(167): Illuminate\\Foundation\\Http\\Middleware\\ValidatePostSize->handle(Object(Illuminate\\Http\\Request), Object(Closure))
#34 D:\\1LuuDuLieuSV\\2001240399_TrinhHuuKienQuoc\\phplab\\buoi7\\Buoi7\\vendor\\laravel\\framework\\src\\Illuminate\\Foundation\\Http\\Middleware\\PreventRequestsDuringMaintenance.php(86): Illuminate\\Pipeline\\Pipeline->Illuminate\\Pipeline\\{closure}(Object(Illuminate\\Http\\Request))
#35 D:\\1LuuDuLieuSV\\2001240399_TrinhHuuKienQuoc\\phplab\\buoi7\\Buoi7\\vendor\\laravel\\framework\\src\\Illuminate\\Pipeline\\Pipeline.php(167): Illuminate\\Foundation\\Http\\Middleware\\PreventRequestsDuringMaintenance->handle(Object(Illuminate\\Http\\Request), Object(Closure))
#36 D:\\1LuuDuLieuSV\\2001240399_TrinhHuuKienQuoc\\phplab\\buoi7\\Buoi7\\vendor\\fruitcake\\laravel-cors\\src\\HandleCors.php(38): Illuminate\\Pipeline\\Pipeline->Illuminate\\Pipeline\\{closure}(Object(Illuminate\\Http\\Request))
#37 D:\\1LuuDuLieuSV\\2001240399_TrinhHuuKienQuoc\\phplab\\buoi7\\Buoi7\\vendor\\laravel\\framework\\src\\Illuminate\\Pipeline\\Pipeline.php(167): Fruitcake\\Cors\\HandleCors->handle(Object(Illuminate\\Http\\Request), Object(Closure))
#38 D:\\1LuuDuLieuSV\\2001240399_TrinhHuuKienQuoc\\phplab\\buoi7\\Buoi7\\vendor\\laravel\\framework\\src\\Illuminate\\Http\\Middleware\\TrustProxies.php(39): Illuminate\\Pipeline\\Pipeline->Illuminate\\Pipeline\\{closure}(Object(Illuminate\\Http\\Request))
#39 D:\\1LuuDuLieuSV\\2001240399_TrinhHuuKienQuoc\\phplab\\buoi7\\Buoi7\\vendor\\laravel\\framework\\src\\Illuminate\\Pipeline\\Pipeline.php(167): Illuminate\\Http\\Middleware\\TrustProxies->handle(Object(Illuminate\\Http\\Request), Object(Closure))
#40 D:\\1LuuDuLieuSV\\2001240399_TrinhHuuKienQuoc\\phplab\\buoi7\\Buoi7\\vendor\\laravel\\framework\\src\\Illuminate\\Pipeline\\Pipeline.php(103): Illuminate\\Pipeline\\Pipeline->Illuminate\\Pipeline\\{closure}(Object(Illuminate\\Http\\Request))
#41 D:\\1LuuDuLieuSV\\2001240399_TrinhHuuKienQuoc\\phplab\\buoi7\\Buoi7\\vendor\\laravel\\framework\\src\\Illuminate\\Foundation\\Http\\Kernel.php(142): Illuminate\\Pipeline\\Pipeline->then(Object(Closure))
#42 D:\\1LuuDuLieuSV\\2001240399_TrinhHuuKienQuoc\\phplab\\buoi7\\Buoi7\\vendor\\laravel\\framework\\src\\Illuminate\\Foundation\\Http\\Kernel.php(111): Illuminate\\Foundation\\Http\\Kernel->sendRequestThroughRouter(Object(Illuminate\\Http\\Request))
#43 D:\\1LuuDuLieuSV\\2001240399_TrinhHuuKienQuoc\\phplab\\buoi7\\Buoi7\\public\\index.php(52): Illuminate\\Foundation\\Http\\Kernel->handle(Object(Illuminate\\Http\\Request))
#44 D:\\1LuuDuLieuSV\\2001240399_TrinhHuuKienQuoc\\phplab\\buoi7\\Buoi7\\server.php(21): require_once('D:\\\\1LuuDuLieuSV...')
#45 {main}
"} 
[2026-09-28 07:21:47] local.ERROR: compact(): Undefined variable: products {"exception":"[object] (ErrorException(code: 0): compact(): Undefined variable: products at D:\\1LuuDuLieuSV\\2001240399_TrinhHuuKienQuoc\\phplab\\buoi7\\Buoi7\\routes\\web.php:21)
[stacktrace]
#0 [internal function]: Illuminate\\Foundation\\Bootstrap\\HandleExceptions->handleError(8, 'compact(): Unde...', 'D:\\\\1LuuDuLieuSV...', 21, Array)
#1 D:\\1LuuDuLieuSV\\2001240399_TrinhHuuKienQuoc\\phplab\\buoi7\\Buoi7\\routes\\web.php(21): compact('products')
#2 D:\\1LuuDuLieuSV\\2001240399_TrinhHuuKienQuoc\\phplab\\buoi7\\Buoi7\\vendor\\laravel\\framework\\src\\Illuminate\\Routing\\Route.php(238): Illuminate\\Routing\\RouteFileRegistrar->{closure}()
#3 D:\\1LuuDuLieuSV\\2001240399_TrinhHuuKienQuoc\\phplab\\buoi7\\Buoi7\\vendor\\laravel\\framework\\src\\Illuminate\\Routing\\Route.php(208): Illuminate\\Routing\\Route->runCallable()
#4 D:\\1LuuDuLieuSV\\2001240399_TrinhHuuKienQuoc\\phplab\\buoi7\\Buoi7\\vendor\\laravel\\framework\\src\\Illuminate\\Routing\\Router.php(721): Illuminate\\Routing\\Route->run()
#5 D:\\1LuuDuLieuSV\\2001240399_TrinhHuuKienQuoc\\phplab\\buoi7\\Buoi7\\vendor\\laravel\\framework\\src\\Illuminate\\Pipeline\\Pipeline.php(128): Illuminate\\Routing\\Router->Illuminate\\Routing\\{closure}(Object(Illuminate\\Http\\Request))
#6 D:\\1LuuDuLieuSV\\2001240399_TrinhHuuKienQuoc\\phplab\\buoi7\\Buoi7\\vendor\\laravel\\framework\\src\\Illuminate\\Routing\\Middleware\\SubstituteBindings.php(50): Illuminate\\Pipeline\\Pipeline->Illuminate\\Pipeline\\{closure}(Object(Illuminate\\Http\\Request))
#7 D:\\1LuuDuLieuSV\\2001240399_TrinhHuuKienQuoc\\phplab\\buoi7\\Buoi7\\vendor\\laravel\\framework\\src\\Illuminate\\Pipeline\\Pipeline.php(167): Illuminate\\Routing\\Middleware\\SubstituteBindings->handle(Object(Illuminate\\Http\\Request), Object(Closure))
#8 D:\\1LuuDuLieuSV\\2001240399_TrinhHuuKienQuoc\\phplab\\buoi7\\Buoi7\\vendor\\laravel\\framework\\src\\Illuminate\\Foundation\\Http\\Middleware\\VerifyCsrfToken.php(78): Illuminate\\Pipeline\\Pipeline->Illuminate\\Pipeline\\{closure}(Object(Illuminate\\Http\\Request))
#9 D:\\1LuuDuLieuSV\\2001240399_TrinhHuuKienQuoc\\phplab\\buoi7\\Buoi7\\vendor\\laravel\\framework\\src\\Illuminate\\Pipeline\\Pipeline.php(167): Illuminate\\Foundation\\Http\\Middleware\\VerifyCsrfToken->handle(Object(Illuminate\\Http\\Request), Object(Closure))
#10 D:\\1LuuDuLieuSV\\2001240399_TrinhHuuKienQuoc\\phplab\\buoi7\\Buoi7\\vendor\\laravel\\framework\\src\\Illuminate\\View\\Middleware\\ShareErrorsFromSession.php(49): Illuminate\\Pipeline\\Pipeline->Illuminate\\Pipeline\\{closure}(Object(Illuminate\\Http\\Request))
#11 D:\\1LuuDuLieuSV\\2001240399_TrinhHuuKienQuoc\\phplab\\buoi7\\Buoi7\\vendor\\laravel\\framework\\src\\Illuminate\\Pipeline\\Pipeline.php(167): Illuminate\\View\\Middleware\\ShareErrorsFromSession->handle(Object(Illuminate\\Http\\Request), Object(Closure))
#12 D:\\1LuuDuLieuSV\\2001240399_TrinhHuuKienQuoc\\phplab\\buoi7\\Buoi7\\vendor\\laravel\\framework\\src\\Illuminate\\Session\\Middleware\\StartSession.php(121): Illuminate\\Pipeline\\Pipeline->Illuminate\\Pipeline\\{closure}(Object(Illuminate\\Http\\Request))
#13 D:\\1LuuDuLieuSV\\2001240399_TrinhHuuKienQuoc\\phplab\\buoi7\\Buoi7\\vendor\\laravel\\framework\\src\\Illuminate\\Session\\Middleware\\StartSession.php(64): Illuminate\\Session\\Middleware\\StartSession->handleStatefulRequest(Object(Illuminate\\Http\\Request), Object(Illuminate\\Session\\Store), Object(Closure))
#14 D:\\1LuuDuLieuSV\\2001240399_TrinhHuuKienQuoc\\phplab\\buoi7\\Buoi7\\vendor\\laravel\\framework\\src\\Illuminate\\Pipeline\\Pipeline.php(167): Illuminate\\Session\\Middleware\\StartSession->handle(Object(Illuminate\\Http\\Request), Object(Closure))
#15 D:\\1LuuDuLieuSV\\2001240399_TrinhHuuKienQuoc\\phplab\\buoi7\\Buoi7\\vendor\\laravel\\framework\\src\\Illuminate\\Cookie\\Middleware\\AddQueuedCookiesToResponse.php(37): Illuminate\\Pipeline\\Pipeline->Illuminate\\Pipeline\\{closure}(Object(Illuminate\\Http\\Request))
#16 D:\\1LuuDuLieuSV\\2001240399_TrinhHuuKienQuoc\\phplab\\buoi7\\Buoi7\\vendor\\laravel\\framework\\src\\Illuminate\\Pipeline\\Pipeline.php(167): Illuminate\\Cookie\\Middleware\\AddQueuedCookiesToResponse->handle(Object(Illuminate\\Http\\Request), Object(Closure))
#17 D:\\1LuuDuLieuSV\\2001240399_TrinhHuuKienQuoc\\phplab\\buoi7\\Buoi7\\vendor\\laravel\\framework\\src\\Illuminate\\Cookie\\Middleware\\EncryptCookies.php(67): Illuminate\\Pipeline\\Pipeline->Illuminate\\Pipeline\\{closure}(Object(Illuminate\\Http\\Request))
#18 D:\\1LuuDuLieuSV\\2001240399_TrinhHuuKienQuoc\\phplab\\buoi7\\Buoi7\\vendor\\laravel\\framework\\src\\Illuminate\\Pipeline\\Pipeline.php(167): Illuminate\\Cookie\\Middleware\\EncryptCookies->handle(Object(Illuminate\\Http\\Request), Object(Closure))
#19 D:\\1LuuDuLieuSV\\2001240399_TrinhHuuKienQuoc\\phplab\\buoi7\\Buoi7\\vendor\\laravel\\framework\\src\\Illuminate\\Pipeline\\Pipeline.php(103): Illuminate\\Pipeline\\Pipeline->Illuminate\\Pipeline\\{closure}(Object(Illuminate\\Http\\Request))
#20 D:\\1LuuDuLieuSV\\2001240399_TrinhHuuKienQuoc\\phplab\\buoi7\\Buoi7\\vendor\\laravel\\framework\\src\\Illuminate\\Routing\\Router.php(723): Illuminate\\Pipeline\\Pipeline->then(Object(Closure))
#21 D:\\1LuuDuLieuSV\\2001240399_TrinhHuuKienQuoc\\phplab\\buoi7\\Buoi7\\vendor\\laravel\\framework\\src\\Illuminate\\Routing\\Router.php(698): Illuminate\\Routing\\Router->runRouteWithinStack(Object(Illuminate\\Routing\\Route), Object(Illuminate\\Http\\Request))
#22 D:\\1LuuDuLieuSV\\2001240399_TrinhHuuKienQuoc\\phplab\\buoi7\\Buoi7\\vendor\\laravel\\framework\\src\\Illuminate\\Routing\\Router.php(662): Illuminate\\Routing\\Router->runRoute(Object(Illuminate\\Http\\Request), Object(Illuminate\\Routing\\Route))
#23 D:\\1LuuDuLieuSV\\2001240399_TrinhHuuKienQuoc\\phplab\\buoi7\\Buoi7\\vendor\\laravel\\framework\\src\\Illuminate\\Routing\\Router.php(651): Illuminate\\Routing\\Router->dispatchToRoute(Object(Illuminate\\Http\\Request))
#24 D:\\1LuuDuLieuSV\\2001240399_TrinhHuuKienQuoc\\phplab\\buoi7\\Buoi7\\vendor\\laravel\\framework\\src\\Illuminate\\Foundation\\Http\\Kernel.php(167): Illuminate\\Routing\\Router->dispatch(Object(Illuminate\\Http\\Request))
#25 D:\\1LuuDuLieuSV\\2001240399_TrinhHuuKienQuoc\\phplab\\buoi7\\Buoi7\\vendor\\laravel\\framework\\src\\Illuminate\\Pipeline\\Pipeline.php(128): Illuminate\\Foundation\\Http\\Kernel->Illuminate\\Foundation\\Http\\{closure}(Object(Illuminate\\Http\\Request))
#26 D:\\1LuuDuLieuSV\\2001240399_TrinhHuuKienQuoc\\phplab\\buoi7\\Buoi7\\vendor\\laravel\\framework\\src\\Illuminate\\Foundation\\Http\\Middleware\\TransformsRequest.php(21): Illuminate\\Pipeline\\Pipeline->Illuminate\\Pipeline\\{closure}(Object(Illuminate\\Http\\Request))
#27 D:\\1LuuDuLieuSV\\2001240399_TrinhHuuKienQuoc\\phplab\\buoi7\\Buoi7\\vendor\\laravel\\framework\\src\\Illuminate\\Foundation\\Http\\Middleware\\ConvertEmptyStringsToNull.php(31): Illuminate\\Foundation\\Http\\Middleware\\TransformsRequest->handle(Object(Illuminate\\Http\\Request), Object(Closure))
#28 D:\\1LuuDuLieuSV\\2001240399_TrinhHuuKienQuoc\\phplab\\buoi7\\Buoi7\\vendor\\laravel\\framework\\src\\Illuminate\\Pipeline\\Pipeline.php(167): Illuminate\\Foundation\\Http\\Middleware\\ConvertEmptyStringsToNull->handle(Object(Illuminate\\Http\\Request), Object(Closure))
#29 D:\\1LuuDuLieuSV\\2001240399_TrinhHuuKienQuoc\\phplab\\buoi7\\Buoi7\\vendor\\laravel\\framework\\src\\Illuminate\\Foundation\\Http\\Middleware\\TransformsRequest.php(21): Illuminate\\Pipeline\\Pipeline->Illuminate\\Pipeline\\{closure}(Object(Illuminate\\Http\\Request))
#30 D:\\1LuuDuLieuSV\\2001240399_TrinhHuuKienQuoc\\phplab\\buoi7\\Buoi7\\vendor\\laravel\\framework\\src\\Illuminate\\Foundation\\Http\\Middleware\\TrimStrings.php(40): Illuminate\\Foundation\\Http\\Middleware\\TransformsRequest->handle(Object(Illuminate\\Http\\Request), Object(Closure))
#31 D:\\1LuuDuLieuSV\\2001240399_TrinhHuuKienQuoc\\phplab\\buoi7\\Buoi7\\vendor\\laravel\\framework\\src\\Illuminate\\Pipeline\\Pipeline.php(167): Illuminate\\Foundation\\Http\\Middleware\\TrimStrings->handle(Object(Illuminate\\Http\\Request), Object(Closure))
#32 D:\\1LuuDuLieuSV\\2001240399_TrinhHuuKienQuoc\\phplab\\buoi7\\Buoi7\\vendor\\laravel\\framework\\src\\Illuminate\\Foundation\\Http\\Middleware\\ValidatePostSize.php(27): Illuminate\\Pipeline\\Pipeline->Illuminate\\Pipeline\\{closure}(Object(Illuminate\\Http\\Request))
#33 D:\\1LuuDuLieuSV\\2001240399_TrinhHuuKienQuoc\\phplab\\buoi7\\Buoi7\\vendor\\laravel\\framework\\src\\Illuminate\\Pipeline\\Pipeline.php(167): Illuminate\\Foundation\\Http\\Middleware\\ValidatePostSize->handle(Object(Illuminate\\Http\\Request), Object(Closure))
#34 D:\\1LuuDuLieuSV\\2001240399_TrinhHuuKienQuoc\\phplab\\buoi7\\Buoi7\\vendor\\laravel\\framework\\src\\Illuminate\\Foundation\\Http\\Middleware\\PreventRequestsDuringMaintenance.php(86): Illuminate\\Pipeline\\Pipeline->Illuminate\\Pipeline\\{closure}(Object(Illuminate\\Http\\Request))
#35 D:\\1LuuDuLieuSV\\2001240399_TrinhHuuKienQuoc\\phplab\\buoi7\\Buoi7\\vendor\\laravel\\framework\\src\\Illuminate\\Pipeline\\Pipeline.php(167): Illuminate\\Foundation\\Http\\Middleware\\PreventRequestsDuringMaintenance->handle(Object(Illuminate\\Http\\Request), Object(Closure))
#36 D:\\1LuuDuLieuSV\\2001240399_TrinhHuuKienQuoc\\phplab\\buoi7\\Buoi7\\vendor\\fruitcake\\laravel-cors\\src\\HandleCors.php(38): Illuminate\\Pipeline\\Pipeline->Illuminate\\Pipeline\\{closure}(Object(Illuminate\\Http\\Request))
#37 D:\\1LuuDuLieuSV\\2001240399_TrinhHuuKienQuoc\\phplab\\buoi7\\Buoi7\\vendor\\laravel\\framework\\src\\Illuminate\\Pipeline\\Pipeline.php(167): Fruitcake\\Cors\\HandleCors->handle(Object(Illuminate\\Http\\Request), Object(Closure))
#38 D:\\1LuuDuLieuSV\\2001240399_TrinhHuuKienQuoc\\phplab\\buoi7\\Buoi7\\vendor\\laravel\\framework\\src\\Illuminate\\Http\\Middleware\\TrustProxies.php(39): Illuminate\\Pipeline\\Pipeline->Illuminate\\Pipeline\\{closure}(Object(Illuminate\\Http\\Request))
#39 D:\\1LuuDuLieuSV\\2001240399_TrinhHuuKienQuoc\\phplab\\buoi7\\Buoi7\\vendor\\laravel\\framework\\src\\Illuminate\\Pipeline\\Pipeline.php(167): Illuminate\\Http\\Middleware\\TrustProxies->handle(Object(Illuminate\\Http\\Request), Object(Closure))
#40 D:\\1LuuDuLieuSV\\2001240399_TrinhHuuKienQuoc\\phplab\\buoi7\\Buoi7\\vendor\\laravel\\framework\\src\\Illuminate\\Pipeline\\Pipeline.php(103): Illuminate\\Pipeline\\Pipeline->Illuminate\\Pipeline\\{closure}(Object(Illuminate\\Http\\Request))
#41 D:\\1LuuDuLieuSV\\2001240399_TrinhHuuKienQuoc\\phplab\\buoi7\\Buoi7\\vendor\\laravel\\framework\\src\\Illuminate\\Foundation\\Http\\Kernel.php(142): Illuminate\\Pipeline\\Pipeline->then(Object(Closure))
#42 D:\\1LuuDuLieuSV\\2001240399_TrinhHuuKienQuoc\\phplab\\buoi7\\Buoi7\\vendor\\laravel\\framework\\src\\Illuminate\\Foundation\\Http\\Kernel.php(111): Illuminate\\Foundation\\Http\\Kernel->sendRequestThroughRouter(Object(Illuminate\\Http\\Request))
#43 D:\\1LuuDuLieuSV\\2001240399_TrinhHuuKienQuoc\\phplab\\buoi7\\Buoi7\\public\\index.php(52): Illuminate\\Foundation\\Http\\Kernel->handle(Object(Illuminate\\Http\\Request))
#44 D:\\1LuuDuLieuSV\\2001240399_TrinhHuuKienQuoc\\phplab\\buoi7\\Buoi7\\server.php(21): require_once('D:\\\\1LuuDuLieuSV...')
#45 {main}
"} 
[2026-09-28 07:24:07] local.ERROR: Route [articles.index] not defined. (View: D:\1LuuDuLieuSV\2001240399_TrinhHuuKienQuoc\phplab\buoi7\Buoi7\resources\views\partials\nav.blade.php) {"view":{"view":"D:\\1LuuDuLieuSV\\2001240399_TrinhHuuKienQuoc\\phplab\\buoi7\\Buoi7\\vendor\\laravel\\framework\\src\\Illuminate\\Routing\\UrlGenerator.php","data":[]},"exception":"[object] (Facade\\Ignition\\Exceptions\\ViewException(code: 0): Route [articles.index] not defined. (View: D:\\1LuuDuLieuSV\\2001240399_TrinhHuuKienQuoc\\phplab\\buoi7\\Buoi7\\resources\\views\\partials\\nav.blade.php) at D:\\1LuuDuLieuSV\\2001240399_TrinhHuuKienQuoc\\phplab\\buoi7\\Buoi7\\vendor\\laravel\\framework\\src\\Illuminate\\Routing\\UrlGenerator.php:444)
[stacktrace]
#0 D:\\1LuuDuLieuSV\\2001240399_TrinhHuuKienQuoc\\phplab\\buoi7\\Buoi7\\vendor\\laravel\\framework\\src\\Illuminate\\Foundation\\helpers.php(739): Illuminate\\Routing\\UrlGenerator->route('articles.index', Array, true)
#1 D:\\1LuuDuLieuSV\\2001240399_TrinhHuuKienQuoc\\phplab\\buoi7\\Buoi7\\resources\\views/partials/nav.blade.php(2): route('articles.index')
#2 D:\\1LuuDuLieuSV\\2001240399_TrinhHuuKienQuoc\\phplab\\buoi7\\Buoi7\\vendor\\laravel\\framework\\src\\Illuminate\\Filesystem\\Filesystem.php(107): require('D:\\\\1LuuDuLieuSV...')
#3 D:\\1LuuDuLieuSV\\2001240399_TrinhHuuKienQuoc\\phplab\\buoi7\\Buoi7\\vendor\\laravel\\framework\\src\\Illuminate\\Filesystem\\Filesystem.php(108): Illuminate\\Filesystem\\Filesystem::Illuminate\\Filesystem\\{closure}()
#4 D:\\1LuuDuLieuSV\\2001240399_TrinhHuuKienQuoc\\phplab\\buoi7\\Buoi7\\vendor\\laravel\\framework\\src\\Illuminate\\View\\Engines\\PhpEngine.php(58): Illuminate\\Filesystem\\Filesystem->getRequire('D:\\\\1LuuDuLieuSV...', Array)
#5 D:\\1LuuDuLieuSV\\2001240399_TrinhHuuKienQuoc\\phplab\\buoi7\\Buoi7\\vendor\\laravel\\framework\\src\\Illuminate\\View\\Engines\\CompilerEngine.php(61): Illuminate\\View\\Engines\\PhpEngine->evaluatePath('D:\\\\1LuuDuLieuSV...', Array)
#6 D:\\1LuuDuLieuSV\\2001240399_TrinhHuuKienQuoc\\phplab\\buoi7\\Buoi7\\vendor\\facade\\ignition\\src\\Views\\Engines\\CompilerEngine.php(37): Illuminate\\View\\Engines\\CompilerEngine->get('D:\\\\1LuuDuLieuSV...', Array)
#7 D:\\1LuuDuLieuSV\\2001240399_TrinhHuuKienQuoc\\phplab\\buoi7\\Buoi7\\vendor\\laravel\\framework\\src\\Illuminate\\View\\View.php(139): Facade\\Ignition\\Views\\Engines\\CompilerEngine->get('D:\\\\1LuuDuLieuSV...', Array)
#8 D:\\1LuuDuLieuSV\\2001240399_TrinhHuuKienQuoc\\phplab\\buoi7\\Buoi7\\vendor\\laravel\\framework\\src\\Illuminate\\View\\View.php(122): Illuminate\\View\\View->getContents()
#9 D:\\1LuuDuLieuSV\\2001240399_TrinhHuuKienQuoc\\phplab\\buoi7\\Buoi7\\vendor\\laravel\\framework\\src\\Illuminate\\View\\View.php(91): Illuminate\\View\\View->renderContents()
#10 D:\\1LuuDuLieuSV\\2001240399_TrinhHuuKienQuoc\\phplab\\buoi7\\Buoi7\\resources\\views/layouts/app.blade.php(51): Illuminate\\View\\View->render()
#11 D:\\1LuuDuLieuSV\\2001240399_TrinhHuuKienQuoc\\phplab\\buoi7\\Buoi7\\vendor\\laravel\\framework\\src\\Illuminate\\Filesystem\\Filesystem.php(107): require('D:\\\\1LuuDuLieuSV...')
#12 D:\\1LuuDuLieuSV\\2001240399_TrinhHuuKienQuoc\\phplab\\buoi7\\Buoi7\\vendor\\laravel\\framework\\src\\Illuminate\\Filesystem\\Filesystem.php(108): Illuminate\\Filesystem\\Filesystem::Illuminate\\Filesystem\\{closure}()
#13 D:\\1LuuDuLieuSV\\2001240399_TrinhHuuKienQuoc\\phplab\\buoi7\\Buoi7\\vendor\\laravel\\framework\\src\\Illuminate\\View\\Engines\\PhpEngine.php(58): Illuminate\\Filesystem\\Filesystem->getRequire('D:\\\\1LuuDuLieuSV...', Array)
#14 D:\\1LuuDuLieuSV\\2001240399_TrinhHuuKienQuoc\\phplab\\buoi7\\Buoi7\\vendor\\laravel\\framework\\src\\Illuminate\\View\\Engines\\CompilerEngine.php(61): Illuminate\\View\\Engines\\PhpEngine->evaluatePath('D:\\\\1LuuDuLieuSV...', Array)
#15 D:\\1LuuDuLieuSV\\2001240399_TrinhHuuKienQuoc\\phplab\\buoi7\\Buoi7\\vendor\\facade\\ignition\\src\\Views\\Engines\\CompilerEngine.php(37): Illuminate\\View\\Engines\\CompilerEngine->get('D:\\\\1LuuDuLieuSV...', Array)
#16 D:\\1LuuDuLieuSV\\2001240399_TrinhHuuKienQuoc\\phplab\\buoi7\\Buoi7\\vendor\\laravel\\framework\\src\\Illuminate\\View\\View.php(139): Facade\\Ignition\\Views\\Engines\\CompilerEngine->get('D:\\\\1LuuDuLieuSV...', Array)
#17 D:\\1LuuDuLieuSV\\2001240399_TrinhHuuKienQuoc\\phplab\\buoi7\\Buoi7\\vendor\\laravel\\framework\\src\\Illuminate\\View\\View.php(122): Illuminate\\View\\View->getContents()
#18 D:\\1LuuDuLieuSV\\2001240399_TrinhHuuKienQuoc\\phplab\\buoi7\\Buoi7\\vendor\\laravel\\framework\\src\\Illuminate\\View\\View.php(91): Illuminate\\View\\View->renderContents()
#19 D:\\1LuuDuLieuSV\\2001240399_TrinhHuuKienQuoc\\phplab\\buoi7\\Buoi7\\resources\\views/products/index.blade.php(21): Illuminate\\View\\View->render()
#20 D:\\1LuuDuLieuSV\\2001240399_TrinhHuuKienQuoc\\phplab\\buoi7\\Buoi7\\vendor\\laravel\\framework\\src\\Illuminate\\Filesystem\\Filesystem.php(107): require('D:\\\\1LuuDuLieuSV...')
#21 D:\\1LuuDuLieuSV\\2001240399_TrinhHuuKienQuoc\\phplab\\buoi7\\Buoi7\\vendor\\laravel\\framework\\src\\Illuminate\\Filesystem\\Filesystem.php(108): Illuminate\\Filesystem\\Filesystem::Illuminate\\Filesystem\\{closure}()
#22 D:\\1LuuDuLieuSV\\2001240399_TrinhHuuKienQuoc\\phplab\\buoi7\\Buoi7\\vendor\\laravel\\framework\\src\\Illuminate\\View\\Engines\\PhpEngine.php(58): Illuminate\\Filesystem\\Filesystem->getRequire('D:\\\\1LuuDuLieuSV...', Array)
#23 D:\\1LuuDuLieuSV\\2001240399_TrinhHuuKienQuoc\\phplab\\buoi7\\Buoi7\\vendor\\laravel\\framework\\src\\Illuminate\\View\\Engines\\CompilerEngine.php(61): Illuminate\\View\\Engines\\PhpEngine->evaluatePath('D:\\\\1LuuDuLieuSV...', Array)
#24 D:\\1LuuDuLieuSV\\2001240399_TrinhHuuKienQuoc\\phplab\\buoi7\\Buoi7\\vendor\\facade\\ignition\\src\\Views\\Engines\\CompilerEngine.php(37): Illuminate\\View\\Engines\\CompilerEngine->get('D:\\\\1LuuDuLieuSV...', Array)
#25 D:\\1LuuDuLieuSV\\2001240399_TrinhHuuKienQuoc\\phplab\\buoi7\\Buoi7\\vendor\\laravel\\framework\\src\\Illuminate\\View\\View.php(139): Facade\\Ignition\\Views\\Engines\\CompilerEngine->get('D:\\\\1LuuDuLieuSV...', Array)
#26 D:\\1LuuDuLieuSV\\2001240399_TrinhHuuKienQuoc\\phplab\\buoi7\\Buoi7\\vendor\\laravel\\framework\\src\\Illuminate\\View\\View.php(122): Illuminate\\View\\View->getContents()
#27 D:\\1LuuDuLieuSV\\2001240399_TrinhHuuKienQuoc\\phplab\\buoi7\\Buoi7\\vendor\\laravel\\framework\\src\\Illuminate\\View\\View.php(91): Illuminate\\View\\View->renderContents()
#28 D:\\1LuuDuLieuSV\\2001240399_TrinhHuuKienQuoc\\phplab\\buoi7\\Buoi7\\vendor\\laravel\\framework\\src\\Illuminate\\Http\\Response.php(69): Illuminate\\View\\View->render()
#29 D:\\1LuuDuLieuSV\\2001240399_TrinhHuuKienQuoc\\phplab\\buoi7\\Buoi7\\vendor\\laravel\\framework\\src\\Illuminate\\Http\\Response.php(35): Illuminate\\Http\\Response->setContent(Object(Illuminate\\View\\View))
#30 D:\\1LuuDuLieuSV\\2001240399_TrinhHuuKienQuoc\\phplab\\buoi7\\Buoi7\\vendor\\laravel\\framework\\src\\Illuminate\\Routing\\Router.php(820): Illuminate\\Http\\Response->__construct(Object(Illuminate\\View\\View), 200, Array)
#31 D:\\1LuuDuLieuSV\\2001240399_TrinhHuuKienQuoc\\phplab\\buoi7\\Buoi7\\vendor\\laravel\\framework\\src\\Illuminate\\Routing\\Router.php(789): Illuminate\\Routing\\Router::toResponse(Object(Illuminate\\Http\\Request), Object(Illuminate\\View\\View))
#32 D:\\1LuuDuLieuSV\\2001240399_TrinhHuuKienQuoc\\phplab\\buoi7\\Buoi7\\vendor\\laravel\\framework\\src\\Illuminate\\Routing\\Router.php(721): Illuminate\\Routing\\Router->prepareResponse(Object(Illuminate\\Http\\Request), Object(Illuminate\\View\\View))
#33 D:\\1LuuDuLieuSV\\2001240399_TrinhHuuKienQuoc\\phplab\\buoi7\\Buoi7\\vendor\\laravel\\framework\\src\\Illuminate\\Pipeline\\Pipeline.php(128): Illuminate\\Routing\\Router->Illuminate\\Routing\\{closure}(Object(Illuminate\\Http\\Request))
#34 D:\\1LuuDuLieuSV\\2001240399_TrinhHuuKienQuoc\\phplab\\buoi7\\Buoi7\\vendor\\laravel\\framework\\src\\Illuminate\\Routing\\Middleware\\SubstituteBindings.php(50): Illuminate\\Pipeline\\Pipeline->Illuminate\\Pipeline\\{closure}(Object(Illuminate\\Http\\Request))
#35 D:\\1LuuDuLieuSV\\2001240399_TrinhHuuKienQuoc\\phplab\\buoi7\\Buoi7\\vendor\\laravel\\framework\\src\\Illuminate\\Pipeline\\Pipeline.php(167): Illuminate\\Routing\\Middleware\\SubstituteBindings->handle(Object(Illuminate\\Http\\Request), Object(Closure))
#36 D:\\1LuuDuLieuSV\\2001240399_TrinhHuuKienQuoc\\phplab\\buoi7\\Buoi7\\vendor\\laravel\\framework\\src\\Illuminate\\Foundation\\Http\\Middleware\\VerifyCsrfToken.php(78): Illuminate\\Pipeline\\Pipeline->Illuminate\\Pipeline\\{closure}(Object(Illuminate\\Http\\Request))
#37 D:\\1LuuDuLieuSV\\2001240399_TrinhHuuKienQuoc\\phplab\\buoi7\\Buoi7\\vendor\\laravel\\framework\\src\\Illuminate\\Pipeline\\Pipeline.php(167): Illuminate\\Foundation\\Http\\Middleware\\VerifyCsrfToken->handle(Object(Illuminate\\Http\\Request), Object(Closure))
#38 D:\\1LuuDuLieuSV\\2001240399_TrinhHuuKienQuoc\\phplab\\buoi7\\Buoi7\\vendor\\laravel\\framework\\src\\Illuminate\\View\\Middleware\\ShareErrorsFromSession.php(49): Illuminate\\Pipeline\\Pipeline->Illuminate\\Pipeline\\{closure}(Object(Illuminate\\Http\\Request))
#39 D:\\1LuuDuLieuSV\\2001240399_TrinhHuuKienQuoc\\phplab\\buoi7\\Buoi7\\vendor\\laravel\\framework\\src\\Illuminate\\Pipeline\\Pipeline.php(167): Illuminate\\View\\Middleware\\ShareErrorsFromSession->handle(Object(Illuminate\\Http\\Request), Object(Closure))
#40 D:\\1LuuDuLieuSV\\2001240399_TrinhHuuKienQuoc\\phplab\\buoi7\\Buoi7\\vendor\\laravel\\framework\\src\\Illuminate\\Session\\Middleware\\StartSession.php(121): Illuminate\\Pipeline\\Pipeline->Illuminate\\Pipeline\\{closure}(Object(Illuminate\\Http\\Request))
#41 D:\\1LuuDuLieuSV\\2001240399_TrinhHuuKienQuoc\\phplab\\buoi7\\Buoi7\\vendor\\laravel\\framework\\src\\Illuminate\\Session\\Middleware\\StartSession.php(64): Illuminate\\Session\\Middleware\\StartSession->handleStatefulRequest(Object(Illuminate\\Http\\Request), Object(Illuminate\\Session\\Store), Object(Closure))
#42 D:\\1LuuDuLieuSV\\2001240399_TrinhHuuKienQuoc\\phplab\\buoi7\\Buoi7\\vendor\\laravel\\framework\\src\\Illuminate\\Pipeline\\Pipeline.php(167): Illuminate\\Session\\Middleware\\StartSession->handle(Object(Illuminate\\Http\\Request), Object(Closure))
#43 D:\\1LuuDuLieuSV\\2001240399_TrinhHuuKienQuoc\\phplab\\buoi7\\Buoi7\\vendor\\laravel\\framework\\src\\Illuminate\\Cookie\\Middleware\\AddQueuedCookiesToResponse.php(37): Illuminate\\Pipeline\\Pipeline->Illuminate\\Pipeline\\{closure}(Object(Illuminate\\Http\\Request))
#44 D:\\1LuuDuLieuSV\\2001240399_TrinhHuuKienQuoc\\phplab\\buoi7\\Buoi7\\vendor\\laravel\\framework\\src\\Illuminate\\Pipeline\\Pipeline.php(167): Illuminate\\Cookie\\Middleware\\AddQueuedCookiesToResponse->handle(Object(Illuminate\\Http\\Request), Object(Closure))
#45 D:\\1LuuDuLieuSV\\2001240399_TrinhHuuKienQuoc\\phplab\\buoi7\\Buoi7\\vendor\\laravel\\framework\\src\\Illuminate\\Cookie\\Middleware\\EncryptCookies.php(67): Illuminate\\Pipeline\\Pipeline->Illuminate\\Pipeline\\{closure}(Object(Illuminate\\Http\\Request))
#46 D:\\1LuuDuLieuSV\\2001240399_TrinhHuuKienQuoc\\phplab\\buoi7\\Buoi7\\vendor\\laravel\\framework\\src\\Illuminate\\Pipeline\\Pipeline.php(167): Illuminate\\Cookie\\Middleware\\EncryptCookies->handle(Object(Illuminate\\Http\\Request), Object(Closure))
#47 D:\\1LuuDuLieuSV\\2001240399_TrinhHuuKienQuoc\\phplab\\buoi7\\Buoi7\\vendor\\laravel\\framework\\src\\Illuminate\\Pipeline\\Pipeline.php(103): Illuminate\\Pipeline\\Pipeline->Illuminate\\Pipeline\\{closure}(Object(Illuminate\\Http\\Request))
#48 D:\\1LuuDuLieuSV\\2001240399_TrinhHuuKienQuoc\\phplab\\buoi7\\Buoi7\\vendor\\laravel\\framework\\src\\Illuminate\\Routing\\Router.php(723): Illuminate\\Pipeline\\Pipeline->then(Object(Closure))
#49 D:\\1LuuDuLieuSV\\2001240399_TrinhHuuKienQuoc\\phplab\\buoi7\\Buoi7\\vendor\\laravel\\framework\\src\\Illuminate\\Routing\\Router.php(698): Illuminate\\Routing\\Router->runRouteWithinStack(Object(Illuminate\\Routing\\Route), Object(Illuminate\\Http\\Request))
#50 D:\\1LuuDuLieuSV\\2001240399_TrinhHuuKienQuoc\\phplab\\buoi7\\Buoi7\\vendor\\laravel\\framework\\src\\Illuminate\\Routing\\Router.php(662): Illuminate\\Routing\\Router->runRoute(Object(Illuminate\\Http\\Request), Object(Illuminate\\Routing\\Route))
#51 D:\\1LuuDuLieuSV\\2001240399_TrinhHuuKienQuoc\\phplab\\buoi7\\Buoi7\\vendor\\laravel\\framework\\src\\Illuminate\\Routing\\Router.php(651): Illuminate\\Routing\\Router->dispatchToRoute(Object(Illuminate\\Http\\Request))
#52 D:\\1LuuDuLieuSV\\2001240399_TrinhHuuKienQuoc\\phplab\\buoi7\\Buoi7\\vendor\\laravel\\framework\\src\\Illuminate\\Foundation\\Http\\Kernel.php(167): Illuminate\\Routing\\Router->dispatch(Object(Illuminate\\Http\\Request))
#53 D:\\1LuuDuLieuSV\\2001240399_TrinhHuuKienQuoc\\phplab\\buoi7\\Buoi7\\vendor\\laravel\\framework\\src\\Illuminate\\Pipeline\\Pipeline.php(128): Illuminate\\Foundation\\Http\\Kernel->Illuminate\\Foundation\\Http\\{closure}(Object(Illuminate\\Http\\Request))
#54 D:\\1LuuDuLieuSV\\2001240399_TrinhHuuKienQuoc\\phplab\\buoi7\\Buoi7\\vendor\\laravel\\framework\\src\\Illuminate\\Foundation\\Http\\Middleware\\TransformsRequest.php(21): Illuminate\\Pipeline\\Pipeline->Illuminate\\Pipeline\\{closure}(Object(Illuminate\\Http\\Request))
#55 D:\\1LuuDuLieuSV\\2001240399_TrinhHuuKienQuoc\\phplab\\buoi7\\Buoi7\\vendor\\laravel\\framework\\src\\Illuminate\\Foundation\\Http\\Middleware\\ConvertEmptyStringsToNull.php(31): Illuminate\\Foundation\\Http\\Middleware\\TransformsRequest->handle(Object(Illuminate\\Http\\Request), Object(Closure))
#56 D:\\1LuuDuLieuSV\\2001240399_TrinhHuuKienQuoc\\phplab\\buoi7\\Buoi7\\vendor\\laravel\\framework\\src\\Illuminate\\Pipeline\\Pipeline.php(167): Illuminate\\Foundation\\Http\\Middleware\\ConvertEmptyStringsToNull->handle(Object(Illuminate\\Http\\Request), Object(Closure))
#57 D:\\1LuuDuLieuSV\\2001240399_TrinhHuuKienQuoc\\phplab\\buoi7\\Buoi7\\vendor\\laravel\\framework\\src\\Illuminate\\Foundation\\Http\\Middleware\\TransformsRequest.php(21): Illuminate\\Pipeline\\Pipeline->Illuminate\\Pipeline\\{closure}(Object(Illuminate\\Http\\Request))
#58 D:\\1LuuDuLieuSV\\2001240399_TrinhHuuKienQuoc\\phplab\\buoi7\\Buoi7\\vendor\\laravel\\framework\\src\\Illuminate\\Foundation\\Http\\Middleware\\TrimStrings.php(40): Illuminate\\Foundation\\Http\\Middleware\\TransformsRequest->handle(Object(Illuminate\\Http\\Request), Object(Closure))
#59 D:\\1LuuDuLieuSV\\2001240399_TrinhHuuKienQuoc\\phplab\\buoi7\\Buoi7\\vendor\\laravel\\framework\\src\\Illuminate\\Pipeline\\Pipeline.php(167): Illuminate\\Foundation\\Http\\Middleware\\TrimStrings->handle(Object(Illuminate\\Http\\Request), Object(Closure))
#60 D:\\1LuuDuLieuSV\\2001240399_TrinhHuuKienQuoc\\phplab\\buoi7\\Buoi7\\vendor\\laravel\\framework\\src\\Illuminate\\Foundation\\Http\\Middleware\\ValidatePostSize.php(27): Illuminate\\Pipeline\\Pipeline->Illuminate\\Pipeline\\{closure}(Object(Illuminate\\Http\\Request))
#61 D:\\1LuuDuLieuSV\\2001240399_TrinhHuuKienQuoc\\phplab\\buoi7\\Buoi7\\vendor\\laravel\\framework\\src\\Illuminate\\Pipeline\\Pipeline.php(167): Illuminate\\Foundation\\Http\\Middleware\\ValidatePostSize->handle(Object(Illuminate\\Http\\Request), Object(Closure))
#62 D:\\1LuuDuLieuSV\\2001240399_TrinhHuuKienQuoc\\phplab\\buoi7\\Buoi7\\vendor\\laravel\\framework\\src\\Illuminate\\Foundation\\Http\\Middleware\\PreventRequestsDuringMaintenance.php(86): Illuminate\\Pipeline\\Pipeline->Illuminate\\Pipeline\\{closure}(Object(Illuminate\\Http\\Request))
#63 D:\\1LuuDuLieuSV\\2001240399_TrinhHuuKienQuoc\\phplab\\buoi7\\Buoi7\\vendor\\laravel\\framework\\src\\Illuminate\\Pipeline\\Pipeline.php(167): Illuminate\\Foundation\\Http\\Middleware\\PreventRequestsDuringMaintenance->handle(Object(Illuminate\\Http\\Request), Object(Closure))
#64 D:\\1LuuDuLieuSV\\2001240399_TrinhHuuKienQuoc\\phplab\\buoi7\\Buoi7\\vendor\\fruitcake\\laravel-cors\\src\\HandleCors.php(38): Illuminate\\Pipeline\\Pipeline->Illuminate\\Pipeline\\{closure}(Object(Illuminate\\Http\\Request))
#65 D:\\1LuuDuLieuSV\\2001240399_TrinhHuuKienQuoc\\phplab\\buoi7\\Buoi7\\vendor\\laravel\\framework\\src\\Illuminate\\Pipeline\\Pipeline.php(167): Fruitcake\\Cors\\HandleCors->handle(Object(Illuminate\\Http\\Request), Object(Closure))
#66 D:\\1LuuDuLieuSV\\2001240399_TrinhHuuKienQuoc\\phplab\\buoi7\\Buoi7\\vendor\\laravel\\framework\\src\\Illuminate\\Http\\Middleware\\TrustProxies.php(39): Illuminate\\Pipeline\\Pipeline->Illuminate\\Pipeline\\{closure}(Object(Illuminate\\Http\\Request))
#67 D:\\1LuuDuLieuSV\\2001240399_TrinhHuuKienQuoc\\phplab\\buoi7\\Buoi7\\vendor\\laravel\\framework\\src\\Illuminate\\Pipeline\\Pipeline.php(167): Illuminate\\Http\\Middleware\\TrustProxies->handle(Object(Illuminate\\Http\\Request), Object(Closure))
#68 D:\\1LuuDuLieuSV\\2001240399_TrinhHuuKienQuoc\\phplab\\buoi7\\Buoi7\\vendor\\laravel\\framework\\src\\Illuminate\\Pipeline\\Pipeline.php(103): Illuminate\\Pipeline\\Pipeline->Illuminate\\Pipeline\\{closure}(Object(Illuminate\\Http\\Request))
#69 D:\\1LuuDuLieuSV\\2001240399_TrinhHuuKienQuoc\\phplab\\buoi7\\Buoi7\\vendor\\laravel\\framework\\src\\Illuminate\\Foundation\\Http\\Kernel.php(142): Illuminate\\Pipeline\\Pipeline->then(Object(Closure))
#70 D:\\1LuuDuLieuSV\\2001240399_TrinhHuuKienQuoc\\phplab\\buoi7\\Buoi7\\vendor\\laravel\\framework\\src\\Illuminate\\Foundation\\Http\\Kernel.php(111): Illuminate\\Foundation\\Http\\Kernel->sendRequestThroughRouter(Object(Illuminate\\Http\\Request))
#71 D:\\1LuuDuLieuSV\\2001240399_TrinhHuuKienQuoc\\phplab\\buoi7\\Buoi7\\public\\index.php(52): Illuminate\\Foundation\\Http\\Kernel->handle(Object(Illuminate\\Http\\Request))
#72 D:\\1LuuDuLieuSV\\2001240399_TrinhHuuKienQuoc\\phplab\\buoi7\\Buoi7\\server.php(21): require_once('D:\\\\1LuuDuLieuSV...')
#73 {main}

[previous exception] [object] (Symfony\\Component\\Routing\\Exception\\RouteNotFoundException(code: 0): Route [articles.index] not defined. at D:\\1LuuDuLieuSV\\2001240399_TrinhHuuKienQuoc\\phplab\\buoi7\\Buoi7\\vendor\\laravel\\framework\\src\\Illuminate\\Routing\\UrlGenerator.php:444)
[stacktrace]
#0 D:\\1LuuDuLieuSV\\2001240399_TrinhHuuKienQuoc\\phplab\\buoi7\\Buoi7\\vendor\\laravel\\framework\\src\\Illuminate\\Foundation\\helpers.php(739): Illuminate\\Routing\\UrlGenerator->route('articles.index', Array, true)
#1 D:\\1LuuDuLieuSV\\2001240399_TrinhHuuKienQuoc\\phplab\\buoi7\\Buoi7\\storage\\framework\\views\\dd1f55067d46ebd499b4b10c7135a6cb2429e32d.php(2): route('articles.index')
#2 D:\\1LuuDuLieuSV\\2001240399_TrinhHuuKienQuoc\\phplab\\buoi7\\Buoi7\\vendor\\laravel\\framework\\src\\Illuminate\\Filesystem\\Filesystem.php(107): require('D:\\\\1LuuDuLieuSV...')
#3 D:\\1LuuDuLieuSV\\2001240399_TrinhHuuKienQuoc\\phplab\\buoi7\\Buoi7\\vendor\\laravel\\framework\\src\\Illuminate\\Filesystem\\Filesystem.php(108): Illuminate\\Filesystem\\Filesystem::Illuminate\\Filesystem\\{closure}()
#4 D:\\1LuuDuLieuSV\\2001240399_TrinhHuuKienQuoc\\phplab\\buoi7\\Buoi7\\vendor\\laravel\\framework\\src\\Illuminate\\View\\Engines\\PhpEngine.php(58): Illuminate\\Filesystem\\Filesystem->getRequire('D:\\\\1LuuDuLieuSV...', Array)
#5 D:\\1LuuDuLieuSV\\2001240399_TrinhHuuKienQuoc\\phplab\\buoi7\\Buoi7\\vendor\\laravel\\framework\\src\\Illuminate\\View\\Engines\\CompilerEngine.php(61): Illuminate\\View\\Engines\\PhpEngine->evaluatePath('D:\\\\1LuuDuLieuSV...', Array)
#6 D:\\1LuuDuLieuSV\\2001240399_TrinhHuuKienQuoc\\phplab\\buoi7\\Buoi7\\vendor\\facade\\ignition\\src\\Views\\Engines\\CompilerEngine.php(37): Illuminate\\View\\Engines\\CompilerEngine->get('D:\\\\1LuuDuLieuSV...', Array)
#7 D:\\1LuuDuLieuSV\\2001240399_TrinhHuuKienQuoc\\phplab\\buoi7\\Buoi7\\vendor\\laravel\\framework\\src\\Illuminate\\View\\View.php(139): Facade\\Ignition\\Views\\Engines\\CompilerEngine->get('D:\\\\1LuuDuLieuSV...', Array)
#8 D:\\1LuuDuLieuSV\\2001240399_TrinhHuuKienQuoc\\phplab\\buoi7\\Buoi7\\vendor\\laravel\\framework\\src\\Illuminate\\View\\View.php(122): Illuminate\\View\\View->getContents()
#9 D:\\1LuuDuLieuSV\\2001240399_TrinhHuuKienQuoc\\phplab\\buoi7\\Buoi7\\vendor\\laravel\\framework\\src\\Illuminate\\View\\View.php(91): Illuminate\\View\\View->renderContents()
#10 D:\\1LuuDuLieuSV\\2001240399_TrinhHuuKienQuoc\\phplab\\buoi7\\Buoi7\\storage\\framework\\views\\793fe2130a486b687700c8661d3cf002eff9dfbc.php(51): Illuminate\\View\\View->render()
#11 D:\\1LuuDuLieuSV\\2001240399_TrinhHuuKienQuoc\\phplab\\buoi7\\Buoi7\\vendor\\laravel\\framework\\src\\Illuminate\\Filesystem\\Filesystem.php(107): require('D:\\\\1LuuDuLieuSV...')
#12 D:\\1LuuDuLieuSV\\2001240399_TrinhHuuKienQuoc\\phplab\\buoi7\\Buoi7\\vendor\\laravel\\framework\\src\\Illuminate\\Filesystem\\Filesystem.php(108): Illuminate\\Filesystem\\Filesystem::Illuminate\\Filesystem\\{closure}()
#13 D:\\1LuuDuLieuSV\\2001240399_TrinhHuuKienQuoc\\phplab\\buoi7\\Buoi7\\vendor\\laravel\\framework\\src\\Illuminate\\View\\Engines\\PhpEngine.php(58): Illuminate\\Filesystem\\Filesystem->getRequire('D:\\\\1LuuDuLieuSV...', Array)
#14 D:\\1LuuDuLieuSV\\2001240399_TrinhHuuKienQuoc\\phplab\\buoi7\\Buoi7\\vendor\\laravel\\framework\\src\\Illuminate\\View\\Engines\\CompilerEngine.php(61): Illuminate\\View\\Engines\\PhpEngine->evaluatePath('D:\\\\1LuuDuLieuSV...', Array)
#15 D:\\1LuuDuLieuSV\\2001240399_TrinhHuuKienQuoc\\phplab\\buoi7\\Buoi7\\vendor\\facade\\ignition\\src\\Views\\Engines\\CompilerEngine.php(37): Illuminate\\View\\Engines\\CompilerEngine->get('D:\\\\1LuuDuLieuSV...', Array)
#16 D:\\1LuuDuLieuSV\\2001240399_TrinhHuuKienQuoc\\phplab\\buoi7\\Buoi7\\vendor\\laravel\\framework\\src\\Illuminate\\View\\View.php(139): Facade\\Ignition\\Views\\Engines\\CompilerEngine->get('D:\\\\1LuuDuLieuSV...', Array)
#17 D:\\1LuuDuLieuSV\\2001240399_TrinhHuuKienQuoc\\phplab\\buoi7\\Buoi7\\vendor\\laravel\\framework\\src\\Illuminate\\View\\View.php(122): Illuminate\\View\\View->getContents()
#18 D:\\1LuuDuLieuSV\\2001240399_TrinhHuuKienQuoc\\phplab\\buoi7\\Buoi7\\vendor\\laravel\\framework\\src\\Illuminate\\View\\View.php(91): Illuminate\\View\\View->renderContents()
#19 D:\\1LuuDuLieuSV\\2001240399_TrinhHuuKienQuoc\\phplab\\buoi7\\Buoi7\\storage\\framework\\views\\56b4c9cb23eb7816a60a7cbe5f53021f1e0a8454.php(21): Illuminate\\View\\View->render()
#20 D:\\1LuuDuLieuSV\\2001240399_TrinhHuuKienQuoc\\phplab\\buoi7\\Buoi7\\vendor\\laravel\\framework\\src\\Illuminate\\Filesystem\\Filesystem.php(107): require('D:\\\\1LuuDuLieuSV...')
#21 D:\\1LuuDuLieuSV\\2001240399_TrinhHuuKienQuoc\\phplab\\buoi7\\Buoi7\\vendor\\laravel\\framework\\src\\Illuminate\\Filesystem\\Filesystem.php(108): Illuminate\\Filesystem\\Filesystem::Illuminate\\Filesystem\\{closure}()
#22 D:\\1LuuDuLieuSV\\2001240399_TrinhHuuKienQuoc\\phplab\\buoi7\\Buoi7\\vendor\\laravel\\framework\\src\\Illuminate\\View\\Engines\\PhpEngine.php(58): Illuminate\\Filesystem\\Filesystem->getRequire('D:\\\\1LuuDuLieuSV...', Array)
#23 D:\\1LuuDuLieuSV\\2001240399_TrinhHuuKienQuoc\\phplab\\buoi7\\Buoi7\\vendor\\laravel\\framework\\src\\Illuminate\\View\\Engines\\CompilerEngine.php(61): Illuminate\\View\\Engines\\PhpEngine->evaluatePath('D:\\\\1LuuDuLieuSV...', Array)
#24 D:\\1LuuDuLieuSV\\2001240399_TrinhHuuKienQuoc\\phplab\\buoi7\\Buoi7\\vendor\\facade\\ignition\\src\\Views\\Engines\\CompilerEngine.php(37): Illuminate\\View\\Engines\\CompilerEngine->get('D:\\\\1LuuDuLieuSV...', Array)
#25 D:\\1LuuDuLieuSV\\2001240399_TrinhHuuKienQuoc\\phplab\\buoi7\\Buoi7\\vendor\\laravel\\framework\\src\\Illuminate\\View\\View.php(139): Facade\\Ignition\\Views\\Engines\\CompilerEngine->get('D:\\\\1LuuDuLieuSV...', Array)
#26 D:\\1LuuDuLieuSV\\2001240399_TrinhHuuKienQuoc\\phplab\\buoi7\\Buoi7\\vendor\\laravel\\framework\\src\\Illuminate\\View\\View.php(122): Illuminate\\View\\View->getContents()
#27 D:\\1LuuDuLieuSV\\2001240399_TrinhHuuKienQuoc\\phplab\\buoi7\\Buoi7\\vendor\\laravel\\framework\\src\\Illuminate\\View\\View.php(91): Illuminate\\View\\View->renderContents()
#28 D:\\1LuuDuLieuSV\\2001240399_TrinhHuuKienQuoc\\phplab\\buoi7\\Buoi7\\vendor\\laravel\\framework\\src\\Illuminate\\Http\\Response.php(69): Illuminate\\View\\View->render()
#29 D:\\1LuuDuLieuSV\\2001240399_TrinhHuuKienQuoc\\phplab\\buoi7\\Buoi7\\vendor\\laravel\\framework\\src\\Illuminate\\Http\\Response.php(35): Illuminate\\Http\\Response->setContent(Object(Illuminate\\View\\View))
#30 D:\\1LuuDuLieuSV\\2001240399_TrinhHuuKienQuoc\\phplab\\buoi7\\Buoi7\\vendor\\laravel\\framework\\src\\Illuminate\\Routing\\Router.php(820): Illuminate\\Http\\Response->__construct(Object(Illuminate\\View\\View), 200, Array)
#31 D:\\1LuuDuLieuSV\\2001240399_TrinhHuuKienQuoc\\phplab\\buoi7\\Buoi7\\vendor\\laravel\\framework\\src\\Illuminate\\Routing\\Router.php(789): Illuminate\\Routing\\Router::toResponse(Object(Illuminate\\Http\\Request), Object(Illuminate\\View\\View))
#32 D:\\1LuuDuLieuSV\\2001240399_TrinhHuuKienQuoc\\phplab\\buoi7\\Buoi7\\vendor\\laravel\\framework\\src\\Illuminate\\Routing\\Router.php(721): Illuminate\\Routing\\Router->prepareResponse(Object(Illuminate\\Http\\Request), Object(Illuminate\\View\\View))
#33 D:\\1LuuDuLieuSV\\2001240399_TrinhHuuKienQuoc\\phplab\\buoi7\\Buoi7\\vendor\\laravel\\framework\\src\\Illuminate\\Pipeline\\Pipeline.php(128): Illuminate\\Routing\\Router->Illuminate\\Routing\\{closure}(Object(Illuminate\\Http\\Request))
#34 D:\\1LuuDuLieuSV\\2001240399_TrinhHuuKienQuoc\\phplab\\buoi7\\Buoi7\\vendor\\laravel\\framework\\src\\Illuminate\\Routing\\Middleware\\SubstituteBindings.php(50): Illuminate\\Pipeline\\Pipeline->Illuminate\\Pipeline\\{closure}(Object(Illuminate\\Http\\Request))
#35 D:\\1LuuDuLieuSV\\2001240399_TrinhHuuKienQuoc\\phplab\\buoi7\\Buoi7\\vendor\\laravel\\framework\\src\\Illuminate\\Pipeline\\Pipeline.php(167): Illuminate\\Routing\\Middleware\\SubstituteBindings->handle(Object(Illuminate\\Http\\Request), Object(Closure))
#36 D:\\1LuuDuLieuSV\\2001240399_TrinhHuuKienQuoc\\phplab\\buoi7\\Buoi7\\vendor\\laravel\\framework\\src\\Illuminate\\Foundation\\Http\\Middleware\\VerifyCsrfToken.php(78): Illuminate\\Pipeline\\Pipeline->Illuminate\\Pipeline\\{closure}(Object(Illuminate\\Http\\Request))
#37 D:\\1LuuDuLieuSV\\2001240399_TrinhHuuKienQuoc\\phplab\\buoi7\\Buoi7\\vendor\\laravel\\framework\\src\\Illuminate\\Pipeline\\Pipeline.php(167): Illuminate\\Foundation\\Http\\Middleware\\VerifyCsrfToken->handle(Object(Illuminate\\Http\\Request), Object(Closure))
#38 D:\\1LuuDuLieuSV\\2001240399_TrinhHuuKienQuoc\\phplab\\buoi7\\Buoi7\\vendor\\laravel\\framework\\src\\Illuminate\\View\\Middleware\\ShareErrorsFromSession.php(49): Illuminate\\Pipeline\\Pipeline->Illuminate\\Pipeline\\{closure}(Object(Illuminate\\Http\\Request))
#39 D:\\1LuuDuLieuSV\\2001240399_TrinhHuuKienQuoc\\phplab\\buoi7\\Buoi7\\vendor\\laravel\\framework\\src\\Illuminate\\Pipeline\\Pipeline.php(167): Illuminate\\View\\Middleware\\ShareErrorsFromSession->handle(Object(Illuminate\\Http\\Request), Object(Closure))
#40 D:\\1LuuDuLieuSV\\2001240399_TrinhHuuKienQuoc\\phplab\\buoi7\\Buoi7\\vendor\\laravel\\framework\\src\\Illuminate\\Session\\Middleware\\StartSession.php(121): Illuminate\\Pipeline\\Pipeline->Illuminate\\Pipeline\\{closure}(Object(Illuminate\\Http\\Request))
#41 D:\\1LuuDuLieuSV\\2001240399_TrinhHuuKienQuoc\\phplab\\buoi7\\Buoi7\\vendor\\laravel\\framework\\src\\Illuminate\\Session\\Middleware\\StartSession.php(64): Illuminate\\Session\\Middleware\\StartSession->handleStatefulRequest(Object(Illuminate\\Http\\Request), Object(Illuminate\\Session\\Store), Object(Closure))
#42 D:\\1LuuDuLieuSV\\2001240399_TrinhHuuKienQuoc\\phplab\\buoi7\\Buoi7\\vendor\\laravel\\framework\\src\\Illuminate\\Pipeline\\Pipeline.php(167): Illuminate\\Session\\Middleware\\StartSession->handle(Object(Illuminate\\Http\\Request), Object(Closure))
#43 D:\\1LuuDuLieuSV\\2001240399_TrinhHuuKienQuoc\\phplab\\buoi7\\Buoi7\\vendor\\laravel\\framework\\src\\Illuminate\\Cookie\\Middleware\\AddQueuedCookiesToResponse.php(37): Illuminate\\Pipeline\\Pipeline->Illuminate\\Pipeline\\{closure}(Object(Illuminate\\Http\\Request))
#44 D:\\1LuuDuLieuSV\\2001240399_TrinhHuuKienQuoc\\phplab\\buoi7\\Buoi7\\vendor\\laravel\\framework\\src\\Illuminate\\Pipeline\\Pipeline.php(167): Illuminate\\Cookie\\Middleware\\AddQueuedCookiesToResponse->handle(Object(Illuminate\\Http\\Request), Object(Closure))
#45 D:\\1LuuDuLieuSV\\2001240399_TrinhHuuKienQuoc\\phplab\\buoi7\\Buoi7\\vendor\\laravel\\framework\\src\\Illuminate\\Cookie\\Middleware\\EncryptCookies.php(67): Illuminate\\Pipeline\\Pipeline->Illuminate\\Pipeline\\{closure}(Object(Illuminate\\Http\\Request))
#46 D:\\1LuuDuLieuSV\\2001240399_TrinhHuuKienQuoc\\phplab\\buoi7\\Buoi7\\vendor\\laravel\\framework\\src\\Illuminate\\Pipeline\\Pipeline.php(167): Illuminate\\Cookie\\Middleware\\EncryptCookies->handle(Object(Illuminate\\Http\\Request), Object(Closure))
#47 D:\\1LuuDuLieuSV\\2001240399_TrinhHuuKienQuoc\\phplab\\buoi7\\Buoi7\\vendor\\laravel\\framework\\src\\Illuminate\\Pipeline\\Pipeline.php(103): Illuminate\\Pipeline\\Pipeline->Illuminate\\Pipeline\\{closure}(Object(Illuminate\\Http\\Request))
#48 D:\\1LuuDuLieuSV\\2001240399_TrinhHuuKienQuoc\\phplab\\buoi7\\Buoi7\\vendor\\laravel\\framework\\src\\Illuminate\\Routing\\Router.php(723): Illuminate\\Pipeline\\Pipeline->then(Object(Closure))
#49 D:\\1LuuDuLieuSV\\2001240399_TrinhHuuKienQuoc\\phplab\\buoi7\\Buoi7\\vendor\\laravel\\framework\\src\\Illuminate\\Routing\\Router.php(698): Illuminate\\Routing\\Router->runRouteWithinStack(Object(Illuminate\\Routing\\Route), Object(Illuminate\\Http\\Request))
#50 D:\\1LuuDuLieuSV\\2001240399_TrinhHuuKienQuoc\\phplab\\buoi7\\Buoi7\\vendor\\laravel\\framework\\src\\Illuminate\\Routing\\Router.php(662): Illuminate\\Routing\\Router->runRoute(Object(Illuminate\\Http\\Request), Object(Illuminate\\Routing\\Route))
#51 D:\\1LuuDuLieuSV\\2001240399_TrinhHuuKienQuoc\\phplab\\buoi7\\Buoi7\\vendor\\laravel\\framework\\src\\Illuminate\\Routing\\Router.php(651): Illuminate\\Routing\\Router->dispatchToRoute(Object(Illuminate\\Http\\Request))
#52 D:\\1LuuDuLieuSV\\2001240399_TrinhHuuKienQuoc\\phplab\\buoi7\\Buoi7\\vendor\\laravel\\framework\\src\\Illuminate\\Foundation\\Http\\Kernel.php(167): Illuminate\\Routing\\Router->dispatch(Object(Illuminate\\Http\\Request))
#53 D:\\1LuuDuLieuSV\\2001240399_TrinhHuuKienQuoc\\phplab\\buoi7\\Buoi7\\vendor\\laravel\\framework\\src\\Illuminate\\Pipeline\\Pipeline.php(128): Illuminate\\Foundation\\Http\\Kernel->Illuminate\\Foundation\\Http\\{closure}(Object(Illuminate\\Http\\Request))
#54 D:\\1LuuDuLieuSV\\2001240399_TrinhHuuKienQuoc\\phplab\\buoi7\\Buoi7\\vendor\\laravel\\framework\\src\\Illuminate\\Foundation\\Http\\Middleware\\TransformsRequest.php(21): Illuminate\\Pipeline\\Pipeline->Illuminate\\Pipeline\\{closure}(Object(Illuminate\\Http\\Request))
#55 D:\\1LuuDuLieuSV\\2001240399_TrinhHuuKienQuoc\\phplab\\buoi7\\Buoi7\\vendor\\laravel\\framework\\src\\Illuminate\\Foundation\\Http\\Middleware\\ConvertEmptyStringsToNull.php(31): Illuminate\\Foundation\\Http\\Middleware\\TransformsRequest->handle(Object(Illuminate\\Http\\Request), Object(Closure))
#56 D:\\1LuuDuLieuSV\\2001240399_TrinhHuuKienQuoc\\phplab\\buoi7\\Buoi7\\vendor\\laravel\\framework\\src\\Illuminate\\Pipeline\\Pipeline.php(167): Illuminate\\Foundation\\Http\\Middleware\\ConvertEmptyStringsToNull->handle(Object(Illuminate\\Http\\Request), Object(Closure))
#57 D:\\1LuuDuLieuSV\\2001240399_TrinhHuuKienQuoc\\phplab\\buoi7\\Buoi7\\vendor\\laravel\\framework\\src\\Illuminate\\Foundation\\Http\\Middleware\\TransformsRequest.php(21): Illuminate\\Pipeline\\Pipeline->Illuminate\\Pipeline\\{closure}(Object(Illuminate\\Http\\Request))
#58 D:\\1LuuDuLieuSV\\2001240399_TrinhHuuKienQuoc\\phplab\\buoi7\\Buoi7\\vendor\\laravel\\framework\\src\\Illuminate\\Foundation\\Http\\Middleware\\TrimStrings.php(40): Illuminate\\Foundation\\Http\\Middleware\\TransformsRequest->handle(Object(Illuminate\\Http\\Request), Object(Closure))
#59 D:\\1LuuDuLieuSV\\2001240399_TrinhHuuKienQuoc\\phplab\\buoi7\\Buoi7\\vendor\\laravel\\framework\\src\\Illuminate\\Pipeline\\Pipeline.php(167): Illuminate\\Foundation\\Http\\Middleware\\TrimStrings->handle(Object(Illuminate\\Http\\Request), Object(Closure))
#60 D:\\1LuuDuLieuSV\\2001240399_TrinhHuuKienQuoc\\phplab\\buoi7\\Buoi7\\vendor\\laravel\\framework\\src\\Illuminate\\Foundation\\Http\\Middleware\\ValidatePostSize.php(27): Illuminate\\Pipeline\\Pipeline->Illuminate\\Pipeline\\{closure}(Object(Illuminate\\Http\\Request))
#61 D:\\1LuuDuLieuSV\\2001240399_TrinhHuuKienQuoc\\phplab\\buoi7\\Buoi7\\vendor\\laravel\\framework\\src\\Illuminate\\Pipeline\\Pipeline.php(167): Illuminate\\Foundation\\Http\\Middleware\\ValidatePostSize->handle(Object(Illuminate\\Http\\Request), Object(Closure))
#62 D:\\1LuuDuLieuSV\\2001240399_TrinhHuuKienQuoc\\phplab\\buoi7\\Buoi7\\vendor\\laravel\\framework\\src\\Illuminate\\Foundation\\Http\\Middleware\\PreventRequestsDuringMaintenance.php(86): Illuminate\\Pipeline\\Pipeline->Illuminate\\Pipeline\\{closure}(Object(Illuminate\\Http\\Request))
#63 D:\\1LuuDuLieuSV\\2001240399_TrinhHuuKienQuoc\\phplab\\buoi7\\Buoi7\\vendor\\laravel\\framework\\src\\Illuminate\\Pipeline\\Pipeline.php(167): Illuminate\\Foundation\\Http\\Middleware\\PreventRequestsDuringMaintenance->handle(Object(Illuminate\\Http\\Request), Object(Closure))
#64 D:\\1LuuDuLieuSV\\2001240399_TrinhHuuKienQuoc\\phplab\\buoi7\\Buoi7\\vendor\\fruitcake\\laravel-cors\\src\\HandleCors.php(38): Illuminate\\Pipeline\\Pipeline->Illuminate\\Pipeline\\{closure}(Object(Illuminate\\Http\\Request))
#65 D:\\1LuuDuLieuSV\\2001240399_TrinhHuuKienQuoc\\phplab\\buoi7\\Buoi7\\vendor\\laravel\\framework\\src\\Illuminate\\Pipeline\\Pipeline.php(167): Fruitcake\\Cors\\HandleCors->handle(Object(Illuminate\\Http\\Request), Object(Closure))
#66 D:\\1LuuDuLieuSV\\2001240399_TrinhHuuKienQuoc\\phplab\\buoi7\\Buoi7\\vendor\\laravel\\framework\\src\\Illuminate\\Http\\Middleware\\TrustProxies.php(39): Illuminate\\Pipeline\\Pipeline->Illuminate\\Pipeline\\{closure}(Object(Illuminate\\Http\\Request))
#67 D:\\1LuuDuLieuSV\\2001240399_TrinhHuuKienQuoc\\phplab\\buoi7\\Buoi7\\vendor\\laravel\\framework\\src\\Illuminate\\Pipeline\\Pipeline.php(167): Illuminate\\Http\\Middleware\\TrustProxies->handle(Object(Illuminate\\Http\\Request), Object(Closure))
#68 D:\\1LuuDuLieuSV\\2001240399_TrinhHuuKienQuoc\\phplab\\buoi7\\Buoi7\\vendor\\laravel\\framework\\src\\Illuminate\\Pipeline\\Pipeline.php(103): Illuminate\\Pipeline\\Pipeline->Illuminate\\Pipeline\\{closure}(Object(Illuminate\\Http\\Request))
#69 D:\\1LuuDuLieuSV\\2001240399_TrinhHuuKienQuoc\\phplab\\buoi7\\Buoi7\\vendor\\laravel\\framework\\src\\Illuminate\\Foundation\\Http\\Kernel.php(142): Illuminate\\Pipeline\\Pipeline->then(Object(Closure))
#70 D:\\1LuuDuLieuSV\\2001240399_TrinhHuuKienQuoc\\phplab\\buoi7\\Buoi7\\vendor\\laravel\\framework\\src\\Illuminate\\Foundation\\Http\\Kernel.php(111): Illuminate\\Foundation\\Http\\Kernel->sendRequestThroughRouter(Object(Illuminate\\Http\\Request))
#71 D:\\1LuuDuLieuSV\\2001240399_TrinhHuuKienQuoc\\phplab\\buoi7\\Buoi7\\public\\index.php(52): Illuminate\\Foundation\\Http\\Kernel->handle(Object(Illuminate\\Http\\Request))
#72 D:\\1LuuDuLieuSV\\2001240399_TrinhHuuKienQuoc\\phplab\\buoi7\\Buoi7\\server.php(21): require_once('D:\\\\1LuuDuLieuSV...')
#73 {main}
"} 
[2026-09-28 07:24:45] local.ERROR: Route [articles.index] not defined. (View: D:\1LuuDuLieuSV\2001240399_TrinhHuuKienQuoc\phplab\buoi7\Buoi7\resources\views\partials\nav.blade.php) {"view":{"view":"D:\\1LuuDuLieuSV\\2001240399_TrinhHuuKienQuoc\\phplab\\buoi7\\Buoi7\\vendor\\laravel\\framework\\src\\Illuminate\\Routing\\UrlGenerator.php","data":[]},"exception":"[object] (Facade\\Ignition\\Exceptions\\ViewException(code: 0): Route [articles.index] not defined. (View: D:\\1LuuDuLieuSV\\2001240399_TrinhHuuKienQuoc\\phplab\\buoi7\\Buoi7\\resources\\views\\partials\\nav.blade.php) at D:\\1LuuDuLieuSV\\2001240399_TrinhHuuKienQuoc\\phplab\\buoi7\\Buoi7\\vendor\\laravel\\framework\\src\\Illuminate\\Routing\\UrlGenerator.php:444)
[stacktrace]
#0 D:\\1LuuDuLieuSV\\2001240399_TrinhHuuKienQuoc\\phplab\\buoi7\\Buoi7\\vendor\\laravel\\framework\\src\\Illuminate\\Foundation\\helpers.php(739): Illuminate\\Routing\\UrlGenerator->route('articles.index', Array, true)
#1 D:\\1LuuDuLieuSV\\2001240399_TrinhHuuKienQuoc\\phplab\\buoi7\\Buoi7\\resources\\views/partials/nav.blade.php(2): route('articles.index')
#2 D:\\1LuuDuLieuSV\\2001240399_TrinhHuuKienQuoc\\phplab\\buoi7\\Buoi7\\vendor\\laravel\\framework\\src\\Illuminate\\Filesystem\\Filesystem.php(107): require('D:\\\\1LuuDuLieuSV...')
#3 D:\\1LuuDuLieuSV\\2001240399_TrinhHuuKienQuoc\\phplab\\buoi7\\Buoi7\\vendor\\laravel\\framework\\src\\Illuminate\\Filesystem\\Filesystem.php(108): Illuminate\\Filesystem\\Filesystem::Illuminate\\Filesystem\\{closure}()
#4 D:\\1LuuDuLieuSV\\2001240399_TrinhHuuKienQuoc\\phplab\\buoi7\\Buoi7\\vendor\\laravel\\framework\\src\\Illuminate\\View\\Engines\\PhpEngine.php(58): Illuminate\\Filesystem\\Filesystem->getRequire('D:\\\\1LuuDuLieuSV...', Array)
#5 D:\\1LuuDuLieuSV\\2001240399_TrinhHuuKienQuoc\\phplab\\buoi7\\Buoi7\\vendor\\laravel\\framework\\src\\Illuminate\\View\\Engines\\CompilerEngine.php(61): Illuminate\\View\\Engines\\PhpEngine->evaluatePath('D:\\\\1LuuDuLieuSV...', Array)
#6 D:\\1LuuDuLieuSV\\2001240399_TrinhHuuKienQuoc\\phplab\\buoi7\\Buoi7\\vendor\\facade\\ignition\\src\\Views\\Engines\\CompilerEngine.php(37): Illuminate\\View\\Engines\\CompilerEngine->get('D:\\\\1LuuDuLieuSV...', Array)
#7 D:\\1LuuDuLieuSV\\2001240399_TrinhHuuKienQuoc\\phplab\\buoi7\\Buoi7\\vendor\\laravel\\framework\\src\\Illuminate\\View\\View.php(139): Facade\\Ignition\\Views\\Engines\\CompilerEngine->get('D:\\\\1LuuDuLieuSV...', Array)
#8 D:\\1LuuDuLieuSV\\2001240399_TrinhHuuKienQuoc\\phplab\\buoi7\\Buoi7\\vendor\\laravel\\framework\\src\\Illuminate\\View\\View.php(122): Illuminate\\View\\View->getContents()
#9 D:\\1LuuDuLieuSV\\2001240399_TrinhHuuKienQuoc\\phplab\\buoi7\\Buoi7\\vendor\\laravel\\framework\\src\\Illuminate\\View\\View.php(91): Illuminate\\View\\View->renderContents()
#10 D:\\1LuuDuLieuSV\\2001240399_TrinhHuuKienQuoc\\phplab\\buoi7\\Buoi7\\resources\\views/layouts/app.blade.php(51): Illuminate\\View\\View->render()
#11 D:\\1LuuDuLieuSV\\2001240399_TrinhHuuKienQuoc\\phplab\\buoi7\\Buoi7\\vendor\\laravel\\framework\\src\\Illuminate\\Filesystem\\Filesystem.php(107): require('D:\\\\1LuuDuLieuSV...')
#12 D:\\1LuuDuLieuSV\\2001240399_TrinhHuuKienQuoc\\phplab\\buoi7\\Buoi7\\vendor\\laravel\\framework\\src\\Illuminate\\Filesystem\\Filesystem.php(108): Illuminate\\Filesystem\\Filesystem::Illuminate\\Filesystem\\{closure}()
#13 D:\\1LuuDuLieuSV\\2001240399_TrinhHuuKienQuoc\\phplab\\buoi7\\Buoi7\\vendor\\laravel\\framework\\src\\Illuminate\\View\\Engines\\PhpEngine.php(58): Illuminate\\Filesystem\\Filesystem->getRequire('D:\\\\1LuuDuLieuSV...', Array)
#14 D:\\1LuuDuLieuSV\\2001240399_TrinhHuuKienQuoc\\phplab\\buoi7\\Buoi7\\vendor\\laravel\\framework\\src\\Illuminate\\View\\Engines\\CompilerEngine.php(61): Illuminate\\View\\Engines\\PhpEngine->evaluatePath('D:\\\\1LuuDuLieuSV...', Array)
#15 D:\\1LuuDuLieuSV\\2001240399_TrinhHuuKienQuoc\\phplab\\buoi7\\Buoi7\\vendor\\facade\\ignition\\src\\Views\\Engines\\CompilerEngine.php(37): Illuminate\\View\\Engines\\CompilerEngine->get('D:\\\\1LuuDuLieuSV...', Array)
#16 D:\\1LuuDuLieuSV\\2001240399_TrinhHuuKienQuoc\\phplab\\buoi7\\Buoi7\\vendor\\laravel\\framework\\src\\Illuminate\\View\\View.php(139): Facade\\Ignition\\Views\\Engines\\CompilerEngine->get('D:\\\\1LuuDuLieuSV...', Array)
#17 D:\\1LuuDuLieuSV\\2001240399_TrinhHuuKienQuoc\\phplab\\buoi7\\Buoi7\\vendor\\laravel\\framework\\src\\Illuminate\\View\\View.php(122): Illuminate\\View\\View->getContents()
#18 D:\\1LuuDuLieuSV\\2001240399_TrinhHuuKienQuoc\\phplab\\buoi7\\Buoi7\\vendor\\laravel\\framework\\src\\Illuminate\\View\\View.php(91): Illuminate\\View\\View->renderContents()
#19 D:\\1LuuDuLieuSV\\2001240399_TrinhHuuKienQuoc\\phplab\\buoi7\\Buoi7\\resources\\views/products/index.blade.php(21): Illuminate\\View\\View->render()
#20 D:\\1LuuDuLieuSV\\2001240399_TrinhHuuKienQuoc\\phplab\\buoi7\\Buoi7\\vendor\\laravel\\framework\\src\\Illuminate\\Filesystem\\Filesystem.php(107): require('D:\\\\1LuuDuLieuSV...')
#21 D:\\1LuuDuLieuSV\\2001240399_TrinhHuuKienQuoc\\phplab\\buoi7\\Buoi7\\vendor\\laravel\\framework\\src\\Illuminate\\Filesystem\\Filesystem.php(108): Illuminate\\Filesystem\\Filesystem::Illuminate\\Filesystem\\{closure}()
#22 D:\\1LuuDuLieuSV\\2001240399_TrinhHuuKienQuoc\\phplab\\buoi7\\Buoi7\\vendor\\laravel\\framework\\src\\Illuminate\\View\\Engines\\PhpEngine.php(58): Illuminate\\Filesystem\\Filesystem->getRequire('D:\\\\1LuuDuLieuSV...', Array)
#23 D:\\1LuuDuLieuSV\\2001240399_TrinhHuuKienQuoc\\phplab\\buoi7\\Buoi7\\vendor\\laravel\\framework\\src\\Illuminate\\View\\Engines\\CompilerEngine.php(61): Illuminate\\View\\Engines\\PhpEngine->evaluatePath('D:\\\\1LuuDuLieuSV...', Array)
#24 D:\\1LuuDuLieuSV\\2001240399_TrinhHuuKienQuoc\\phplab\\buoi7\\Buoi7\\vendor\\facade\\ignition\\src\\Views\\Engines\\CompilerEngine.php(37): Illuminate\\View\\Engines\\CompilerEngine->get('D:\\\\1LuuDuLieuSV...', Array)
#25 D:\\1LuuDuLieuSV\\2001240399_TrinhHuuKienQuoc\\phplab\\buoi7\\Buoi7\\vendor\\laravel\\framework\\src\\Illuminate\\View\\View.php(139): Facade\\Ignition\\Views\\Engines\\CompilerEngine->get('D:\\\\1LuuDuLieuSV...', Array)
#26 D:\\1LuuDuLieuSV\\2001240399_TrinhHuuKienQuoc\\phplab\\buoi7\\Buoi7\\vendor\\laravel\\framework\\src\\Illuminate\\View\\View.php(122): Illuminate\\View\\View->getContents()
#27 D:\\1LuuDuLieuSV\\2001240399_TrinhHuuKienQuoc\\phplab\\buoi7\\Buoi7\\vendor\\laravel\\framework\\src\\Illuminate\\View\\View.php(91): Illuminate\\View\\View->renderContents()
#28 D:\\1LuuDuLieuSV\\2001240399_TrinhHuuKienQuoc\\phplab\\buoi7\\Buoi7\\vendor\\laravel\\framework\\src\\Illuminate\\Http\\Response.php(69): Illuminate\\View\\View->render()
#29 D:\\1LuuDuLieuSV\\2001240399_TrinhHuuKienQuoc\\phplab\\buoi7\\Buoi7\\vendor\\laravel\\framework\\src\\Illuminate\\Http\\Response.php(35): Illuminate\\Http\\Response->setContent(Object(Illuminate\\View\\View))
#30 D:\\1LuuDuLieuSV\\2001240399_TrinhHuuKienQuoc\\phplab\\buoi7\\Buoi7\\vendor\\laravel\\framework\\src\\Illuminate\\Routing\\Router.php(820): Illuminate\\Http\\Response->__construct(Object(Illuminate\\View\\View), 200, Array)
#31 D:\\1LuuDuLieuSV\\2001240399_TrinhHuuKienQuoc\\phplab\\buoi7\\Buoi7\\vendor\\laravel\\framework\\src\\Illuminate\\Routing\\Router.php(789): Illuminate\\Routing\\Router::toResponse(Object(Illuminate\\Http\\Request), Object(Illuminate\\View\\View))
#32 D:\\1LuuDuLieuSV\\2001240399_TrinhHuuKienQuoc\\phplab\\buoi7\\Buoi7\\vendor\\laravel\\framework\\src\\Illuminate\\Routing\\Router.php(721): Illuminate\\Routing\\Router->prepareResponse(Object(Illuminate\\Http\\Request), Object(Illuminate\\View\\View))
#33 D:\\1LuuDuLieuSV\\2001240399_TrinhHuuKienQuoc\\phplab\\buoi7\\Buoi7\\vendor\\laravel\\framework\\src\\Illuminate\\Pipeline\\Pipeline.php(128): Illuminate\\Routing\\Router->Illuminate\\Routing\\{closure}(Object(Illuminate\\Http\\Request))
#34 D:\\1LuuDuLieuSV\\2001240399_TrinhHuuKienQuoc\\phplab\\buoi7\\Buoi7\\vendor\\laravel\\framework\\src\\Illuminate\\Routing\\Middleware\\SubstituteBindings.php(50): Illuminate\\Pipeline\\Pipeline->Illuminate\\Pipeline\\{closure}(Object(Illuminate\\Http\\Request))
#35 D:\\1LuuDuLieuSV\\2001240399_TrinhHuuKienQuoc\\phplab\\buoi7\\Buoi7\\vendor\\laravel\\framework\\src\\Illuminate\\Pipeline\\Pipeline.php(167): Illuminate\\Routing\\Middleware\\SubstituteBindings->handle(Object(Illuminate\\Http\\Request), Object(Closure))
#36 D:\\1LuuDuLieuSV\\2001240399_TrinhHuuKienQuoc\\phplab\\buoi7\\Buoi7\\vendor\\laravel\\framework\\src\\Illuminate\\Foundation\\Http\\Middleware\\VerifyCsrfToken.php(78): Illuminate\\Pipeline\\Pipeline->Illuminate\\Pipeline\\{closure}(Object(Illuminate\\Http\\Request))
#37 D:\\1LuuDuLieuSV\\2001240399_TrinhHuuKienQuoc\\phplab\\buoi7\\Buoi7\\vendor\\laravel\\framework\\src\\Illuminate\\Pipeline\\Pipeline.php(167): Illuminate\\Foundation\\Http\\Middleware\\VerifyCsrfToken->handle(Object(Illuminate\\Http\\Request), Object(Closure))
#38 D:\\1LuuDuLieuSV\\2001240399_TrinhHuuKienQuoc\\phplab\\buoi7\\Buoi7\\vendor\\laravel\\framework\\src\\Illuminate\\View\\Middleware\\ShareErrorsFromSession.php(49): Illuminate\\Pipeline\\Pipeline->Illuminate\\Pipeline\\{closure}(Object(Illuminate\\Http\\Request))
#39 D:\\1LuuDuLieuSV\\2001240399_TrinhHuuKienQuoc\\phplab\\buoi7\\Buoi7\\vendor\\laravel\\framework\\src\\Illuminate\\Pipeline\\Pipeline.php(167): Illuminate\\View\\Middleware\\ShareErrorsFromSession->handle(Object(Illuminate\\Http\\Request), Object(Closure))
#40 D:\\1LuuDuLieuSV\\2001240399_TrinhHuuKienQuoc\\phplab\\buoi7\\Buoi7\\vendor\\laravel\\framework\\src\\Illuminate\\Session\\Middleware\\StartSession.php(121): Illuminate\\Pipeline\\Pipeline->Illuminate\\Pipeline\\{closure}(Object(Illuminate\\Http\\Request))
#41 D:\\1LuuDuLieuSV\\2001240399_TrinhHuuKienQuoc\\phplab\\buoi7\\Buoi7\\vendor\\laravel\\framework\\src\\Illuminate\\Session\\Middleware\\StartSession.php(64): Illuminate\\Session\\Middleware\\StartSession->handleStatefulRequest(Object(Illuminate\\Http\\Request), Object(Illuminate\\Session\\Store), Object(Closure))
#42 D:\\1LuuDuLieuSV\\2001240399_TrinhHuuKienQuoc\\phplab\\buoi7\\Buoi7\\vendor\\laravel\\framework\\src\\Illuminate\\Pipeline\\Pipeline.php(167): Illuminate\\Session\\Middleware\\StartSession->handle(Object(Illuminate\\Http\\Request), Object(Closure))
#43 D:\\1LuuDuLieuSV\\2001240399_TrinhHuuKienQuoc\\phplab\\buoi7\\Buoi7\\vendor\\laravel\\framework\\src\\Illuminate\\Cookie\\Middleware\\AddQueuedCookiesToResponse.php(37): Illuminate\\Pipeline\\Pipeline->Illuminate\\Pipeline\\{closure}(Object(Illuminate\\Http\\Request))
#44 D:\\1LuuDuLieuSV\\2001240399_TrinhHuuKienQuoc\\phplab\\buoi7\\Buoi7\\vendor\\laravel\\framework\\src\\Illuminate\\Pipeline\\Pipeline.php(167): Illuminate\\Cookie\\Middleware\\AddQueuedCookiesToResponse->handle(Object(Illuminate\\Http\\Request), Object(Closure))
#45 D:\\1LuuDuLieuSV\\2001240399_TrinhHuuKienQuoc\\phplab\\buoi7\\Buoi7\\vendor\\laravel\\framework\\src\\Illuminate\\Cookie\\Middleware\\EncryptCookies.php(67): Illuminate\\Pipeline\\Pipeline->Illuminate\\Pipeline\\{closure}(Object(Illuminate\\Http\\Request))
#46 D:\\1LuuDuLieuSV\\2001240399_TrinhHuuKienQuoc\\phplab\\buoi7\\Buoi7\\vendor\\laravel\\framework\\src\\Illuminate\\Pipeline\\Pipeline.php(167): Illuminate\\Cookie\\Middleware\\EncryptCookies->handle(Object(Illuminate\\Http\\Request), Object(Closure))
#47 D:\\1LuuDuLieuSV\\2001240399_TrinhHuuKienQuoc\\phplab\\buoi7\\Buoi7\\vendor\\laravel\\framework\\src\\Illuminate\\Pipeline\\Pipeline.php(103): Illuminate\\Pipeline\\Pipeline->Illuminate\\Pipeline\\{closure}(Object(Illuminate\\Http\\Request))
#48 D:\\1LuuDuLieuSV\\2001240399_TrinhHuuKienQuoc\\phplab\\buoi7\\Buoi7\\vendor\\laravel\\framework\\src\\Illuminate\\Routing\\Router.php(723): Illuminate\\Pipeline\\Pipeline->then(Object(Closure))
#49 D:\\1LuuDuLieuSV\\2001240399_TrinhHuuKienQuoc\\phplab\\buoi7\\Buoi7\\vendor\\laravel\\framework\\src\\Illuminate\\Routing\\Router.php(698): Illuminate\\Routing\\Router->runRouteWithinStack(Object(Illuminate\\Routing\\Route), Object(Illuminate\\Http\\Request))
#50 D:\\1LuuDuLieuSV\\2001240399_TrinhHuuKienQuoc\\phplab\\buoi7\\Buoi7\\vendor\\laravel\\framework\\src\\Illuminate\\Routing\\Router.php(662): Illuminate\\Routing\\Router->runRoute(Object(Illuminate\\Http\\Request), Object(Illuminate\\Routing\\Route))
#51 D:\\1LuuDuLieuSV\\2001240399_TrinhHuuKienQuoc\\phplab\\buoi7\\Buoi7\\vendor\\laravel\\framework\\src\\Illuminate\\Routing\\Router.php(651): Illuminate\\Routing\\Router->dispatchToRoute(Object(Illuminate\\Http\\Request))
#52 D:\\1LuuDuLieuSV\\2001240399_TrinhHuuKienQuoc\\phplab\\buoi7\\Buoi7\\vendor\\laravel\\framework\\src\\Illuminate\\Foundation\\Http\\Kernel.php(167): Illuminate\\Routing\\Router->dispatch(Object(Illuminate\\Http\\Request))
#53 D:\\1LuuDuLieuSV\\2001240399_TrinhHuuKienQuoc\\phplab\\buoi7\\Buoi7\\vendor\\laravel\\framework\\src\\Illuminate\\Pipeline\\Pipeline.php(128): Illuminate\\Foundation\\Http\\Kernel->Illuminate\\Foundation\\Http\\{closure}(Object(Illuminate\\Http\\Request))
#54 D:\\1LuuDuLieuSV\\2001240399_TrinhHuuKienQuoc\\phplab\\buoi7\\Buoi7\\vendor\\laravel\\framework\\src\\Illuminate\\Foundation\\Http\\Middleware\\TransformsRequest.php(21): Illuminate\\Pipeline\\Pipeline->Illuminate\\Pipeline\\{closure}(Object(Illuminate\\Http\\Request))
#55 D:\\1LuuDuLieuSV\\2001240399_TrinhHuuKienQuoc\\phplab\\buoi7\\Buoi7\\vendor\\laravel\\framework\\src\\Illuminate\\Foundation\\Http\\Middleware\\ConvertEmptyStringsToNull.php(31): Illuminate\\Foundation\\Http\\Middleware\\TransformsRequest->handle(Object(Illuminate\\Http\\Request), Object(Closure))
#56 D:\\1LuuDuLieuSV\\2001240399_TrinhHuuKienQuoc\\phplab\\buoi7\\Buoi7\\vendor\\laravel\\framework\\src\\Illuminate\\Pipeline\\Pipeline.php(167): Illuminate\\Foundation\\Http\\Middleware\\ConvertEmptyStringsToNull->handle(Object(Illuminate\\Http\\Request), Object(Closure))
#57 D:\\1LuuDuLieuSV\\2001240399_TrinhHuuKienQuoc\\phplab\\buoi7\\Buoi7\\vendor\\laravel\\framework\\src\\Illuminate\\Foundation\\Http\\Middleware\\TransformsRequest.php(21): Illuminate\\Pipeline\\Pipeline->Illuminate\\Pipeline\\{closure}(Object(Illuminate\\Http\\Request))
#58 D:\\1LuuDuLieuSV\\2001240399_TrinhHuuKienQuoc\\phplab\\buoi7\\Buoi7\\vendor\\laravel\\framework\\src\\Illuminate\\Foundation\\Http\\Middleware\\TrimStrings.php(40): Illuminate\\Foundation\\Http\\Middleware\\TransformsRequest->handle(Object(Illuminate\\Http\\Request), Object(Closure))
#59 D:\\1LuuDuLieuSV\\2001240399_TrinhHuuKienQuoc\\phplab\\buoi7\\Buoi7\\vendor\\laravel\\framework\\src\\Illuminate\\Pipeline\\Pipeline.php(167): Illuminate\\Foundation\\Http\\Middleware\\TrimStrings->handle(Object(Illuminate\\Http\\Request), Object(Closure))
#60 D:\\1LuuDuLieuSV\\2001240399_TrinhHuuKienQuoc\\phplab\\buoi7\\Buoi7\\vendor\\laravel\\framework\\src\\Illuminate\\Foundation\\Http\\Middleware\\ValidatePostSize.php(27): Illuminate\\Pipeline\\Pipeline->Illuminate\\Pipeline\\{closure}(Object(Illuminate\\Http\\Request))
#61 D:\\1LuuDuLieuSV\\2001240399_TrinhHuuKienQuoc\\phplab\\buoi7\\Buoi7\\vendor\\laravel\\framework\\src\\Illuminate\\Pipeline\\Pipeline.php(167): Illuminate\\Foundation\\Http\\Middleware\\ValidatePostSize->handle(Object(Illuminate\\Http\\Request), Object(Closure))
#62 D:\\1LuuDuLieuSV\\2001240399_TrinhHuuKienQuoc\\phplab\\buoi7\\Buoi7\\vendor\\laravel\\framework\\src\\Illuminate\\Foundation\\Http\\Middleware\\PreventRequestsDuringMaintenance.php(86): Illuminate\\Pipeline\\Pipeline->Illuminate\\Pipeline\\{closure}(Object(Illuminate\\Http\\Request))
#63 D:\\1LuuDuLieuSV\\2001240399_TrinhHuuKienQuoc\\phplab\\buoi7\\Buoi7\\vendor\\laravel\\framework\\src\\Illuminate\\Pipeline\\Pipeline.php(167): Illuminate\\Foundation\\Http\\Middleware\\PreventRequestsDuringMaintenance->handle(Object(Illuminate\\Http\\Request), Object(Closure))
#64 D:\\1LuuDuLieuSV\\2001240399_TrinhHuuKienQuoc\\phplab\\buoi7\\Buoi7\\vendor\\fruitcake\\laravel-cors\\src\\HandleCors.php(38): Illuminate\\Pipeline\\Pipeline->Illuminate\\Pipeline\\{closure}(Object(Illuminate\\Http\\Request))
#65 D:\\1LuuDuLieuSV\\2001240399_TrinhHuuKienQuoc\\phplab\\buoi7\\Buoi7\\vendor\\laravel\\framework\\src\\Illuminate\\Pipeline\\Pipeline.php(167): Fruitcake\\Cors\\HandleCors->handle(Object(Illuminate\\Http\\Request), Object(Closure))
#66 D:\\1LuuDuLieuSV\\2001240399_TrinhHuuKienQuoc\\phplab\\buoi7\\Buoi7\\vendor\\laravel\\framework\\src\\Illuminate\\Http\\Middleware\\TrustProxies.php(39): Illuminate\\Pipeline\\Pipeline->Illuminate\\Pipeline\\{closure}(Object(Illuminate\\Http\\Request))
#67 D:\\1LuuDuLieuSV\\2001240399_TrinhHuuKienQuoc\\phplab\\buoi7\\Buoi7\\vendor\\laravel\\framework\\src\\Illuminate\\Pipeline\\Pipeline.php(167): Illuminate\\Http\\Middleware\\TrustProxies->handle(Object(Illuminate\\Http\\Request), Object(Closure))
#68 D:\\1LuuDuLieuSV\\2001240399_TrinhHuuKienQuoc\\phplab\\buoi7\\Buoi7\\vendor\\laravel\\framework\\src\\Illuminate\\Pipeline\\Pipeline.php(103): Illuminate\\Pipeline\\Pipeline->Illuminate\\Pipeline\\{closure}(Object(Illuminate\\Http\\Request))
#69 D:\\1LuuDuLieuSV\\2001240399_TrinhHuuKienQuoc\\phplab\\buoi7\\Buoi7\\vendor\\laravel\\framework\\src\\Illuminate\\Foundation\\Http\\Kernel.php(142): Illuminate\\Pipeline\\Pipeline->then(Object(Closure))
#70 D:\\1LuuDuLieuSV\\2001240399_TrinhHuuKienQuoc\\phplab\\buoi7\\Buoi7\\vendor\\laravel\\framework\\src\\Illuminate\\Foundation\\Http\\Kernel.php(111): Illuminate\\Foundation\\Http\\Kernel->sendRequestThroughRouter(Object(Illuminate\\Http\\Request))
#71 D:\\1LuuDuLieuSV\\2001240399_TrinhHuuKienQuoc\\phplab\\buoi7\\Buoi7\\public\\index.php(52): Illuminate\\Foundation\\Http\\Kernel->handle(Object(Illuminate\\Http\\Request))
#72 D:\\1LuuDuLieuSV\\2001240399_TrinhHuuKienQuoc\\phplab\\buoi7\\Buoi7\\server.php(21): require_once('D:\\\\1LuuDuLieuSV...')
#73 {main}

[previous exception] [object] (Symfony\\Component\\Routing\\Exception\\RouteNotFoundException(code: 0): Route [articles.index] not defined. at D:\\1LuuDuLieuSV\\2001240399_TrinhHuuKienQuoc\\phplab\\buoi7\\Buoi7\\vendor\\laravel\\framework\\src\\Illuminate\\Routing\\UrlGenerator.php:444)
[stacktrace]
#0 D:\\1LuuDuLieuSV\\2001240399_TrinhHuuKienQuoc\\phplab\\buoi7\\Buoi7\\vendor\\laravel\\framework\\src\\Illuminate\\Foundation\\helpers.php(739): Illuminate\\Routing\\UrlGenerator->route('articles.index', Array, true)
#1 D:\\1LuuDuLieuSV\\2001240399_TrinhHuuKienQuoc\\phplab\\buoi7\\Buoi7\\storage\\framework\\views\\dd1f55067d46ebd499b4b10c7135a6cb2429e32d.php(2): route('articles.index')
#2 D:\\1LuuDuLieuSV\\2001240399_TrinhHuuKienQuoc\\phplab\\buoi7\\Buoi7\\vendor\\laravel\\framework\\src\\Illuminate\\Filesystem\\Filesystem.php(107): require('D:\\\\1LuuDuLieuSV...')
#3 D:\\1LuuDuLieuSV\\2001240399_TrinhHuuKienQuoc\\phplab\\buoi7\\Buoi7\\vendor\\laravel\\framework\\src\\Illuminate\\Filesystem\\Filesystem.php(108): Illuminate\\Filesystem\\Filesystem::Illuminate\\Filesystem\\{closure}()
#4 D:\\1LuuDuLieuSV\\2001240399_TrinhHuuKienQuoc\\phplab\\buoi7\\Buoi7\\vendor\\laravel\\framework\\src\\Illuminate\\View\\Engines\\PhpEngine.php(58): Illuminate\\Filesystem\\Filesystem->getRequire('D:\\\\1LuuDuLieuSV...', Array)
#5 D:\\1LuuDuLieuSV\\2001240399_TrinhHuuKienQuoc\\phplab\\buoi7\\Buoi7\\vendor\\laravel\\framework\\src\\Illuminate\\View\\Engines\\CompilerEngine.php(61): Illuminate\\View\\Engines\\PhpEngine->evaluatePath('D:\\\\1LuuDuLieuSV...', Array)
#6 D:\\1LuuDuLieuSV\\2001240399_TrinhHuuKienQuoc\\phplab\\buoi7\\Buoi7\\vendor\\facade\\ignition\\src\\Views\\Engines\\CompilerEngine.php(37): Illuminate\\View\\Engines\\CompilerEngine->get('D:\\\\1LuuDuLieuSV...', Array)
#7 D:\\1LuuDuLieuSV\\2001240399_TrinhHuuKienQuoc\\phplab\\buoi7\\Buoi7\\vendor\\laravel\\framework\\src\\Illuminate\\View\\View.php(139): Facade\\Ignition\\Views\\Engines\\CompilerEngine->get('D:\\\\1LuuDuLieuSV...', Array)
#8 D:\\1LuuDuLieuSV\\2001240399_TrinhHuuKienQuoc\\phplab\\buoi7\\Buoi7\\vendor\\laravel\\framework\\src\\Illuminate\\View\\View.php(122): Illuminate\\View\\View->getContents()
#9 D:\\1LuuDuLieuSV\\2001240399_TrinhHuuKienQuoc\\phplab\\buoi7\\Buoi7\\vendor\\laravel\\framework\\src\\Illuminate\\View\\View.php(91): Illuminate\\View\\View->renderContents()
#10 D:\\1LuuDuLieuSV\\2001240399_TrinhHuuKienQuoc\\phplab\\buoi7\\Buoi7\\storage\\framework\\views\\793fe2130a486b687700c8661d3cf002eff9dfbc.php(51): Illuminate\\View\\View->render()
#11 D:\\1LuuDuLieuSV\\2001240399_TrinhHuuKienQuoc\\phplab\\buoi7\\Buoi7\\vendor\\laravel\\framework\\src\\Illuminate\\Filesystem\\Filesystem.php(107): require('D:\\\\1LuuDuLieuSV...')
#12 D:\\1LuuDuLieuSV\\2001240399_TrinhHuuKienQuoc\\phplab\\buoi7\\Buoi7\\vendor\\laravel\\framework\\src\\Illuminate\\Filesystem\\Filesystem.php(108): Illuminate\\Filesystem\\Filesystem::Illuminate\\Filesystem\\{closure}()
#13 D:\\1LuuDuLieuSV\\2001240399_TrinhHuuKienQuoc\\phplab\\buoi7\\Buoi7\\vendor\\laravel\\framework\\src\\Illuminate\\View\\Engines\\PhpEngine.php(58): Illuminate\\Filesystem\\Filesystem->getRequire('D:\\\\1LuuDuLieuSV...', Array)
#14 D:\\1LuuDuLieuSV\\2001240399_TrinhHuuKienQuoc\\phplab\\buoi7\\Buoi7\\vendor\\laravel\\framework\\src\\Illuminate\\View\\Engines\\CompilerEngine.php(61): Illuminate\\View\\Engines\\PhpEngine->evaluatePath('D:\\\\1LuuDuLieuSV...', Array)
#15 D:\\1LuuDuLieuSV\\2001240399_TrinhHuuKienQuoc\\phplab\\buoi7\\Buoi7\\vendor\\facade\\ignition\\src\\Views\\Engines\\CompilerEngine.php(37): Illuminate\\View\\Engines\\CompilerEngine->get('D:\\\\1LuuDuLieuSV...', Array)
#16 D:\\1LuuDuLieuSV\\2001240399_TrinhHuuKienQuoc\\phplab\\buoi7\\Buoi7\\vendor\\laravel\\framework\\src\\Illuminate\\View\\View.php(139): Facade\\Ignition\\Views\\Engines\\CompilerEngine->get('D:\\\\1LuuDuLieuSV...', Array)
#17 D:\\1LuuDuLieuSV\\2001240399_TrinhHuuKienQuoc\\phplab\\buoi7\\Buoi7\\vendor\\laravel\\framework\\src\\Illuminate\\View\\View.php(122): Illuminate\\View\\View->getContents()
#18 D:\\1LuuDuLieuSV\\2001240399_TrinhHuuKienQuoc\\phplab\\buoi7\\Buoi7\\vendor\\laravel\\framework\\src\\Illuminate\\View\\View.php(91): Illuminate\\View\\View->renderContents()
#19 D:\\1LuuDuLieuSV\\2001240399_TrinhHuuKienQuoc\\phplab\\buoi7\\Buoi7\\storage\\framework\\views\\56b4c9cb23eb7816a60a7cbe5f53021f1e0a8454.php(21): Illuminate\\View\\View->render()
#20 D:\\1LuuDuLieuSV\\2001240399_TrinhHuuKienQuoc\\phplab\\buoi7\\Buoi7\\vendor\\laravel\\framework\\src\\Illuminate\\Filesystem\\Filesystem.php(107): require('D:\\\\1LuuDuLieuSV...')
#21 D:\\1LuuDuLieuSV\\2001240399_TrinhHuuKienQuoc\\phplab\\buoi7\\Buoi7\\vendor\\laravel\\framework\\src\\Illuminate\\Filesystem\\Filesystem.php(108): Illuminate\\Filesystem\\Filesystem::Illuminate\\Filesystem\\{closure}()
#22 D:\\1LuuDuLieuSV\\2001240399_TrinhHuuKienQuoc\\phplab\\buoi7\\Buoi7\\vendor\\laravel\\framework\\src\\Illuminate\\View\\Engines\\PhpEngine.php(58): Illuminate\\Filesystem\\Filesystem->getRequire('D:\\\\1LuuDuLieuSV...', Array)
#23 D:\\1LuuDuLieuSV\\2001240399_TrinhHuuKienQuoc\\phplab\\buoi7\\Buoi7\\vendor\\laravel\\framework\\src\\Illuminate\\View\\Engines\\CompilerEngine.php(61): Illuminate\\View\\Engines\\PhpEngine->evaluatePath('D:\\\\1LuuDuLieuSV...', Array)
#24 D:\\1LuuDuLieuSV\\2001240399_TrinhHuuKienQuoc\\phplab\\buoi7\\Buoi7\\vendor\\facade\\ignition\\src\\Views\\Engines\\CompilerEngine.php(37): Illuminate\\View\\Engines\\CompilerEngine->get('D:\\\\1LuuDuLieuSV...', Array)
#25 D:\\1LuuDuLieuSV\\2001240399_TrinhHuuKienQuoc\\phplab\\buoi7\\Buoi7\\vendor\\laravel\\framework\\src\\Illuminate\\View\\View.php(139): Facade\\Ignition\\Views\\Engines\\CompilerEngine->get('D:\\\\1LuuDuLieuSV...', Array)
#26 D:\\1LuuDuLieuSV\\2001240399_TrinhHuuKienQuoc\\phplab\\buoi7\\Buoi7\\vendor\\laravel\\framework\\src\\Illuminate\\View\\View.php(122): Illuminate\\View\\View->getContents()
#27 D:\\1LuuDuLieuSV\\2001240399_TrinhHuuKienQuoc\\phplab\\buoi7\\Buoi7\\vendor\\laravel\\framework\\src\\Illuminate\\View\\View.php(91): Illuminate\\View\\View->renderContents()
#28 D:\\1LuuDuLieuSV\\2001240399_TrinhHuuKienQuoc\\phplab\\buoi7\\Buoi7\\vendor\\laravel\\framework\\src\\Illuminate\\Http\\Response.php(69): Illuminate\\View\\View->render()
#29 D:\\1LuuDuLieuSV\\2001240399_TrinhHuuKienQuoc\\phplab\\buoi7\\Buoi7\\vendor\\laravel\\framework\\src\\Illuminate\\Http\\Response.php(35): Illuminate\\Http\\Response->setContent(Object(Illuminate\\View\\View))
#30 D:\\1LuuDuLieuSV\\2001240399_TrinhHuuKienQuoc\\phplab\\buoi7\\Buoi7\\vendor\\laravel\\framework\\src\\Illuminate\\Routing\\Router.php(820): Illuminate\\Http\\Response->__construct(Object(Illuminate\\View\\View), 200, Array)
#31 D:\\1LuuDuLieuSV\\2001240399_TrinhHuuKienQuoc\\phplab\\buoi7\\Buoi7\\vendor\\laravel\\framework\\src\\Illuminate\\Routing\\Router.php(789): Illuminate\\Routing\\Router::toResponse(Object(Illuminate\\Http\\Request), Object(Illuminate\\View\\View))
#32 D:\\1LuuDuLieuSV\\2001240399_TrinhHuuKienQuoc\\phplab\\buoi7\\Buoi7\\vendor\\laravel\\framework\\src\\Illuminate\\Routing\\Router.php(721): Illuminate\\Routing\\Router->prepareResponse(Object(Illuminate\\Http\\Request), Object(Illuminate\\View\\View))
#33 D:\\1LuuDuLieuSV\\2001240399_TrinhHuuKienQuoc\\phplab\\buoi7\\Buoi7\\vendor\\laravel\\framework\\src\\Illuminate\\Pipeline\\Pipeline.php(128): Illuminate\\Routing\\Router->Illuminate\\Routing\\{closure}(Object(Illuminate\\Http\\Request))
#34 D:\\1LuuDuLieuSV\\2001240399_TrinhHuuKienQuoc\\phplab\\buoi7\\Buoi7\\vendor\\laravel\\framework\\src\\Illuminate\\Routing\\Middleware\\SubstituteBindings.php(50): Illuminate\\Pipeline\\Pipeline->Illuminate\\Pipeline\\{closure}(Object(Illuminate\\Http\\Request))
#35 D:\\1LuuDuLieuSV\\2001240399_TrinhHuuKienQuoc\\phplab\\buoi7\\Buoi7\\vendor\\laravel\\framework\\src\\Illuminate\\Pipeline\\Pipeline.php(167): Illuminate\\Routing\\Middleware\\SubstituteBindings->handle(Object(Illuminate\\Http\\Request), Object(Closure))
#36 D:\\1LuuDuLieuSV\\2001240399_TrinhHuuKienQuoc\\phplab\\buoi7\\Buoi7\\vendor\\laravel\\framework\\src\\Illuminate\\Foundation\\Http\\Middleware\\VerifyCsrfToken.php(78): Illuminate\\Pipeline\\Pipeline->Illuminate\\Pipeline\\{closure}(Object(Illuminate\\Http\\Request))
#37 D:\\1LuuDuLieuSV\\2001240399_TrinhHuuKienQuoc\\phplab\\buoi7\\Buoi7\\vendor\\laravel\\framework\\src\\Illuminate\\Pipeline\\Pipeline.php(167): Illuminate\\Foundation\\Http\\Middleware\\VerifyCsrfToken->handle(Object(Illuminate\\Http\\Request), Object(Closure))
#38 D:\\1LuuDuLieuSV\\2001240399_TrinhHuuKienQuoc\\phplab\\buoi7\\Buoi7\\vendor\\laravel\\framework\\src\\Illuminate\\View\\Middleware\\ShareErrorsFromSession.php(49): Illuminate\\Pipeline\\Pipeline->Illuminate\\Pipeline\\{closure}(Object(Illuminate\\Http\\Request))
#39 D:\\1LuuDuLieuSV\\2001240399_TrinhHuuKienQuoc\\phplab\\buoi7\\Buoi7\\vendor\\laravel\\framework\\src\\Illuminate\\Pipeline\\Pipeline.php(167): Illuminate\\View\\Middleware\\ShareErrorsFromSession->handle(Object(Illuminate\\Http\\Request), Object(Closure))
#40 D:\\1LuuDuLieuSV\\2001240399_TrinhHuuKienQuoc\\phplab\\buoi7\\Buoi7\\vendor\\laravel\\framework\\src\\Illuminate\\Session\\Middleware\\StartSession.php(121): Illuminate\\Pipeline\\Pipeline->Illuminate\\Pipeline\\{closure}(Object(Illuminate\\Http\\Request))
#41 D:\\1LuuDuLieuSV\\2001240399_TrinhHuuKienQuoc\\phplab\\buoi7\\Buoi7\\vendor\\laravel\\framework\\src\\Illuminate\\Session\\Middleware\\StartSession.php(64): Illuminate\\Session\\Middleware\\StartSession->handleStatefulRequest(Object(Illuminate\\Http\\Request), Object(Illuminate\\Session\\Store), Object(Closure))
#42 D:\\1LuuDuLieuSV\\2001240399_TrinhHuuKienQuoc\\phplab\\buoi7\\Buoi7\\vendor\\laravel\\framework\\src\\Illuminate\\Pipeline\\Pipeline.php(167): Illuminate\\Session\\Middleware\\StartSession->handle(Object(Illuminate\\Http\\Request), Object(Closure))
#43 D:\\1LuuDuLieuSV\\2001240399_TrinhHuuKienQuoc\\phplab\\buoi7\\Buoi7\\vendor\\laravel\\framework\\src\\Illuminate\\Cookie\\Middleware\\AddQueuedCookiesToResponse.php(37): Illuminate\\Pipeline\\Pipeline->Illuminate\\Pipeline\\{closure}(Object(Illuminate\\Http\\Request))
#44 D:\\1LuuDuLieuSV\\2001240399_TrinhHuuKienQuoc\\phplab\\buoi7\\Buoi7\\vendor\\laravel\\framework\\src\\Illuminate\\Pipeline\\Pipeline.php(167): Illuminate\\Cookie\\Middleware\\AddQueuedCookiesToResponse->handle(Object(Illuminate\\Http\\Request), Object(Closure))
#45 D:\\1LuuDuLieuSV\\2001240399_TrinhHuuKienQuoc\\phplab\\buoi7\\Buoi7\\vendor\\laravel\\framework\\src\\Illuminate\\Cookie\\Middleware\\EncryptCookies.php(67): Illuminate\\Pipeline\\Pipeline->Illuminate\\Pipeline\\{closure}(Object(Illuminate\\Http\\Request))
#46 D:\\1LuuDuLieuSV\\2001240399_TrinhHuuKienQuoc\\phplab\\buoi7\\Buoi7\\vendor\\laravel\\framework\\src\\Illuminate\\Pipeline\\Pipeline.php(167): Illuminate\\Cookie\\Middleware\\EncryptCookies->handle(Object(Illuminate\\Http\\Request), Object(Closure))
#47 D:\\1LuuDuLieuSV\\2001240399_TrinhHuuKienQuoc\\phplab\\buoi7\\Buoi7\\vendor\\laravel\\framework\\src\\Illuminate\\Pipeline\\Pipeline.php(103): Illuminate\\Pipeline\\Pipeline->Illuminate\\Pipeline\\{closure}(Object(Illuminate\\Http\\Request))
#48 D:\\1LuuDuLieuSV\\2001240399_TrinhHuuKienQuoc\\phplab\\buoi7\\Buoi7\\vendor\\laravel\\framework\\src\\Illuminate\\Routing\\Router.php(723): Illuminate\\Pipeline\\Pipeline->then(Object(Closure))
#49 D:\\1LuuDuLieuSV\\2001240399_TrinhHuuKienQuoc\\phplab\\buoi7\\Buoi7\\vendor\\laravel\\framework\\src\\Illuminate\\Routing\\Router.php(698): Illuminate\\Routing\\Router->runRouteWithinStack(Object(Illuminate\\Routing\\Route), Object(Illuminate\\Http\\Request))
#50 D:\\1LuuDuLieuSV\\2001240399_TrinhHuuKienQuoc\\phplab\\buoi7\\Buoi7\\vendor\\laravel\\framework\\src\\Illuminate\\Routing\\Router.php(662): Illuminate\\Routing\\Router->runRoute(Object(Illuminate\\Http\\Request), Object(Illuminate\\Routing\\Route))
#51 D:\\1LuuDuLieuSV\\2001240399_TrinhHuuKienQuoc\\phplab\\buoi7\\Buoi7\\vendor\\laravel\\framework\\src\\Illuminate\\Routing\\Router.php(651): Illuminate\\Routing\\Router->dispatchToRoute(Object(Illuminate\\Http\\Request))
#52 D:\\1LuuDuLieuSV\\2001240399_TrinhHuuKienQuoc\\phplab\\buoi7\\Buoi7\\vendor\\laravel\\framework\\src\\Illuminate\\Foundation\\Http\\Kernel.php(167): Illuminate\\Routing\\Router->dispatch(Object(Illuminate\\Http\\Request))
#53 D:\\1LuuDuLieuSV\\2001240399_TrinhHuuKienQuoc\\phplab\\buoi7\\Buoi7\\vendor\\laravel\\framework\\src\\Illuminate\\Pipeline\\Pipeline.php(128): Illuminate\\Foundation\\Http\\Kernel->Illuminate\\Foundation\\Http\\{closure}(Object(Illuminate\\Http\\Request))
#54 D:\\1LuuDuLieuSV\\2001240399_TrinhHuuKienQuoc\\phplab\\buoi7\\Buoi7\\vendor\\laravel\\framework\\src\\Illuminate\\Foundation\\Http\\Middleware\\TransformsRequest.php(21): Illuminate\\Pipeline\\Pipeline->Illuminate\\Pipeline\\{closure}(Object(Illuminate\\Http\\Request))
#55 D:\\1LuuDuLieuSV\\2001240399_TrinhHuuKienQuoc\\phplab\\buoi7\\Buoi7\\vendor\\laravel\\framework\\src\\Illuminate\\Foundation\\Http\\Middleware\\ConvertEmptyStringsToNull.php(31): Illuminate\\Foundation\\Http\\Middleware\\TransformsRequest->handle(Object(Illuminate\\Http\\Request), Object(Closure))
#56 D:\\1LuuDuLieuSV\\2001240399_TrinhHuuKienQuoc\\phplab\\buoi7\\Buoi7\\vendor\\laravel\\framework\\src\\Illuminate\\Pipeline\\Pipeline.php(167): Illuminate\\Foundation\\Http\\Middleware\\ConvertEmptyStringsToNull->handle(Object(Illuminate\\Http\\Request), Object(Closure))
#57 D:\\1LuuDuLieuSV\\2001240399_TrinhHuuKienQuoc\\phplab\\buoi7\\Buoi7\\vendor\\laravel\\framework\\src\\Illuminate\\Foundation\\Http\\Middleware\\TransformsRequest.php(21): Illuminate\\Pipeline\\Pipeline->Illuminate\\Pipeline\\{closure}(Object(Illuminate\\Http\\Request))
#58 D:\\1LuuDuLieuSV\\2001240399_TrinhHuuKienQuoc\\phplab\\buoi7\\Buoi7\\vendor\\laravel\\framework\\src\\Illuminate\\Foundation\\Http\\Middleware\\TrimStrings.php(40): Illuminate\\Foundation\\Http\\Middleware\\TransformsRequest->handle(Object(Illuminate\\Http\\Request), Object(Closure))
#59 D:\\1LuuDuLieuSV\\2001240399_TrinhHuuKienQuoc\\phplab\\buoi7\\Buoi7\\vendor\\laravel\\framework\\src\\Illuminate\\Pipeline\\Pipeline.php(167): Illuminate\\Foundation\\Http\\Middleware\\TrimStrings->handle(Object(Illuminate\\Http\\Request), Object(Closure))
#60 D:\\1LuuDuLieuSV\\2001240399_TrinhHuuKienQuoc\\phplab\\buoi7\\Buoi7\\vendor\\laravel\\framework\\src\\Illuminate\\Foundation\\Http\\Middleware\\ValidatePostSize.php(27): Illuminate\\Pipeline\\Pipeline->Illuminate\\Pipeline\\{closure}(Object(Illuminate\\Http\\Request))
#61 D:\\1LuuDuLieuSV\\2001240399_TrinhHuuKienQuoc\\phplab\\buoi7\\Buoi7\\vendor\\laravel\\framework\\src\\Illuminate\\Pipeline\\Pipeline.php(167): Illuminate\\Foundation\\Http\\Middleware\\ValidatePostSize->handle(Object(Illuminate\\Http\\Request), Object(Closure))
#62 D:\\1LuuDuLieuSV\\2001240399_TrinhHuuKienQuoc\\phplab\\buoi7\\Buoi7\\vendor\\laravel\\framework\\src\\Illuminate\\Foundation\\Http\\Middleware\\PreventRequestsDuringMaintenance.php(86): Illuminate\\Pipeline\\Pipeline->Illuminate\\Pipeline\\{closure}(Object(Illuminate\\Http\\Request))
#63 D:\\1LuuDuLieuSV\\2001240399_TrinhHuuKienQuoc\\phplab\\buoi7\\Buoi7\\vendor\\laravel\\framework\\src\\Illuminate\\Pipeline\\Pipeline.php(167): Illuminate\\Foundation\\Http\\Middleware\\PreventRequestsDuringMaintenance->handle(Object(Illuminate\\Http\\Request), Object(Closure))
#64 D:\\1LuuDuLieuSV\\2001240399_TrinhHuuKienQuoc\\phplab\\buoi7\\Buoi7\\vendor\\fruitcake\\laravel-cors\\src\\HandleCors.php(38): Illuminate\\Pipeline\\Pipeline->Illuminate\\Pipeline\\{closure}(Object(Illuminate\\Http\\Request))
#65 D:\\1LuuDuLieuSV\\2001240399_TrinhHuuKienQuoc\\phplab\\buoi7\\Buoi7\\vendor\\laravel\\framework\\src\\Illuminate\\Pipeline\\Pipeline.php(167): Fruitcake\\Cors\\HandleCors->handle(Object(Illuminate\\Http\\Request), Object(Closure))
#66 D:\\1LuuDuLieuSV\\2001240399_TrinhHuuKienQuoc\\phplab\\buoi7\\Buoi7\\vendor\\laravel\\framework\\src\\Illuminate\\Http\\Middleware\\TrustProxies.php(39): Illuminate\\Pipeline\\Pipeline->Illuminate\\Pipeline\\{closure}(Object(Illuminate\\Http\\Request))
#67 D:\\1LuuDuLieuSV\\2001240399_TrinhHuuKienQuoc\\phplab\\buoi7\\Buoi7\\vendor\\laravel\\framework\\src\\Illuminate\\Pipeline\\Pipeline.php(167): Illuminate\\Http\\Middleware\\TrustProxies->handle(Object(Illuminate\\Http\\Request), Object(Closure))
#68 D:\\1LuuDuLieuSV\\2001240399_TrinhHuuKienQuoc\\phplab\\buoi7\\Buoi7\\vendor\\laravel\\framework\\src\\Illuminate\\Pipeline\\Pipeline.php(103): Illuminate\\Pipeline\\Pipeline->Illuminate\\Pipeline\\{closure}(Object(Illuminate\\Http\\Request))
#69 D:\\1LuuDuLieuSV\\2001240399_TrinhHuuKienQuoc\\phplab\\buoi7\\Buoi7\\vendor\\laravel\\framework\\src\\Illuminate\\Foundation\\Http\\Kernel.php(142): Illuminate\\Pipeline\\Pipeline->then(Object(Closure))
#70 D:\\1LuuDuLieuSV\\2001240399_TrinhHuuKienQuoc\\phplab\\buoi7\\Buoi7\\vendor\\laravel\\framework\\src\\Illuminate\\Foundation\\Http\\Kernel.php(111): Illuminate\\Foundation\\Http\\Kernel->sendRequestThroughRouter(Object(Illuminate\\Http\\Request))
#71 D:\\1LuuDuLieuSV\\2001240399_TrinhHuuKienQuoc\\phplab\\buoi7\\Buoi7\\public\\index.php(52): Illuminate\\Foundation\\Http\\Kernel->handle(Object(Illuminate\\Http\\Request))
#72 D:\\1LuuDuLieuSV\\2001240399_TrinhHuuKienQuoc\\phplab\\buoi7\\Buoi7\\server.php(21): require_once('D:\\\\1LuuDuLieuSV...')
#73 {main}
"} 
[2026-09-28 07:24:47] local.ERROR: Route [articles.index] not defined. (View: D:\1LuuDuLieuSV\2001240399_TrinhHuuKienQuoc\phplab\buoi7\Buoi7\resources\views\partials\nav.blade.php) {"view":{"view":"D:\\1LuuDuLieuSV\\2001240399_TrinhHuuKienQuoc\\phplab\\buoi7\\Buoi7\\vendor\\laravel\\framework\\src\\Illuminate\\Routing\\UrlGenerator.php","data":[]},"exception":"[object] (Facade\\Ignition\\Exceptions\\ViewException(code: 0): Route [articles.index] not defined. (View: D:\\1LuuDuLieuSV\\2001240399_TrinhHuuKienQuoc\\phplab\\buoi7\\Buoi7\\resources\\views\\partials\\nav.blade.php) at D:\\1LuuDuLieuSV\\2001240399_TrinhHuuKienQuoc\\phplab\\buoi7\\Buoi7\\vendor\\laravel\\framework\\src\\Illuminate\\Routing\\UrlGenerator.php:444)
[stacktrace]
#0 D:\\1LuuDuLieuSV\\2001240399_TrinhHuuKienQuoc\\phplab\\buoi7\\Buoi7\\vendor\\laravel\\framework\\src\\Illuminate\\Foundation\\helpers.php(739): Illuminate\\Routing\\UrlGenerator->route('articles.index', Array, true)
#1 D:\\1LuuDuLieuSV\\2001240399_TrinhHuuKienQuoc\\phplab\\buoi7\\Buoi7\\resources\\views/partials/nav.blade.php(2): route('articles.index')
#2 D:\\1LuuDuLieuSV\\2001240399_TrinhHuuKienQuoc\\phplab\\buoi7\\Buoi7\\vendor\\laravel\\framework\\src\\Illuminate\\Filesystem\\Filesystem.php(107): require('D:\\\\1LuuDuLieuSV...')
#3 D:\\1LuuDuLieuSV\\2001240399_TrinhHuuKienQuoc\\phplab\\buoi7\\Buoi7\\vendor\\laravel\\framework\\src\\Illuminate\\Filesystem\\Filesystem.php(108): Illuminate\\Filesystem\\Filesystem::Illuminate\\Filesystem\\{closure}()
#4 D:\\1LuuDuLieuSV\\2001240399_TrinhHuuKienQuoc\\phplab\\buoi7\\Buoi7\\vendor\\laravel\\framework\\src\\Illuminate\\View\\Engines\\PhpEngine.php(58): Illuminate\\Filesystem\\Filesystem->getRequire('D:\\\\1LuuDuLieuSV...', Array)
#5 D:\\1LuuDuLieuSV\\2001240399_TrinhHuuKienQuoc\\phplab\\buoi7\\Buoi7\\vendor\\laravel\\framework\\src\\Illuminate\\View\\Engines\\CompilerEngine.php(61): Illuminate\\View\\Engines\\PhpEngine->evaluatePath('D:\\\\1LuuDuLieuSV...', Array)
#6 D:\\1LuuDuLieuSV\\2001240399_TrinhHuuKienQuoc\\phplab\\buoi7\\Buoi7\\vendor\\facade\\ignition\\src\\Views\\Engines\\CompilerEngine.php(37): Illuminate\\View\\Engines\\CompilerEngine->get('D:\\\\1LuuDuLieuSV...', Array)
#7 D:\\1LuuDuLieuSV\\2001240399_TrinhHuuKienQuoc\\phplab\\buoi7\\Buoi7\\vendor\\laravel\\framework\\src\\Illuminate\\View\\View.php(139): Facade\\Ignition\\Views\\Engines\\CompilerEngine->get('D:\\\\1LuuDuLieuSV...', Array)
#8 D:\\1LuuDuLieuSV\\2001240399_TrinhHuuKienQuoc\\phplab\\buoi7\\Buoi7\\vendor\\laravel\\framework\\src\\Illuminate\\View\\View.php(122): Illuminate\\View\\View->getContents()
#9 D:\\1LuuDuLieuSV\\2001240399_TrinhHuuKienQuoc\\phplab\\buoi7\\Buoi7\\vendor\\laravel\\framework\\src\\Illuminate\\View\\View.php(91): Illuminate\\View\\View->renderContents()
#10 D:\\1LuuDuLieuSV\\2001240399_TrinhHuuKienQuoc\\phplab\\buoi7\\Buoi7\\resources\\views/layouts/app.blade.php(51): Illuminate\\View\\View->render()
#11 D:\\1LuuDuLieuSV\\2001240399_TrinhHuuKienQuoc\\phplab\\buoi7\\Buoi7\\vendor\\laravel\\framework\\src\\Illuminate\\Filesystem\\Filesystem.php(107): require('D:\\\\1LuuDuLieuSV...')
#12 D:\\1LuuDuLieuSV\\2001240399_TrinhHuuKienQuoc\\phplab\\buoi7\\Buoi7\\vendor\\laravel\\framework\\src\\Illuminate\\Filesystem\\Filesystem.php(108): Illuminate\\Filesystem\\Filesystem::Illuminate\\Filesystem\\{closure}()
#13 D:\\1LuuDuLieuSV\\2001240399_TrinhHuuKienQuoc\\phplab\\buoi7\\Buoi7\\vendor\\laravel\\framework\\src\\Illuminate\\View\\Engines\\PhpEngine.php(58): Illuminate\\Filesystem\\Filesystem->getRequire('D:\\\\1LuuDuLieuSV...', Array)
#14 D:\\1LuuDuLieuSV\\2001240399_TrinhHuuKienQuoc\\phplab\\buoi7\\Buoi7\\vendor\\laravel\\framework\\src\\Illuminate\\View\\Engines\\CompilerEngine.php(61): Illuminate\\View\\Engines\\PhpEngine->evaluatePath('D:\\\\1LuuDuLieuSV...', Array)
#15 D:\\1LuuDuLieuSV\\2001240399_TrinhHuuKienQuoc\\phplab\\buoi7\\Buoi7\\vendor\\facade\\ignition\\src\\Views\\Engines\\CompilerEngine.php(37): Illuminate\\View\\Engines\\CompilerEngine->get('D:\\\\1LuuDuLieuSV...', Array)
#16 D:\\1LuuDuLieuSV\\2001240399_TrinhHuuKienQuoc\\phplab\\buoi7\\Buoi7\\vendor\\laravel\\framework\\src\\Illuminate\\View\\View.php(139): Facade\\Ignition\\Views\\Engines\\CompilerEngine->get('D:\\\\1LuuDuLieuSV...', Array)
#17 D:\\1LuuDuLieuSV\\2001240399_TrinhHuuKienQuoc\\phplab\\buoi7\\Buoi7\\vendor\\laravel\\framework\\src\\Illuminate\\View\\View.php(122): Illuminate\\View\\View->getContents()
#18 D:\\1LuuDuLieuSV\\2001240399_TrinhHuuKienQuoc\\phplab\\buoi7\\Buoi7\\vendor\\laravel\\framework\\src\\Illuminate\\View\\View.php(91): Illuminate\\View\\View->renderContents()
#19 D:\\1LuuDuLieuSV\\2001240399_TrinhHuuKienQuoc\\phplab\\buoi7\\Buoi7\\resources\\views/products/index.blade.php(21): Illuminate\\View\\View->render()
#20 D:\\1LuuDuLieuSV\\2001240399_TrinhHuuKienQuoc\\phplab\\buoi7\\Buoi7\\vendor\\laravel\\framework\\src\\Illuminate\\Filesystem\\Filesystem.php(107): require('D:\\\\1LuuDuLieuSV...')
#21 D:\\1LuuDuLieuSV\\2001240399_TrinhHuuKienQuoc\\phplab\\buoi7\\Buoi7\\vendor\\laravel\\framework\\src\\Illuminate\\Filesystem\\Filesystem.php(108): Illuminate\\Filesystem\\Filesystem::Illuminate\\Filesystem\\{closure}()
#22 D:\\1LuuDuLieuSV\\2001240399_TrinhHuuKienQuoc\\phplab\\buoi7\\Buoi7\\vendor\\laravel\\framework\\src\\Illuminate\\View\\Engines\\PhpEngine.php(58): Illuminate\\Filesystem\\Filesystem->getRequire('D:\\\\1LuuDuLieuSV...', Array)
#23 D:\\1LuuDuLieuSV\\2001240399_TrinhHuuKienQuoc\\phplab\\buoi7\\Buoi7\\vendor\\laravel\\framework\\src\\Illuminate\\View\\Engines\\CompilerEngine.php(61): Illuminate\\View\\Engines\\PhpEngine->evaluatePath('D:\\\\1LuuDuLieuSV...', Array)
#24 D:\\1LuuDuLieuSV\\2001240399_TrinhHuuKienQuoc\\phplab\\buoi7\\Buoi7\\vendor\\facade\\ignition\\src\\Views\\Engines\\CompilerEngine.php(37): Illuminate\\View\\Engines\\CompilerEngine->get('D:\\\\1LuuDuLieuSV...', Array)
#25 D:\\1LuuDuLieuSV\\2001240399_TrinhHuuKienQuoc\\phplab\\buoi7\\Buoi7\\vendor\\laravel\\framework\\src\\Illuminate\\View\\View.php(139): Facade\\Ignition\\Views\\Engines\\CompilerEngine->get('D:\\\\1LuuDuLieuSV...', Array)
#26 D:\\1LuuDuLieuSV\\2001240399_TrinhHuuKienQuoc\\phplab\\buoi7\\Buoi7\\vendor\\laravel\\framework\\src\\Illuminate\\View\\View.php(122): Illuminate\\View\\View->getContents()
#27 D:\\1LuuDuLieuSV\\2001240399_TrinhHuuKienQuoc\\phplab\\buoi7\\Buoi7\\vendor\\laravel\\framework\\src\\Illuminate\\View\\View.php(91): Illuminate\\View\\View->renderContents()
#28 D:\\1LuuDuLieuSV\\2001240399_TrinhHuuKienQuoc\\phplab\\buoi7\\Buoi7\\vendor\\laravel\\framework\\src\\Illuminate\\Http\\Response.php(69): Illuminate\\View\\View->render()
#29 D:\\1LuuDuLieuSV\\2001240399_TrinhHuuKienQuoc\\phplab\\buoi7\\Buoi7\\vendor\\laravel\\framework\\src\\Illuminate\\Http\\Response.php(35): Illuminate\\Http\\Response->setContent(Object(Illuminate\\View\\View))
#30 D:\\1LuuDuLieuSV\\2001240399_TrinhHuuKienQuoc\\phplab\\buoi7\\Buoi7\\vendor\\laravel\\framework\\src\\Illuminate\\Routing\\Router.php(820): Illuminate\\Http\\Response->__construct(Object(Illuminate\\View\\View), 200, Array)
#31 D:\\1LuuDuLieuSV\\2001240399_TrinhHuuKienQuoc\\phplab\\buoi7\\Buoi7\\vendor\\laravel\\framework\\src\\Illuminate\\Routing\\Router.php(789): Illuminate\\Routing\\Router::toResponse(Object(Illuminate\\Http\\Request), Object(Illuminate\\View\\View))
#32 D:\\1LuuDuLieuSV\\2001240399_TrinhHuuKienQuoc\\phplab\\buoi7\\Buoi7\\vendor\\laravel\\framework\\src\\Illuminate\\Routing\\Router.php(721): Illuminate\\Routing\\Router->prepareResponse(Object(Illuminate\\Http\\Request), Object(Illuminate\\View\\View))
#33 D:\\1LuuDuLieuSV\\2001240399_TrinhHuuKienQuoc\\phplab\\buoi7\\Buoi7\\vendor\\laravel\\framework\\src\\Illuminate\\Pipeline\\Pipeline.php(128): Illuminate\\Routing\\Router->Illuminate\\Routing\\{closure}(Object(Illuminate\\Http\\Request))
#34 D:\\1LuuDuLieuSV\\2001240399_TrinhHuuKienQuoc\\phplab\\buoi7\\Buoi7\\vendor\\laravel\\framework\\src\\Illuminate\\Routing\\Middleware\\SubstituteBindings.php(50): Illuminate\\Pipeline\\Pipeline->Illuminate\\Pipeline\\{closure}(Object(Illuminate\\Http\\Request))
#35 D:\\1LuuDuLieuSV\\2001240399_TrinhHuuKienQuoc\\phplab\\buoi7\\Buoi7\\vendor\\laravel\\framework\\src\\Illuminate\\Pipeline\\Pipeline.php(167): Illuminate\\Routing\\Middleware\\SubstituteBindings->handle(Object(Illuminate\\Http\\Request), Object(Closure))
#36 D:\\1LuuDuLieuSV\\2001240399_TrinhHuuKienQuoc\\phplab\\buoi7\\Buoi7\\vendor\\laravel\\framework\\src\\Illuminate\\Foundation\\Http\\Middleware\\VerifyCsrfToken.php(78): Illuminate\\Pipeline\\Pipeline->Illuminate\\Pipeline\\{closure}(Object(Illuminate\\Http\\Request))
#37 D:\\1LuuDuLieuSV\\2001240399_TrinhHuuKienQuoc\\phplab\\buoi7\\Buoi7\\vendor\\laravel\\framework\\src\\Illuminate\\Pipeline\\Pipeline.php(167): Illuminate\\Foundation\\Http\\Middleware\\VerifyCsrfToken->handle(Object(Illuminate\\Http\\Request), Object(Closure))
#38 D:\\1LuuDuLieuSV\\2001240399_TrinhHuuKienQuoc\\phplab\\buoi7\\Buoi7\\vendor\\laravel\\framework\\src\\Illuminate\\View\\Middleware\\ShareErrorsFromSession.php(49): Illuminate\\Pipeline\\Pipeline->Illuminate\\Pipeline\\{closure}(Object(Illuminate\\Http\\Request))
#39 D:\\1LuuDuLieuSV\\2001240399_TrinhHuuKienQuoc\\phplab\\buoi7\\Buoi7\\vendor\\laravel\\framework\\src\\Illuminate\\Pipeline\\Pipeline.php(167): Illuminate\\View\\Middleware\\ShareErrorsFromSession->handle(Object(Illuminate\\Http\\Request), Object(Closure))
#40 D:\\1LuuDuLieuSV\\2001240399_TrinhHuuKienQuoc\\phplab\\buoi7\\Buoi7\\vendor\\laravel\\framework\\src\\Illuminate\\Session\\Middleware\\StartSession.php(121): Illuminate\\Pipeline\\Pipeline->Illuminate\\Pipeline\\{closure}(Object(Illuminate\\Http\\Request))
#41 D:\\1LuuDuLieuSV\\2001240399_TrinhHuuKienQuoc\\phplab\\buoi7\\Buoi7\\vendor\\laravel\\framework\\src\\Illuminate\\Session\\Middleware\\StartSession.php(64): Illuminate\\Session\\Middleware\\StartSession->handleStatefulRequest(Object(Illuminate\\Http\\Request), Object(Illuminate\\Session\\Store), Object(Closure))
#42 D:\\1LuuDuLieuSV\\2001240399_TrinhHuuKienQuoc\\phplab\\buoi7\\Buoi7\\vendor\\laravel\\framework\\src\\Illuminate\\Pipeline\\Pipeline.php(167): Illuminate\\Session\\Middleware\\StartSession->handle(Object(Illuminate\\Http\\Request), Object(Closure))
#43 D:\\1LuuDuLieuSV\\2001240399_TrinhHuuKienQuoc\\phplab\\buoi7\\Buoi7\\vendor\\laravel\\framework\\src\\Illuminate\\Cookie\\Middleware\\AddQueuedCookiesToResponse.php(37): Illuminate\\Pipeline\\Pipeline->Illuminate\\Pipeline\\{closure}(Object(Illuminate\\Http\\Request))
#44 D:\\1LuuDuLieuSV\\2001240399_TrinhHuuKienQuoc\\phplab\\buoi7\\Buoi7\\vendor\\laravel\\framework\\src\\Illuminate\\Pipeline\\Pipeline.php(167): Illuminate\\Cookie\\Middleware\\AddQueuedCookiesToResponse->handle(Object(Illuminate\\Http\\Request), Object(Closure))
#45 D:\\1LuuDuLieuSV\\2001240399_TrinhHuuKienQuoc\\phplab\\buoi7\\Buoi7\\vendor\\laravel\\framework\\src\\Illuminate\\Cookie\\Middleware\\EncryptCookies.php(67): Illuminate\\Pipeline\\Pipeline->Illuminate\\Pipeline\\{closure}(Object(Illuminate\\Http\\Request))
#46 D:\\1LuuDuLieuSV\\2001240399_TrinhHuuKienQuoc\\phplab\\buoi7\\Buoi7\\vendor\\laravel\\framework\\src\\Illuminate\\Pipeline\\Pipeline.php(167): Illuminate\\Cookie\\Middleware\\EncryptCookies->handle(Object(Illuminate\\Http\\Request), Object(Closure))
#47 D:\\1LuuDuLieuSV\\2001240399_TrinhHuuKienQuoc\\phplab\\buoi7\\Buoi7\\vendor\\laravel\\framework\\src\\Illuminate\\Pipeline\\Pipeline.php(103): Illuminate\\Pipeline\\Pipeline->Illuminate\\Pipeline\\{closure}(Object(Illuminate\\Http\\Request))
#48 D:\\1LuuDuLieuSV\\2001240399_TrinhHuuKienQuoc\\phplab\\buoi7\\Buoi7\\vendor\\laravel\\framework\\src\\Illuminate\\Routing\\Router.php(723): Illuminate\\Pipeline\\Pipeline->then(Object(Closure))
#49 D:\\1LuuDuLieuSV\\2001240399_TrinhHuuKienQuoc\\phplab\\buoi7\\Buoi7\\vendor\\laravel\\framework\\src\\Illuminate\\Routing\\Router.php(698): Illuminate\\Routing\\Router->runRouteWithinStack(Object(Illuminate\\Routing\\Route), Object(Illuminate\\Http\\Request))
#50 D:\\1LuuDuLieuSV\\2001240399_TrinhHuuKienQuoc\\phplab\\buoi7\\Buoi7\\vendor\\laravel\\framework\\src\\Illuminate\\Routing\\Router.php(662): Illuminate\\Routing\\Router->runRoute(Object(Illuminate\\Http\\Request), Object(Illuminate\\Routing\\Route))
#51 D:\\1LuuDuLieuSV\\2001240399_TrinhHuuKienQuoc\\phplab\\buoi7\\Buoi7\\vendor\\laravel\\framework\\src\\Illuminate\\Routing\\Router.php(651): Illuminate\\Routing\\Router->dispatchToRoute(Object(Illuminate\\Http\\Request))
#52 D:\\1LuuDuLieuSV\\2001240399_TrinhHuuKienQuoc\\phplab\\buoi7\\Buoi7\\vendor\\laravel\\framework\\src\\Illuminate\\Foundation\\Http\\Kernel.php(167): Illuminate\\Routing\\Router->dispatch(Object(Illuminate\\Http\\Request))
#53 D:\\1LuuDuLieuSV\\2001240399_TrinhHuuKienQuoc\\phplab\\buoi7\\Buoi7\\vendor\\laravel\\framework\\src\\Illuminate\\Pipeline\\Pipeline.php(128): Illuminate\\Foundation\\Http\\Kernel->Illuminate\\Foundation\\Http\\{closure}(Object(Illuminate\\Http\\Request))
#54 D:\\1LuuDuLieuSV\\2001240399_TrinhHuuKienQuoc\\phplab\\buoi7\\Buoi7\\vendor\\laravel\\framework\\src\\Illuminate\\Foundation\\Http\\Middleware\\TransformsRequest.php(21): Illuminate\\Pipeline\\Pipeline->Illuminate\\Pipeline\\{closure}(Object(Illuminate\\Http\\Request))
#55 D:\\1LuuDuLieuSV\\2001240399_TrinhHuuKienQuoc\\phplab\\buoi7\\Buoi7\\vendor\\laravel\\framework\\src\\Illuminate\\Foundation\\Http\\Middleware\\ConvertEmptyStringsToNull.php(31): Illuminate\\Foundation\\Http\\Middleware\\TransformsRequest->handle(Object(Illuminate\\Http\\Request), Object(Closure))
#56 D:\\1LuuDuLieuSV\\2001240399_TrinhHuuKienQuoc\\phplab\\buoi7\\Buoi7\\vendor\\laravel\\framework\\src\\Illuminate\\Pipeline\\Pipeline.php(167): Illuminate\\Foundation\\Http\\Middleware\\ConvertEmptyStringsToNull->handle(Object(Illuminate\\Http\\Request), Object(Closure))
#57 D:\\1LuuDuLieuSV\\2001240399_TrinhHuuKienQuoc\\phplab\\buoi7\\Buoi7\\vendor\\laravel\\framework\\src\\Illuminate\\Foundation\\Http\\Middleware\\TransformsRequest.php(21): Illuminate\\Pipeline\\Pipeline->Illuminate\\Pipeline\\{closure}(Object(Illuminate\\Http\\Request))
#58 D:\\1LuuDuLieuSV\\2001240399_TrinhHuuKienQuoc\\phplab\\buoi7\\Buoi7\\vendor\\laravel\\framework\\src\\Illuminate\\Foundation\\Http\\Middleware\\TrimStrings.php(40): Illuminate\\Foundation\\Http\\Middleware\\TransformsRequest->handle(Object(Illuminate\\Http\\Request), Object(Closure))
#59 D:\\1LuuDuLieuSV\\2001240399_TrinhHuuKienQuoc\\phplab\\buoi7\\Buoi7\\vendor\\laravel\\framework\\src\\Illuminate\\Pipeline\\Pipeline.php(167): Illuminate\\Foundation\\Http\\Middleware\\TrimStrings->handle(Object(Illuminate\\Http\\Request), Object(Closure))
#60 D:\\1LuuDuLieuSV\\2001240399_TrinhHuuKienQuoc\\phplab\\buoi7\\Buoi7\\vendor\\laravel\\framework\\src\\Illuminate\\Foundation\\Http\\Middleware\\ValidatePostSize.php(27): Illuminate\\Pipeline\\Pipeline->Illuminate\\Pipeline\\{closure}(Object(Illuminate\\Http\\Request))
#61 D:\\1LuuDuLieuSV\\2001240399_TrinhHuuKienQuoc\\phplab\\buoi7\\Buoi7\\vendor\\laravel\\framework\\src\\Illuminate\\Pipeline\\Pipeline.php(167): Illuminate\\Foundation\\Http\\Middleware\\ValidatePostSize->handle(Object(Illuminate\\Http\\Request), Object(Closure))
#62 D:\\1LuuDuLieuSV\\2001240399_TrinhHuuKienQuoc\\phplab\\buoi7\\Buoi7\\vendor\\laravel\\framework\\src\\Illuminate\\Foundation\\Http\\Middleware\\PreventRequestsDuringMaintenance.php(86): Illuminate\\Pipeline\\Pipeline->Illuminate\\Pipeline\\{closure}(Object(Illuminate\\Http\\Request))
#63 D:\\1LuuDuLieuSV\\2001240399_TrinhHuuKienQuoc\\phplab\\buoi7\\Buoi7\\vendor\\laravel\\framework\\src\\Illuminate\\Pipeline\\Pipeline.php(167): Illuminate\\Foundation\\Http\\Middleware\\PreventRequestsDuringMaintenance->handle(Object(Illuminate\\Http\\Request), Object(Closure))
#64 D:\\1LuuDuLieuSV\\2001240399_TrinhHuuKienQuoc\\phplab\\buoi7\\Buoi7\\vendor\\fruitcake\\laravel-cors\\src\\HandleCors.php(38): Illuminate\\Pipeline\\Pipeline->Illuminate\\Pipeline\\{closure}(Object(Illuminate\\Http\\Request))
#65 D:\\1LuuDuLieuSV\\2001240399_TrinhHuuKienQuoc\\phplab\\buoi7\\Buoi7\\vendor\\laravel\\framework\\src\\Illuminate\\Pipeline\\Pipeline.php(167): Fruitcake\\Cors\\HandleCors->handle(Object(Illuminate\\Http\\Request), Object(Closure))
#66 D:\\1LuuDuLieuSV\\2001240399_TrinhHuuKienQuoc\\phplab\\buoi7\\Buoi7\\vendor\\laravel\\framework\\src\\Illuminate\\Http\\Middleware\\TrustProxies.php(39): Illuminate\\Pipeline\\Pipeline->Illuminate\\Pipeline\\{closure}(Object(Illuminate\\Http\\Request))
#67 D:\\1LuuDuLieuSV\\2001240399_TrinhHuuKienQuoc\\phplab\\buoi7\\Buoi7\\vendor\\laravel\\framework\\src\\Illuminate\\Pipeline\\Pipeline.php(167): Illuminate\\Http\\Middleware\\TrustProxies->handle(Object(Illuminate\\Http\\Request), Object(Closure))
#68 D:\\1LuuDuLieuSV\\2001240399_TrinhHuuKienQuoc\\phplab\\buoi7\\Buoi7\\vendor\\laravel\\framework\\src\\Illuminate\\Pipeline\\Pipeline.php(103): Illuminate\\Pipeline\\Pipeline->Illuminate\\Pipeline\\{closure}(Object(Illuminate\\Http\\Request))
#69 D:\\1LuuDuLieuSV\\2001240399_TrinhHuuKienQuoc\\phplab\\buoi7\\Buoi7\\vendor\\laravel\\framework\\src\\Illuminate\\Foundation\\Http\\Kernel.php(142): Illuminate\\Pipeline\\Pipeline->then(Object(Closure))
#70 D:\\1LuuDuLieuSV\\2001240399_TrinhHuuKienQuoc\\phplab\\buoi7\\Buoi7\\vendor\\laravel\\framework\\src\\Illuminate\\Foundation\\Http\\Kernel.php(111): Illuminate\\Foundation\\Http\\Kernel->sendRequestThroughRouter(Object(Illuminate\\Http\\Request))
#71 D:\\1LuuDuLieuSV\\2001240399_TrinhHuuKienQuoc\\phplab\\buoi7\\Buoi7\\public\\index.php(52): Illuminate\\Foundation\\Http\\Kernel->handle(Object(Illuminate\\Http\\Request))
#72 D:\\1LuuDuLieuSV\\2001240399_TrinhHuuKienQuoc\\phplab\\buoi7\\Buoi7\\server.php(21): require_once('D:\\\\1LuuDuLieuSV...')
#73 {main}

[previous exception] [object] (Symfony\\Component\\Routing\\Exception\\RouteNotFoundException(code: 0): Route [articles.index] not defined. at D:\\1LuuDuLieuSV\\2001240399_TrinhHuuKienQuoc\\phplab\\buoi7\\Buoi7\\vendor\\laravel\\framework\\src\\Illuminate\\Routing\\UrlGenerator.php:444)
[stacktrace]
#0 D:\\1LuuDuLieuSV\\2001240399_TrinhHuuKienQuoc\\phplab\\buoi7\\Buoi7\\vendor\\laravel\\framework\\src\\Illuminate\\Foundation\\helpers.php(739): Illuminate\\Routing\\UrlGenerator->route('articles.index', Array, true)
#1 D:\\1LuuDuLieuSV\\2001240399_TrinhHuuKienQuoc\\phplab\\buoi7\\Buoi7\\storage\\framework\\views\\dd1f55067d46ebd499b4b10c7135a6cb2429e32d.php(2): route('articles.index')
#2 D:\\1LuuDuLieuSV\\2001240399_TrinhHuuKienQuoc\\phplab\\buoi7\\Buoi7\\vendor\\laravel\\framework\\src\\Illuminate\\Filesystem\\Filesystem.php(107): require('D:\\\\1LuuDuLieuSV...')
#3 D:\\1LuuDuLieuSV\\2001240399_TrinhHuuKienQuoc\\phplab\\buoi7\\Buoi7\\vendor\\laravel\\framework\\src\\Illuminate\\Filesystem\\Filesystem.php(108): Illuminate\\Filesystem\\Filesystem::Illuminate\\Filesystem\\{closure}()
#4 D:\\1LuuDuLieuSV\\2001240399_TrinhHuuKienQuoc\\phplab\\buoi7\\Buoi7\\vendor\\laravel\\framework\\src\\Illuminate\\View\\Engines\\PhpEngine.php(58): Illuminate\\Filesystem\\Filesystem->getRequire('D:\\\\1LuuDuLieuSV...', Array)
#5 D:\\1LuuDuLieuSV\\2001240399_TrinhHuuKienQuoc\\phplab\\buoi7\\Buoi7\\vendor\\laravel\\framework\\src\\Illuminate\\View\\Engines\\CompilerEngine.php(61): Illuminate\\View\\Engines\\PhpEngine->evaluatePath('D:\\\\1LuuDuLieuSV...', Array)
#6 D:\\1LuuDuLieuSV\\2001240399_TrinhHuuKienQuoc\\phplab\\buoi7\\Buoi7\\vendor\\facade\\ignition\\src\\Views\\Engines\\CompilerEngine.php(37): Illuminate\\View\\Engines\\CompilerEngine->get('D:\\\\1LuuDuLieuSV...', Array)
#7 D:\\1LuuDuLieuSV\\2001240399_TrinhHuuKienQuoc\\phplab\\buoi7\\Buoi7\\vendor\\laravel\\framework\\src\\Illuminate\\View\\View.php(139): Facade\\Ignition\\Views\\Engines\\CompilerEngine->get('D:\\\\1LuuDuLieuSV...', Array)
#8 D:\\1LuuDuLieuSV\\2001240399_TrinhHuuKienQuoc\\phplab\\buoi7\\Buoi7\\vendor\\laravel\\framework\\src\\Illuminate\\View\\View.php(122): Illuminate\\View\\View->getContents()
#9 D:\\1LuuDuLieuSV\\2001240399_TrinhHuuKienQuoc\\phplab\\buoi7\\Buoi7\\vendor\\laravel\\framework\\src\\Illuminate\\View\\View.php(91): Illuminate\\View\\View->renderContents()
#10 D:\\1LuuDuLieuSV\\2001240399_TrinhHuuKienQuoc\\phplab\\buoi7\\Buoi7\\storage\\framework\\views\\793fe2130a486b687700c8661d3cf002eff9dfbc.php(51): Illuminate\\View\\View->render()
#11 D:\\1LuuDuLieuSV\\2001240399_TrinhHuuKienQuoc\\phplab\\buoi7\\Buoi7\\vendor\\laravel\\framework\\src\\Illuminate\\Filesystem\\Filesystem.php(107): require('D:\\\\1LuuDuLieuSV...')
#12 D:\\1LuuDuLieuSV\\2001240399_TrinhHuuKienQuoc\\phplab\\buoi7\\Buoi7\\vendor\\laravel\\framework\\src\\Illuminate\\Filesystem\\Filesystem.php(108): Illuminate\\Filesystem\\Filesystem::Illuminate\\Filesystem\\{closure}()
#13 D:\\1LuuDuLieuSV\\2001240399_TrinhHuuKienQuoc\\phplab\\buoi7\\Buoi7\\vendor\\laravel\\framework\\src\\Illuminate\\View\\Engines\\PhpEngine.php(58): Illuminate\\Filesystem\\Filesystem->getRequire('D:\\\\1LuuDuLieuSV...', Array)
#14 D:\\1LuuDuLieuSV\\2001240399_TrinhHuuKienQuoc\\phplab\\buoi7\\Buoi7\\vendor\\laravel\\framework\\src\\Illuminate\\View\\Engines\\CompilerEngine.php(61): Illuminate\\View\\Engines\\PhpEngine->evaluatePath('D:\\\\1LuuDuLieuSV...', Array)
#15 D:\\1LuuDuLieuSV\\2001240399_TrinhHuuKienQuoc\\phplab\\buoi7\\Buoi7\\vendor\\facade\\ignition\\src\\Views\\Engines\\CompilerEngine.php(37): Illuminate\\View\\Engines\\CompilerEngine->get('D:\\\\1LuuDuLieuSV...', Array)
#16 D:\\1LuuDuLieuSV\\2001240399_TrinhHuuKienQuoc\\phplab\\buoi7\\Buoi7\\vendor\\laravel\\framework\\src\\Illuminate\\View\\View.php(139): Facade\\Ignition\\Views\\Engines\\CompilerEngine->get('D:\\\\1LuuDuLieuSV...', Array)
#17 D:\\1LuuDuLieuSV\\2001240399_TrinhHuuKienQuoc\\phplab\\buoi7\\Buoi7\\vendor\\laravel\\framework\\src\\Illuminate\\View\\View.php(122): Illuminate\\View\\View->getContents()
#18 D:\\1LuuDuLieuSV\\2001240399_TrinhHuuKienQuoc\\phplab\\buoi7\\Buoi7\\vendor\\laravel\\framework\\src\\Illuminate\\View\\View.php(91): Illuminate\\View\\View->renderContents()
#19 D:\\1LuuDuLieuSV\\2001240399_TrinhHuuKienQuoc\\phplab\\buoi7\\Buoi7\\storage\\framework\\views\\56b4c9cb23eb7816a60a7cbe5f53021f1e0a8454.php(21): Illuminate\\View\\View->render()
#20 D:\\1LuuDuLieuSV\\2001240399_TrinhHuuKienQuoc\\phplab\\buoi7\\Buoi7\\vendor\\laravel\\framework\\src\\Illuminate\\Filesystem\\Filesystem.php(107): require('D:\\\\1LuuDuLieuSV...')
#21 D:\\1LuuDuLieuSV\\2001240399_TrinhHuuKienQuoc\\phplab\\buoi7\\Buoi7\\vendor\\laravel\\framework\\src\\Illuminate\\Filesystem\\Filesystem.php(108): Illuminate\\Filesystem\\Filesystem::Illuminate\\Filesystem\\{closure}()
#22 D:\\1LuuDuLieuSV\\2001240399_TrinhHuuKienQuoc\\phplab\\buoi7\\Buoi7\\vendor\\laravel\\framework\\src\\Illuminate\\View\\Engines\\PhpEngine.php(58): Illuminate\\Filesystem\\Filesystem->getRequire('D:\\\\1LuuDuLieuSV...', Array)
#23 D:\\1LuuDuLieuSV\\2001240399_TrinhHuuKienQuoc\\phplab\\buoi7\\Buoi7\\vendor\\laravel\\framework\\src\\Illuminate\\View\\Engines\\CompilerEngine.php(61): Illuminate\\View\\Engines\\PhpEngine->evaluatePath('D:\\\\1LuuDuLieuSV...', Array)
#24 D:\\1LuuDuLieuSV\\2001240399_TrinhHuuKienQuoc\\phplab\\buoi7\\Buoi7\\vendor\\facade\\ignition\\src\\Views\\Engines\\CompilerEngine.php(37): Illuminate\\View\\Engines\\CompilerEngine->get('D:\\\\1LuuDuLieuSV...', Array)
#25 D:\\1LuuDuLieuSV\\2001240399_TrinhHuuKienQuoc\\phplab\\buoi7\\Buoi7\\vendor\\laravel\\framework\\src\\Illuminate\\View\\View.php(139): Facade\\Ignition\\Views\\Engines\\CompilerEngine->get('D:\\\\1LuuDuLieuSV...', Array)
#26 D:\\1LuuDuLieuSV\\2001240399_TrinhHuuKienQuoc\\phplab\\buoi7\\Buoi7\\vendor\\laravel\\framework\\src\\Illuminate\\View\\View.php(122): Illuminate\\View\\View->getContents()
#27 D:\\1LuuDuLieuSV\\2001240399_TrinhHuuKienQuoc\\phplab\\buoi7\\Buoi7\\vendor\\laravel\\framework\\src\\Illuminate\\View\\View.php(91): Illuminate\\View\\View->renderContents()
#28 D:\\1LuuDuLieuSV\\2001240399_TrinhHuuKienQuoc\\phplab\\buoi7\\Buoi7\\vendor\\laravel\\framework\\src\\Illuminate\\Http\\Response.php(69): Illuminate\\View\\View->render()
#29 D:\\1LuuDuLieuSV\\2001240399_TrinhHuuKienQuoc\\phplab\\buoi7\\Buoi7\\vendor\\laravel\\framework\\src\\Illuminate\\Http\\Response.php(35): Illuminate\\Http\\Response->setContent(Object(Illuminate\\View\\View))
#30 D:\\1LuuDuLieuSV\\2001240399_TrinhHuuKienQuoc\\phplab\\buoi7\\Buoi7\\vendor\\laravel\\framework\\src\\Illuminate\\Routing\\Router.php(820): Illuminate\\Http\\Response->__construct(Object(Illuminate\\View\\View), 200, Array)
#31 D:\\1LuuDuLieuSV\\2001240399_TrinhHuuKienQuoc\\phplab\\buoi7\\Buoi7\\vendor\\laravel\\framework\\src\\Illuminate\\Routing\\Router.php(789): Illuminate\\Routing\\Router::toResponse(Object(Illuminate\\Http\\Request), Object(Illuminate\\View\\View))
#32 D:\\1LuuDuLieuSV\\2001240399_TrinhHuuKienQuoc\\phplab\\buoi7\\Buoi7\\vendor\\laravel\\framework\\src\\Illuminate\\Routing\\Router.php(721): Illuminate\\Routing\\Router->prepareResponse(Object(Illuminate\\Http\\Request), Object(Illuminate\\View\\View))
#33 D:\\1LuuDuLieuSV\\2001240399_TrinhHuuKienQuoc\\phplab\\buoi7\\Buoi7\\vendor\\laravel\\framework\\src\\Illuminate\\Pipeline\\Pipeline.php(128): Illuminate\\Routing\\Router->Illuminate\\Routing\\{closure}(Object(Illuminate\\Http\\Request))
#34 D:\\1LuuDuLieuSV\\2001240399_TrinhHuuKienQuoc\\phplab\\buoi7\\Buoi7\\vendor\\laravel\\framework\\src\\Illuminate\\Routing\\Middleware\\SubstituteBindings.php(50): Illuminate\\Pipeline\\Pipeline->Illuminate\\Pipeline\\{closure}(Object(Illuminate\\Http\\Request))
#35 D:\\1LuuDuLieuSV\\2001240399_TrinhHuuKienQuoc\\phplab\\buoi7\\Buoi7\\vendor\\laravel\\framework\\src\\Illuminate\\Pipeline\\Pipeline.php(167): Illuminate\\Routing\\Middleware\\SubstituteBindings->handle(Object(Illuminate\\Http\\Request), Object(Closure))
#36 D:\\1LuuDuLieuSV\\2001240399_TrinhHuuKienQuoc\\phplab\\buoi7\\Buoi7\\vendor\\laravel\\framework\\src\\Illuminate\\Foundation\\Http\\Middleware\\VerifyCsrfToken.php(78): Illuminate\\Pipeline\\Pipeline->Illuminate\\Pipeline\\{closure}(Object(Illuminate\\Http\\Request))
#37 D:\\1LuuDuLieuSV\\2001240399_TrinhHuuKienQuoc\\phplab\\buoi7\\Buoi7\\vendor\\laravel\\framework\\src\\Illuminate\\Pipeline\\Pipeline.php(167): Illuminate\\Foundation\\Http\\Middleware\\VerifyCsrfToken->handle(Object(Illuminate\\Http\\Request), Object(Closure))
#38 D:\\1LuuDuLieuSV\\2001240399_TrinhHuuKienQuoc\\phplab\\buoi7\\Buoi7\\vendor\\laravel\\framework\\src\\Illuminate\\View\\Middleware\\ShareErrorsFromSession.php(49): Illuminate\\Pipeline\\Pipeline->Illuminate\\Pipeline\\{closure}(Object(Illuminate\\Http\\Request))
#39 D:\\1LuuDuLieuSV\\2001240399_TrinhHuuKienQuoc\\phplab\\buoi7\\Buoi7\\vendor\\laravel\\framework\\src\\Illuminate\\Pipeline\\Pipeline.php(167): Illuminate\\View\\Middleware\\ShareErrorsFromSession->handle(Object(Illuminate\\Http\\Request), Object(Closure))
#40 D:\\1LuuDuLieuSV\\2001240399_TrinhHuuKienQuoc\\phplab\\buoi7\\Buoi7\\vendor\\laravel\\framework\\src\\Illuminate\\Session\\Middleware\\StartSession.php(121): Illuminate\\Pipeline\\Pipeline->Illuminate\\Pipeline\\{closure}(Object(Illuminate\\Http\\Request))
#41 D:\\1LuuDuLieuSV\\2001240399_TrinhHuuKienQuoc\\phplab\\buoi7\\Buoi7\\vendor\\laravel\\framework\\src\\Illuminate\\Session\\Middleware\\StartSession.php(64): Illuminate\\Session\\Middleware\\StartSession->handleStatefulRequest(Object(Illuminate\\Http\\Request), Object(Illuminate\\Session\\Store), Object(Closure))
#42 D:\\1LuuDuLieuSV\\2001240399_TrinhHuuKienQuoc\\phplab\\buoi7\\Buoi7\\vendor\\laravel\\framework\\src\\Illuminate\\Pipeline\\Pipeline.php(167): Illuminate\\Session\\Middleware\\StartSession->handle(Object(Illuminate\\Http\\Request), Object(Closure))
#43 D:\\1LuuDuLieuSV\\2001240399_TrinhHuuKienQuoc\\phplab\\buoi7\\Buoi7\\vendor\\laravel\\framework\\src\\Illuminate\\Cookie\\Middleware\\AddQueuedCookiesToResponse.php(37): Illuminate\\Pipeline\\Pipeline->Illuminate\\Pipeline\\{closure}(Object(Illuminate\\Http\\Request))
#44 D:\\1LuuDuLieuSV\\2001240399_TrinhHuuKienQuoc\\phplab\\buoi7\\Buoi7\\vendor\\laravel\\framework\\src\\Illuminate\\Pipeline\\Pipeline.php(167): Illuminate\\Cookie\\Middleware\\AddQueuedCookiesToResponse->handle(Object(Illuminate\\Http\\Request), Object(Closure))
#45 D:\\1LuuDuLieuSV\\2001240399_TrinhHuuKienQuoc\\phplab\\buoi7\\Buoi7\\vendor\\laravel\\framework\\src\\Illuminate\\Cookie\\Middleware\\EncryptCookies.php(67): Illuminate\\Pipeline\\Pipeline->Illuminate\\Pipeline\\{closure}(Object(Illuminate\\Http\\Request))
#46 D:\\1LuuDuLieuSV\\2001240399_TrinhHuuKienQuoc\\phplab\\buoi7\\Buoi7\\vendor\\laravel\\framework\\src\\Illuminate\\Pipeline\\Pipeline.php(167): Illuminate\\Cookie\\Middleware\\EncryptCookies->handle(Object(Illuminate\\Http\\Request), Object(Closure))
#47 D:\\1LuuDuLieuSV\\2001240399_TrinhHuuKienQuoc\\phplab\\buoi7\\Buoi7\\vendor\\laravel\\framework\\src\\Illuminate\\Pipeline\\Pipeline.php(103): Illuminate\\Pipeline\\Pipeline->Illuminate\\Pipeline\\{closure}(Object(Illuminate\\Http\\Request))
#48 D:\\1LuuDuLieuSV\\2001240399_TrinhHuuKienQuoc\\phplab\\buoi7\\Buoi7\\vendor\\laravel\\framework\\src\\Illuminate\\Routing\\Router.php(723): Illuminate\\Pipeline\\Pipeline->then(Object(Closure))
#49 D:\\1LuuDuLieuSV\\2001240399_TrinhHuuKienQuoc\\phplab\\buoi7\\Buoi7\\vendor\\laravel\\framework\\src\\Illuminate\\Routing\\Router.php(698): Illuminate\\Routing\\Router->runRouteWithinStack(Object(Illuminate\\Routing\\Route), Object(Illuminate\\Http\\Request))
#50 D:\\1LuuDuLieuSV\\2001240399_TrinhHuuKienQuoc\\phplab\\buoi7\\Buoi7\\vendor\\laravel\\framework\\src\\Illuminate\\Routing\\Router.php(662): Illuminate\\Routing\\Router->runRoute(Object(Illuminate\\Http\\Request), Object(Illuminate\\Routing\\Route))
#51 D:\\1LuuDuLieuSV\\2001240399_TrinhHuuKienQuoc\\phplab\\buoi7\\Buoi7\\vendor\\laravel\\framework\\src\\Illuminate\\Routing\\Router.php(651): Illuminate\\Routing\\Router->dispatchToRoute(Object(Illuminate\\Http\\Request))
#52 D:\\1LuuDuLieuSV\\2001240399_TrinhHuuKienQuoc\\phplab\\buoi7\\Buoi7\\vendor\\laravel\\framework\\src\\Illuminate\\Foundation\\Http\\Kernel.php(167): Illuminate\\Routing\\Router->dispatch(Object(Illuminate\\Http\\Request))
#53 D:\\1LuuDuLieuSV\\2001240399_TrinhHuuKienQuoc\\phplab\\buoi7\\Buoi7\\vendor\\laravel\\framework\\src\\Illuminate\\Pipeline\\Pipeline.php(128): Illuminate\\Foundation\\Http\\Kernel->Illuminate\\Foundation\\Http\\{closure}(Object(Illuminate\\Http\\Request))
#54 D:\\1LuuDuLieuSV\\2001240399_TrinhHuuKienQuoc\\phplab\\buoi7\\Buoi7\\vendor\\laravel\\framework\\src\\Illuminate\\Foundation\\Http\\Middleware\\TransformsRequest.php(21): Illuminate\\Pipeline\\Pipeline->Illuminate\\Pipeline\\{closure}(Object(Illuminate\\Http\\Request))
#55 D:\\1LuuDuLieuSV\\2001240399_TrinhHuuKienQuoc\\phplab\\buoi7\\Buoi7\\vendor\\laravel\\framework\\src\\Illuminate\\Foundation\\Http\\Middleware\\ConvertEmptyStringsToNull.php(31): Illuminate\\Foundation\\Http\\Middleware\\TransformsRequest->handle(Object(Illuminate\\Http\\Request), Object(Closure))
#56 D:\\1LuuDuLieuSV\\2001240399_TrinhHuuKienQuoc\\phplab\\buoi7\\Buoi7\\vendor\\laravel\\framework\\src\\Illuminate\\Pipeline\\Pipeline.php(167): Illuminate\\Foundation\\Http\\Middleware\\ConvertEmptyStringsToNull->handle(Object(Illuminate\\Http\\Request), Object(Closure))
#57 D:\\1LuuDuLieuSV\\2001240399_TrinhHuuKienQuoc\\phplab\\buoi7\\Buoi7\\vendor\\laravel\\framework\\src\\Illuminate\\Foundation\\Http\\Middleware\\TransformsRequest.php(21): Illuminate\\Pipeline\\Pipeline->Illuminate\\Pipeline\\{closure}(Object(Illuminate\\Http\\Request))
#58 D:\\1LuuDuLieuSV\\2001240399_TrinhHuuKienQuoc\\phplab\\buoi7\\Buoi7\\vendor\\laravel\\framework\\src\\Illuminate\\Foundation\\Http\\Middleware\\TrimStrings.php(40): Illuminate\\Foundation\\Http\\Middleware\\TransformsRequest->handle(Object(Illuminate\\Http\\Request), Object(Closure))
#59 D:\\1LuuDuLieuSV\\2001240399_TrinhHuuKienQuoc\\phplab\\buoi7\\Buoi7\\vendor\\laravel\\framework\\src\\Illuminate\\Pipeline\\Pipeline.php(167): Illuminate\\Foundation\\Http\\Middleware\\TrimStrings->handle(Object(Illuminate\\Http\\Request), Object(Closure))
#60 D:\\1LuuDuLieuSV\\2001240399_TrinhHuuKienQuoc\\phplab\\buoi7\\Buoi7\\vendor\\laravel\\framework\\src\\Illuminate\\Foundation\\Http\\Middleware\\ValidatePostSize.php(27): Illuminate\\Pipeline\\Pipeline->Illuminate\\Pipeline\\{closure}(Object(Illuminate\\Http\\Request))
#61 D:\\1LuuDuLieuSV\\2001240399_TrinhHuuKienQuoc\\phplab\\buoi7\\Buoi7\\vendor\\laravel\\framework\\src\\Illuminate\\Pipeline\\Pipeline.php(167): Illuminate\\Foundation\\Http\\Middleware\\ValidatePostSize->handle(Object(Illuminate\\Http\\Request), Object(Closure))
#62 D:\\1LuuDuLieuSV\\2001240399_TrinhHuuKienQuoc\\phplab\\buoi7\\Buoi7\\vendor\\laravel\\framework\\src\\Illuminate\\Foundation\\Http\\Middleware\\PreventRequestsDuringMaintenance.php(86): Illuminate\\Pipeline\\Pipeline->Illuminate\\Pipeline\\{closure}(Object(Illuminate\\Http\\Request))
#63 D:\\1LuuDuLieuSV\\2001240399_TrinhHuuKienQuoc\\phplab\\buoi7\\Buoi7\\vendor\\laravel\\framework\\src\\Illuminate\\Pipeline\\Pipeline.php(167): Illuminate\\Foundation\\Http\\Middleware\\PreventRequestsDuringMaintenance->handle(Object(Illuminate\\Http\\Request), Object(Closure))
#64 D:\\1LuuDuLieuSV\\2001240399_TrinhHuuKienQuoc\\phplab\\buoi7\\Buoi7\\vendor\\fruitcake\\laravel-cors\\src\\HandleCors.php(38): Illuminate\\Pipeline\\Pipeline->Illuminate\\Pipeline\\{closure}(Object(Illuminate\\Http\\Request))
#65 D:\\1LuuDuLieuSV\\2001240399_TrinhHuuKienQuoc\\phplab\\buoi7\\Buoi7\\vendor\\laravel\\framework\\src\\Illuminate\\Pipeline\\Pipeline.php(167): Fruitcake\\Cors\\HandleCors->handle(Object(Illuminate\\Http\\Request), Object(Closure))
#66 D:\\1LuuDuLieuSV\\2001240399_TrinhHuuKienQuoc\\phplab\\buoi7\\Buoi7\\vendor\\laravel\\framework\\src\\Illuminate\\Http\\Middleware\\TrustProxies.php(39): Illuminate\\Pipeline\\Pipeline->Illuminate\\Pipeline\\{closure}(Object(Illuminate\\Http\\Request))
#67 D:\\1LuuDuLieuSV\\2001240399_TrinhHuuKienQuoc\\phplab\\buoi7\\Buoi7\\vendor\\laravel\\framework\\src\\Illuminate\\Pipeline\\Pipeline.php(167): Illuminate\\Http\\Middleware\\TrustProxies->handle(Object(Illuminate\\Http\\Request), Object(Closure))
#68 D:\\1LuuDuLieuSV\\2001240399_TrinhHuuKienQuoc\\phplab\\buoi7\\Buoi7\\vendor\\laravel\\framework\\src\\Illuminate\\Pipeline\\Pipeline.php(103): Illuminate\\Pipeline\\Pipeline->Illuminate\\Pipeline\\{closure}(Object(Illuminate\\Http\\Request))
#69 D:\\1LuuDuLieuSV\\2001240399_TrinhHuuKienQuoc\\phplab\\buoi7\\Buoi7\\vendor\\laravel\\framework\\src\\Illuminate\\Foundation\\Http\\Kernel.php(142): Illuminate\\Pipeline\\Pipeline->then(Object(Closure))
#70 D:\\1LuuDuLieuSV\\2001240399_TrinhHuuKienQuoc\\phplab\\buoi7\\Buoi7\\vendor\\laravel\\framework\\src\\Illuminate\\Foundation\\Http\\Kernel.php(111): Illuminate\\Foundation\\Http\\Kernel->sendRequestThroughRouter(Object(Illuminate\\Http\\Request))
#71 D:\\1LuuDuLieuSV\\2001240399_TrinhHuuKienQuoc\\phplab\\buoi7\\Buoi7\\public\\index.php(52): Illuminate\\Foundation\\Http\\Kernel->handle(Object(Illuminate\\Http\\Request))
#72 D:\\1LuuDuLieuSV\\2001240399_TrinhHuuKienQuoc\\phplab\\buoi7\\Buoi7\\server.php(21): require_once('D:\\\\1LuuDuLieuSV...')
#73 {main}
"} 
[2026-09-28 07:59:20] local.ERROR: Call to undefined method App\Models\Category::products() {"exception":"[object] (BadMethodCallException(code: 0): Call to undefined method App\\Models\\Category::products() at D:\\1LuuDuLieuSV\\2001240399_TrinhHuuKienQuoc\\phplab\\buoi7\\Buoi7\\vendor\\laravel\\framework\\src\\Illuminate\\Support\\Traits\\ForwardsCalls.php:71)
[stacktrace]
#0 D:\\1LuuDuLieuSV\\2001240399_TrinhHuuKienQuoc\\phplab\\buoi7\\Buoi7\\vendor\\laravel\\framework\\src\\Illuminate\\Support\\Traits\\ForwardsCalls.php(36): Illuminate\\Database\\Eloquent\\Model::throwBadMethodCallException('products')
#1 D:\\1LuuDuLieuSV\\2001240399_TrinhHuuKienQuoc\\phplab\\buoi7\\Buoi7\\vendor\\laravel\\framework\\src\\Illuminate\\Database\\Eloquent\\Model.php(2132): Illuminate\\Database\\Eloquent\\Model->forwardCallTo(Object(Illuminate\\Database\\Eloquent\\Builder), 'products', Array)
#2 D:\\1LuuDuLieuSV\\2001240399_TrinhHuuKienQuoc\\phplab\\buoi7\\Buoi7\\vendor\\laravel\\framework\\src\\Illuminate\\Database\\Eloquent\\Factories\\Factory.php(817): Illuminate\\Database\\Eloquent\\Model->__call('products', Array)
#3 D:\\1LuuDuLieuSV\\2001240399_TrinhHuuKienQuoc\\phplab\\buoi7\\Buoi7\\database\\seeders\\DatabaseSeeder.php(20): Illuminate\\Database\\Eloquent\\Factories\\Factory->__call('hasProducts', Array)
#4 D:\\1LuuDuLieuSV\\2001240399_TrinhHuuKienQuoc\\phplab\\buoi7\\Buoi7\\vendor\\laravel\\framework\\src\\Illuminate\\Container\\BoundMethod.php(36): Database\\Seeders\\DatabaseSeeder->run()
#5 D:\\1LuuDuLieuSV\\2001240399_TrinhHuuKienQuoc\\phplab\\buoi7\\Buoi7\\vendor\\laravel\\framework\\src\\Illuminate\\Container\\Util.php(40): Illuminate\\Container\\BoundMethod::Illuminate\\Container\\{closure}()
#6 D:\\1LuuDuLieuSV\\2001240399_TrinhHuuKienQuoc\\phplab\\buoi7\\Buoi7\\vendor\\laravel\\framework\\src\\Illuminate\\Container\\BoundMethod.php(93): Illuminate\\Container\\Util::unwrapIfClosure(Object(Closure))
#7 D:\\1LuuDuLieuSV\\2001240399_TrinhHuuKienQuoc\\phplab\\buoi7\\Buoi7\\vendor\\laravel\\framework\\src\\Illuminate\\Container\\BoundMethod.php(37): Illuminate\\Container\\BoundMethod::callBoundMethod(Object(Illuminate\\Foundation\\Application), Array, Object(Closure))
#8 D:\\1LuuDuLieuSV\\2001240399_TrinhHuuKienQuoc\\phplab\\buoi7\\Buoi7\\vendor\\laravel\\framework\\src\\Illuminate\\Container\\Container.php(653): Illuminate\\Container\\BoundMethod::call(Object(Illuminate\\Foundation\\Application), Array, Array, NULL)
#9 D:\\1LuuDuLieuSV\\2001240399_TrinhHuuKienQuoc\\phplab\\buoi7\\Buoi7\\vendor\\laravel\\framework\\src\\Illuminate\\Database\\Seeder.php(149): Illuminate\\Container\\Container->call(Array, Array)
#10 D:\\1LuuDuLieuSV\\2001240399_TrinhHuuKienQuoc\\phplab\\buoi7\\Buoi7\\vendor\\laravel\\framework\\src\\Illuminate\\Database\\Console\\Seeds\\SeedCommand.php(66): Illuminate\\Database\\Seeder->__invoke()
#11 D:\\1LuuDuLieuSV\\2001240399_TrinhHuuKienQuoc\\phplab\\buoi7\\Buoi7\\vendor\\laravel\\framework\\src\\Illuminate\\Database\\Eloquent\\Concerns\\GuardsAttributes.php(157): Illuminate\\Database\\Console\\Seeds\\SeedCommand->Illuminate\\Database\\Console\\Seeds\\{closure}()
#12 D:\\1LuuDuLieuSV\\2001240399_TrinhHuuKienQuoc\\phplab\\buoi7\\Buoi7\\vendor\\laravel\\framework\\src\\Illuminate\\Database\\Console\\Seeds\\SeedCommand.php(67): Illuminate\\Database\\Eloquent\\Model::unguarded(Object(Closure))
#13 D:\\1LuuDuLieuSV\\2001240399_TrinhHuuKienQuoc\\phplab\\buoi7\\Buoi7\\vendor\\laravel\\framework\\src\\Illuminate\\Container\\BoundMethod.php(36): Illuminate\\Database\\Console\\Seeds\\SeedCommand->handle()
#14 D:\\1LuuDuLieuSV\\2001240399_TrinhHuuKienQuoc\\phplab\\buoi7\\Buoi7\\vendor\\laravel\\framework\\src\\Illuminate\\Container\\Util.php(40): Illuminate\\Container\\BoundMethod::Illuminate\\Container\\{closure}()
#15 D:\\1LuuDuLieuSV\\2001240399_TrinhHuuKienQuoc\\phplab\\buoi7\\Buoi7\\vendor\\laravel\\framework\\src\\Illuminate\\Container\\BoundMethod.php(93): Illuminate\\Container\\Util::unwrapIfClosure(Object(Closure))
#16 D:\\1LuuDuLieuSV\\2001240399_TrinhHuuKienQuoc\\phplab\\buoi7\\Buoi7\\vendor\\laravel\\framework\\src\\Illuminate\\Container\\BoundMethod.php(37): Illuminate\\Container\\BoundMethod::callBoundMethod(Object(Illuminate\\Foundation\\Application), Array, Object(Closure))
#17 D:\\1LuuDuLieuSV\\2001240399_TrinhHuuKienQuoc\\phplab\\buoi7\\Buoi7\\vendor\\laravel\\framework\\src\\Illuminate\\Container\\Container.php(653): Illuminate\\Container\\BoundMethod::call(Object(Illuminate\\Foundation\\Application), Array, Array, NULL)
#18 D:\\1LuuDuLieuSV\\2001240399_TrinhHuuKienQuoc\\phplab\\buoi7\\Buoi7\\vendor\\laravel\\framework\\src\\Illuminate\\Console\\Command.php(136): Illuminate\\Container\\Container->call(Array)
#19 D:\\1LuuDuLieuSV\\2001240399_TrinhHuuKienQuoc\\phplab\\buoi7\\Buoi7\\vendor\\symfony\\console\\Command\\Command.php(298): Illuminate\\Console\\Command->execute(Object(Symfony\\Component\\Console\\Input\\ArrayInput), Object(Illuminate\\Console\\OutputStyle))
#20 D:\\1LuuDuLieuSV\\2001240399_TrinhHuuKienQuoc\\phplab\\buoi7\\Buoi7\\vendor\\laravel\\framework\\src\\Illuminate\\Console\\Command.php(121): Symfony\\Component\\Console\\Command\\Command->run(Object(Symfony\\Component\\Console\\Input\\ArrayInput), Object(Illuminate\\Console\\OutputStyle))
#21 D:\\1LuuDuLieuSV\\2001240399_TrinhHuuKienQuoc\\phplab\\buoi7\\Buoi7\\vendor\\laravel\\framework\\src\\Illuminate\\Console\\Concerns\\CallsCommands.php(68): Illuminate\\Console\\Command->run(Object(Symfony\\Component\\Console\\Input\\ArrayInput), Object(Illuminate\\Console\\OutputStyle))
#22 D:\\1LuuDuLieuSV\\2001240399_TrinhHuuKienQuoc\\phplab\\buoi7\\Buoi7\\vendor\\laravel\\framework\\src\\Illuminate\\Console\\Concerns\\CallsCommands.php(28): Illuminate\\Console\\Command->runCommand('db:seed', Array, Object(Illuminate\\Console\\OutputStyle))
#23 D:\\1LuuDuLieuSV\\2001240399_TrinhHuuKienQuoc\\phplab\\buoi7\\Buoi7\\vendor\\laravel\\framework\\src\\Illuminate\\Database\\Console\\Migrations\\FreshCommand.php(90): Illuminate\\Console\\Command->call('db:seed', Array)
#24 D:\\1LuuDuLieuSV\\2001240399_TrinhHuuKienQuoc\\phplab\\buoi7\\Buoi7\\vendor\\laravel\\framework\\src\\Illuminate\\Database\\Console\\Migrations\\FreshCommand.php(65): Illuminate\\Database\\Console\\Migrations\\FreshCommand->runSeeder(NULL)
#25 D:\\1LuuDuLieuSV\\2001240399_TrinhHuuKienQuoc\\phplab\\buoi7\\Buoi7\\vendor\\laravel\\framework\\src\\Illuminate\\Container\\BoundMethod.php(36): Illuminate\\Database\\Console\\Migrations\\FreshCommand->handle()
#26 D:\\1LuuDuLieuSV\\2001240399_TrinhHuuKienQuoc\\phplab\\buoi7\\Buoi7\\vendor\\laravel\\framework\\src\\Illuminate\\Container\\Util.php(40): Illuminate\\Container\\BoundMethod::Illuminate\\Container\\{closure}()
#27 D:\\1LuuDuLieuSV\\2001240399_TrinhHuuKienQuoc\\phplab\\buoi7\\Buoi7\\vendor\\laravel\\framework\\src\\Illuminate\\Container\\BoundMethod.php(93): Illuminate\\Container\\Util::unwrapIfClosure(Object(Closure))
#28 D:\\1LuuDuLieuSV\\2001240399_TrinhHuuKienQuoc\\phplab\\buoi7\\Buoi7\\vendor\\laravel\\framework\\src\\Illuminate\\Container\\BoundMethod.php(37): Illuminate\\Container\\BoundMethod::callBoundMethod(Object(Illuminate\\Foundation\\Application), Array, Object(Closure))
#29 D:\\1LuuDuLieuSV\\2001240399_TrinhHuuKienQuoc\\phplab\\buoi7\\Buoi7\\vendor\\laravel\\framework\\src\\Illuminate\\Container\\Container.php(653): Illuminate\\Container\\BoundMethod::call(Object(Illuminate\\Foundation\\Application), Array, Array, NULL)
#30 D:\\1LuuDuLieuSV\\2001240399_TrinhHuuKienQuoc\\phplab\\buoi7\\Buoi7\\vendor\\laravel\\framework\\src\\Illuminate\\Console\\Command.php(136): Illuminate\\Container\\Container->call(Array)
#31 D:\\1LuuDuLieuSV\\2001240399_TrinhHuuKienQuoc\\phplab\\buoi7\\Buoi7\\vendor\\symfony\\console\\Command\\Command.php(298): Illuminate\\Console\\Command->execute(Object(Symfony\\Component\\Console\\Input\\ArgvInput), Object(Illuminate\\Console\\OutputStyle))
#32 D:\\1LuuDuLieuSV\\2001240399_TrinhHuuKienQuoc\\phplab\\buoi7\\Buoi7\\vendor\\laravel\\framework\\src\\Illuminate\\Console\\Command.php(121): Symfony\\Component\\Console\\Command\\Command->run(Object(Symfony\\Component\\Console\\Input\\ArgvInput), Object(Illuminate\\Console\\OutputStyle))
#33 D:\\1LuuDuLieuSV\\2001240399_TrinhHuuKienQuoc\\phplab\\buoi7\\Buoi7\\vendor\\symfony\\console\\Application.php(1040): Illuminate\\Console\\Command->run(Object(Symfony\\Component\\Console\\Input\\ArgvInput), Object(Symfony\\Component\\Console\\Output\\ConsoleOutput))
#34 D:\\1LuuDuLieuSV\\2001240399_TrinhHuuKienQuoc\\phplab\\buoi7\\Buoi7\\vendor\\symfony\\console\\Application.php(301): Symfony\\Component\\Console\\Application->doRunCommand(Object(Illuminate\\Database\\Console\\Migrations\\FreshCommand), Object(Symfony\\Component\\Console\\Input\\ArgvInput), Object(Symfony\\Component\\Console\\Output\\ConsoleOutput))
#35 D:\\1LuuDuLieuSV\\2001240399_TrinhHuuKienQuoc\\phplab\\buoi7\\Buoi7\\vendor\\symfony\\console\\Application.php(171): Symfony\\Component\\Console\\Application->doRun(Object(Symfony\\Component\\Console\\Input\\ArgvInput), Object(Symfony\\Component\\Console\\Output\\ConsoleOutput))
#36 D:\\1LuuDuLieuSV\\2001240399_TrinhHuuKienQuoc\\phplab\\buoi7\\Buoi7\\vendor\\laravel\\framework\\src\\Illuminate\\Console\\Application.php(94): Symfony\\Component\\Console\\Application->run(Object(Symfony\\Component\\Console\\Input\\ArgvInput), Object(Symfony\\Component\\Console\\Output\\ConsoleOutput))
#37 D:\\1LuuDuLieuSV\\2001240399_TrinhHuuKienQuoc\\phplab\\buoi7\\Buoi7\\vendor\\laravel\\framework\\src\\Illuminate\\Foundation\\Console\\Kernel.php(129): Illuminate\\Console\\Application->run(Object(Symfony\\Component\\Console\\Input\\ArgvInput), Object(Symfony\\Component\\Console\\Output\\ConsoleOutput))
#38 D:\\1LuuDuLieuSV\\2001240399_TrinhHuuKienQuoc\\phplab\\buoi7\\Buoi7\\artisan(37): Illuminate\\Foundation\\Console\\Kernel->handle(Object(Symfony\\Component\\Console\\Input\\ArgvInput), Object(Symfony\\Component\\Console\\Output\\ConsoleOutput))
#39 {main}
"} 
[2026-09-28 08:00:11] local.ERROR: Generators may only declare a return type of Generator, Iterator, Traversable, or iterable, array is not permitted {"exception":"[object] (Symfony\\Component\\ErrorHandler\\Error\\FatalError(code: 0): Generators may only declare a return type of Generator, Iterator, Traversable, or iterable, array is not permitted at D:\\1LuuDuLieuSV\\2001240399_TrinhHuuKienQuoc\\phplab\\buoi7\\Buoi7\\database\\factories\\CourseFactory.php:14)
[stacktrace]
#0 {main}
"} 
[2026-09-28 08:01:52] local.ERROR: Generators may only declare a return type of Generator, Iterator, Traversable, or iterable, array is not permitted {"exception":"[object] (Symfony\\Component\\ErrorHandler\\Error\\FatalError(code: 0): Generators may only declare a return type of Generator, Iterator, Traversable, or iterable, array is not permitted at D:\\1LuuDuLieuSV\\2001240399_TrinhHuuKienQuoc\\phplab\\buoi7\\Buoi7\\database\\factories\\CourseFactory.php:14)
[stacktrace]
#0 {main}
"} 
[2026-09-28 08:02:08] local.ERROR: Generators may only declare a return type of Generator, Iterator, Traversable, or iterable, array is not permitted {"exception":"[object] (Symfony\\Component\\ErrorHandler\\Error\\FatalError(code: 0): Generators may only declare a return type of Generator, Iterator, Traversable, or iterable, array is not permitted at D:\\1LuuDuLieuSV\\2001240399_TrinhHuuKienQuoc\\phplab\\buoi7\\Buoi7\\database\\factories\\CourseFactory.php:14)
[stacktrace]
#0 {main}
"} 
[2026-09-28 08:02:57] local.ERROR: SQLSTATE[42S22]: Column not found: 1054 Unknown column 'title' in 'field list' (SQL: insert into `courses` (`title`, `description`, `updated_at`, `created_at`) values (omnis vel nam, Vitae est magni quia eius., 2026-09-28 08:02:57, 2026-09-28 08:02:57)) {"exception":"[object] (Illuminate\\Database\\QueryException(code: 42S22): SQLSTATE[42S22]: Column not found: 1054 Unknown column 'title' in 'field list' (SQL: insert into `courses` (`title`, `description`, `updated_at`, `created_at`) values (omnis vel nam, Vitae est magni quia eius., 2026-09-28 08:02:57, 2026-09-28 08:02:57)) at D:\\1LuuDuLieuSV\\2001240399_TrinhHuuKienQuoc\\phplab\\buoi7\\Buoi7\\vendor\\laravel\\framework\\src\\Illuminate\\Database\\Connection.php:712)
[stacktrace]
#0 D:\\1LuuDuLieuSV\\2001240399_TrinhHuuKienQuoc\\phplab\\buoi7\\Buoi7\\vendor\\laravel\\framework\\src\\Illuminate\\Database\\Connection.php(672): Illuminate\\Database\\Connection->runQueryCallback('insert into `co...', Array, Object(Closure))
#1 D:\\1LuuDuLieuSV\\2001240399_TrinhHuuKienQuoc\\phplab\\buoi7\\Buoi7\\vendor\\laravel\\framework\\src\\Illuminate\\Database\\Connection.php(502): Illuminate\\Database\\Connection->run('insert into `co...', Array, Object(Closure))
#2 D:\\1LuuDuLieuSV\\2001240399_TrinhHuuKienQuoc\\phplab\\buoi7\\Buoi7\\vendor\\laravel\\framework\\src\\Illuminate\\Database\\Connection.php(454): Illuminate\\Database\\Connection->statement('insert into `co...', Array)
#3 D:\\1LuuDuLieuSV\\2001240399_TrinhHuuKienQuoc\\phplab\\buoi7\\Buoi7\\vendor\\laravel\\framework\\src\\Illuminate\\Database\\Query\\Processors\\Processor.php(32): Illuminate\\Database\\Connection->insert('insert into `co...', Array)
#4 D:\\1LuuDuLieuSV\\2001240399_TrinhHuuKienQuoc\\phplab\\buoi7\\Buoi7\\vendor\\laravel\\framework\\src\\Illuminate\\Database\\Query\\Builder.php(3028): Illuminate\\Database\\Query\\Processors\\Processor->processInsertGetId(Object(Illuminate\\Database\\Query\\Builder), 'insert into `co...', Array, 'id')
#5 D:\\1LuuDuLieuSV\\2001240399_TrinhHuuKienQuoc\\phplab\\buoi7\\Buoi7\\vendor\\laravel\\framework\\src\\Illuminate\\Database\\Eloquent\\Builder.php(1657): Illuminate\\Database\\Query\\Builder->insertGetId(Array, 'id')
#6 D:\\1LuuDuLieuSV\\2001240399_TrinhHuuKienQuoc\\phplab\\buoi7\\Buoi7\\vendor\\laravel\\framework\\src\\Illuminate\\Database\\Eloquent\\Model.php(1188): Illuminate\\Database\\Eloquent\\Builder->__call('insertGetId', Array)
#7 D:\\1LuuDuLieuSV\\2001240399_TrinhHuuKienQuoc\\phplab\\buoi7\\Buoi7\\vendor\\laravel\\framework\\src\\Illuminate\\Database\\Eloquent\\Model.php(1153): Illuminate\\Database\\Eloquent\\Model->insertAndSetId(Object(Illuminate\\Database\\Eloquent\\Builder), Array)
#8 D:\\1LuuDuLieuSV\\2001240399_TrinhHuuKienQuoc\\phplab\\buoi7\\Buoi7\\vendor\\laravel\\framework\\src\\Illuminate\\Database\\Eloquent\\Model.php(994): Illuminate\\Database\\Eloquent\\Model->performInsert(Object(Illuminate\\Database\\Eloquent\\Builder))
#9 D:\\1LuuDuLieuSV\\2001240399_TrinhHuuKienQuoc\\phplab\\buoi7\\Buoi7\\vendor\\laravel\\framework\\src\\Illuminate\\Database\\Eloquent\\Factories\\Factory.php(314): Illuminate\\Database\\Eloquent\\Model->save()
#10 D:\\1LuuDuLieuSV\\2001240399_TrinhHuuKienQuoc\\phplab\\buoi7\\Buoi7\\vendor\\laravel\\framework\\src\\Illuminate\\Collections\\Traits\\EnumeratesValues.php(245): Illuminate\\Database\\Eloquent\\Factories\\Factory->Illuminate\\Database\\Eloquent\\Factories\\{closure}(Object(App\\Models\\Course), 0)
#11 D:\\1LuuDuLieuSV\\2001240399_TrinhHuuKienQuoc\\phplab\\buoi7\\Buoi7\\vendor\\laravel\\framework\\src\\Illuminate\\Database\\Eloquent\\Factories\\Factory.php(317): Illuminate\\Support\\Collection->each(Object(Closure))
#12 D:\\1LuuDuLieuSV\\2001240399_TrinhHuuKienQuoc\\phplab\\buoi7\\Buoi7\\vendor\\laravel\\framework\\src\\Illuminate\\Database\\Eloquent\\Factories\\Factory.php(265): Illuminate\\Database\\Eloquent\\Factories\\Factory->store(Object(Illuminate\\Database\\Eloquent\\Collection))
#13 D:\\1LuuDuLieuSV\\2001240399_TrinhHuuKienQuoc\\phplab\\buoi7\\Buoi7\\database\\seeders\\StudentCourseSeeder.php(18): Illuminate\\Database\\Eloquent\\Factories\\Factory->create()
#14 D:\\1LuuDuLieuSV\\2001240399_TrinhHuuKienQuoc\\phplab\\buoi7\\Buoi7\\vendor\\laravel\\framework\\src\\Illuminate\\Container\\BoundMethod.php(36): Database\\Seeders\\StudentCourseSeeder->run()
#15 D:\\1LuuDuLieuSV\\2001240399_TrinhHuuKienQuoc\\phplab\\buoi7\\Buoi7\\vendor\\laravel\\framework\\src\\Illuminate\\Container\\Util.php(40): Illuminate\\Container\\BoundMethod::Illuminate\\Container\\{closure}()
#16 D:\\1LuuDuLieuSV\\2001240399_TrinhHuuKienQuoc\\phplab\\buoi7\\Buoi7\\vendor\\laravel\\framework\\src\\Illuminate\\Container\\BoundMethod.php(93): Illuminate\\Container\\Util::unwrapIfClosure(Object(Closure))
#17 D:\\1LuuDuLieuSV\\2001240399_TrinhHuuKienQuoc\\phplab\\buoi7\\Buoi7\\vendor\\laravel\\framework\\src\\Illuminate\\Container\\BoundMethod.php(37): Illuminate\\Container\\BoundMethod::callBoundMethod(Object(Illuminate\\Foundation\\Application), Array, Object(Closure))
#18 D:\\1LuuDuLieuSV\\2001240399_TrinhHuuKienQuoc\\phplab\\buoi7\\Buoi7\\vendor\\laravel\\framework\\src\\Illuminate\\Container\\Container.php(653): Illuminate\\Container\\BoundMethod::call(Object(Illuminate\\Foundation\\Application), Array, Array, NULL)
#19 D:\\1LuuDuLieuSV\\2001240399_TrinhHuuKienQuoc\\phplab\\buoi7\\Buoi7\\vendor\\laravel\\framework\\src\\Illuminate\\Database\\Seeder.php(149): Illuminate\\Container\\Container->call(Array, Array)
#20 D:\\1LuuDuLieuSV\\2001240399_TrinhHuuKienQuoc\\phplab\\buoi7\\Buoi7\\vendor\\laravel\\framework\\src\\Illuminate\\Database\\Seeder.php(49): Illuminate\\Database\\Seeder->__invoke(Array)
#21 D:\\1LuuDuLieuSV\\2001240399_TrinhHuuKienQuoc\\phplab\\buoi7\\Buoi7\\database\\seeders\\DatabaseSeeder.php(27): Illuminate\\Database\\Seeder->call('Database\\\\Seeder...')
#22 D:\\1LuuDuLieuSV\\2001240399_TrinhHuuKienQuoc\\phplab\\buoi7\\Buoi7\\vendor\\laravel\\framework\\src\\Illuminate\\Container\\BoundMethod.php(36): Database\\Seeders\\DatabaseSeeder->run()
#23 D:\\1LuuDuLieuSV\\2001240399_TrinhHuuKienQuoc\\phplab\\buoi7\\Buoi7\\vendor\\laravel\\framework\\src\\Illuminate\\Container\\Util.php(40): Illuminate\\Container\\BoundMethod::Illuminate\\Container\\{closure}()
#24 D:\\1LuuDuLieuSV\\2001240399_TrinhHuuKienQuoc\\phplab\\buoi7\\Buoi7\\vendor\\laravel\\framework\\src\\Illuminate\\Container\\BoundMethod.php(93): Illuminate\\Container\\Util::unwrapIfClosure(Object(Closure))
#25 D:\\1LuuDuLieuSV\\2001240399_TrinhHuuKienQuoc\\phplab\\buoi7\\Buoi7\\vendor\\laravel\\framework\\src\\Illuminate\\Container\\BoundMethod.php(37): Illuminate\\Container\\BoundMethod::callBoundMethod(Object(Illuminate\\Foundation\\Application), Array, Object(Closure))
#26 D:\\1LuuDuLieuSV\\2001240399_TrinhHuuKienQuoc\\phplab\\buoi7\\Buoi7\\vendor\\laravel\\framework\\src\\Illuminate\\Container\\Container.php(653): Illuminate\\Container\\BoundMethod::call(Object(Illuminate\\Foundation\\Application), Array, Array, NULL)
#27 D:\\1LuuDuLieuSV\\2001240399_TrinhHuuKienQuoc\\phplab\\buoi7\\Buoi7\\vendor\\laravel\\framework\\src\\Illuminate\\Database\\Seeder.php(149): Illuminate\\Container\\Container->call(Array, Array)
#28 D:\\1LuuDuLieuSV\\2001240399_TrinhHuuKienQuoc\\phplab\\buoi7\\Buoi7\\vendor\\laravel\\framework\\src\\Illuminate\\Database\\Console\\Seeds\\SeedCommand.php(66): Illuminate\\Database\\Seeder->__invoke()
#29 D:\\1LuuDuLieuSV\\2001240399_TrinhHuuKienQuoc\\phplab\\buoi7\\Buoi7\\vendor\\laravel\\framework\\src\\Illuminate\\Database\\Eloquent\\Concerns\\GuardsAttributes.php(157): Illuminate\\Database\\Console\\Seeds\\SeedCommand->Illuminate\\Database\\Console\\Seeds\\{closure}()
#30 D:\\1LuuDuLieuSV\\2001240399_TrinhHuuKienQuoc\\phplab\\buoi7\\Buoi7\\vendor\\laravel\\framework\\src\\Illuminate\\Database\\Console\\Seeds\\SeedCommand.php(67): Illuminate\\Database\\Eloquent\\Model::unguarded(Object(Closure))
#31 D:\\1LuuDuLieuSV\\2001240399_TrinhHuuKienQuoc\\phplab\\buoi7\\Buoi7\\vendor\\laravel\\framework\\src\\Illuminate\\Container\\BoundMethod.php(36): Illuminate\\Database\\Console\\Seeds\\SeedCommand->handle()
#32 D:\\1LuuDuLieuSV\\2001240399_TrinhHuuKienQuoc\\phplab\\buoi7\\Buoi7\\vendor\\laravel\\framework\\src\\Illuminate\\Container\\Util.php(40): Illuminate\\Container\\BoundMethod::Illuminate\\Container\\{closure}()
#33 D:\\1LuuDuLieuSV\\2001240399_TrinhHuuKienQuoc\\phplab\\buoi7\\Buoi7\\vendor\\laravel\\framework\\src\\Illuminate\\Container\\BoundMethod.php(93): Illuminate\\Container\\Util::unwrapIfClosure(Object(Closure))
#34 D:\\1LuuDuLieuSV\\2001240399_TrinhHuuKienQuoc\\phplab\\buoi7\\Buoi7\\vendor\\laravel\\framework\\src\\Illuminate\\Container\\BoundMethod.php(37): Illuminate\\Container\\BoundMethod::callBoundMethod(Object(Illuminate\\Foundation\\Application), Array, Object(Closure))
#35 D:\\1LuuDuLieuSV\\2001240399_TrinhHuuKienQuoc\\phplab\\buoi7\\Buoi7\\vendor\\laravel\\framework\\src\\Illuminate\\Container\\Container.php(653): Illuminate\\Container\\BoundMethod::call(Object(Illuminate\\Foundation\\Application), Array, Array, NULL)
#36 D:\\1LuuDuLieuSV\\2001240399_TrinhHuuKienQuoc\\phplab\\buoi7\\Buoi7\\vendor\\laravel\\framework\\src\\Illuminate\\Console\\Command.php(136): Illuminate\\Container\\Container->call(Array)
#37 D:\\1LuuDuLieuSV\\2001240399_TrinhHuuKienQuoc\\phplab\\buoi7\\Buoi7\\vendor\\symfony\\console\\Command\\Command.php(298): Illuminate\\Console\\Command->execute(Object(Symfony\\Component\\Console\\Input\\ArrayInput), Object(Illuminate\\Console\\OutputStyle))
#38 D:\\1LuuDuLieuSV\\2001240399_TrinhHuuKienQuoc\\phplab\\buoi7\\Buoi7\\vendor\\laravel\\framework\\src\\Illuminate\\Console\\Command.php(121): Symfony\\Component\\Console\\Command\\Command->run(Object(Symfony\\Component\\Console\\Input\\ArrayInput), Object(Illuminate\\Console\\OutputStyle))
#39 D:\\1LuuDuLieuSV\\2001240399_TrinhHuuKienQuoc\\phplab\\buoi7\\Buoi7\\vendor\\laravel\\framework\\src\\Illuminate\\Console\\Concerns\\CallsCommands.php(68): Illuminate\\Console\\Command->run(Object(Symfony\\Component\\Console\\Input\\ArrayInput), Object(Illuminate\\Console\\OutputStyle))
#40 D:\\1LuuDuLieuSV\\2001240399_TrinhHuuKienQuoc\\phplab\\buoi7\\Buoi7\\vendor\\laravel\\framework\\src\\Illuminate\\Console\\Concerns\\CallsCommands.php(28): Illuminate\\Console\\Command->runCommand('db:seed', Array, Object(Illuminate\\Console\\OutputStyle))
#41 D:\\1LuuDuLieuSV\\2001240399_TrinhHuuKienQuoc\\phplab\\buoi7\\Buoi7\\vendor\\laravel\\framework\\src\\Illuminate\\Database\\Console\\Migrations\\FreshCommand.php(90): Illuminate\\Console\\Command->call('db:seed', Array)
#42 D:\\1LuuDuLieuSV\\2001240399_TrinhHuuKienQuoc\\phplab\\buoi7\\Buoi7\\vendor\\laravel\\framework\\src\\Illuminate\\Database\\Console\\Migrations\\FreshCommand.php(65): Illuminate\\Database\\Console\\Migrations\\FreshCommand->runSeeder(NULL)
#43 D:\\1LuuDuLieuSV\\2001240399_TrinhHuuKienQuoc\\phplab\\buoi7\\Buoi7\\vendor\\laravel\\framework\\src\\Illuminate\\Container\\BoundMethod.php(36): Illuminate\\Database\\Console\\Migrations\\FreshCommand->handle()
#44 D:\\1LuuDuLieuSV\\2001240399_TrinhHuuKienQuoc\\phplab\\buoi7\\Buoi7\\vendor\\laravel\\framework\\src\\Illuminate\\Container\\Util.php(40): Illuminate\\Container\\BoundMethod::Illuminate\\Container\\{closure}()
#45 D:\\1LuuDuLieuSV\\2001240399_TrinhHuuKienQuoc\\phplab\\buoi7\\Buoi7\\vendor\\laravel\\framework\\src\\Illuminate\\Container\\BoundMethod.php(93): Illuminate\\Container\\Util::unwrapIfClosure(Object(Closure))
#46 D:\\1LuuDuLieuSV\\2001240399_TrinhHuuKienQuoc\\phplab\\buoi7\\Buoi7\\vendor\\laravel\\framework\\src\\Illuminate\\Container\\BoundMethod.php(37): Illuminate\\Container\\BoundMethod::callBoundMethod(Object(Illuminate\\Foundation\\Application), Array, Object(Closure))
#47 D:\\1LuuDuLieuSV\\2001240399_TrinhHuuKienQuoc\\phplab\\buoi7\\Buoi7\\vendor\\laravel\\framework\\src\\Illuminate\\Container\\Container.php(653): Illuminate\\Container\\BoundMethod::call(Object(Illuminate\\Foundation\\Application), Array, Array, NULL)
#48 D:\\1LuuDuLieuSV\\2001240399_TrinhHuuKienQuoc\\phplab\\buoi7\\Buoi7\\vendor\\laravel\\framework\\src\\Illuminate\\Console\\Command.php(136): Illuminate\\Container\\Container->call(Array)
#49 D:\\1LuuDuLieuSV\\2001240399_TrinhHuuKienQuoc\\phplab\\buoi7\\Buoi7\\vendor\\symfony\\console\\Command\\Command.php(298): Illuminate\\Console\\Command->execute(Object(Symfony\\Component\\Console\\Input\\ArgvInput), Object(Illuminate\\Console\\OutputStyle))
#50 D:\\1LuuDuLieuSV\\2001240399_TrinhHuuKienQuoc\\phplab\\buoi7\\Buoi7\\vendor\\laravel\\framework\\src\\Illuminate\\Console\\Command.php(121): Symfony\\Component\\Console\\Command\\Command->run(Object(Symfony\\Component\\Console\\Input\\ArgvInput), Object(Illuminate\\Console\\OutputStyle))
#51 D:\\1LuuDuLieuSV\\2001240399_TrinhHuuKienQuoc\\phplab\\buoi7\\Buoi7\\vendor\\symfony\\console\\Application.php(1040): Illuminate\\Console\\Command->run(Object(Symfony\\Component\\Console\\Input\\ArgvInput), Object(Symfony\\Component\\Console\\Output\\ConsoleOutput))
#52 D:\\1LuuDuLieuSV\\2001240399_TrinhHuuKienQuoc\\phplab\\buoi7\\Buoi7\\vendor\\symfony\\console\\Application.php(301): Symfony\\Component\\Console\\Application->doRunCommand(Object(Illuminate\\Database\\Console\\Migrations\\FreshCommand), Object(Symfony\\Component\\Console\\Input\\ArgvInput), Object(Symfony\\Component\\Console\\Output\\ConsoleOutput))
#53 D:\\1LuuDuLieuSV\\2001240399_TrinhHuuKienQuoc\\phplab\\buoi7\\Buoi7\\vendor\\symfony\\console\\Application.php(171): Symfony\\Component\\Console\\Application->doRun(Object(Symfony\\Component\\Console\\Input\\ArgvInput), Object(Symfony\\Component\\Console\\Output\\ConsoleOutput))
#54 D:\\1LuuDuLieuSV\\2001240399_TrinhHuuKienQuoc\\phplab\\buoi7\\Buoi7\\vendor\\laravel\\framework\\src\\Illuminate\\Console\\Application.php(94): Symfony\\Component\\Console\\Application->run(Object(Symfony\\Component\\Console\\Input\\ArgvInput), Object(Symfony\\Component\\Console\\Output\\ConsoleOutput))
#55 D:\\1LuuDuLieuSV\\2001240399_TrinhHuuKienQuoc\\phplab\\buoi7\\Buoi7\\vendor\\laravel\\framework\\src\\Illuminate\\Foundation\\Console\\Kernel.php(129): Illuminate\\Console\\Application->run(Object(Symfony\\Component\\Console\\Input\\ArgvInput), Object(Symfony\\Component\\Console\\Output\\ConsoleOutput))
#56 D:\\1LuuDuLieuSV\\2001240399_TrinhHuuKienQuoc\\phplab\\buoi7\\Buoi7\\artisan(37): Illuminate\\Foundation\\Console\\Kernel->handle(Object(Symfony\\Component\\Console\\Input\\ArgvInput), Object(Symfony\\Component\\Console\\Output\\ConsoleOutput))
#57 {main}

[previous exception] [object] (PDOException(code: 42S22): SQLSTATE[42S22]: Column not found: 1054 Unknown column 'title' in 'field list' at D:\\1LuuDuLieuSV\\2001240399_TrinhHuuKienQuoc\\phplab\\buoi7\\Buoi7\\vendor\\laravel\\framework\\src\\Illuminate\\Database\\Connection.php:495)
[stacktrace]
#0 D:\\1LuuDuLieuSV\\2001240399_TrinhHuuKienQuoc\\phplab\\buoi7\\Buoi7\\vendor\\laravel\\framework\\src\\Illuminate\\Database\\Connection.php(495): PDO->prepare('insert into `co...')
#1 D:\\1LuuDuLieuSV\\2001240399_TrinhHuuKienQuoc\\phplab\\buoi7\\Buoi7\\vendor\\laravel\\framework\\src\\Illuminate\\Database\\Connection.php(705): Illuminate\\Database\\Connection->Illuminate\\Database\\{closure}('insert into `co...', Array)
#2 D:\\1LuuDuLieuSV\\2001240399_TrinhHuuKienQuoc\\phplab\\buoi7\\Buoi7\\vendor\\laravel\\framework\\src\\Illuminate\\Database\\Connection.php(672): Illuminate\\Database\\Connection->runQueryCallback('insert into `co...', Array, Object(Closure))
#3 D:\\1LuuDuLieuSV\\2001240399_TrinhHuuKienQuoc\\phplab\\buoi7\\Buoi7\\vendor\\laravel\\framework\\src\\Illuminate\\Database\\Connection.php(502): Illuminate\\Database\\Connection->run('insert into `co...', Array, Object(Closure))
#4 D:\\1LuuDuLieuSV\\2001240399_TrinhHuuKienQuoc\\phplab\\buoi7\\Buoi7\\vendor\\laravel\\framework\\src\\Illuminate\\Database\\Connection.php(454): Illuminate\\Database\\Connection->statement('insert into `co...', Array)
#5 D:\\1LuuDuLieuSV\\2001240399_TrinhHuuKienQuoc\\phplab\\buoi7\\Buoi7\\vendor\\laravel\\framework\\src\\Illuminate\\Database\\Query\\Processors\\Processor.php(32): Illuminate\\Database\\Connection->insert('insert into `co...', Array)
#6 D:\\1LuuDuLieuSV\\2001240399_TrinhHuuKienQuoc\\phplab\\buoi7\\Buoi7\\vendor\\laravel\\framework\\src\\Illuminate\\Database\\Query\\Builder.php(3028): Illuminate\\Database\\Query\\Processors\\Processor->processInsertGetId(Object(Illuminate\\Database\\Query\\Builder), 'insert into `co...', Array, 'id')
#7 D:\\1LuuDuLieuSV\\2001240399_TrinhHuuKienQuoc\\phplab\\buoi7\\Buoi7\\vendor\\laravel\\framework\\src\\Illuminate\\Database\\Eloquent\\Builder.php(1657): Illuminate\\Database\\Query\\Builder->insertGetId(Array, 'id')
#8 D:\\1LuuDuLieuSV\\2001240399_TrinhHuuKienQuoc\\phplab\\buoi7\\Buoi7\\vendor\\laravel\\framework\\src\\Illuminate\\Database\\Eloquent\\Model.php(1188): Illuminate\\Database\\Eloquent\\Builder->__call('insertGetId', Array)
#9 D:\\1LuuDuLieuSV\\2001240399_TrinhHuuKienQuoc\\phplab\\buoi7\\Buoi7\\vendor\\laravel\\framework\\src\\Illuminate\\Database\\Eloquent\\Model.php(1153): Illuminate\\Database\\Eloquent\\Model->insertAndSetId(Object(Illuminate\\Database\\Eloquent\\Builder), Array)
#10 D:\\1LuuDuLieuSV\\2001240399_TrinhHuuKienQuoc\\phplab\\buoi7\\Buoi7\\vendor\\laravel\\framework\\src\\Illuminate\\Database\\Eloquent\\Model.php(994): Illuminate\\Database\\Eloquent\\Model->performInsert(Object(Illuminate\\Database\\Eloquent\\Builder))
#11 D:\\1LuuDuLieuSV\\2001240399_TrinhHuuKienQuoc\\phplab\\buoi7\\Buoi7\\vendor\\laravel\\framework\\src\\Illuminate\\Database\\Eloquent\\Factories\\Factory.php(314): Illuminate\\Database\\Eloquent\\Model->save()
#12 D:\\1LuuDuLieuSV\\2001240399_TrinhHuuKienQuoc\\phplab\\buoi7\\Buoi7\\vendor\\laravel\\framework\\src\\Illuminate\\Collections\\Traits\\EnumeratesValues.php(245): Illuminate\\Database\\Eloquent\\Factories\\Factory->Illuminate\\Database\\Eloquent\\Factories\\{closure}(Object(App\\Models\\Course), 0)
#13 D:\\1LuuDuLieuSV\\2001240399_TrinhHuuKienQuoc\\phplab\\buoi7\\Buoi7\\vendor\\laravel\\framework\\src\\Illuminate\\Database\\Eloquent\\Factories\\Factory.php(317): Illuminate\\Support\\Collection->each(Object(Closure))
#14 D:\\1LuuDuLieuSV\\2001240399_TrinhHuuKienQuoc\\phplab\\buoi7\\Buoi7\\vendor\\laravel\\framework\\src\\Illuminate\\Database\\Eloquent\\Factories\\Factory.php(265): Illuminate\\Database\\Eloquent\\Factories\\Factory->store(Object(Illuminate\\Database\\Eloquent\\Collection))
#15 D:\\1LuuDuLieuSV\\2001240399_TrinhHuuKienQuoc\\phplab\\buoi7\\Buoi7\\database\\seeders\\StudentCourseSeeder.php(18): Illuminate\\Database\\Eloquent\\Factories\\Factory->create()
#16 D:\\1LuuDuLieuSV\\2001240399_TrinhHuuKienQuoc\\phplab\\buoi7\\Buoi7\\vendor\\laravel\\framework\\src\\Illuminate\\Container\\BoundMethod.php(36): Database\\Seeders\\StudentCourseSeeder->run()
#17 D:\\1LuuDuLieuSV\\2001240399_TrinhHuuKienQuoc\\phplab\\buoi7\\Buoi7\\vendor\\laravel\\framework\\src\\Illuminate\\Container\\Util.php(40): Illuminate\\Container\\BoundMethod::Illuminate\\Container\\{closure}()
#18 D:\\1LuuDuLieuSV\\2001240399_TrinhHuuKienQuoc\\phplab\\buoi7\\Buoi7\\vendor\\laravel\\framework\\src\\Illuminate\\Container\\BoundMethod.php(93): Illuminate\\Container\\Util::unwrapIfClosure(Object(Closure))
#19 D:\\1LuuDuLieuSV\\2001240399_TrinhHuuKienQuoc\\phplab\\buoi7\\Buoi7\\vendor\\laravel\\framework\\src\\Illuminate\\Container\\BoundMethod.php(37): Illuminate\\Container\\BoundMethod::callBoundMethod(Object(Illuminate\\Foundation\\Application), Array, Object(Closure))
#20 D:\\1LuuDuLieuSV\\2001240399_TrinhHuuKienQuoc\\phplab\\buoi7\\Buoi7\\vendor\\laravel\\framework\\src\\Illuminate\\Container\\Container.php(653): Illuminate\\Container\\BoundMethod::call(Object(Illuminate\\Foundation\\Application), Array, Array, NULL)
#21 D:\\1LuuDuLieuSV\\2001240399_TrinhHuuKienQuoc\\phplab\\buoi7\\Buoi7\\vendor\\laravel\\framework\\src\\Illuminate\\Database\\Seeder.php(149): Illuminate\\Container\\Container->call(Array, Array)
#22 D:\\1LuuDuLieuSV\\2001240399_TrinhHuuKienQuoc\\phplab\\buoi7\\Buoi7\\vendor\\laravel\\framework\\src\\Illuminate\\Database\\Seeder.php(49): Illuminate\\Database\\Seeder->__invoke(Array)
#23 D:\\1LuuDuLieuSV\\2001240399_TrinhHuuKienQuoc\\phplab\\buoi7\\Buoi7\\database\\seeders\\DatabaseSeeder.php(27): Illuminate\\Database\\Seeder->call('Database\\\\Seeder...')
#24 D:\\1LuuDuLieuSV\\2001240399_TrinhHuuKienQuoc\\phplab\\buoi7\\Buoi7\\vendor\\laravel\\framework\\src\\Illuminate\\Container\\BoundMethod.php(36): Database\\Seeders\\DatabaseSeeder->run()
#25 D:\\1LuuDuLieuSV\\2001240399_TrinhHuuKienQuoc\\phplab\\buoi7\\Buoi7\\vendor\\laravel\\framework\\src\\Illuminate\\Container\\Util.php(40): Illuminate\\Container\\BoundMethod::Illuminate\\Container\\{closure}()
#26 D:\\1LuuDuLieuSV\\2001240399_TrinhHuuKienQuoc\\phplab\\buoi7\\Buoi7\\vendor\\laravel\\framework\\src\\Illuminate\\Container\\BoundMethod.php(93): Illuminate\\Container\\Util::unwrapIfClosure(Object(Closure))
#27 D:\\1LuuDuLieuSV\\2001240399_TrinhHuuKienQuoc\\phplab\\buoi7\\Buoi7\\vendor\\laravel\\framework\\src\\Illuminate\\Container\\BoundMethod.php(37): Illuminate\\Container\\BoundMethod::callBoundMethod(Object(Illuminate\\Foundation\\Application), Array, Object(Closure))
#28 D:\\1LuuDuLieuSV\\2001240399_TrinhHuuKienQuoc\\phplab\\buoi7\\Buoi7\\vendor\\laravel\\framework\\src\\Illuminate\\Container\\Container.php(653): Illuminate\\Container\\BoundMethod::call(Object(Illuminate\\Foundation\\Application), Array, Array, NULL)
#29 D:\\1LuuDuLieuSV\\2001240399_TrinhHuuKienQuoc\\phplab\\buoi7\\Buoi7\\vendor\\laravel\\framework\\src\\Illuminate\\Database\\Seeder.php(149): Illuminate\\Container\\Container->call(Array, Array)
#30 D:\\1LuuDuLieuSV\\2001240399_TrinhHuuKienQuoc\\phplab\\buoi7\\Buoi7\\vendor\\laravel\\framework\\src\\Illuminate\\Database\\Console\\Seeds\\SeedCommand.php(66): Illuminate\\Database\\Seeder->__invoke()
#31 D:\\1LuuDuLieuSV\\2001240399_TrinhHuuKienQuoc\\phplab\\buoi7\\Buoi7\\vendor\\laravel\\framework\\src\\Illuminate\\Database\\Eloquent\\Concerns\\GuardsAttributes.php(157): Illuminate\\Database\\Console\\Seeds\\SeedCommand->Illuminate\\Database\\Console\\Seeds\\{closure}()
#32 D:\\1LuuDuLieuSV\\2001240399_TrinhHuuKienQuoc\\phplab\\buoi7\\Buoi7\\vendor\\laravel\\framework\\src\\Illuminate\\Database\\Console\\Seeds\\SeedCommand.php(67): Illuminate\\Database\\Eloquent\\Model::unguarded(Object(Closure))
#33 D:\\1LuuDuLieuSV\\2001240399_TrinhHuuKienQuoc\\phplab\\buoi7\\Buoi7\\vendor\\laravel\\framework\\src\\Illuminate\\Container\\BoundMethod.php(36): Illuminate\\Database\\Console\\Seeds\\SeedCommand->handle()
#34 D:\\1LuuDuLieuSV\\2001240399_TrinhHuuKienQuoc\\phplab\\buoi7\\Buoi7\\vendor\\laravel\\framework\\src\\Illuminate\\Container\\Util.php(40): Illuminate\\Container\\BoundMethod::Illuminate\\Container\\{closure}()
#35 D:\\1LuuDuLieuSV\\2001240399_TrinhHuuKienQuoc\\phplab\\buoi7\\Buoi7\\vendor\\laravel\\framework\\src\\Illuminate\\Container\\BoundMethod.php(93): Illuminate\\Container\\Util::unwrapIfClosure(Object(Closure))
#36 D:\\1LuuDuLieuSV\\2001240399_TrinhHuuKienQuoc\\phplab\\buoi7\\Buoi7\\vendor\\laravel\\framework\\src\\Illuminate\\Container\\BoundMethod.php(37): Illuminate\\Container\\BoundMethod::callBoundMethod(Object(Illuminate\\Foundation\\Application), Array, Object(Closure))
#37 D:\\1LuuDuLieuSV\\2001240399_TrinhHuuKienQuoc\\phplab\\buoi7\\Buoi7\\vendor\\laravel\\framework\\src\\Illuminate\\Container\\Container.php(653): Illuminate\\Container\\BoundMethod::call(Object(Illuminate\\Foundation\\Application), Array, Array, NULL)
#38 D:\\1LuuDuLieuSV\\2001240399_TrinhHuuKienQuoc\\phplab\\buoi7\\Buoi7\\vendor\\laravel\\framework\\src\\Illuminate\\Console\\Command.php(136): Illuminate\\Container\\Container->call(Array)
#39 D:\\1LuuDuLieuSV\\2001240399_TrinhHuuKienQuoc\\phplab\\buoi7\\Buoi7\\vendor\\symfony\\console\\Command\\Command.php(298): Illuminate\\Console\\Command->execute(Object(Symfony\\Component\\Console\\Input\\ArrayInput), Object(Illuminate\\Console\\OutputStyle))
#40 D:\\1LuuDuLieuSV\\2001240399_TrinhHuuKienQuoc\\phplab\\buoi7\\Buoi7\\vendor\\laravel\\framework\\src\\Illuminate\\Console\\Command.php(121): Symfony\\Component\\Console\\Command\\Command->run(Object(Symfony\\Component\\Console\\Input\\ArrayInput), Object(Illuminate\\Console\\OutputStyle))
#41 D:\\1LuuDuLieuSV\\2001240399_TrinhHuuKienQuoc\\phplab\\buoi7\\Buoi7\\vendor\\laravel\\framework\\src\\Illuminate\\Console\\Concerns\\CallsCommands.php(68): Illuminate\\Console\\Command->run(Object(Symfony\\Component\\Console\\Input\\ArrayInput), Object(Illuminate\\Console\\OutputStyle))
#42 D:\\1LuuDuLieuSV\\2001240399_TrinhHuuKienQuoc\\phplab\\buoi7\\Buoi7\\vendor\\laravel\\framework\\src\\Illuminate\\Console\\Concerns\\CallsCommands.php(28): Illuminate\\Console\\Command->runCommand('db:seed', Array, Object(Illuminate\\Console\\OutputStyle))
#43 D:\\1LuuDuLieuSV\\2001240399_TrinhHuuKienQuoc\\phplab\\buoi7\\Buoi7\\vendor\\laravel\\framework\\src\\Illuminate\\Database\\Console\\Migrations\\FreshCommand.php(90): Illuminate\\Console\\Command->call('db:seed', Array)
#44 D:\\1LuuDuLieuSV\\2001240399_TrinhHuuKienQuoc\\phplab\\buoi7\\Buoi7\\vendor\\laravel\\framework\\src\\Illuminate\\Database\\Console\\Migrations\\FreshCommand.php(65): Illuminate\\Database\\Console\\Migrations\\FreshCommand->runSeeder(NULL)
#45 D:\\1LuuDuLieuSV\\2001240399_TrinhHuuKienQuoc\\phplab\\buoi7\\Buoi7\\vendor\\laravel\\framework\\src\\Illuminate\\Container\\BoundMethod.php(36): Illuminate\\Database\\Console\\Migrations\\FreshCommand->handle()
#46 D:\\1LuuDuLieuSV\\2001240399_TrinhHuuKienQuoc\\phplab\\buoi7\\Buoi7\\vendor\\laravel\\framework\\src\\Illuminate\\Container\\Util.php(40): Illuminate\\Container\\BoundMethod::Illuminate\\Container\\{closure}()
#47 D:\\1LuuDuLieuSV\\2001240399_TrinhHuuKienQuoc\\phplab\\buoi7\\Buoi7\\vendor\\laravel\\framework\\src\\Illuminate\\Container\\BoundMethod.php(93): Illuminate\\Container\\Util::unwrapIfClosure(Object(Closure))
#48 D:\\1LuuDuLieuSV\\2001240399_TrinhHuuKienQuoc\\phplab\\buoi7\\Buoi7\\vendor\\laravel\\framework\\src\\Illuminate\\Container\\BoundMethod.php(37): Illuminate\\Container\\BoundMethod::callBoundMethod(Object(Illuminate\\Foundation\\Application), Array, Object(Closure))
#49 D:\\1LuuDuLieuSV\\2001240399_TrinhHuuKienQuoc\\phplab\\buoi7\\Buoi7\\vendor\\laravel\\framework\\src\\Illuminate\\Container\\Container.php(653): Illuminate\\Container\\BoundMethod::call(Object(Illuminate\\Foundation\\Application), Array, Array, NULL)
#50 D:\\1LuuDuLieuSV\\2001240399_TrinhHuuKienQuoc\\phplab\\buoi7\\Buoi7\\vendor\\laravel\\framework\\src\\Illuminate\\Console\\Command.php(136): Illuminate\\Container\\Container->call(Array)
#51 D:\\1LuuDuLieuSV\\2001240399_TrinhHuuKienQuoc\\phplab\\buoi7\\Buoi7\\vendor\\symfony\\console\\Command\\Command.php(298): Illuminate\\Console\\Command->execute(Object(Symfony\\Component\\Console\\Input\\ArgvInput), Object(Illuminate\\Console\\OutputStyle))
#52 D:\\1LuuDuLieuSV\\2001240399_TrinhHuuKienQuoc\\phplab\\buoi7\\Buoi7\\vendor\\laravel\\framework\\src\\Illuminate\\Console\\Command.php(121): Symfony\\Component\\Console\\Command\\Command->run(Object(Symfony\\Component\\Console\\Input\\ArgvInput), Object(Illuminate\\Console\\OutputStyle))
#53 D:\\1LuuDuLieuSV\\2001240399_TrinhHuuKienQuoc\\phplab\\buoi7\\Buoi7\\vendor\\symfony\\console\\Application.php(1040): Illuminate\\Console\\Command->run(Object(Symfony\\Component\\Console\\Input\\ArgvInput), Object(Symfony\\Component\\Console\\Output\\ConsoleOutput))
#54 D:\\1LuuDuLieuSV\\2001240399_TrinhHuuKienQuoc\\phplab\\buoi7\\Buoi7\\vendor\\symfony\\console\\Application.php(301): Symfony\\Component\\Console\\Application->doRunCommand(Object(Illuminate\\Database\\Console\\Migrations\\FreshCommand), Object(Symfony\\Component\\Console\\Input\\ArgvInput), Object(Symfony\\Component\\Console\\Output\\ConsoleOutput))
#55 D:\\1LuuDuLieuSV\\2001240399_TrinhHuuKienQuoc\\phplab\\buoi7\\Buoi7\\vendor\\symfony\\console\\Application.php(171): Symfony\\Component\\Console\\Application->doRun(Object(Symfony\\Component\\Console\\Input\\ArgvInput), Object(Symfony\\Component\\Console\\Output\\ConsoleOutput))
#56 D:\\1LuuDuLieuSV\\2001240399_TrinhHuuKienQuoc\\phplab\\buoi7\\Buoi7\\vendor\\laravel\\framework\\src\\Illuminate\\Console\\Application.php(94): Symfony\\Component\\Console\\Application->run(Object(Symfony\\Component\\Console\\Input\\ArgvInput), Object(Symfony\\Component\\Console\\Output\\ConsoleOutput))
#57 D:\\1LuuDuLieuSV\\2001240399_TrinhHuuKienQuoc\\phplab\\buoi7\\Buoi7\\vendor\\laravel\\framework\\src\\Illuminate\\Foundation\\Console\\Kernel.php(129): Illuminate\\Console\\Application->run(Object(Symfony\\Component\\Console\\Input\\ArgvInput), Object(Symfony\\Component\\Console\\Output\\ConsoleOutput))
#58 D:\\1LuuDuLieuSV\\2001240399_TrinhHuuKienQuoc\\phplab\\buoi7\\Buoi7\\artisan(37): Illuminate\\Foundation\\Console\\Kernel->handle(Object(Symfony\\Component\\Console\\Input\\ArgvInput), Object(Symfony\\Component\\Console\\Output\\ConsoleOutput))
#59 {main}
"} 
[2026-09-28 08:05:08] local.ERROR: SQLSTATE[42S22]: Column not found: 1054 Unknown column 'title' in 'field list' (SQL: insert into `courses` (`title`, `description`, `updated_at`, `created_at`) values (ducimus neque natus, Alias natus ducimus incidunt quia sequi culpa., 2026-09-28 08:05:08, 2026-09-28 08:05:08)) {"exception":"[object] (Illuminate\\Database\\QueryException(code: 42S22): SQLSTATE[42S22]: Column not found: 1054 Unknown column 'title' in 'field list' (SQL: insert into `courses` (`title`, `description`, `updated_at`, `created_at`) values (ducimus neque natus, Alias natus ducimus incidunt quia sequi culpa., 2026-09-28 08:05:08, 2026-09-28 08:05:08)) at D:\\1LuuDuLieuSV\\2001240399_TrinhHuuKienQuoc\\phplab\\buoi7\\Buoi7\\vendor\\laravel\\framework\\src\\Illuminate\\Database\\Connection.php:712)
[stacktrace]
#0 D:\\1LuuDuLieuSV\\2001240399_TrinhHuuKienQuoc\\phplab\\buoi7\\Buoi7\\vendor\\laravel\\framework\\src\\Illuminate\\Database\\Connection.php(672): Illuminate\\Database\\Connection->runQueryCallback('insert into `co...', Array, Object(Closure))
#1 D:\\1LuuDuLieuSV\\2001240399_TrinhHuuKienQuoc\\phplab\\buoi7\\Buoi7\\vendor\\laravel\\framework\\src\\Illuminate\\Database\\Connection.php(502): Illuminate\\Database\\Connection->run('insert into `co...', Array, Object(Closure))
#2 D:\\1LuuDuLieuSV\\2001240399_TrinhHuuKienQuoc\\phplab\\buoi7\\Buoi7\\vendor\\laravel\\framework\\src\\Illuminate\\Database\\Connection.php(454): Illuminate\\Database\\Connection->statement('insert into `co...', Array)
#3 D:\\1LuuDuLieuSV\\2001240399_TrinhHuuKienQuoc\\phplab\\buoi7\\Buoi7\\vendor\\laravel\\framework\\src\\Illuminate\\Database\\Query\\Processors\\Processor.php(32): Illuminate\\Database\\Connection->insert('insert into `co...', Array)
#4 D:\\1LuuDuLieuSV\\2001240399_TrinhHuuKienQuoc\\phplab\\buoi7\\Buoi7\\vendor\\laravel\\framework\\src\\Illuminate\\Database\\Query\\Builder.php(3028): Illuminate\\Database\\Query\\Processors\\Processor->processInsertGetId(Object(Illuminate\\Database\\Query\\Builder), 'insert into `co...', Array, 'id')
#5 D:\\1LuuDuLieuSV\\2001240399_TrinhHuuKienQuoc\\phplab\\buoi7\\Buoi7\\vendor\\laravel\\framework\\src\\Illuminate\\Database\\Eloquent\\Builder.php(1657): Illuminate\\Database\\Query\\Builder->insertGetId(Array, 'id')
#6 D:\\1LuuDuLieuSV\\2001240399_TrinhHuuKienQuoc\\phplab\\buoi7\\Buoi7\\vendor\\laravel\\framework\\src\\Illuminate\\Database\\Eloquent\\Model.php(1188): Illuminate\\Database\\Eloquent\\Builder->__call('insertGetId', Array)
#7 D:\\1LuuDuLieuSV\\2001240399_TrinhHuuKienQuoc\\phplab\\buoi7\\Buoi7\\vendor\\laravel\\framework\\src\\Illuminate\\Database\\Eloquent\\Model.php(1153): Illuminate\\Database\\Eloquent\\Model->insertAndSetId(Object(Illuminate\\Database\\Eloquent\\Builder), Array)
#8 D:\\1LuuDuLieuSV\\2001240399_TrinhHuuKienQuoc\\phplab\\buoi7\\Buoi7\\vendor\\laravel\\framework\\src\\Illuminate\\Database\\Eloquent\\Model.php(994): Illuminate\\Database\\Eloquent\\Model->performInsert(Object(Illuminate\\Database\\Eloquent\\Builder))
#9 D:\\1LuuDuLieuSV\\2001240399_TrinhHuuKienQuoc\\phplab\\buoi7\\Buoi7\\vendor\\laravel\\framework\\src\\Illuminate\\Database\\Eloquent\\Factories\\Factory.php(314): Illuminate\\Database\\Eloquent\\Model->save()
#10 D:\\1LuuDuLieuSV\\2001240399_TrinhHuuKienQuoc\\phplab\\buoi7\\Buoi7\\vendor\\laravel\\framework\\src\\Illuminate\\Collections\\Traits\\EnumeratesValues.php(245): Illuminate\\Database\\Eloquent\\Factories\\Factory->Illuminate\\Database\\Eloquent\\Factories\\{closure}(Object(App\\Models\\Course), 0)
#11 D:\\1LuuDuLieuSV\\2001240399_TrinhHuuKienQuoc\\phplab\\buoi7\\Buoi7\\vendor\\laravel\\framework\\src\\Illuminate\\Database\\Eloquent\\Factories\\Factory.php(317): Illuminate\\Support\\Collection->each(Object(Closure))
#12 D:\\1LuuDuLieuSV\\2001240399_TrinhHuuKienQuoc\\phplab\\buoi7\\Buoi7\\vendor\\laravel\\framework\\src\\Illuminate\\Database\\Eloquent\\Factories\\Factory.php(265): Illuminate\\Database\\Eloquent\\Factories\\Factory->store(Object(Illuminate\\Database\\Eloquent\\Collection))
#13 D:\\1LuuDuLieuSV\\2001240399_TrinhHuuKienQuoc\\phplab\\buoi7\\Buoi7\\database\\seeders\\StudentCourseSeeder.php(18): Illuminate\\Database\\Eloquent\\Factories\\Factory->create()
#14 D:\\1LuuDuLieuSV\\2001240399_TrinhHuuKienQuoc\\phplab\\buoi7\\Buoi7\\vendor\\laravel\\framework\\src\\Illuminate\\Container\\BoundMethod.php(36): Database\\Seeders\\StudentCourseSeeder->run()
#15 D:\\1LuuDuLieuSV\\2001240399_TrinhHuuKienQuoc\\phplab\\buoi7\\Buoi7\\vendor\\laravel\\framework\\src\\Illuminate\\Container\\Util.php(40): Illuminate\\Container\\BoundMethod::Illuminate\\Container\\{closure}()
#16 D:\\1LuuDuLieuSV\\2001240399_TrinhHuuKienQuoc\\phplab\\buoi7\\Buoi7\\vendor\\laravel\\framework\\src\\Illuminate\\Container\\BoundMethod.php(93): Illuminate\\Container\\Util::unwrapIfClosure(Object(Closure))
#17 D:\\1LuuDuLieuSV\\2001240399_TrinhHuuKienQuoc\\phplab\\buoi7\\Buoi7\\vendor\\laravel\\framework\\src\\Illuminate\\Container\\BoundMethod.php(37): Illuminate\\Container\\BoundMethod::callBoundMethod(Object(Illuminate\\Foundation\\Application), Array, Object(Closure))
#18 D:\\1LuuDuLieuSV\\2001240399_TrinhHuuKienQuoc\\phplab\\buoi7\\Buoi7\\vendor\\laravel\\framework\\src\\Illuminate\\Container\\Container.php(653): Illuminate\\Container\\BoundMethod::call(Object(Illuminate\\Foundation\\Application), Array, Array, NULL)
#19 D:\\1LuuDuLieuSV\\2001240399_TrinhHuuKienQuoc\\phplab\\buoi7\\Buoi7\\vendor\\laravel\\framework\\src\\Illuminate\\Database\\Seeder.php(149): Illuminate\\Container\\Container->call(Array, Array)
#20 D:\\1LuuDuLieuSV\\2001240399_TrinhHuuKienQuoc\\phplab\\buoi7\\Buoi7\\vendor\\laravel\\framework\\src\\Illuminate\\Database\\Seeder.php(49): Illuminate\\Database\\Seeder->__invoke(Array)
#21 D:\\1LuuDuLieuSV\\2001240399_TrinhHuuKienQuoc\\phplab\\buoi7\\Buoi7\\database\\seeders\\DatabaseSeeder.php(27): Illuminate\\Database\\Seeder->call('Database\\\\Seeder...')
#22 D:\\1LuuDuLieuSV\\2001240399_TrinhHuuKienQuoc\\phplab\\buoi7\\Buoi7\\vendor\\laravel\\framework\\src\\Illuminate\\Container\\BoundMethod.php(36): Database\\Seeders\\DatabaseSeeder->run()
#23 D:\\1LuuDuLieuSV\\2001240399_TrinhHuuKienQuoc\\phplab\\buoi7\\Buoi7\\vendor\\laravel\\framework\\src\\Illuminate\\Container\\Util.php(40): Illuminate\\Container\\BoundMethod::Illuminate\\Container\\{closure}()
#24 D:\\1LuuDuLieuSV\\2001240399_TrinhHuuKienQuoc\\phplab\\buoi7\\Buoi7\\vendor\\laravel\\framework\\src\\Illuminate\\Container\\BoundMethod.php(93): Illuminate\\Container\\Util::unwrapIfClosure(Object(Closure))
#25 D:\\1LuuDuLieuSV\\2001240399_TrinhHuuKienQuoc\\phplab\\buoi7\\Buoi7\\vendor\\laravel\\framework\\src\\Illuminate\\Container\\BoundMethod.php(37): Illuminate\\Container\\BoundMethod::callBoundMethod(Object(Illuminate\\Foundation\\Application), Array, Object(Closure))
#26 D:\\1LuuDuLieuSV\\2001240399_TrinhHuuKienQuoc\\phplab\\buoi7\\Buoi7\\vendor\\laravel\\framework\\src\\Illuminate\\Container\\Container.php(653): Illuminate\\Container\\BoundMethod::call(Object(Illuminate\\Foundation\\Application), Array, Array, NULL)
#27 D:\\1LuuDuLieuSV\\2001240399_TrinhHuuKienQuoc\\phplab\\buoi7\\Buoi7\\vendor\\laravel\\framework\\src\\Illuminate\\Database\\Seeder.php(149): Illuminate\\Container\\Container->call(Array, Array)
#28 D:\\1LuuDuLieuSV\\2001240399_TrinhHuuKienQuoc\\phplab\\buoi7\\Buoi7\\vendor\\laravel\\framework\\src\\Illuminate\\Database\\Console\\Seeds\\SeedCommand.php(66): Illuminate\\Database\\Seeder->__invoke()
#29 D:\\1LuuDuLieuSV\\2001240399_TrinhHuuKienQuoc\\phplab\\buoi7\\Buoi7\\vendor\\laravel\\framework\\src\\Illuminate\\Database\\Eloquent\\Concerns\\GuardsAttributes.php(157): Illuminate\\Database\\Console\\Seeds\\SeedCommand->Illuminate\\Database\\Console\\Seeds\\{closure}()
#30 D:\\1LuuDuLieuSV\\2001240399_TrinhHuuKienQuoc\\phplab\\buoi7\\Buoi7\\vendor\\laravel\\framework\\src\\Illuminate\\Database\\Console\\Seeds\\SeedCommand.php(67): Illuminate\\Database\\Eloquent\\Model::unguarded(Object(Closure))
#31 D:\\1LuuDuLieuSV\\2001240399_TrinhHuuKienQuoc\\phplab\\buoi7\\Buoi7\\vendor\\laravel\\framework\\src\\Illuminate\\Container\\BoundMethod.php(36): Illuminate\\Database\\Console\\Seeds\\SeedCommand->handle()
#32 D:\\1LuuDuLieuSV\\2001240399_TrinhHuuKienQuoc\\phplab\\buoi7\\Buoi7\\vendor\\laravel\\framework\\src\\Illuminate\\Container\\Util.php(40): Illuminate\\Container\\BoundMethod::Illuminate\\Container\\{closure}()
#33 D:\\1LuuDuLieuSV\\2001240399_TrinhHuuKienQuoc\\phplab\\buoi7\\Buoi7\\vendor\\laravel\\framework\\src\\Illuminate\\Container\\BoundMethod.php(93): Illuminate\\Container\\Util::unwrapIfClosure(Object(Closure))
#34 D:\\1LuuDuLieuSV\\2001240399_TrinhHuuKienQuoc\\phplab\\buoi7\\Buoi7\\vendor\\laravel\\framework\\src\\Illuminate\\Container\\BoundMethod.php(37): Illuminate\\Container\\BoundMethod::callBoundMethod(Object(Illuminate\\Foundation\\Application), Array, Object(Closure))
#35 D:\\1LuuDuLieuSV\\2001240399_TrinhHuuKienQuoc\\phplab\\buoi7\\Buoi7\\vendor\\laravel\\framework\\src\\Illuminate\\Container\\Container.php(653): Illuminate\\Container\\BoundMethod::call(Object(Illuminate\\Foundation\\Application), Array, Array, NULL)
#36 D:\\1LuuDuLieuSV\\2001240399_TrinhHuuKienQuoc\\phplab\\buoi7\\Buoi7\\vendor\\laravel\\framework\\src\\Illuminate\\Console\\Command.php(136): Illuminate\\Container\\Container->call(Array)
#37 D:\\1LuuDuLieuSV\\2001240399_TrinhHuuKienQuoc\\phplab\\buoi7\\Buoi7\\vendor\\symfony\\console\\Command\\Command.php(298): Illuminate\\Console\\Command->execute(Object(Symfony\\Component\\Console\\Input\\ArrayInput), Object(Illuminate\\Console\\OutputStyle))
#38 D:\\1LuuDuLieuSV\\2001240399_TrinhHuuKienQuoc\\phplab\\buoi7\\Buoi7\\vendor\\laravel\\framework\\src\\Illuminate\\Console\\Command.php(121): Symfony\\Component\\Console\\Command\\Command->run(Object(Symfony\\Component\\Console\\Input\\ArrayInput), Object(Illuminate\\Console\\OutputStyle))
#39 D:\\1LuuDuLieuSV\\2001240399_TrinhHuuKienQuoc\\phplab\\buoi7\\Buoi7\\vendor\\laravel\\framework\\src\\Illuminate\\Console\\Concerns\\CallsCommands.php(68): Illuminate\\Console\\Command->run(Object(Symfony\\Component\\Console\\Input\\ArrayInput), Object(Illuminate\\Console\\OutputStyle))
#40 D:\\1LuuDuLieuSV\\2001240399_TrinhHuuKienQuoc\\phplab\\buoi7\\Buoi7\\vendor\\laravel\\framework\\src\\Illuminate\\Console\\Concerns\\CallsCommands.php(28): Illuminate\\Console\\Command->runCommand('db:seed', Array, Object(Illuminate\\Console\\OutputStyle))
#41 D:\\1LuuDuLieuSV\\2001240399_TrinhHuuKienQuoc\\phplab\\buoi7\\Buoi7\\vendor\\laravel\\framework\\src\\Illuminate\\Database\\Console\\Migrations\\FreshCommand.php(90): Illuminate\\Console\\Command->call('db:seed', Array)
#42 D:\\1LuuDuLieuSV\\2001240399_TrinhHuuKienQuoc\\phplab\\buoi7\\Buoi7\\vendor\\laravel\\framework\\src\\Illuminate\\Database\\Console\\Migrations\\FreshCommand.php(65): Illuminate\\Database\\Console\\Migrations\\FreshCommand->runSeeder(NULL)
#43 D:\\1LuuDuLieuSV\\2001240399_TrinhHuuKienQuoc\\phplab\\buoi7\\Buoi7\\vendor\\laravel\\framework\\src\\Illuminate\\Container\\BoundMethod.php(36): Illuminate\\Database\\Console\\Migrations\\FreshCommand->handle()
#44 D:\\1LuuDuLieuSV\\2001240399_TrinhHuuKienQuoc\\phplab\\buoi7\\Buoi7\\vendor\\laravel\\framework\\src\\Illuminate\\Container\\Util.php(40): Illuminate\\Container\\BoundMethod::Illuminate\\Container\\{closure}()
#45 D:\\1LuuDuLieuSV\\2001240399_TrinhHuuKienQuoc\\phplab\\buoi7\\Buoi7\\vendor\\laravel\\framework\\src\\Illuminate\\Container\\BoundMethod.php(93): Illuminate\\Container\\Util::unwrapIfClosure(Object(Closure))
#46 D:\\1LuuDuLieuSV\\2001240399_TrinhHuuKienQuoc\\phplab\\buoi7\\Buoi7\\vendor\\laravel\\framework\\src\\Illuminate\\Container\\BoundMethod.php(37): Illuminate\\Container\\BoundMethod::callBoundMethod(Object(Illuminate\\Foundation\\Application), Array, Object(Closure))
#47 D:\\1LuuDuLieuSV\\2001240399_TrinhHuuKienQuoc\\phplab\\buoi7\\Buoi7\\vendor\\laravel\\framework\\src\\Illuminate\\Container\\Container.php(653): Illuminate\\Container\\BoundMethod::call(Object(Illuminate\\Foundation\\Application), Array, Array, NULL)
#48 D:\\1LuuDuLieuSV\\2001240399_TrinhHuuKienQuoc\\phplab\\buoi7\\Buoi7\\vendor\\laravel\\framework\\src\\Illuminate\\Console\\Command.php(136): Illuminate\\Container\\Container->call(Array)
#49 D:\\1LuuDuLieuSV\\2001240399_TrinhHuuKienQuoc\\phplab\\buoi7\\Buoi7\\vendor\\symfony\\console\\Command\\Command.php(298): Illuminate\\Console\\Command->execute(Object(Symfony\\Component\\Console\\Input\\ArgvInput), Object(Illuminate\\Console\\OutputStyle))
#50 D:\\1LuuDuLieuSV\\2001240399_TrinhHuuKienQuoc\\phplab\\buoi7\\Buoi7\\vendor\\laravel\\framework\\src\\Illuminate\\Console\\Command.php(121): Symfony\\Component\\Console\\Command\\Command->run(Object(Symfony\\Component\\Console\\Input\\ArgvInput), Object(Illuminate\\Console\\OutputStyle))
#51 D:\\1LuuDuLieuSV\\2001240399_TrinhHuuKienQuoc\\phplab\\buoi7\\Buoi7\\vendor\\symfony\\console\\Application.php(1040): Illuminate\\Console\\Command->run(Object(Symfony\\Component\\Console\\Input\\ArgvInput), Object(Symfony\\Component\\Console\\Output\\ConsoleOutput))
#52 D:\\1LuuDuLieuSV\\2001240399_TrinhHuuKienQuoc\\phplab\\buoi7\\Buoi7\\vendor\\symfony\\console\\Application.php(301): Symfony\\Component\\Console\\Application->doRunCommand(Object(Illuminate\\Database\\Console\\Migrations\\FreshCommand), Object(Symfony\\Component\\Console\\Input\\ArgvInput), Object(Symfony\\Component\\Console\\Output\\ConsoleOutput))
#53 D:\\1LuuDuLieuSV\\2001240399_TrinhHuuKienQuoc\\phplab\\buoi7\\Buoi7\\vendor\\symfony\\console\\Application.php(171): Symfony\\Component\\Console\\Application->doRun(Object(Symfony\\Component\\Console\\Input\\ArgvInput), Object(Symfony\\Component\\Console\\Output\\ConsoleOutput))
#54 D:\\1LuuDuLieuSV\\2001240399_TrinhHuuKienQuoc\\phplab\\buoi7\\Buoi7\\vendor\\laravel\\framework\\src\\Illuminate\\Console\\Application.php(94): Symfony\\Component\\Console\\Application->run(Object(Symfony\\Component\\Console\\Input\\ArgvInput), Object(Symfony\\Component\\Console\\Output\\ConsoleOutput))
#55 D:\\1LuuDuLieuSV\\2001240399_TrinhHuuKienQuoc\\phplab\\buoi7\\Buoi7\\vendor\\laravel\\framework\\src\\Illuminate\\Foundation\\Console\\Kernel.php(129): Illuminate\\Console\\Application->run(Object(Symfony\\Component\\Console\\Input\\ArgvInput), Object(Symfony\\Component\\Console\\Output\\ConsoleOutput))
#56 D:\\1LuuDuLieuSV\\2001240399_TrinhHuuKienQuoc\\phplab\\buoi7\\Buoi7\\artisan(37): Illuminate\\Foundation\\Console\\Kernel->handle(Object(Symfony\\Component\\Console\\Input\\ArgvInput), Object(Symfony\\Component\\Console\\Output\\ConsoleOutput))
#57 {main}

[previous exception] [object] (PDOException(code: 42S22): SQLSTATE[42S22]: Column not found: 1054 Unknown column 'title' in 'field list' at D:\\1LuuDuLieuSV\\2001240399_TrinhHuuKienQuoc\\phplab\\buoi7\\Buoi7\\vendor\\laravel\\framework\\src\\Illuminate\\Database\\Connection.php:495)
[stacktrace]
#0 D:\\1LuuDuLieuSV\\2001240399_TrinhHuuKienQuoc\\phplab\\buoi7\\Buoi7\\vendor\\laravel\\framework\\src\\Illuminate\\Database\\Connection.php(495): PDO->prepare('insert into `co...')
#1 D:\\1LuuDuLieuSV\\2001240399_TrinhHuuKienQuoc\\phplab\\buoi7\\Buoi7\\vendor\\laravel\\framework\\src\\Illuminate\\Database\\Connection.php(705): Illuminate\\Database\\Connection->Illuminate\\Database\\{closure}('insert into `co...', Array)
#2 D:\\1LuuDuLieuSV\\2001240399_TrinhHuuKienQuoc\\phplab\\buoi7\\Buoi7\\vendor\\laravel\\framework\\src\\Illuminate\\Database\\Connection.php(672): Illuminate\\Database\\Connection->runQueryCallback('insert into `co...', Array, Object(Closure))
#3 D:\\1LuuDuLieuSV\\2001240399_TrinhHuuKienQuoc\\phplab\\buoi7\\Buoi7\\vendor\\laravel\\framework\\src\\Illuminate\\Database\\Connection.php(502): Illuminate\\Database\\Connection->run('insert into `co...', Array, Object(Closure))
#4 D:\\1LuuDuLieuSV\\2001240399_TrinhHuuKienQuoc\\phplab\\buoi7\\Buoi7\\vendor\\laravel\\framework\\src\\Illuminate\\Database\\Connection.php(454): Illuminate\\Database\\Connection->statement('insert into `co...', Array)
#5 D:\\1LuuDuLieuSV\\2001240399_TrinhHuuKienQuoc\\phplab\\buoi7\\Buoi7\\vendor\\laravel\\framework\\src\\Illuminate\\Database\\Query\\Processors\\Processor.php(32): Illuminate\\Database\\Connection->insert('insert into `co...', Array)
#6 D:\\1LuuDuLieuSV\\2001240399_TrinhHuuKienQuoc\\phplab\\buoi7\\Buoi7\\vendor\\laravel\\framework\\src\\Illuminate\\Database\\Query\\Builder.php(3028): Illuminate\\Database\\Query\\Processors\\Processor->processInsertGetId(Object(Illuminate\\Database\\Query\\Builder), 'insert into `co...', Array, 'id')
#7 D:\\1LuuDuLieuSV\\2001240399_TrinhHuuKienQuoc\\phplab\\buoi7\\Buoi7\\vendor\\laravel\\framework\\src\\Illuminate\\Database\\Eloquent\\Builder.php(1657): Illuminate\\Database\\Query\\Builder->insertGetId(Array, 'id')
#8 D:\\1LuuDuLieuSV\\2001240399_TrinhHuuKienQuoc\\phplab\\buoi7\\Buoi7\\vendor\\laravel\\framework\\src\\Illuminate\\Database\\Eloquent\\Model.php(1188): Illuminate\\Database\\Eloquent\\Builder->__call('insertGetId', Array)
#9 D:\\1LuuDuLieuSV\\2001240399_TrinhHuuKienQuoc\\phplab\\buoi7\\Buoi7\\vendor\\laravel\\framework\\src\\Illuminate\\Database\\Eloquent\\Model.php(1153): Illuminate\\Database\\Eloquent\\Model->insertAndSetId(Object(Illuminate\\Database\\Eloquent\\Builder), Array)
#10 D:\\1LuuDuLieuSV\\2001240399_TrinhHuuKienQuoc\\phplab\\buoi7\\Buoi7\\vendor\\laravel\\framework\\src\\Illuminate\\Database\\Eloquent\\Model.php(994): Illuminate\\Database\\Eloquent\\Model->performInsert(Object(Illuminate\\Database\\Eloquent\\Builder))
#11 D:\\1LuuDuLieuSV\\2001240399_TrinhHuuKienQuoc\\phplab\\buoi7\\Buoi7\\vendor\\laravel\\framework\\src\\Illuminate\\Database\\Eloquent\\Factories\\Factory.php(314): Illuminate\\Database\\Eloquent\\Model->save()
#12 D:\\1LuuDuLieuSV\\2001240399_TrinhHuuKienQuoc\\phplab\\buoi7\\Buoi7\\vendor\\laravel\\framework\\src\\Illuminate\\Collections\\Traits\\EnumeratesValues.php(245): Illuminate\\Database\\Eloquent\\Factories\\Factory->Illuminate\\Database\\Eloquent\\Factories\\{closure}(Object(App\\Models\\Course), 0)
#13 D:\\1LuuDuLieuSV\\2001240399_TrinhHuuKienQuoc\\phplab\\buoi7\\Buoi7\\vendor\\laravel\\framework\\src\\Illuminate\\Database\\Eloquent\\Factories\\Factory.php(317): Illuminate\\Support\\Collection->each(Object(Closure))
#14 D:\\1LuuDuLieuSV\\2001240399_TrinhHuuKienQuoc\\phplab\\buoi7\\Buoi7\\vendor\\laravel\\framework\\src\\Illuminate\\Database\\Eloquent\\Factories\\Factory.php(265): Illuminate\\Database\\Eloquent\\Factories\\Factory->store(Object(Illuminate\\Database\\Eloquent\\Collection))
#15 D:\\1LuuDuLieuSV\\2001240399_TrinhHuuKienQuoc\\phplab\\buoi7\\Buoi7\\database\\seeders\\StudentCourseSeeder.php(18): Illuminate\\Database\\Eloquent\\Factories\\Factory->create()
#16 D:\\1LuuDuLieuSV\\2001240399_TrinhHuuKienQuoc\\phplab\\buoi7\\Buoi7\\vendor\\laravel\\framework\\src\\Illuminate\\Container\\BoundMethod.php(36): Database\\Seeders\\StudentCourseSeeder->run()
#17 D:\\1LuuDuLieuSV\\2001240399_TrinhHuuKienQuoc\\phplab\\buoi7\\Buoi7\\vendor\\laravel\\framework\\src\\Illuminate\\Container\\Util.php(40): Illuminate\\Container\\BoundMethod::Illuminate\\Container\\{closure}()
#18 D:\\1LuuDuLieuSV\\2001240399_TrinhHuuKienQuoc\\phplab\\buoi7\\Buoi7\\vendor\\laravel\\framework\\src\\Illuminate\\Container\\BoundMethod.php(93): Illuminate\\Container\\Util::unwrapIfClosure(Object(Closure))
#19 D:\\1LuuDuLieuSV\\2001240399_TrinhHuuKienQuoc\\phplab\\buoi7\\Buoi7\\vendor\\laravel\\framework\\src\\Illuminate\\Container\\BoundMethod.php(37): Illuminate\\Container\\BoundMethod::callBoundMethod(Object(Illuminate\\Foundation\\Application), Array, Object(Closure))
#20 D:\\1LuuDuLieuSV\\2001240399_TrinhHuuKienQuoc\\phplab\\buoi7\\Buoi7\\vendor\\laravel\\framework\\src\\Illuminate\\Container\\Container.php(653): Illuminate\\Container\\BoundMethod::call(Object(Illuminate\\Foundation\\Application), Array, Array, NULL)
#21 D:\\1LuuDuLieuSV\\2001240399_TrinhHuuKienQuoc\\phplab\\buoi7\\Buoi7\\vendor\\laravel\\framework\\src\\Illuminate\\Database\\Seeder.php(149): Illuminate\\Container\\Container->call(Array, Array)
#22 D:\\1LuuDuLieuSV\\2001240399_TrinhHuuKienQuoc\\phplab\\buoi7\\Buoi7\\vendor\\laravel\\framework\\src\\Illuminate\\Database\\Seeder.php(49): Illuminate\\Database\\Seeder->__invoke(Array)
#23 D:\\1LuuDuLieuSV\\2001240399_TrinhHuuKienQuoc\\phplab\\buoi7\\Buoi7\\database\\seeders\\DatabaseSeeder.php(27): Illuminate\\Database\\Seeder->call('Database\\\\Seeder...')
#24 D:\\1LuuDuLieuSV\\2001240399_TrinhHuuKienQuoc\\phplab\\buoi7\\Buoi7\\vendor\\laravel\\framework\\src\\Illuminate\\Container\\BoundMethod.php(36): Database\\Seeders\\DatabaseSeeder->run()
#25 D:\\1LuuDuLieuSV\\2001240399_TrinhHuuKienQuoc\\phplab\\buoi7\\Buoi7\\vendor\\laravel\\framework\\src\\Illuminate\\Container\\Util.php(40): Illuminate\\Container\\BoundMethod::Illuminate\\Container\\{closure}()
#26 D:\\1LuuDuLieuSV\\2001240399_TrinhHuuKienQuoc\\phplab\\buoi7\\Buoi7\\vendor\\laravel\\framework\\src\\Illuminate\\Container\\BoundMethod.php(93): Illuminate\\Container\\Util::unwrapIfClosure(Object(Closure))
#27 D:\\1LuuDuLieuSV\\2001240399_TrinhHuuKienQuoc\\phplab\\buoi7\\Buoi7\\vendor\\laravel\\framework\\src\\Illuminate\\Container\\BoundMethod.php(37): Illuminate\\Container\\BoundMethod::callBoundMethod(Object(Illuminate\\Foundation\\Application), Array, Object(Closure))
#28 D:\\1LuuDuLieuSV\\2001240399_TrinhHuuKienQuoc\\phplab\\buoi7\\Buoi7\\vendor\\laravel\\framework\\src\\Illuminate\\Container\\Container.php(653): Illuminate\\Container\\BoundMethod::call(Object(Illuminate\\Foundation\\Application), Array, Array, NULL)
#29 D:\\1LuuDuLieuSV\\2001240399_TrinhHuuKienQuoc\\phplab\\buoi7\\Buoi7\\vendor\\laravel\\framework\\src\\Illuminate\\Database\\Seeder.php(149): Illuminate\\Container\\Container->call(Array, Array)
#30 D:\\1LuuDuLieuSV\\2001240399_TrinhHuuKienQuoc\\phplab\\buoi7\\Buoi7\\vendor\\laravel\\framework\\src\\Illuminate\\Database\\Console\\Seeds\\SeedCommand.php(66): Illuminate\\Database\\Seeder->__invoke()
#31 D:\\1LuuDuLieuSV\\2001240399_TrinhHuuKienQuoc\\phplab\\buoi7\\Buoi7\\vendor\\laravel\\framework\\src\\Illuminate\\Database\\Eloquent\\Concerns\\GuardsAttributes.php(157): Illuminate\\Database\\Console\\Seeds\\SeedCommand->Illuminate\\Database\\Console\\Seeds\\{closure}()
#32 D:\\1LuuDuLieuSV\\2001240399_TrinhHuuKienQuoc\\phplab\\buoi7\\Buoi7\\vendor\\laravel\\framework\\src\\Illuminate\\Database\\Console\\Seeds\\SeedCommand.php(67): Illuminate\\Database\\Eloquent\\Model::unguarded(Object(Closure))
#33 D:\\1LuuDuLieuSV\\2001240399_TrinhHuuKienQuoc\\phplab\\buoi7\\Buoi7\\vendor\\laravel\\framework\\src\\Illuminate\\Container\\BoundMethod.php(36): Illuminate\\Database\\Console\\Seeds\\SeedCommand->handle()
#34 D:\\1LuuDuLieuSV\\2001240399_TrinhHuuKienQuoc\\phplab\\buoi7\\Buoi7\\vendor\\laravel\\framework\\src\\Illuminate\\Container\\Util.php(40): Illuminate\\Container\\BoundMethod::Illuminate\\Container\\{closure}()
#35 D:\\1LuuDuLieuSV\\2001240399_TrinhHuuKienQuoc\\phplab\\buoi7\\Buoi7\\vendor\\laravel\\framework\\src\\Illuminate\\Container\\BoundMethod.php(93): Illuminate\\Container\\Util::unwrapIfClosure(Object(Closure))
#36 D:\\1LuuDuLieuSV\\2001240399_TrinhHuuKienQuoc\\phplab\\buoi7\\Buoi7\\vendor\\laravel\\framework\\src\\Illuminate\\Container\\BoundMethod.php(37): Illuminate\\Container\\BoundMethod::callBoundMethod(Object(Illuminate\\Foundation\\Application), Array, Object(Closure))
#37 D:\\1LuuDuLieuSV\\2001240399_TrinhHuuKienQuoc\\phplab\\buoi7\\Buoi7\\vendor\\laravel\\framework\\src\\Illuminate\\Container\\Container.php(653): Illuminate\\Container\\BoundMethod::call(Object(Illuminate\\Foundation\\Application), Array, Array, NULL)
#38 D:\\1LuuDuLieuSV\\2001240399_TrinhHuuKienQuoc\\phplab\\buoi7\\Buoi7\\vendor\\laravel\\framework\\src\\Illuminate\\Console\\Command.php(136): Illuminate\\Container\\Container->call(Array)
#39 D:\\1LuuDuLieuSV\\2001240399_TrinhHuuKienQuoc\\phplab\\buoi7\\Buoi7\\vendor\\symfony\\console\\Command\\Command.php(298): Illuminate\\Console\\Command->execute(Object(Symfony\\Component\\Console\\Input\\ArrayInput), Object(Illuminate\\Console\\OutputStyle))
#40 D:\\1LuuDuLieuSV\\2001240399_TrinhHuuKienQuoc\\phplab\\buoi7\\Buoi7\\vendor\\laravel\\framework\\src\\Illuminate\\Console\\Command.php(121): Symfony\\Component\\Console\\Command\\Command->run(Object(Symfony\\Component\\Console\\Input\\ArrayInput), Object(Illuminate\\Console\\OutputStyle))
#41 D:\\1LuuDuLieuSV\\2001240399_TrinhHuuKienQuoc\\phplab\\buoi7\\Buoi7\\vendor\\laravel\\framework\\src\\Illuminate\\Console\\Concerns\\CallsCommands.php(68): Illuminate\\Console\\Command->run(Object(Symfony\\Component\\Console\\Input\\ArrayInput), Object(Illuminate\\Console\\OutputStyle))
#42 D:\\1LuuDuLieuSV\\2001240399_TrinhHuuKienQuoc\\phplab\\buoi7\\Buoi7\\vendor\\laravel\\framework\\src\\Illuminate\\Console\\Concerns\\CallsCommands.php(28): Illuminate\\Console\\Command->runCommand('db:seed', Array, Object(Illuminate\\Console\\OutputStyle))
#43 D:\\1LuuDuLieuSV\\2001240399_TrinhHuuKienQuoc\\phplab\\buoi7\\Buoi7\\vendor\\laravel\\framework\\src\\Illuminate\\Database\\Console\\Migrations\\FreshCommand.php(90): Illuminate\\Console\\Command->call('db:seed', Array)
#44 D:\\1LuuDuLieuSV\\2001240399_TrinhHuuKienQuoc\\phplab\\buoi7\\Buoi7\\vendor\\laravel\\framework\\src\\Illuminate\\Database\\Console\\Migrations\\FreshCommand.php(65): Illuminate\\Database\\Console\\Migrations\\FreshCommand->runSeeder(NULL)
#45 D:\\1LuuDuLieuSV\\2001240399_TrinhHuuKienQuoc\\phplab\\buoi7\\Buoi7\\vendor\\laravel\\framework\\src\\Illuminate\\Container\\BoundMethod.php(36): Illuminate\\Database\\Console\\Migrations\\FreshCommand->handle()
#46 D:\\1LuuDuLieuSV\\2001240399_TrinhHuuKienQuoc\\phplab\\buoi7\\Buoi7\\vendor\\laravel\\framework\\src\\Illuminate\\Container\\Util.php(40): Illuminate\\Container\\BoundMethod::Illuminate\\Container\\{closure}()
#47 D:\\1LuuDuLieuSV\\2001240399_TrinhHuuKienQuoc\\phplab\\buoi7\\Buoi7\\vendor\\laravel\\framework\\src\\Illuminate\\Container\\BoundMethod.php(93): Illuminate\\Container\\Util::unwrapIfClosure(Object(Closure))
#48 D:\\1LuuDuLieuSV\\2001240399_TrinhHuuKienQuoc\\phplab\\buoi7\\Buoi7\\vendor\\laravel\\framework\\src\\Illuminate\\Container\\BoundMethod.php(37): Illuminate\\Container\\BoundMethod::callBoundMethod(Object(Illuminate\\Foundation\\Application), Array, Object(Closure))
#49 D:\\1LuuDuLieuSV\\2001240399_TrinhHuuKienQuoc\\phplab\\buoi7\\Buoi7\\vendor\\laravel\\framework\\src\\Illuminate\\Container\\Container.php(653): Illuminate\\Container\\BoundMethod::call(Object(Illuminate\\Foundation\\Application), Array, Array, NULL)
#50 D:\\1LuuDuLieuSV\\2001240399_TrinhHuuKienQuoc\\phplab\\buoi7\\Buoi7\\vendor\\laravel\\framework\\src\\Illuminate\\Console\\Command.php(136): Illuminate\\Container\\Container->call(Array)
#51 D:\\1LuuDuLieuSV\\2001240399_TrinhHuuKienQuoc\\phplab\\buoi7\\Buoi7\\vendor\\symfony\\console\\Command\\Command.php(298): Illuminate\\Console\\Command->execute(Object(Symfony\\Component\\Console\\Input\\ArgvInput), Object(Illuminate\\Console\\OutputStyle))
#52 D:\\1LuuDuLieuSV\\2001240399_TrinhHuuKienQuoc\\phplab\\buoi7\\Buoi7\\vendor\\laravel\\framework\\src\\Illuminate\\Console\\Command.php(121): Symfony\\Component\\Console\\Command\\Command->run(Object(Symfony\\Component\\Console\\Input\\ArgvInput), Object(Illuminate\\Console\\OutputStyle))
#53 D:\\1LuuDuLieuSV\\2001240399_TrinhHuuKienQuoc\\phplab\\buoi7\\Buoi7\\vendor\\symfony\\console\\Application.php(1040): Illuminate\\Console\\Command->run(Object(Symfony\\Component\\Console\\Input\\ArgvInput), Object(Symfony\\Component\\Console\\Output\\ConsoleOutput))
#54 D:\\1LuuDuLieuSV\\2001240399_TrinhHuuKienQuoc\\phplab\\buoi7\\Buoi7\\vendor\\symfony\\console\\Application.php(301): Symfony\\Component\\Console\\Application->doRunCommand(Object(Illuminate\\Database\\Console\\Migrations\\FreshCommand), Object(Symfony\\Component\\Console\\Input\\ArgvInput), Object(Symfony\\Component\\Console\\Output\\ConsoleOutput))
#55 D:\\1LuuDuLieuSV\\2001240399_TrinhHuuKienQuoc\\phplab\\buoi7\\Buoi7\\vendor\\symfony\\console\\Application.php(171): Symfony\\Component\\Console\\Application->doRun(Object(Symfony\\Component\\Console\\Input\\ArgvInput), Object(Symfony\\Component\\Console\\Output\\ConsoleOutput))
#56 D:\\1LuuDuLieuSV\\2001240399_TrinhHuuKienQuoc\\phplab\\buoi7\\Buoi7\\vendor\\laravel\\framework\\src\\Illuminate\\Console\\Application.php(94): Symfony\\Component\\Console\\Application->run(Object(Symfony\\Component\\Console\\Input\\ArgvInput), Object(Symfony\\Component\\Console\\Output\\ConsoleOutput))
#57 D:\\1LuuDuLieuSV\\2001240399_TrinhHuuKienQuoc\\phplab\\buoi7\\Buoi7\\vendor\\laravel\\framework\\src\\Illuminate\\Foundation\\Console\\Kernel.php(129): Illuminate\\Console\\Application->run(Object(Symfony\\Component\\Console\\Input\\ArgvInput), Object(Symfony\\Component\\Console\\Output\\ConsoleOutput))
#58 D:\\1LuuDuLieuSV\\2001240399_TrinhHuuKienQuoc\\phplab\\buoi7\\Buoi7\\artisan(37): Illuminate\\Foundation\\Console\\Kernel->handle(Object(Symfony\\Component\\Console\\Input\\ArgvInput), Object(Symfony\\Component\\Console\\Output\\ConsoleOutput))
#59 {main}
"} 
[2026-09-28 08:07:47] local.ERROR: SQLSTATE[42S22]: Column not found: 1054 Unknown column 'title' in 'field list' (SQL: insert into `courses` (`title`, `description`, `updated_at`, `created_at`) values (veritatis a cumque, Ut reprehenderit perferendis nihil est., 2026-09-28 08:07:47, 2026-09-28 08:07:47)) {"exception":"[object] (Illuminate\\Database\\QueryException(code: 42S22): SQLSTATE[42S22]: Column not found: 1054 Unknown column 'title' in 'field list' (SQL: insert into `courses` (`title`, `description`, `updated_at`, `created_at`) values (veritatis a cumque, Ut reprehenderit perferendis nihil est., 2026-09-28 08:07:47, 2026-09-28 08:07:47)) at D:\\1LuuDuLieuSV\\2001240399_TrinhHuuKienQuoc\\phplab\\buoi7\\Buoi7\\vendor\\laravel\\framework\\src\\Illuminate\\Database\\Connection.php:712)
[stacktrace]
#0 D:\\1LuuDuLieuSV\\2001240399_TrinhHuuKienQuoc\\phplab\\buoi7\\Buoi7\\vendor\\laravel\\framework\\src\\Illuminate\\Database\\Connection.php(672): Illuminate\\Database\\Connection->runQueryCallback('insert into `co...', Array, Object(Closure))
#1 D:\\1LuuDuLieuSV\\2001240399_TrinhHuuKienQuoc\\phplab\\buoi7\\Buoi7\\vendor\\laravel\\framework\\src\\Illuminate\\Database\\Connection.php(502): Illuminate\\Database\\Connection->run('insert into `co...', Array, Object(Closure))
#2 D:\\1LuuDuLieuSV\\2001240399_TrinhHuuKienQuoc\\phplab\\buoi7\\Buoi7\\vendor\\laravel\\framework\\src\\Illuminate\\Database\\Connection.php(454): Illuminate\\Database\\Connection->statement('insert into `co...', Array)
#3 D:\\1LuuDuLieuSV\\2001240399_TrinhHuuKienQuoc\\phplab\\buoi7\\Buoi7\\vendor\\laravel\\framework\\src\\Illuminate\\Database\\Query\\Processors\\Processor.php(32): Illuminate\\Database\\Connection->insert('insert into `co...', Array)
#4 D:\\1LuuDuLieuSV\\2001240399_TrinhHuuKienQuoc\\phplab\\buoi7\\Buoi7\\vendor\\laravel\\framework\\src\\Illuminate\\Database\\Query\\Builder.php(3028): Illuminate\\Database\\Query\\Processors\\Processor->processInsertGetId(Object(Illuminate\\Database\\Query\\Builder), 'insert into `co...', Array, 'id')
#5 D:\\1LuuDuLieuSV\\2001240399_TrinhHuuKienQuoc\\phplab\\buoi7\\Buoi7\\vendor\\laravel\\framework\\src\\Illuminate\\Database\\Eloquent\\Builder.php(1657): Illuminate\\Database\\Query\\Builder->insertGetId(Array, 'id')
#6 D:\\1LuuDuLieuSV\\2001240399_TrinhHuuKienQuoc\\phplab\\buoi7\\Buoi7\\vendor\\laravel\\framework\\src\\Illuminate\\Database\\Eloquent\\Model.php(1188): Illuminate\\Database\\Eloquent\\Builder->__call('insertGetId', Array)
#7 D:\\1LuuDuLieuSV\\2001240399_TrinhHuuKienQuoc\\phplab\\buoi7\\Buoi7\\vendor\\laravel\\framework\\src\\Illuminate\\Database\\Eloquent\\Model.php(1153): Illuminate\\Database\\Eloquent\\Model->insertAndSetId(Object(Illuminate\\Database\\Eloquent\\Builder), Array)
#8 D:\\1LuuDuLieuSV\\2001240399_TrinhHuuKienQuoc\\phplab\\buoi7\\Buoi7\\vendor\\laravel\\framework\\src\\Illuminate\\Database\\Eloquent\\Model.php(994): Illuminate\\Database\\Eloquent\\Model->performInsert(Object(Illuminate\\Database\\Eloquent\\Builder))
#9 D:\\1LuuDuLieuSV\\2001240399_TrinhHuuKienQuoc\\phplab\\buoi7\\Buoi7\\vendor\\laravel\\framework\\src\\Illuminate\\Database\\Eloquent\\Factories\\Factory.php(314): Illuminate\\Database\\Eloquent\\Model->save()
#10 D:\\1LuuDuLieuSV\\2001240399_TrinhHuuKienQuoc\\phplab\\buoi7\\Buoi7\\vendor\\laravel\\framework\\src\\Illuminate\\Collections\\Traits\\EnumeratesValues.php(245): Illuminate\\Database\\Eloquent\\Factories\\Factory->Illuminate\\Database\\Eloquent\\Factories\\{closure}(Object(App\\Models\\Course), 0)
#11 D:\\1LuuDuLieuSV\\2001240399_TrinhHuuKienQuoc\\phplab\\buoi7\\Buoi7\\vendor\\laravel\\framework\\src\\Illuminate\\Database\\Eloquent\\Factories\\Factory.php(317): Illuminate\\Support\\Collection->each(Object(Closure))
#12 D:\\1LuuDuLieuSV\\2001240399_TrinhHuuKienQuoc\\phplab\\buoi7\\Buoi7\\vendor\\laravel\\framework\\src\\Illuminate\\Database\\Eloquent\\Factories\\Factory.php(265): Illuminate\\Database\\Eloquent\\Factories\\Factory->store(Object(Illuminate\\Database\\Eloquent\\Collection))
#13 D:\\1LuuDuLieuSV\\2001240399_TrinhHuuKienQuoc\\phplab\\buoi7\\Buoi7\\database\\seeders\\StudentCourseSeeder.php(18): Illuminate\\Database\\Eloquent\\Factories\\Factory->create()
#14 D:\\1LuuDuLieuSV\\2001240399_TrinhHuuKienQuoc\\phplab\\buoi7\\Buoi7\\vendor\\laravel\\framework\\src\\Illuminate\\Container\\BoundMethod.php(36): Database\\Seeders\\StudentCourseSeeder->run()
#15 D:\\1LuuDuLieuSV\\2001240399_TrinhHuuKienQuoc\\phplab\\buoi7\\Buoi7\\vendor\\laravel\\framework\\src\\Illuminate\\Container\\Util.php(40): Illuminate\\Container\\BoundMethod::Illuminate\\Container\\{closure}()
#16 D:\\1LuuDuLieuSV\\2001240399_TrinhHuuKienQuoc\\phplab\\buoi7\\Buoi7\\vendor\\laravel\\framework\\src\\Illuminate\\Container\\BoundMethod.php(93): Illuminate\\Container\\Util::unwrapIfClosure(Object(Closure))
#17 D:\\1LuuDuLieuSV\\2001240399_TrinhHuuKienQuoc\\phplab\\buoi7\\Buoi7\\vendor\\laravel\\framework\\src\\Illuminate\\Container\\BoundMethod.php(37): Illuminate\\Container\\BoundMethod::callBoundMethod(Object(Illuminate\\Foundation\\Application), Array, Object(Closure))
#18 D:\\1LuuDuLieuSV\\2001240399_TrinhHuuKienQuoc\\phplab\\buoi7\\Buoi7\\vendor\\laravel\\framework\\src\\Illuminate\\Container\\Container.php(653): Illuminate\\Container\\BoundMethod::call(Object(Illuminate\\Foundation\\Application), Array, Array, NULL)
#19 D:\\1LuuDuLieuSV\\2001240399_TrinhHuuKienQuoc\\phplab\\buoi7\\Buoi7\\vendor\\laravel\\framework\\src\\Illuminate\\Database\\Seeder.php(149): Illuminate\\Container\\Container->call(Array, Array)
#20 D:\\1LuuDuLieuSV\\2001240399_TrinhHuuKienQuoc\\phplab\\buoi7\\Buoi7\\vendor\\laravel\\framework\\src\\Illuminate\\Database\\Seeder.php(49): Illuminate\\Database\\Seeder->__invoke(Array)
#21 D:\\1LuuDuLieuSV\\2001240399_TrinhHuuKienQuoc\\phplab\\buoi7\\Buoi7\\database\\seeders\\DatabaseSeeder.php(27): Illuminate\\Database\\Seeder->call('Database\\\\Seeder...')
#22 D:\\1LuuDuLieuSV\\2001240399_TrinhHuuKienQuoc\\phplab\\buoi7\\Buoi7\\vendor\\laravel\\framework\\src\\Illuminate\\Container\\BoundMethod.php(36): Database\\Seeders\\DatabaseSeeder->run()
#23 D:\\1LuuDuLieuSV\\2001240399_TrinhHuuKienQuoc\\phplab\\buoi7\\Buoi7\\vendor\\laravel\\framework\\src\\Illuminate\\Container\\Util.php(40): Illuminate\\Container\\BoundMethod::Illuminate\\Container\\{closure}()
#24 D:\\1LuuDuLieuSV\\2001240399_TrinhHuuKienQuoc\\phplab\\buoi7\\Buoi7\\vendor\\laravel\\framework\\src\\Illuminate\\Container\\BoundMethod.php(93): Illuminate\\Container\\Util::unwrapIfClosure(Object(Closure))
#25 D:\\1LuuDuLieuSV\\2001240399_TrinhHuuKienQuoc\\phplab\\buoi7\\Buoi7\\vendor\\laravel\\framework\\src\\Illuminate\\Container\\BoundMethod.php(37): Illuminate\\Container\\BoundMethod::callBoundMethod(Object(Illuminate\\Foundation\\Application), Array, Object(Closure))
#26 D:\\1LuuDuLieuSV\\2001240399_TrinhHuuKienQuoc\\phplab\\buoi7\\Buoi7\\vendor\\laravel\\framework\\src\\Illuminate\\Container\\Container.php(653): Illuminate\\Container\\BoundMethod::call(Object(Illuminate\\Foundation\\Application), Array, Array, NULL)
#27 D:\\1LuuDuLieuSV\\2001240399_TrinhHuuKienQuoc\\phplab\\buoi7\\Buoi7\\vendor\\laravel\\framework\\src\\Illuminate\\Database\\Seeder.php(149): Illuminate\\Container\\Container->call(Array, Array)
#28 D:\\1LuuDuLieuSV\\2001240399_TrinhHuuKienQuoc\\phplab\\buoi7\\Buoi7\\vendor\\laravel\\framework\\src\\Illuminate\\Database\\Console\\Seeds\\SeedCommand.php(66): Illuminate\\Database\\Seeder->__invoke()
#29 D:\\1LuuDuLieuSV\\2001240399_TrinhHuuKienQuoc\\phplab\\buoi7\\Buoi7\\vendor\\laravel\\framework\\src\\Illuminate\\Database\\Eloquent\\Concerns\\GuardsAttributes.php(157): Illuminate\\Database\\Console\\Seeds\\SeedCommand->Illuminate\\Database\\Console\\Seeds\\{closure}()
#30 D:\\1LuuDuLieuSV\\2001240399_TrinhHuuKienQuoc\\phplab\\buoi7\\Buoi7\\vendor\\laravel\\framework\\src\\Illuminate\\Database\\Console\\Seeds\\SeedCommand.php(67): Illuminate\\Database\\Eloquent\\Model::unguarded(Object(Closure))
#31 D:\\1LuuDuLieuSV\\2001240399_TrinhHuuKienQuoc\\phplab\\buoi7\\Buoi7\\vendor\\laravel\\framework\\src\\Illuminate\\Container\\BoundMethod.php(36): Illuminate\\Database\\Console\\Seeds\\SeedCommand->handle()
#32 D:\\1LuuDuLieuSV\\2001240399_TrinhHuuKienQuoc\\phplab\\buoi7\\Buoi7\\vendor\\laravel\\framework\\src\\Illuminate\\Container\\Util.php(40): Illuminate\\Container\\BoundMethod::Illuminate\\Container\\{closure}()
#33 D:\\1LuuDuLieuSV\\2001240399_TrinhHuuKienQuoc\\phplab\\buoi7\\Buoi7\\vendor\\laravel\\framework\\src\\Illuminate\\Container\\BoundMethod.php(93): Illuminate\\Container\\Util::unwrapIfClosure(Object(Closure))
#34 D:\\1LuuDuLieuSV\\2001240399_TrinhHuuKienQuoc\\phplab\\buoi7\\Buoi7\\vendor\\laravel\\framework\\src\\Illuminate\\Container\\BoundMethod.php(37): Illuminate\\Container\\BoundMethod::callBoundMethod(Object(Illuminate\\Foundation\\Application), Array, Object(Closure))
#35 D:\\1LuuDuLieuSV\\2001240399_TrinhHuuKienQuoc\\phplab\\buoi7\\Buoi7\\vendor\\laravel\\framework\\src\\Illuminate\\Container\\Container.php(653): Illuminate\\Container\\BoundMethod::call(Object(Illuminate\\Foundation\\Application), Array, Array, NULL)
#36 D:\\1LuuDuLieuSV\\2001240399_TrinhHuuKienQuoc\\phplab\\buoi7\\Buoi7\\vendor\\laravel\\framework\\src\\Illuminate\\Console\\Command.php(136): Illuminate\\Container\\Container->call(Array)
#37 D:\\1LuuDuLieuSV\\2001240399_TrinhHuuKienQuoc\\phplab\\buoi7\\Buoi7\\vendor\\symfony\\console\\Command\\Command.php(298): Illuminate\\Console\\Command->execute(Object(Symfony\\Component\\Console\\Input\\ArrayInput), Object(Illuminate\\Console\\OutputStyle))
#38 D:\\1LuuDuLieuSV\\2001240399_TrinhHuuKienQuoc\\phplab\\buoi7\\Buoi7\\vendor\\laravel\\framework\\src\\Illuminate\\Console\\Command.php(121): Symfony\\Component\\Console\\Command\\Command->run(Object(Symfony\\Component\\Console\\Input\\ArrayInput), Object(Illuminate\\Console\\OutputStyle))
#39 D:\\1LuuDuLieuSV\\2001240399_TrinhHuuKienQuoc\\phplab\\buoi7\\Buoi7\\vendor\\laravel\\framework\\src\\Illuminate\\Console\\Concerns\\CallsCommands.php(68): Illuminate\\Console\\Command->run(Object(Symfony\\Component\\Console\\Input\\ArrayInput), Object(Illuminate\\Console\\OutputStyle))
#40 D:\\1LuuDuLieuSV\\2001240399_TrinhHuuKienQuoc\\phplab\\buoi7\\Buoi7\\vendor\\laravel\\framework\\src\\Illuminate\\Console\\Concerns\\CallsCommands.php(28): Illuminate\\Console\\Command->runCommand('db:seed', Array, Object(Illuminate\\Console\\OutputStyle))
#41 D:\\1LuuDuLieuSV\\2001240399_TrinhHuuKienQuoc\\phplab\\buoi7\\Buoi7\\vendor\\laravel\\framework\\src\\Illuminate\\Database\\Console\\Migrations\\FreshCommand.php(90): Illuminate\\Console\\Command->call('db:seed', Array)
#42 D:\\1LuuDuLieuSV\\2001240399_TrinhHuuKienQuoc\\phplab\\buoi7\\Buoi7\\vendor\\laravel\\framework\\src\\Illuminate\\Database\\Console\\Migrations\\FreshCommand.php(65): Illuminate\\Database\\Console\\Migrations\\FreshCommand->runSeeder(NULL)
#43 D:\\1LuuDuLieuSV\\2001240399_TrinhHuuKienQuoc\\phplab\\buoi7\\Buoi7\\vendor\\laravel\\framework\\src\\Illuminate\\Container\\BoundMethod.php(36): Illuminate\\Database\\Console\\Migrations\\FreshCommand->handle()
#44 D:\\1LuuDuLieuSV\\2001240399_TrinhHuuKienQuoc\\phplab\\buoi7\\Buoi7\\vendor\\laravel\\framework\\src\\Illuminate\\Container\\Util.php(40): Illuminate\\Container\\BoundMethod::Illuminate\\Container\\{closure}()
#45 D:\\1LuuDuLieuSV\\2001240399_TrinhHuuKienQuoc\\phplab\\buoi7\\Buoi7\\vendor\\laravel\\framework\\src\\Illuminate\\Container\\BoundMethod.php(93): Illuminate\\Container\\Util::unwrapIfClosure(Object(Closure))
#46 D:\\1LuuDuLieuSV\\2001240399_TrinhHuuKienQuoc\\phplab\\buoi7\\Buoi7\\vendor\\laravel\\framework\\src\\Illuminate\\Container\\BoundMethod.php(37): Illuminate\\Container\\BoundMethod::callBoundMethod(Object(Illuminate\\Foundation\\Application), Array, Object(Closure))
#47 D:\\1LuuDuLieuSV\\2001240399_TrinhHuuKienQuoc\\phplab\\buoi7\\Buoi7\\vendor\\laravel\\framework\\src\\Illuminate\\Container\\Container.php(653): Illuminate\\Container\\BoundMethod::call(Object(Illuminate\\Foundation\\Application), Array, Array, NULL)
#48 D:\\1LuuDuLieuSV\\2001240399_TrinhHuuKienQuoc\\phplab\\buoi7\\Buoi7\\vendor\\laravel\\framework\\src\\Illuminate\\Console\\Command.php(136): Illuminate\\Container\\Container->call(Array)
#49 D:\\1LuuDuLieuSV\\2001240399_TrinhHuuKienQuoc\\phplab\\buoi7\\Buoi7\\vendor\\symfony\\console\\Command\\Command.php(298): Illuminate\\Console\\Command->execute(Object(Symfony\\Component\\Console\\Input\\ArgvInput), Object(Illuminate\\Console\\OutputStyle))
#50 D:\\1LuuDuLieuSV\\2001240399_TrinhHuuKienQuoc\\phplab\\buoi7\\Buoi7\\vendor\\laravel\\framework\\src\\Illuminate\\Console\\Command.php(121): Symfony\\Component\\Console\\Command\\Command->run(Object(Symfony\\Component\\Console\\Input\\ArgvInput), Object(Illuminate\\Console\\OutputStyle))
#51 D:\\1LuuDuLieuSV\\2001240399_TrinhHuuKienQuoc\\phplab\\buoi7\\Buoi7\\vendor\\symfony\\console\\Application.php(1040): Illuminate\\Console\\Command->run(Object(Symfony\\Component\\Console\\Input\\ArgvInput), Object(Symfony\\Component\\Console\\Output\\ConsoleOutput))
#52 D:\\1LuuDuLieuSV\\2001240399_TrinhHuuKienQuoc\\phplab\\buoi7\\Buoi7\\vendor\\symfony\\console\\Application.php(301): Symfony\\Component\\Console\\Application->doRunCommand(Object(Illuminate\\Database\\Console\\Migrations\\FreshCommand), Object(Symfony\\Component\\Console\\Input\\ArgvInput), Object(Symfony\\Component\\Console\\Output\\ConsoleOutput))
#53 D:\\1LuuDuLieuSV\\2001240399_TrinhHuuKienQuoc\\phplab\\buoi7\\Buoi7\\vendor\\symfony\\console\\Application.php(171): Symfony\\Component\\Console\\Application->doRun(Object(Symfony\\Component\\Console\\Input\\ArgvInput), Object(Symfony\\Component\\Console\\Output\\ConsoleOutput))
#54 D:\\1LuuDuLieuSV\\2001240399_TrinhHuuKienQuoc\\phplab\\buoi7\\Buoi7\\vendor\\laravel\\framework\\src\\Illuminate\\Console\\Application.php(94): Symfony\\Component\\Console\\Application->run(Object(Symfony\\Component\\Console\\Input\\ArgvInput), Object(Symfony\\Component\\Console\\Output\\ConsoleOutput))
#55 D:\\1LuuDuLieuSV\\2001240399_TrinhHuuKienQuoc\\phplab\\buoi7\\Buoi7\\vendor\\laravel\\framework\\src\\Illuminate\\Foundation\\Console\\Kernel.php(129): Illuminate\\Console\\Application->run(Object(Symfony\\Component\\Console\\Input\\ArgvInput), Object(Symfony\\Component\\Console\\Output\\ConsoleOutput))
#56 D:\\1LuuDuLieuSV\\2001240399_TrinhHuuKienQuoc\\phplab\\buoi7\\Buoi7\\artisan(37): Illuminate\\Foundation\\Console\\Kernel->handle(Object(Symfony\\Component\\Console\\Input\\ArgvInput), Object(Symfony\\Component\\Console\\Output\\ConsoleOutput))
#57 {main}

[previous exception] [object] (PDOException(code: 42S22): SQLSTATE[42S22]: Column not found: 1054 Unknown column 'title' in 'field list' at D:\\1LuuDuLieuSV\\2001240399_TrinhHuuKienQuoc\\phplab\\buoi7\\Buoi7\\vendor\\laravel\\framework\\src\\Illuminate\\Database\\Connection.php:495)
[stacktrace]
#0 D:\\1LuuDuLieuSV\\2001240399_TrinhHuuKienQuoc\\phplab\\buoi7\\Buoi7\\vendor\\laravel\\framework\\src\\Illuminate\\Database\\Connection.php(495): PDO->prepare('insert into `co...')
#1 D:\\1LuuDuLieuSV\\2001240399_TrinhHuuKienQuoc\\phplab\\buoi7\\Buoi7\\vendor\\laravel\\framework\\src\\Illuminate\\Database\\Connection.php(705): Illuminate\\Database\\Connection->Illuminate\\Database\\{closure}('insert into `co...', Array)
#2 D:\\1LuuDuLieuSV\\2001240399_TrinhHuuKienQuoc\\phplab\\buoi7\\Buoi7\\vendor\\laravel\\framework\\src\\Illuminate\\Database\\Connection.php(672): Illuminate\\Database\\Connection->runQueryCallback('insert into `co...', Array, Object(Closure))
#3 D:\\1LuuDuLieuSV\\2001240399_TrinhHuuKienQuoc\\phplab\\buoi7\\Buoi7\\vendor\\laravel\\framework\\src\\Illuminate\\Database\\Connection.php(502): Illuminate\\Database\\Connection->run('insert into `co...', Array, Object(Closure))
#4 D:\\1LuuDuLieuSV\\2001240399_TrinhHuuKienQuoc\\phplab\\buoi7\\Buoi7\\vendor\\laravel\\framework\\src\\Illuminate\\Database\\Connection.php(454): Illuminate\\Database\\Connection->statement('insert into `co...', Array)
#5 D:\\1LuuDuLieuSV\\2001240399_TrinhHuuKienQuoc\\phplab\\buoi7\\Buoi7\\vendor\\laravel\\framework\\src\\Illuminate\\Database\\Query\\Processors\\Processor.php(32): Illuminate\\Database\\Connection->insert('insert into `co...', Array)
#6 D:\\1LuuDuLieuSV\\2001240399_TrinhHuuKienQuoc\\phplab\\buoi7\\Buoi7\\vendor\\laravel\\framework\\src\\Illuminate\\Database\\Query\\Builder.php(3028): Illuminate\\Database\\Query\\Processors\\Processor->processInsertGetId(Object(Illuminate\\Database\\Query\\Builder), 'insert into `co...', Array, 'id')
#7 D:\\1LuuDuLieuSV\\2001240399_TrinhHuuKienQuoc\\phplab\\buoi7\\Buoi7\\vendor\\laravel\\framework\\src\\Illuminate\\Database\\Eloquent\\Builder.php(1657): Illuminate\\Database\\Query\\Builder->insertGetId(Array, 'id')
#8 D:\\1LuuDuLieuSV\\2001240399_TrinhHuuKienQuoc\\phplab\\buoi7\\Buoi7\\vendor\\laravel\\framework\\src\\Illuminate\\Database\\Eloquent\\Model.php(1188): Illuminate\\Database\\Eloquent\\Builder->__call('insertGetId', Array)
#9 D:\\1LuuDuLieuSV\\2001240399_TrinhHuuKienQuoc\\phplab\\buoi7\\Buoi7\\vendor\\laravel\\framework\\src\\Illuminate\\Database\\Eloquent\\Model.php(1153): Illuminate\\Database\\Eloquent\\Model->insertAndSetId(Object(Illuminate\\Database\\Eloquent\\Builder), Array)
#10 D:\\1LuuDuLieuSV\\2001240399_TrinhHuuKienQuoc\\phplab\\buoi7\\Buoi7\\vendor\\laravel\\framework\\src\\Illuminate\\Database\\Eloquent\\Model.php(994): Illuminate\\Database\\Eloquent\\Model->performInsert(Object(Illuminate\\Database\\Eloquent\\Builder))
#11 D:\\1LuuDuLieuSV\\2001240399_TrinhHuuKienQuoc\\phplab\\buoi7\\Buoi7\\vendor\\laravel\\framework\\src\\Illuminate\\Database\\Eloquent\\Factories\\Factory.php(314): Illuminate\\Database\\Eloquent\\Model->save()
#12 D:\\1LuuDuLieuSV\\2001240399_TrinhHuuKienQuoc\\phplab\\buoi7\\Buoi7\\vendor\\laravel\\framework\\src\\Illuminate\\Collections\\Traits\\EnumeratesValues.php(245): Illuminate\\Database\\Eloquent\\Factories\\Factory->Illuminate\\Database\\Eloquent\\Factories\\{closure}(Object(App\\Models\\Course), 0)
#13 D:\\1LuuDuLieuSV\\2001240399_TrinhHuuKienQuoc\\phplab\\buoi7\\Buoi7\\vendor\\laravel\\framework\\src\\Illuminate\\Database\\Eloquent\\Factories\\Factory.php(317): Illuminate\\Support\\Collection->each(Object(Closure))
#14 D:\\1LuuDuLieuSV\\2001240399_TrinhHuuKienQuoc\\phplab\\buoi7\\Buoi7\\vendor\\laravel\\framework\\src\\Illuminate\\Database\\Eloquent\\Factories\\Factory.php(265): Illuminate\\Database\\Eloquent\\Factories\\Factory->store(Object(Illuminate\\Database\\Eloquent\\Collection))
#15 D:\\1LuuDuLieuSV\\2001240399_TrinhHuuKienQuoc\\phplab\\buoi7\\Buoi7\\database\\seeders\\StudentCourseSeeder.php(18): Illuminate\\Database\\Eloquent\\Factories\\Factory->create()
#16 D:\\1LuuDuLieuSV\\2001240399_TrinhHuuKienQuoc\\phplab\\buoi7\\Buoi7\\vendor\\laravel\\framework\\src\\Illuminate\\Container\\BoundMethod.php(36): Database\\Seeders\\StudentCourseSeeder->run()
#17 D:\\1LuuDuLieuSV\\2001240399_TrinhHuuKienQuoc\\phplab\\buoi7\\Buoi7\\vendor\\laravel\\framework\\src\\Illuminate\\Container\\Util.php(40): Illuminate\\Container\\BoundMethod::Illuminate\\Container\\{closure}()
#18 D:\\1LuuDuLieuSV\\2001240399_TrinhHuuKienQuoc\\phplab\\buoi7\\Buoi7\\vendor\\laravel\\framework\\src\\Illuminate\\Container\\BoundMethod.php(93): Illuminate\\Container\\Util::unwrapIfClosure(Object(Closure))
#19 D:\\1LuuDuLieuSV\\2001240399_TrinhHuuKienQuoc\\phplab\\buoi7\\Buoi7\\vendor\\laravel\\framework\\src\\Illuminate\\Container\\BoundMethod.php(37): Illuminate\\Container\\BoundMethod::callBoundMethod(Object(Illuminate\\Foundation\\Application), Array, Object(Closure))
#20 D:\\1LuuDuLieuSV\\2001240399_TrinhHuuKienQuoc\\phplab\\buoi7\\Buoi7\\vendor\\laravel\\framework\\src\\Illuminate\\Container\\Container.php(653): Illuminate\\Container\\BoundMethod::call(Object(Illuminate\\Foundation\\Application), Array, Array, NULL)
#21 D:\\1LuuDuLieuSV\\2001240399_TrinhHuuKienQuoc\\phplab\\buoi7\\Buoi7\\vendor\\laravel\\framework\\src\\Illuminate\\Database\\Seeder.php(149): Illuminate\\Container\\Container->call(Array, Array)
#22 D:\\1LuuDuLieuSV\\2001240399_TrinhHuuKienQuoc\\phplab\\buoi7\\Buoi7\\vendor\\laravel\\framework\\src\\Illuminate\\Database\\Seeder.php(49): Illuminate\\Database\\Seeder->__invoke(Array)
#23 D:\\1LuuDuLieuSV\\2001240399_TrinhHuuKienQuoc\\phplab\\buoi7\\Buoi7\\database\\seeders\\DatabaseSeeder.php(27): Illuminate\\Database\\Seeder->call('Database\\\\Seeder...')
#24 D:\\1LuuDuLieuSV\\2001240399_TrinhHuuKienQuoc\\phplab\\buoi7\\Buoi7\\vendor\\laravel\\framework\\src\\Illuminate\\Container\\BoundMethod.php(36): Database\\Seeders\\DatabaseSeeder->run()
#25 D:\\1LuuDuLieuSV\\2001240399_TrinhHuuKienQuoc\\phplab\\buoi7\\Buoi7\\vendor\\laravel\\framework\\src\\Illuminate\\Container\\Util.php(40): Illuminate\\Container\\BoundMethod::Illuminate\\Container\\{closure}()
#26 D:\\1LuuDuLieuSV\\2001240399_TrinhHuuKienQuoc\\phplab\\buoi7\\Buoi7\\vendor\\laravel\\framework\\src\\Illuminate\\Container\\BoundMethod.php(93): Illuminate\\Container\\Util::unwrapIfClosure(Object(Closure))
#27 D:\\1LuuDuLieuSV\\2001240399_TrinhHuuKienQuoc\\phplab\\buoi7\\Buoi7\\vendor\\laravel\\framework\\src\\Illuminate\\Container\\BoundMethod.php(37): Illuminate\\Container\\BoundMethod::callBoundMethod(Object(Illuminate\\Foundation\\Application), Array, Object(Closure))
#28 D:\\1LuuDuLieuSV\\2001240399_TrinhHuuKienQuoc\\phplab\\buoi7\\Buoi7\\vendor\\laravel\\framework\\src\\Illuminate\\Container\\Container.php(653): Illuminate\\Container\\BoundMethod::call(Object(Illuminate\\Foundation\\Application), Array, Array, NULL)
#29 D:\\1LuuDuLieuSV\\2001240399_TrinhHuuKienQuoc\\phplab\\buoi7\\Buoi7\\vendor\\laravel\\framework\\src\\Illuminate\\Database\\Seeder.php(149): Illuminate\\Container\\Container->call(Array, Array)
#30 D:\\1LuuDuLieuSV\\2001240399_TrinhHuuKienQuoc\\phplab\\buoi7\\Buoi7\\vendor\\laravel\\framework\\src\\Illuminate\\Database\\Console\\Seeds\\SeedCommand.php(66): Illuminate\\Database\\Seeder->__invoke()
#31 D:\\1LuuDuLieuSV\\2001240399_TrinhHuuKienQuoc\\phplab\\buoi7\\Buoi7\\vendor\\laravel\\framework\\src\\Illuminate\\Database\\Eloquent\\Concerns\\GuardsAttributes.php(157): Illuminate\\Database\\Console\\Seeds\\SeedCommand->Illuminate\\Database\\Console\\Seeds\\{closure}()
#32 D:\\1LuuDuLieuSV\\2001240399_TrinhHuuKienQuoc\\phplab\\buoi7\\Buoi7\\vendor\\laravel\\framework\\src\\Illuminate\\Database\\Console\\Seeds\\SeedCommand.php(67): Illuminate\\Database\\Eloquent\\Model::unguarded(Object(Closure))
#33 D:\\1LuuDuLieuSV\\2001240399_TrinhHuuKienQuoc\\phplab\\buoi7\\Buoi7\\vendor\\laravel\\framework\\src\\Illuminate\\Container\\BoundMethod.php(36): Illuminate\\Database\\Console\\Seeds\\SeedCommand->handle()
#34 D:\\1LuuDuLieuSV\\2001240399_TrinhHuuKienQuoc\\phplab\\buoi7\\Buoi7\\vendor\\laravel\\framework\\src\\Illuminate\\Container\\Util.php(40): Illuminate\\Container\\BoundMethod::Illuminate\\Container\\{closure}()
#35 D:\\1LuuDuLieuSV\\2001240399_TrinhHuuKienQuoc\\phplab\\buoi7\\Buoi7\\vendor\\laravel\\framework\\src\\Illuminate\\Container\\BoundMethod.php(93): Illuminate\\Container\\Util::unwrapIfClosure(Object(Closure))
#36 D:\\1LuuDuLieuSV\\2001240399_TrinhHuuKienQuoc\\phplab\\buoi7\\Buoi7\\vendor\\laravel\\framework\\src\\Illuminate\\Container\\BoundMethod.php(37): Illuminate\\Container\\BoundMethod::callBoundMethod(Object(Illuminate\\Foundation\\Application), Array, Object(Closure))
#37 D:\\1LuuDuLieuSV\\2001240399_TrinhHuuKienQuoc\\phplab\\buoi7\\Buoi7\\vendor\\laravel\\framework\\src\\Illuminate\\Container\\Container.php(653): Illuminate\\Container\\BoundMethod::call(Object(Illuminate\\Foundation\\Application), Array, Array, NULL)
#38 D:\\1LuuDuLieuSV\\2001240399_TrinhHuuKienQuoc\\phplab\\buoi7\\Buoi7\\vendor\\laravel\\framework\\src\\Illuminate\\Console\\Command.php(136): Illuminate\\Container\\Container->call(Array)
#39 D:\\1LuuDuLieuSV\\2001240399_TrinhHuuKienQuoc\\phplab\\buoi7\\Buoi7\\vendor\\symfony\\console\\Command\\Command.php(298): Illuminate\\Console\\Command->execute(Object(Symfony\\Component\\Console\\Input\\ArrayInput), Object(Illuminate\\Console\\OutputStyle))
#40 D:\\1LuuDuLieuSV\\2001240399_TrinhHuuKienQuoc\\phplab\\buoi7\\Buoi7\\vendor\\laravel\\framework\\src\\Illuminate\\Console\\Command.php(121): Symfony\\Component\\Console\\Command\\Command->run(Object(Symfony\\Component\\Console\\Input\\ArrayInput), Object(Illuminate\\Console\\OutputStyle))
#41 D:\\1LuuDuLieuSV\\2001240399_TrinhHuuKienQuoc\\phplab\\buoi7\\Buoi7\\vendor\\laravel\\framework\\src\\Illuminate\\Console\\Concerns\\CallsCommands.php(68): Illuminate\\Console\\Command->run(Object(Symfony\\Component\\Console\\Input\\ArrayInput), Object(Illuminate\\Console\\OutputStyle))
#42 D:\\1LuuDuLieuSV\\2001240399_TrinhHuuKienQuoc\\phplab\\buoi7\\Buoi7\\vendor\\laravel\\framework\\src\\Illuminate\\Console\\Concerns\\CallsCommands.php(28): Illuminate\\Console\\Command->runCommand('db:seed', Array, Object(Illuminate\\Console\\OutputStyle))
#43 D:\\1LuuDuLieuSV\\2001240399_TrinhHuuKienQuoc\\phplab\\buoi7\\Buoi7\\vendor\\laravel\\framework\\src\\Illuminate\\Database\\Console\\Migrations\\FreshCommand.php(90): Illuminate\\Console\\Command->call('db:seed', Array)
#44 D:\\1LuuDuLieuSV\\2001240399_TrinhHuuKienQuoc\\phplab\\buoi7\\Buoi7\\vendor\\laravel\\framework\\src\\Illuminate\\Database\\Console\\Migrations\\FreshCommand.php(65): Illuminate\\Database\\Console\\Migrations\\FreshCommand->runSeeder(NULL)
#45 D:\\1LuuDuLieuSV\\2001240399_TrinhHuuKienQuoc\\phplab\\buoi7\\Buoi7\\vendor\\laravel\\framework\\src\\Illuminate\\Container\\BoundMethod.php(36): Illuminate\\Database\\Console\\Migrations\\FreshCommand->handle()
#46 D:\\1LuuDuLieuSV\\2001240399_TrinhHuuKienQuoc\\phplab\\buoi7\\Buoi7\\vendor\\laravel\\framework\\src\\Illuminate\\Container\\Util.php(40): Illuminate\\Container\\BoundMethod::Illuminate\\Container\\{closure}()
#47 D:\\1LuuDuLieuSV\\2001240399_TrinhHuuKienQuoc\\phplab\\buoi7\\Buoi7\\vendor\\laravel\\framework\\src\\Illuminate\\Container\\BoundMethod.php(93): Illuminate\\Container\\Util::unwrapIfClosure(Object(Closure))
#48 D:\\1LuuDuLieuSV\\2001240399_TrinhHuuKienQuoc\\phplab\\buoi7\\Buoi7\\vendor\\laravel\\framework\\src\\Illuminate\\Container\\BoundMethod.php(37): Illuminate\\Container\\BoundMethod::callBoundMethod(Object(Illuminate\\Foundation\\Application), Array, Object(Closure))
#49 D:\\1LuuDuLieuSV\\2001240399_TrinhHuuKienQuoc\\phplab\\buoi7\\Buoi7\\vendor\\laravel\\framework\\src\\Illuminate\\Container\\Container.php(653): Illuminate\\Container\\BoundMethod::call(Object(Illuminate\\Foundation\\Application), Array, Array, NULL)
#50 D:\\1LuuDuLieuSV\\2001240399_TrinhHuuKienQuoc\\phplab\\buoi7\\Buoi7\\vendor\\laravel\\framework\\src\\Illuminate\\Console\\Command.php(136): Illuminate\\Container\\Container->call(Array)
#51 D:\\1LuuDuLieuSV\\2001240399_TrinhHuuKienQuoc\\phplab\\buoi7\\Buoi7\\vendor\\symfony\\console\\Command\\Command.php(298): Illuminate\\Console\\Command->execute(Object(Symfony\\Component\\Console\\Input\\ArgvInput), Object(Illuminate\\Console\\OutputStyle))
#52 D:\\1LuuDuLieuSV\\2001240399_TrinhHuuKienQuoc\\phplab\\buoi7\\Buoi7\\vendor\\laravel\\framework\\src\\Illuminate\\Console\\Command.php(121): Symfony\\Component\\Console\\Command\\Command->run(Object(Symfony\\Component\\Console\\Input\\ArgvInput), Object(Illuminate\\Console\\OutputStyle))
#53 D:\\1LuuDuLieuSV\\2001240399_TrinhHuuKienQuoc\\phplab\\buoi7\\Buoi7\\vendor\\symfony\\console\\Application.php(1040): Illuminate\\Console\\Command->run(Object(Symfony\\Component\\Console\\Input\\ArgvInput), Object(Symfony\\Component\\Console\\Output\\ConsoleOutput))
#54 D:\\1LuuDuLieuSV\\2001240399_TrinhHuuKienQuoc\\phplab\\buoi7\\Buoi7\\vendor\\symfony\\console\\Application.php(301): Symfony\\Component\\Console\\Application->doRunCommand(Object(Illuminate\\Database\\Console\\Migrations\\FreshCommand), Object(Symfony\\Component\\Console\\Input\\ArgvInput), Object(Symfony\\Component\\Console\\Output\\ConsoleOutput))
#55 D:\\1LuuDuLieuSV\\2001240399_TrinhHuuKienQuoc\\phplab\\buoi7\\Buoi7\\vendor\\symfony\\console\\Application.php(171): Symfony\\Component\\Console\\Application->doRun(Object(Symfony\\Component\\Console\\Input\\ArgvInput), Object(Symfony\\Component\\Console\\Output\\ConsoleOutput))
#56 D:\\1LuuDuLieuSV\\2001240399_TrinhHuuKienQuoc\\phplab\\buoi7\\Buoi7\\vendor\\laravel\\framework\\src\\Illuminate\\Console\\Application.php(94): Symfony\\Component\\Console\\Application->run(Object(Symfony\\Component\\Console\\Input\\ArgvInput), Object(Symfony\\Component\\Console\\Output\\ConsoleOutput))
#57 D:\\1LuuDuLieuSV\\2001240399_TrinhHuuKienQuoc\\phplab\\buoi7\\Buoi7\\vendor\\laravel\\framework\\src\\Illuminate\\Foundation\\Console\\Kernel.php(129): Illuminate\\Console\\Application->run(Object(Symfony\\Component\\Console\\Input\\ArgvInput), Object(Symfony\\Component\\Console\\Output\\ConsoleOutput))
#58 D:\\1LuuDuLieuSV\\2001240399_TrinhHuuKienQuoc\\phplab\\buoi7\\Buoi7\\artisan(37): Illuminate\\Foundation\\Console\\Kernel->handle(Object(Symfony\\Component\\Console\\Input\\ArgvInput), Object(Symfony\\Component\\Console\\Output\\ConsoleOutput))
#59 {main}
"} 
[2026-09-28 08:09:15] local.ERROR: SQLSTATE[42S22]: Column not found: 1054 Unknown column 'title' in 'field list' (SQL: insert into `courses` (`title`, `description`, `updated_at`, `created_at`) values (dolorem est consectetur, Neque maxime est placeat., 2026-09-28 08:09:15, 2026-09-28 08:09:15)) {"exception":"[object] (Illuminate\\Database\\QueryException(code: 42S22): SQLSTATE[42S22]: Column not found: 1054 Unknown column 'title' in 'field list' (SQL: insert into `courses` (`title`, `description`, `updated_at`, `created_at`) values (dolorem est consectetur, Neque maxime est placeat., 2026-09-28 08:09:15, 2026-09-28 08:09:15)) at D:\\1LuuDuLieuSV\\2001240399_TrinhHuuKienQuoc\\phplab\\buoi7\\Buoi7\\vendor\\laravel\\framework\\src\\Illuminate\\Database\\Connection.php:712)
[stacktrace]
#0 D:\\1LuuDuLieuSV\\2001240399_TrinhHuuKienQuoc\\phplab\\buoi7\\Buoi7\\vendor\\laravel\\framework\\src\\Illuminate\\Database\\Connection.php(672): Illuminate\\Database\\Connection->runQueryCallback('insert into `co...', Array, Object(Closure))
#1 D:\\1LuuDuLieuSV\\2001240399_TrinhHuuKienQuoc\\phplab\\buoi7\\Buoi7\\vendor\\laravel\\framework\\src\\Illuminate\\Database\\Connection.php(502): Illuminate\\Database\\Connection->run('insert into `co...', Array, Object(Closure))
#2 D:\\1LuuDuLieuSV\\2001240399_TrinhHuuKienQuoc\\phplab\\buoi7\\Buoi7\\vendor\\laravel\\framework\\src\\Illuminate\\Database\\Connection.php(454): Illuminate\\Database\\Connection->statement('insert into `co...', Array)
#3 D:\\1LuuDuLieuSV\\2001240399_TrinhHuuKienQuoc\\phplab\\buoi7\\Buoi7\\vendor\\laravel\\framework\\src\\Illuminate\\Database\\Query\\Processors\\Processor.php(32): Illuminate\\Database\\Connection->insert('insert into `co...', Array)
#4 D:\\1LuuDuLieuSV\\2001240399_TrinhHuuKienQuoc\\phplab\\buoi7\\Buoi7\\vendor\\laravel\\framework\\src\\Illuminate\\Database\\Query\\Builder.php(3028): Illuminate\\Database\\Query\\Processors\\Processor->processInsertGetId(Object(Illuminate\\Database\\Query\\Builder), 'insert into `co...', Array, 'id')
#5 D:\\1LuuDuLieuSV\\2001240399_TrinhHuuKienQuoc\\phplab\\buoi7\\Buoi7\\vendor\\laravel\\framework\\src\\Illuminate\\Database\\Eloquent\\Builder.php(1657): Illuminate\\Database\\Query\\Builder->insertGetId(Array, 'id')
#6 D:\\1LuuDuLieuSV\\2001240399_TrinhHuuKienQuoc\\phplab\\buoi7\\Buoi7\\vendor\\laravel\\framework\\src\\Illuminate\\Database\\Eloquent\\Model.php(1188): Illuminate\\Database\\Eloquent\\Builder->__call('insertGetId', Array)
#7 D:\\1LuuDuLieuSV\\2001240399_TrinhHuuKienQuoc\\phplab\\buoi7\\Buoi7\\vendor\\laravel\\framework\\src\\Illuminate\\Database\\Eloquent\\Model.php(1153): Illuminate\\Database\\Eloquent\\Model->insertAndSetId(Object(Illuminate\\Database\\Eloquent\\Builder), Array)
#8 D:\\1LuuDuLieuSV\\2001240399_TrinhHuuKienQuoc\\phplab\\buoi7\\Buoi7\\vendor\\laravel\\framework\\src\\Illuminate\\Database\\Eloquent\\Model.php(994): Illuminate\\Database\\Eloquent\\Model->performInsert(Object(Illuminate\\Database\\Eloquent\\Builder))
#9 D:\\1LuuDuLieuSV\\2001240399_TrinhHuuKienQuoc\\phplab\\buoi7\\Buoi7\\vendor\\laravel\\framework\\src\\Illuminate\\Database\\Eloquent\\Factories\\Factory.php(314): Illuminate\\Database\\Eloquent\\Model->save()
#10 D:\\1LuuDuLieuSV\\2001240399_TrinhHuuKienQuoc\\phplab\\buoi7\\Buoi7\\vendor\\laravel\\framework\\src\\Illuminate\\Collections\\Traits\\EnumeratesValues.php(245): Illuminate\\Database\\Eloquent\\Factories\\Factory->Illuminate\\Database\\Eloquent\\Factories\\{closure}(Object(App\\Models\\Course), 0)
#11 D:\\1LuuDuLieuSV\\2001240399_TrinhHuuKienQuoc\\phplab\\buoi7\\Buoi7\\vendor\\laravel\\framework\\src\\Illuminate\\Database\\Eloquent\\Factories\\Factory.php(317): Illuminate\\Support\\Collection->each(Object(Closure))
#12 D:\\1LuuDuLieuSV\\2001240399_TrinhHuuKienQuoc\\phplab\\buoi7\\Buoi7\\vendor\\laravel\\framework\\src\\Illuminate\\Database\\Eloquent\\Factories\\Factory.php(265): Illuminate\\Database\\Eloquent\\Factories\\Factory->store(Object(Illuminate\\Database\\Eloquent\\Collection))
#13 D:\\1LuuDuLieuSV\\2001240399_TrinhHuuKienQuoc\\phplab\\buoi7\\Buoi7\\database\\seeders\\StudentCourseSeeder.php(18): Illuminate\\Database\\Eloquent\\Factories\\Factory->create()
#14 D:\\1LuuDuLieuSV\\2001240399_TrinhHuuKienQuoc\\phplab\\buoi7\\Buoi7\\vendor\\laravel\\framework\\src\\Illuminate\\Container\\BoundMethod.php(36): Database\\Seeders\\StudentCourseSeeder->run()
#15 D:\\1LuuDuLieuSV\\2001240399_TrinhHuuKienQuoc\\phplab\\buoi7\\Buoi7\\vendor\\laravel\\framework\\src\\Illuminate\\Container\\Util.php(40): Illuminate\\Container\\BoundMethod::Illuminate\\Container\\{closure}()
#16 D:\\1LuuDuLieuSV\\2001240399_TrinhHuuKienQuoc\\phplab\\buoi7\\Buoi7\\vendor\\laravel\\framework\\src\\Illuminate\\Container\\BoundMethod.php(93): Illuminate\\Container\\Util::unwrapIfClosure(Object(Closure))
#17 D:\\1LuuDuLieuSV\\2001240399_TrinhHuuKienQuoc\\phplab\\buoi7\\Buoi7\\vendor\\laravel\\framework\\src\\Illuminate\\Container\\BoundMethod.php(37): Illuminate\\Container\\BoundMethod::callBoundMethod(Object(Illuminate\\Foundation\\Application), Array, Object(Closure))
#18 D:\\1LuuDuLieuSV\\2001240399_TrinhHuuKienQuoc\\phplab\\buoi7\\Buoi7\\vendor\\laravel\\framework\\src\\Illuminate\\Container\\Container.php(653): Illuminate\\Container\\BoundMethod::call(Object(Illuminate\\Foundation\\Application), Array, Array, NULL)
#19 D:\\1LuuDuLieuSV\\2001240399_TrinhHuuKienQuoc\\phplab\\buoi7\\Buoi7\\vendor\\laravel\\framework\\src\\Illuminate\\Database\\Seeder.php(149): Illuminate\\Container\\Container->call(Array, Array)
#20 D:\\1LuuDuLieuSV\\2001240399_TrinhHuuKienQuoc\\phplab\\buoi7\\Buoi7\\vendor\\laravel\\framework\\src\\Illuminate\\Database\\Seeder.php(49): Illuminate\\Database\\Seeder->__invoke(Array)
#21 D:\\1LuuDuLieuSV\\2001240399_TrinhHuuKienQuoc\\phplab\\buoi7\\Buoi7\\database\\seeders\\DatabaseSeeder.php(27): Illuminate\\Database\\Seeder->call('Database\\\\Seeder...')
#22 D:\\1LuuDuLieuSV\\2001240399_TrinhHuuKienQuoc\\phplab\\buoi7\\Buoi7\\vendor\\laravel\\framework\\src\\Illuminate\\Container\\BoundMethod.php(36): Database\\Seeders\\DatabaseSeeder->run()
#23 D:\\1LuuDuLieuSV\\2001240399_TrinhHuuKienQuoc\\phplab\\buoi7\\Buoi7\\vendor\\laravel\\framework\\src\\Illuminate\\Container\\Util.php(40): Illuminate\\Container\\BoundMethod::Illuminate\\Container\\{closure}()
#24 D:\\1LuuDuLieuSV\\2001240399_TrinhHuuKienQuoc\\phplab\\buoi7\\Buoi7\\vendor\\laravel\\framework\\src\\Illuminate\\Container\\BoundMethod.php(93): Illuminate\\Container\\Util::unwrapIfClosure(Object(Closure))
#25 D:\\1LuuDuLieuSV\\2001240399_TrinhHuuKienQuoc\\phplab\\buoi7\\Buoi7\\vendor\\laravel\\framework\\src\\Illuminate\\Container\\BoundMethod.php(37): Illuminate\\Container\\BoundMethod::callBoundMethod(Object(Illuminate\\Foundation\\Application), Array, Object(Closure))
#26 D:\\1LuuDuLieuSV\\2001240399_TrinhHuuKienQuoc\\phplab\\buoi7\\Buoi7\\vendor\\laravel\\framework\\src\\Illuminate\\Container\\Container.php(653): Illuminate\\Container\\BoundMethod::call(Object(Illuminate\\Foundation\\Application), Array, Array, NULL)
#27 D:\\1LuuDuLieuSV\\2001240399_TrinhHuuKienQuoc\\phplab\\buoi7\\Buoi7\\vendor\\laravel\\framework\\src\\Illuminate\\Database\\Seeder.php(149): Illuminate\\Container\\Container->call(Array, Array)
#28 D:\\1LuuDuLieuSV\\2001240399_TrinhHuuKienQuoc\\phplab\\buoi7\\Buoi7\\vendor\\laravel\\framework\\src\\Illuminate\\Database\\Console\\Seeds\\SeedCommand.php(66): Illuminate\\Database\\Seeder->__invoke()
#29 D:\\1LuuDuLieuSV\\2001240399_TrinhHuuKienQuoc\\phplab\\buoi7\\Buoi7\\vendor\\laravel\\framework\\src\\Illuminate\\Database\\Eloquent\\Concerns\\GuardsAttributes.php(157): Illuminate\\Database\\Console\\Seeds\\SeedCommand->Illuminate\\Database\\Console\\Seeds\\{closure}()
#30 D:\\1LuuDuLieuSV\\2001240399_TrinhHuuKienQuoc\\phplab\\buoi7\\Buoi7\\vendor\\laravel\\framework\\src\\Illuminate\\Database\\Console\\Seeds\\SeedCommand.php(67): Illuminate\\Database\\Eloquent\\Model::unguarded(Object(Closure))
#31 D:\\1LuuDuLieuSV\\2001240399_TrinhHuuKienQuoc\\phplab\\buoi7\\Buoi7\\vendor\\laravel\\framework\\src\\Illuminate\\Container\\BoundMethod.php(36): Illuminate\\Database\\Console\\Seeds\\SeedCommand->handle()
#32 D:\\1LuuDuLieuSV\\2001240399_TrinhHuuKienQuoc\\phplab\\buoi7\\Buoi7\\vendor\\laravel\\framework\\src\\Illuminate\\Container\\Util.php(40): Illuminate\\Container\\BoundMethod::Illuminate\\Container\\{closure}()
#33 D:\\1LuuDuLieuSV\\2001240399_TrinhHuuKienQuoc\\phplab\\buoi7\\Buoi7\\vendor\\laravel\\framework\\src\\Illuminate\\Container\\BoundMethod.php(93): Illuminate\\Container\\Util::unwrapIfClosure(Object(Closure))
#34 D:\\1LuuDuLieuSV\\2001240399_TrinhHuuKienQuoc\\phplab\\buoi7\\Buoi7\\vendor\\laravel\\framework\\src\\Illuminate\\Container\\BoundMethod.php(37): Illuminate\\Container\\BoundMethod::callBoundMethod(Object(Illuminate\\Foundation\\Application), Array, Object(Closure))
#35 D:\\1LuuDuLieuSV\\2001240399_TrinhHuuKienQuoc\\phplab\\buoi7\\Buoi7\\vendor\\laravel\\framework\\src\\Illuminate\\Container\\Container.php(653): Illuminate\\Container\\BoundMethod::call(Object(Illuminate\\Foundation\\Application), Array, Array, NULL)
#36 D:\\1LuuDuLieuSV\\2001240399_TrinhHuuKienQuoc\\phplab\\buoi7\\Buoi7\\vendor\\laravel\\framework\\src\\Illuminate\\Console\\Command.php(136): Illuminate\\Container\\Container->call(Array)
#37 D:\\1LuuDuLieuSV\\2001240399_TrinhHuuKienQuoc\\phplab\\buoi7\\Buoi7\\vendor\\symfony\\console\\Command\\Command.php(298): Illuminate\\Console\\Command->execute(Object(Symfony\\Component\\Console\\Input\\ArrayInput), Object(Illuminate\\Console\\OutputStyle))
#38 D:\\1LuuDuLieuSV\\2001240399_TrinhHuuKienQuoc\\phplab\\buoi7\\Buoi7\\vendor\\laravel\\framework\\src\\Illuminate\\Console\\Command.php(121): Symfony\\Component\\Console\\Command\\Command->run(Object(Symfony\\Component\\Console\\Input\\ArrayInput), Object(Illuminate\\Console\\OutputStyle))
#39 D:\\1LuuDuLieuSV\\2001240399_TrinhHuuKienQuoc\\phplab\\buoi7\\Buoi7\\vendor\\laravel\\framework\\src\\Illuminate\\Console\\Concerns\\CallsCommands.php(68): Illuminate\\Console\\Command->run(Object(Symfony\\Component\\Console\\Input\\ArrayInput), Object(Illuminate\\Console\\OutputStyle))
#40 D:\\1LuuDuLieuSV\\2001240399_TrinhHuuKienQuoc\\phplab\\buoi7\\Buoi7\\vendor\\laravel\\framework\\src\\Illuminate\\Console\\Concerns\\CallsCommands.php(28): Illuminate\\Console\\Command->runCommand('db:seed', Array, Object(Illuminate\\Console\\OutputStyle))
#41 D:\\1LuuDuLieuSV\\2001240399_TrinhHuuKienQuoc\\phplab\\buoi7\\Buoi7\\vendor\\laravel\\framework\\src\\Illuminate\\Database\\Console\\Migrations\\FreshCommand.php(90): Illuminate\\Console\\Command->call('db:seed', Array)
#42 D:\\1LuuDuLieuSV\\2001240399_TrinhHuuKienQuoc\\phplab\\buoi7\\Buoi7\\vendor\\laravel\\framework\\src\\Illuminate\\Database\\Console\\Migrations\\FreshCommand.php(65): Illuminate\\Database\\Console\\Migrations\\FreshCommand->runSeeder(NULL)
#43 D:\\1LuuDuLieuSV\\2001240399_TrinhHuuKienQuoc\\phplab\\buoi7\\Buoi7\\vendor\\laravel\\framework\\src\\Illuminate\\Container\\BoundMethod.php(36): Illuminate\\Database\\Console\\Migrations\\FreshCommand->handle()
#44 D:\\1LuuDuLieuSV\\2001240399_TrinhHuuKienQuoc\\phplab\\buoi7\\Buoi7\\vendor\\laravel\\framework\\src\\Illuminate\\Container\\Util.php(40): Illuminate\\Container\\BoundMethod::Illuminate\\Container\\{closure}()
#45 D:\\1LuuDuLieuSV\\2001240399_TrinhHuuKienQuoc\\phplab\\buoi7\\Buoi7\\vendor\\laravel\\framework\\src\\Illuminate\\Container\\BoundMethod.php(93): Illuminate\\Container\\Util::unwrapIfClosure(Object(Closure))
#46 D:\\1LuuDuLieuSV\\2001240399_TrinhHuuKienQuoc\\phplab\\buoi7\\Buoi7\\vendor\\laravel\\framework\\src\\Illuminate\\Container\\BoundMethod.php(37): Illuminate\\Container\\BoundMethod::callBoundMethod(Object(Illuminate\\Foundation\\Application), Array, Object(Closure))
#47 D:\\1LuuDuLieuSV\\2001240399_TrinhHuuKienQuoc\\phplab\\buoi7\\Buoi7\\vendor\\laravel\\framework\\src\\Illuminate\\Container\\Container.php(653): Illuminate\\Container\\BoundMethod::call(Object(Illuminate\\Foundation\\Application), Array, Array, NULL)
#48 D:\\1LuuDuLieuSV\\2001240399_TrinhHuuKienQuoc\\phplab\\buoi7\\Buoi7\\vendor\\laravel\\framework\\src\\Illuminate\\Console\\Command.php(136): Illuminate\\Container\\Container->call(Array)
#49 D:\\1LuuDuLieuSV\\2001240399_TrinhHuuKienQuoc\\phplab\\buoi7\\Buoi7\\vendor\\symfony\\console\\Command\\Command.php(298): Illuminate\\Console\\Command->execute(Object(Symfony\\Component\\Console\\Input\\ArgvInput), Object(Illuminate\\Console\\OutputStyle))
#50 D:\\1LuuDuLieuSV\\2001240399_TrinhHuuKienQuoc\\phplab\\buoi7\\Buoi7\\vendor\\laravel\\framework\\src\\Illuminate\\Console\\Command.php(121): Symfony\\Component\\Console\\Command\\Command->run(Object(Symfony\\Component\\Console\\Input\\ArgvInput), Object(Illuminate\\Console\\OutputStyle))
#51 D:\\1LuuDuLieuSV\\2001240399_TrinhHuuKienQuoc\\phplab\\buoi7\\Buoi7\\vendor\\symfony\\console\\Application.php(1040): Illuminate\\Console\\Command->run(Object(Symfony\\Component\\Console\\Input\\ArgvInput), Object(Symfony\\Component\\Console\\Output\\ConsoleOutput))
#52 D:\\1LuuDuLieuSV\\2001240399_TrinhHuuKienQuoc\\phplab\\buoi7\\Buoi7\\vendor\\symfony\\console\\Application.php(301): Symfony\\Component\\Console\\Application->doRunCommand(Object(Illuminate\\Database\\Console\\Migrations\\FreshCommand), Object(Symfony\\Component\\Console\\Input\\ArgvInput), Object(Symfony\\Component\\Console\\Output\\ConsoleOutput))
#53 D:\\1LuuDuLieuSV\\2001240399_TrinhHuuKienQuoc\\phplab\\buoi7\\Buoi7\\vendor\\symfony\\console\\Application.php(171): Symfony\\Component\\Console\\Application->doRun(Object(Symfony\\Component\\Console\\Input\\ArgvInput), Object(Symfony\\Component\\Console\\Output\\ConsoleOutput))
#54 D:\\1LuuDuLieuSV\\2001240399_TrinhHuuKienQuoc\\phplab\\buoi7\\Buoi7\\vendor\\laravel\\framework\\src\\Illuminate\\Console\\Application.php(94): Symfony\\Component\\Console\\Application->run(Object(Symfony\\Component\\Console\\Input\\ArgvInput), Object(Symfony\\Component\\Console\\Output\\ConsoleOutput))
#55 D:\\1LuuDuLieuSV\\2001240399_TrinhHuuKienQuoc\\phplab\\buoi7\\Buoi7\\vendor\\laravel\\framework\\src\\Illuminate\\Foundation\\Console\\Kernel.php(129): Illuminate\\Console\\Application->run(Object(Symfony\\Component\\Console\\Input\\ArgvInput), Object(Symfony\\Component\\Console\\Output\\ConsoleOutput))
#56 D:\\1LuuDuLieuSV\\2001240399_TrinhHuuKienQuoc\\phplab\\buoi7\\Buoi7\\artisan(37): Illuminate\\Foundation\\Console\\Kernel->handle(Object(Symfony\\Component\\Console\\Input\\ArgvInput), Object(Symfony\\Component\\Console\\Output\\ConsoleOutput))
#57 {main}

[previous exception] [object] (PDOException(code: 42S22): SQLSTATE[42S22]: Column not found: 1054 Unknown column 'title' in 'field list' at D:\\1LuuDuLieuSV\\2001240399_TrinhHuuKienQuoc\\phplab\\buoi7\\Buoi7\\vendor\\laravel\\framework\\src\\Illuminate\\Database\\Connection.php:495)
[stacktrace]
#0 D:\\1LuuDuLieuSV\\2001240399_TrinhHuuKienQuoc\\phplab\\buoi7\\Buoi7\\vendor\\laravel\\framework\\src\\Illuminate\\Database\\Connection.php(495): PDO->prepare('insert into `co...')
#1 D:\\1LuuDuLieuSV\\2001240399_TrinhHuuKienQuoc\\phplab\\buoi7\\Buoi7\\vendor\\laravel\\framework\\src\\Illuminate\\Database\\Connection.php(705): Illuminate\\Database\\Connection->Illuminate\\Database\\{closure}('insert into `co...', Array)
#2 D:\\1LuuDuLieuSV\\2001240399_TrinhHuuKienQuoc\\phplab\\buoi7\\Buoi7\\vendor\\laravel\\framework\\src\\Illuminate\\Database\\Connection.php(672): Illuminate\\Database\\Connection->runQueryCallback('insert into `co...', Array, Object(Closure))
#3 D:\\1LuuDuLieuSV\\2001240399_TrinhHuuKienQuoc\\phplab\\buoi7\\Buoi7\\vendor\\laravel\\framework\\src\\Illuminate\\Database\\Connection.php(502): Illuminate\\Database\\Connection->run('insert into `co...', Array, Object(Closure))
#4 D:\\1LuuDuLieuSV\\2001240399_TrinhHuuKienQuoc\\phplab\\buoi7\\Buoi7\\vendor\\laravel\\framework\\src\\Illuminate\\Database\\Connection.php(454): Illuminate\\Database\\Connection->statement('insert into `co...', Array)
#5 D:\\1LuuDuLieuSV\\2001240399_TrinhHuuKienQuoc\\phplab\\buoi7\\Buoi7\\vendor\\laravel\\framework\\src\\Illuminate\\Database\\Query\\Processors\\Processor.php(32): Illuminate\\Database\\Connection->insert('insert into `co...', Array)
#6 D:\\1LuuDuLieuSV\\2001240399_TrinhHuuKienQuoc\\phplab\\buoi7\\Buoi7\\vendor\\laravel\\framework\\src\\Illuminate\\Database\\Query\\Builder.php(3028): Illuminate\\Database\\Query\\Processors\\Processor->processInsertGetId(Object(Illuminate\\Database\\Query\\Builder), 'insert into `co...', Array, 'id')
#7 D:\\1LuuDuLieuSV\\2001240399_TrinhHuuKienQuoc\\phplab\\buoi7\\Buoi7\\vendor\\laravel\\framework\\src\\Illuminate\\Database\\Eloquent\\Builder.php(1657): Illuminate\\Database\\Query\\Builder->insertGetId(Array, 'id')
#8 D:\\1LuuDuLieuSV\\2001240399_TrinhHuuKienQuoc\\phplab\\buoi7\\Buoi7\\vendor\\laravel\\framework\\src\\Illuminate\\Database\\Eloquent\\Model.php(1188): Illuminate\\Database\\Eloquent\\Builder->__call('insertGetId', Array)
#9 D:\\1LuuDuLieuSV\\2001240399_TrinhHuuKienQuoc\\phplab\\buoi7\\Buoi7\\vendor\\laravel\\framework\\src\\Illuminate\\Database\\Eloquent\\Model.php(1153): Illuminate\\Database\\Eloquent\\Model->insertAndSetId(Object(Illuminate\\Database\\Eloquent\\Builder), Array)
#10 D:\\1LuuDuLieuSV\\2001240399_TrinhHuuKienQuoc\\phplab\\buoi7\\Buoi7\\vendor\\laravel\\framework\\src\\Illuminate\\Database\\Eloquent\\Model.php(994): Illuminate\\Database\\Eloquent\\Model->performInsert(Object(Illuminate\\Database\\Eloquent\\Builder))
#11 D:\\1LuuDuLieuSV\\2001240399_TrinhHuuKienQuoc\\phplab\\buoi7\\Buoi7\\vendor\\laravel\\framework\\src\\Illuminate\\Database\\Eloquent\\Factories\\Factory.php(314): Illuminate\\Database\\Eloquent\\Model->save()
#12 D:\\1LuuDuLieuSV\\2001240399_TrinhHuuKienQuoc\\phplab\\buoi7\\Buoi7\\vendor\\laravel\\framework\\src\\Illuminate\\Collections\\Traits\\EnumeratesValues.php(245): Illuminate\\Database\\Eloquent\\Factories\\Factory->Illuminate\\Database\\Eloquent\\Factories\\{closure}(Object(App\\Models\\Course), 0)
#13 D:\\1LuuDuLieuSV\\2001240399_TrinhHuuKienQuoc\\phplab\\buoi7\\Buoi7\\vendor\\laravel\\framework\\src\\Illuminate\\Database\\Eloquent\\Factories\\Factory.php(317): Illuminate\\Support\\Collection->each(Object(Closure))
#14 D:\\1LuuDuLieuSV\\2001240399_TrinhHuuKienQuoc\\phplab\\buoi7\\Buoi7\\vendor\\laravel\\framework\\src\\Illuminate\\Database\\Eloquent\\Factories\\Factory.php(265): Illuminate\\Database\\Eloquent\\Factories\\Factory->store(Object(Illuminate\\Database\\Eloquent\\Collection))
#15 D:\\1LuuDuLieuSV\\2001240399_TrinhHuuKienQuoc\\phplab\\buoi7\\Buoi7\\database\\seeders\\StudentCourseSeeder.php(18): Illuminate\\Database\\Eloquent\\Factories\\Factory->create()
#16 D:\\1LuuDuLieuSV\\2001240399_TrinhHuuKienQuoc\\phplab\\buoi7\\Buoi7\\vendor\\laravel\\framework\\src\\Illuminate\\Container\\BoundMethod.php(36): Database\\Seeders\\StudentCourseSeeder->run()
#17 D:\\1LuuDuLieuSV\\2001240399_TrinhHuuKienQuoc\\phplab\\buoi7\\Buoi7\\vendor\\laravel\\framework\\src\\Illuminate\\Container\\Util.php(40): Illuminate\\Container\\BoundMethod::Illuminate\\Container\\{closure}()
#18 D:\\1LuuDuLieuSV\\2001240399_TrinhHuuKienQuoc\\phplab\\buoi7\\Buoi7\\vendor\\laravel\\framework\\src\\Illuminate\\Container\\BoundMethod.php(93): Illuminate\\Container\\Util::unwrapIfClosure(Object(Closure))
#19 D:\\1LuuDuLieuSV\\2001240399_TrinhHuuKienQuoc\\phplab\\buoi7\\Buoi7\\vendor\\laravel\\framework\\src\\Illuminate\\Container\\BoundMethod.php(37): Illuminate\\Container\\BoundMethod::callBoundMethod(Object(Illuminate\\Foundation\\Application), Array, Object(Closure))
#20 D:\\1LuuDuLieuSV\\2001240399_TrinhHuuKienQuoc\\phplab\\buoi7\\Buoi7\\vendor\\laravel\\framework\\src\\Illuminate\\Container\\Container.php(653): Illuminate\\Container\\BoundMethod::call(Object(Illuminate\\Foundation\\Application), Array, Array, NULL)
#21 D:\\1LuuDuLieuSV\\2001240399_TrinhHuuKienQuoc\\phplab\\buoi7\\Buoi7\\vendor\\laravel\\framework\\src\\Illuminate\\Database\\Seeder.php(149): Illuminate\\Container\\Container->call(Array, Array)
#22 D:\\1LuuDuLieuSV\\2001240399_TrinhHuuKienQuoc\\phplab\\buoi7\\Buoi7\\vendor\\laravel\\framework\\src\\Illuminate\\Database\\Seeder.php(49): Illuminate\\Database\\Seeder->__invoke(Array)
#23 D:\\1LuuDuLieuSV\\2001240399_TrinhHuuKienQuoc\\phplab\\buoi7\\Buoi7\\database\\seeders\\DatabaseSeeder.php(27): Illuminate\\Database\\Seeder->call('Database\\\\Seeder...')
#24 D:\\1LuuDuLieuSV\\2001240399_TrinhHuuKienQuoc\\phplab\\buoi7\\Buoi7\\vendor\\laravel\\framework\\src\\Illuminate\\Container\\BoundMethod.php(36): Database\\Seeders\\DatabaseSeeder->run()
#25 D:\\1LuuDuLieuSV\\2001240399_TrinhHuuKienQuoc\\phplab\\buoi7\\Buoi7\\vendor\\laravel\\framework\\src\\Illuminate\\Container\\Util.php(40): Illuminate\\Container\\BoundMethod::Illuminate\\Container\\{closure}()
#26 D:\\1LuuDuLieuSV\\2001240399_TrinhHuuKienQuoc\\phplab\\buoi7\\Buoi7\\vendor\\laravel\\framework\\src\\Illuminate\\Container\\BoundMethod.php(93): Illuminate\\Container\\Util::unwrapIfClosure(Object(Closure))
#27 D:\\1LuuDuLieuSV\\2001240399_TrinhHuuKienQuoc\\phplab\\buoi7\\Buoi7\\vendor\\laravel\\framework\\src\\Illuminate\\Container\\BoundMethod.php(37): Illuminate\\Container\\BoundMethod::callBoundMethod(Object(Illuminate\\Foundation\\Application), Array, Object(Closure))
#28 D:\\1LuuDuLieuSV\\2001240399_TrinhHuuKienQuoc\\phplab\\buoi7\\Buoi7\\vendor\\laravel\\framework\\src\\Illuminate\\Container\\Container.php(653): Illuminate\\Container\\BoundMethod::call(Object(Illuminate\\Foundation\\Application), Array, Array, NULL)
#29 D:\\1LuuDuLieuSV\\2001240399_TrinhHuuKienQuoc\\phplab\\buoi7\\Buoi7\\vendor\\laravel\\framework\\src\\Illuminate\\Database\\Seeder.php(149): Illuminate\\Container\\Container->call(Array, Array)
#30 D:\\1LuuDuLieuSV\\2001240399_TrinhHuuKienQuoc\\phplab\\buoi7\\Buoi7\\vendor\\laravel\\framework\\src\\Illuminate\\Database\\Console\\Seeds\\SeedCommand.php(66): Illuminate\\Database\\Seeder->__invoke()
#31 D:\\1LuuDuLieuSV\\2001240399_TrinhHuuKienQuoc\\phplab\\buoi7\\Buoi7\\vendor\\laravel\\framework\\src\\Illuminate\\Database\\Eloquent\\Concerns\\GuardsAttributes.php(157): Illuminate\\Database\\Console\\Seeds\\SeedCommand->Illuminate\\Database\\Console\\Seeds\\{closure}()
#32 D:\\1LuuDuLieuSV\\2001240399_TrinhHuuKienQuoc\\phplab\\buoi7\\Buoi7\\vendor\\laravel\\framework\\src\\Illuminate\\Database\\Console\\Seeds\\SeedCommand.php(67): Illuminate\\Database\\Eloquent\\Model::unguarded(Object(Closure))
#33 D:\\1LuuDuLieuSV\\2001240399_TrinhHuuKienQuoc\\phplab\\buoi7\\Buoi7\\vendor\\laravel\\framework\\src\\Illuminate\\Container\\BoundMethod.php(36): Illuminate\\Database\\Console\\Seeds\\SeedCommand->handle()
#34 D:\\1LuuDuLieuSV\\2001240399_TrinhHuuKienQuoc\\phplab\\buoi7\\Buoi7\\vendor\\laravel\\framework\\src\\Illuminate\\Container\\Util.php(40): Illuminate\\Container\\BoundMethod::Illuminate\\Container\\{closure}()
#35 D:\\1LuuDuLieuSV\\2001240399_TrinhHuuKienQuoc\\phplab\\buoi7\\Buoi7\\vendor\\laravel\\framework\\src\\Illuminate\\Container\\BoundMethod.php(93): Illuminate\\Container\\Util::unwrapIfClosure(Object(Closure))
#36 D:\\1LuuDuLieuSV\\2001240399_TrinhHuuKienQuoc\\phplab\\buoi7\\Buoi7\\vendor\\laravel\\framework\\src\\Illuminate\\Container\\BoundMethod.php(37): Illuminate\\Container\\BoundMethod::callBoundMethod(Object(Illuminate\\Foundation\\Application), Array, Object(Closure))
#37 D:\\1LuuDuLieuSV\\2001240399_TrinhHuuKienQuoc\\phplab\\buoi7\\Buoi7\\vendor\\laravel\\framework\\src\\Illuminate\\Container\\Container.php(653): Illuminate\\Container\\BoundMethod::call(Object(Illuminate\\Foundation\\Application), Array, Array, NULL)
#38 D:\\1LuuDuLieuSV\\2001240399_TrinhHuuKienQuoc\\phplab\\buoi7\\Buoi7\\vendor\\laravel\\framework\\src\\Illuminate\\Console\\Command.php(136): Illuminate\\Container\\Container->call(Array)
#39 D:\\1LuuDuLieuSV\\2001240399_TrinhHuuKienQuoc\\phplab\\buoi7\\Buoi7\\vendor\\symfony\\console\\Command\\Command.php(298): Illuminate\\Console\\Command->execute(Object(Symfony\\Component\\Console\\Input\\ArrayInput), Object(Illuminate\\Console\\OutputStyle))
#40 D:\\1LuuDuLieuSV\\2001240399_TrinhHuuKienQuoc\\phplab\\buoi7\\Buoi7\\vendor\\laravel\\framework\\src\\Illuminate\\Console\\Command.php(121): Symfony\\Component\\Console\\Command\\Command->run(Object(Symfony\\Component\\Console\\Input\\ArrayInput), Object(Illuminate\\Console\\OutputStyle))
#41 D:\\1LuuDuLieuSV\\2001240399_TrinhHuuKienQuoc\\phplab\\buoi7\\Buoi7\\vendor\\laravel\\framework\\src\\Illuminate\\Console\\Concerns\\CallsCommands.php(68): Illuminate\\Console\\Command->run(Object(Symfony\\Component\\Console\\Input\\ArrayInput), Object(Illuminate\\Console\\OutputStyle))
#42 D:\\1LuuDuLieuSV\\2001240399_TrinhHuuKienQuoc\\phplab\\buoi7\\Buoi7\\vendor\\laravel\\framework\\src\\Illuminate\\Console\\Concerns\\CallsCommands.php(28): Illuminate\\Console\\Command->runCommand('db:seed', Array, Object(Illuminate\\Console\\OutputStyle))
#43 D:\\1LuuDuLieuSV\\2001240399_TrinhHuuKienQuoc\\phplab\\buoi7\\Buoi7\\vendor\\laravel\\framework\\src\\Illuminate\\Database\\Console\\Migrations\\FreshCommand.php(90): Illuminate\\Console\\Command->call('db:seed', Array)
#44 D:\\1LuuDuLieuSV\\2001240399_TrinhHuuKienQuoc\\phplab\\buoi7\\Buoi7\\vendor\\laravel\\framework\\src\\Illuminate\\Database\\Console\\Migrations\\FreshCommand.php(65): Illuminate\\Database\\Console\\Migrations\\FreshCommand->runSeeder(NULL)
#45 D:\\1LuuDuLieuSV\\2001240399_TrinhHuuKienQuoc\\phplab\\buoi7\\Buoi7\\vendor\\laravel\\framework\\src\\Illuminate\\Container\\BoundMethod.php(36): Illuminate\\Database\\Console\\Migrations\\FreshCommand->handle()
#46 D:\\1LuuDuLieuSV\\2001240399_TrinhHuuKienQuoc\\phplab\\buoi7\\Buoi7\\vendor\\laravel\\framework\\src\\Illuminate\\Container\\Util.php(40): Illuminate\\Container\\BoundMethod::Illuminate\\Container\\{closure}()
#47 D:\\1LuuDuLieuSV\\2001240399_TrinhHuuKienQuoc\\phplab\\buoi7\\Buoi7\\vendor\\laravel\\framework\\src\\Illuminate\\Container\\BoundMethod.php(93): Illuminate\\Container\\Util::unwrapIfClosure(Object(Closure))
#48 D:\\1LuuDuLieuSV\\2001240399_TrinhHuuKienQuoc\\phplab\\buoi7\\Buoi7\\vendor\\laravel\\framework\\src\\Illuminate\\Container\\BoundMethod.php(37): Illuminate\\Container\\BoundMethod::callBoundMethod(Object(Illuminate\\Foundation\\Application), Array, Object(Closure))
#49 D:\\1LuuDuLieuSV\\2001240399_TrinhHuuKienQuoc\\phplab\\buoi7\\Buoi7\\vendor\\laravel\\framework\\src\\Illuminate\\Container\\Container.php(653): Illuminate\\Container\\BoundMethod::call(Object(Illuminate\\Foundation\\Application), Array, Array, NULL)
#50 D:\\1LuuDuLieuSV\\2001240399_TrinhHuuKienQuoc\\phplab\\buoi7\\Buoi7\\vendor\\laravel\\framework\\src\\Illuminate\\Console\\Command.php(136): Illuminate\\Container\\Container->call(Array)
#51 D:\\1LuuDuLieuSV\\2001240399_TrinhHuuKienQuoc\\phplab\\buoi7\\Buoi7\\vendor\\symfony\\console\\Command\\Command.php(298): Illuminate\\Console\\Command->execute(Object(Symfony\\Component\\Console\\Input\\ArgvInput), Object(Illuminate\\Console\\OutputStyle))
#52 D:\\1LuuDuLieuSV\\2001240399_TrinhHuuKienQuoc\\phplab\\buoi7\\Buoi7\\vendor\\laravel\\framework\\src\\Illuminate\\Console\\Command.php(121): Symfony\\Component\\Console\\Command\\Command->run(Object(Symfony\\Component\\Console\\Input\\ArgvInput), Object(Illuminate\\Console\\OutputStyle))
#53 D:\\1LuuDuLieuSV\\2001240399_TrinhHuuKienQuoc\\phplab\\buoi7\\Buoi7\\vendor\\symfony\\console\\Application.php(1040): Illuminate\\Console\\Command->run(Object(Symfony\\Component\\Console\\Input\\ArgvInput), Object(Symfony\\Component\\Console\\Output\\ConsoleOutput))
#54 D:\\1LuuDuLieuSV\\2001240399_TrinhHuuKienQuoc\\phplab\\buoi7\\Buoi7\\vendor\\symfony\\console\\Application.php(301): Symfony\\Component\\Console\\Application->doRunCommand(Object(Illuminate\\Database\\Console\\Migrations\\FreshCommand), Object(Symfony\\Component\\Console\\Input\\ArgvInput), Object(Symfony\\Component\\Console\\Output\\ConsoleOutput))
#55 D:\\1LuuDuLieuSV\\2001240399_TrinhHuuKienQuoc\\phplab\\buoi7\\Buoi7\\vendor\\symfony\\console\\Application.php(171): Symfony\\Component\\Console\\Application->doRun(Object(Symfony\\Component\\Console\\Input\\ArgvInput), Object(Symfony\\Component\\Console\\Output\\ConsoleOutput))
#56 D:\\1LuuDuLieuSV\\2001240399_TrinhHuuKienQuoc\\phplab\\buoi7\\Buoi7\\vendor\\laravel\\framework\\src\\Illuminate\\Console\\Application.php(94): Symfony\\Component\\Console\\Application->run(Object(Symfony\\Component\\Console\\Input\\ArgvInput), Object(Symfony\\Component\\Console\\Output\\ConsoleOutput))
#57 D:\\1LuuDuLieuSV\\2001240399_TrinhHuuKienQuoc\\phplab\\buoi7\\Buoi7\\vendor\\laravel\\framework\\src\\Illuminate\\Foundation\\Console\\Kernel.php(129): Illuminate\\Console\\Application->run(Object(Symfony\\Component\\Console\\Input\\ArgvInput), Object(Symfony\\Component\\Console\\Output\\ConsoleOutput))
#58 D:\\1LuuDuLieuSV\\2001240399_TrinhHuuKienQuoc\\phplab\\buoi7\\Buoi7\\artisan(37): Illuminate\\Foundation\\Console\\Kernel->handle(Object(Symfony\\Component\\Console\\Input\\ArgvInput), Object(Symfony\\Component\\Console\\Output\\ConsoleOutput))
#59 {main}
"} 
[2026-09-28 08:09:59] local.ERROR: SQLSTATE[42S22]: Column not found: 1054 Unknown column 'title' in 'field list' (SQL: insert into `courses` (`title`, `description`, `updated_at`, `created_at`) values (rerum porro dolores, Recusandae laboriosam sint eos est ipsum voluptatem., 2026-09-28 08:09:59, 2026-09-28 08:09:59)) {"exception":"[object] (Illuminate\\Database\\QueryException(code: 42S22): SQLSTATE[42S22]: Column not found: 1054 Unknown column 'title' in 'field list' (SQL: insert into `courses` (`title`, `description`, `updated_at`, `created_at`) values (rerum porro dolores, Recusandae laboriosam sint eos est ipsum voluptatem., 2026-09-28 08:09:59, 2026-09-28 08:09:59)) at D:\\1LuuDuLieuSV\\2001240399_TrinhHuuKienQuoc\\phplab\\buoi7\\Buoi7\\vendor\\laravel\\framework\\src\\Illuminate\\Database\\Connection.php:712)
[stacktrace]
#0 D:\\1LuuDuLieuSV\\2001240399_TrinhHuuKienQuoc\\phplab\\buoi7\\Buoi7\\vendor\\laravel\\framework\\src\\Illuminate\\Database\\Connection.php(672): Illuminate\\Database\\Connection->runQueryCallback('insert into `co...', Array, Object(Closure))
#1 D:\\1LuuDuLieuSV\\2001240399_TrinhHuuKienQuoc\\phplab\\buoi7\\Buoi7\\vendor\\laravel\\framework\\src\\Illuminate\\Database\\Connection.php(502): Illuminate\\Database\\Connection->run('insert into `co...', Array, Object(Closure))
#2 D:\\1LuuDuLieuSV\\2001240399_TrinhHuuKienQuoc\\phplab\\buoi7\\Buoi7\\vendor\\laravel\\framework\\src\\Illuminate\\Database\\Connection.php(454): Illuminate\\Database\\Connection->statement('insert into `co...', Array)
#3 D:\\1LuuDuLieuSV\\2001240399_TrinhHuuKienQuoc\\phplab\\buoi7\\Buoi7\\vendor\\laravel\\framework\\src\\Illuminate\\Database\\Query\\Processors\\Processor.php(32): Illuminate\\Database\\Connection->insert('insert into `co...', Array)
#4 D:\\1LuuDuLieuSV\\2001240399_TrinhHuuKienQuoc\\phplab\\buoi7\\Buoi7\\vendor\\laravel\\framework\\src\\Illuminate\\Database\\Query\\Builder.php(3028): Illuminate\\Database\\Query\\Processors\\Processor->processInsertGetId(Object(Illuminate\\Database\\Query\\Builder), 'insert into `co...', Array, 'id')
#5 D:\\1LuuDuLieuSV\\2001240399_TrinhHuuKienQuoc\\phplab\\buoi7\\Buoi7\\vendor\\laravel\\framework\\src\\Illuminate\\Database\\Eloquent\\Builder.php(1657): Illuminate\\Database\\Query\\Builder->insertGetId(Array, 'id')
#6 D:\\1LuuDuLieuSV\\2001240399_TrinhHuuKienQuoc\\phplab\\buoi7\\Buoi7\\vendor\\laravel\\framework\\src\\Illuminate\\Database\\Eloquent\\Model.php(1188): Illuminate\\Database\\Eloquent\\Builder->__call('insertGetId', Array)
#7 D:\\1LuuDuLieuSV\\2001240399_TrinhHuuKienQuoc\\phplab\\buoi7\\Buoi7\\vendor\\laravel\\framework\\src\\Illuminate\\Database\\Eloquent\\Model.php(1153): Illuminate\\Database\\Eloquent\\Model->insertAndSetId(Object(Illuminate\\Database\\Eloquent\\Builder), Array)
#8 D:\\1LuuDuLieuSV\\2001240399_TrinhHuuKienQuoc\\phplab\\buoi7\\Buoi7\\vendor\\laravel\\framework\\src\\Illuminate\\Database\\Eloquent\\Model.php(994): Illuminate\\Database\\Eloquent\\Model->performInsert(Object(Illuminate\\Database\\Eloquent\\Builder))
#9 D:\\1LuuDuLieuSV\\2001240399_TrinhHuuKienQuoc\\phplab\\buoi7\\Buoi7\\vendor\\laravel\\framework\\src\\Illuminate\\Database\\Eloquent\\Factories\\Factory.php(314): Illuminate\\Database\\Eloquent\\Model->save()
#10 D:\\1LuuDuLieuSV\\2001240399_TrinhHuuKienQuoc\\phplab\\buoi7\\Buoi7\\vendor\\laravel\\framework\\src\\Illuminate\\Collections\\Traits\\EnumeratesValues.php(245): Illuminate\\Database\\Eloquent\\Factories\\Factory->Illuminate\\Database\\Eloquent\\Factories\\{closure}(Object(App\\Models\\Course), 0)
#11 D:\\1LuuDuLieuSV\\2001240399_TrinhHuuKienQuoc\\phplab\\buoi7\\Buoi7\\vendor\\laravel\\framework\\src\\Illuminate\\Database\\Eloquent\\Factories\\Factory.php(317): Illuminate\\Support\\Collection->each(Object(Closure))
#12 D:\\1LuuDuLieuSV\\2001240399_TrinhHuuKienQuoc\\phplab\\buoi7\\Buoi7\\vendor\\laravel\\framework\\src\\Illuminate\\Database\\Eloquent\\Factories\\Factory.php(265): Illuminate\\Database\\Eloquent\\Factories\\Factory->store(Object(Illuminate\\Database\\Eloquent\\Collection))
#13 D:\\1LuuDuLieuSV\\2001240399_TrinhHuuKienQuoc\\phplab\\buoi7\\Buoi7\\database\\seeders\\StudentCourseSeeder.php(18): Illuminate\\Database\\Eloquent\\Factories\\Factory->create()
#14 D:\\1LuuDuLieuSV\\2001240399_TrinhHuuKienQuoc\\phplab\\buoi7\\Buoi7\\vendor\\laravel\\framework\\src\\Illuminate\\Container\\BoundMethod.php(36): Database\\Seeders\\StudentCourseSeeder->run()
#15 D:\\1LuuDuLieuSV\\2001240399_TrinhHuuKienQuoc\\phplab\\buoi7\\Buoi7\\vendor\\laravel\\framework\\src\\Illuminate\\Container\\Util.php(40): Illuminate\\Container\\BoundMethod::Illuminate\\Container\\{closure}()
#16 D:\\1LuuDuLieuSV\\2001240399_TrinhHuuKienQuoc\\phplab\\buoi7\\Buoi7\\vendor\\laravel\\framework\\src\\Illuminate\\Container\\BoundMethod.php(93): Illuminate\\Container\\Util::unwrapIfClosure(Object(Closure))
#17 D:\\1LuuDuLieuSV\\2001240399_TrinhHuuKienQuoc\\phplab\\buoi7\\Buoi7\\vendor\\laravel\\framework\\src\\Illuminate\\Container\\BoundMethod.php(37): Illuminate\\Container\\BoundMethod::callBoundMethod(Object(Illuminate\\Foundation\\Application), Array, Object(Closure))
#18 D:\\1LuuDuLieuSV\\2001240399_TrinhHuuKienQuoc\\phplab\\buoi7\\Buoi7\\vendor\\laravel\\framework\\src\\Illuminate\\Container\\Container.php(653): Illuminate\\Container\\BoundMethod::call(Object(Illuminate\\Foundation\\Application), Array, Array, NULL)
#19 D:\\1LuuDuLieuSV\\2001240399_TrinhHuuKienQuoc\\phplab\\buoi7\\Buoi7\\vendor\\laravel\\framework\\src\\Illuminate\\Database\\Seeder.php(149): Illuminate\\Container\\Container->call(Array, Array)
#20 D:\\1LuuDuLieuSV\\2001240399_TrinhHuuKienQuoc\\phplab\\buoi7\\Buoi7\\vendor\\laravel\\framework\\src\\Illuminate\\Database\\Seeder.php(49): Illuminate\\Database\\Seeder->__invoke(Array)
#21 D:\\1LuuDuLieuSV\\2001240399_TrinhHuuKienQuoc\\phplab\\buoi7\\Buoi7\\database\\seeders\\DatabaseSeeder.php(18): Illuminate\\Database\\Seeder->call('Database\\\\Seeder...')
#22 D:\\1LuuDuLieuSV\\2001240399_TrinhHuuKienQuoc\\phplab\\buoi7\\Buoi7\\vendor\\laravel\\framework\\src\\Illuminate\\Container\\BoundMethod.php(36): Database\\Seeders\\DatabaseSeeder->run()
#23 D:\\1LuuDuLieuSV\\2001240399_TrinhHuuKienQuoc\\phplab\\buoi7\\Buoi7\\vendor\\laravel\\framework\\src\\Illuminate\\Container\\Util.php(40): Illuminate\\Container\\BoundMethod::Illuminate\\Container\\{closure}()
#24 D:\\1LuuDuLieuSV\\2001240399_TrinhHuuKienQuoc\\phplab\\buoi7\\Buoi7\\vendor\\laravel\\framework\\src\\Illuminate\\Container\\BoundMethod.php(93): Illuminate\\Container\\Util::unwrapIfClosure(Object(Closure))
#25 D:\\1LuuDuLieuSV\\2001240399_TrinhHuuKienQuoc\\phplab\\buoi7\\Buoi7\\vendor\\laravel\\framework\\src\\Illuminate\\Container\\BoundMethod.php(37): Illuminate\\Container\\BoundMethod::callBoundMethod(Object(Illuminate\\Foundation\\Application), Array, Object(Closure))
#26 D:\\1LuuDuLieuSV\\2001240399_TrinhHuuKienQuoc\\phplab\\buoi7\\Buoi7\\vendor\\laravel\\framework\\src\\Illuminate\\Container\\Container.php(653): Illuminate\\Container\\BoundMethod::call(Object(Illuminate\\Foundation\\Application), Array, Array, NULL)
#27 D:\\1LuuDuLieuSV\\2001240399_TrinhHuuKienQuoc\\phplab\\buoi7\\Buoi7\\vendor\\laravel\\framework\\src\\Illuminate\\Database\\Seeder.php(149): Illuminate\\Container\\Container->call(Array, Array)
#28 D:\\1LuuDuLieuSV\\2001240399_TrinhHuuKienQuoc\\phplab\\buoi7\\Buoi7\\vendor\\laravel\\framework\\src\\Illuminate\\Database\\Console\\Seeds\\SeedCommand.php(66): Illuminate\\Database\\Seeder->__invoke()
#29 D:\\1LuuDuLieuSV\\2001240399_TrinhHuuKienQuoc\\phplab\\buoi7\\Buoi7\\vendor\\laravel\\framework\\src\\Illuminate\\Database\\Eloquent\\Concerns\\GuardsAttributes.php(157): Illuminate\\Database\\Console\\Seeds\\SeedCommand->Illuminate\\Database\\Console\\Seeds\\{closure}()
#30 D:\\1LuuDuLieuSV\\2001240399_TrinhHuuKienQuoc\\phplab\\buoi7\\Buoi7\\vendor\\laravel\\framework\\src\\Illuminate\\Database\\Console\\Seeds\\SeedCommand.php(67): Illuminate\\Database\\Eloquent\\Model::unguarded(Object(Closure))
#31 D:\\1LuuDuLieuSV\\2001240399_TrinhHuuKienQuoc\\phplab\\buoi7\\Buoi7\\vendor\\laravel\\framework\\src\\Illuminate\\Container\\BoundMethod.php(36): Illuminate\\Database\\Console\\Seeds\\SeedCommand->handle()
#32 D:\\1LuuDuLieuSV\\2001240399_TrinhHuuKienQuoc\\phplab\\buoi7\\Buoi7\\vendor\\laravel\\framework\\src\\Illuminate\\Container\\Util.php(40): Illuminate\\Container\\BoundMethod::Illuminate\\Container\\{closure}()
#33 D:\\1LuuDuLieuSV\\2001240399_TrinhHuuKienQuoc\\phplab\\buoi7\\Buoi7\\vendor\\laravel\\framework\\src\\Illuminate\\Container\\BoundMethod.php(93): Illuminate\\Container\\Util::unwrapIfClosure(Object(Closure))
#34 D:\\1LuuDuLieuSV\\2001240399_TrinhHuuKienQuoc\\phplab\\buoi7\\Buoi7\\vendor\\laravel\\framework\\src\\Illuminate\\Container\\BoundMethod.php(37): Illuminate\\Container\\BoundMethod::callBoundMethod(Object(Illuminate\\Foundation\\Application), Array, Object(Closure))
#35 D:\\1LuuDuLieuSV\\2001240399_TrinhHuuKienQuoc\\phplab\\buoi7\\Buoi7\\vendor\\laravel\\framework\\src\\Illuminate\\Container\\Container.php(653): Illuminate\\Container\\BoundMethod::call(Object(Illuminate\\Foundation\\Application), Array, Array, NULL)
#36 D:\\1LuuDuLieuSV\\2001240399_TrinhHuuKienQuoc\\phplab\\buoi7\\Buoi7\\vendor\\laravel\\framework\\src\\Illuminate\\Console\\Command.php(136): Illuminate\\Container\\Container->call(Array)
#37 D:\\1LuuDuLieuSV\\2001240399_TrinhHuuKienQuoc\\phplab\\buoi7\\Buoi7\\vendor\\symfony\\console\\Command\\Command.php(298): Illuminate\\Console\\Command->execute(Object(Symfony\\Component\\Console\\Input\\ArrayInput), Object(Illuminate\\Console\\OutputStyle))
#38 D:\\1LuuDuLieuSV\\2001240399_TrinhHuuKienQuoc\\phplab\\buoi7\\Buoi7\\vendor\\laravel\\framework\\src\\Illuminate\\Console\\Command.php(121): Symfony\\Component\\Console\\Command\\Command->run(Object(Symfony\\Component\\Console\\Input\\ArrayInput), Object(Illuminate\\Console\\OutputStyle))
#39 D:\\1LuuDuLieuSV\\2001240399_TrinhHuuKienQuoc\\phplab\\buoi7\\Buoi7\\vendor\\laravel\\framework\\src\\Illuminate\\Console\\Concerns\\CallsCommands.php(68): Illuminate\\Console\\Command->run(Object(Symfony\\Component\\Console\\Input\\ArrayInput), Object(Illuminate\\Console\\OutputStyle))
#40 D:\\1LuuDuLieuSV\\2001240399_TrinhHuuKienQuoc\\phplab\\buoi7\\Buoi7\\vendor\\laravel\\framework\\src\\Illuminate\\Console\\Concerns\\CallsCommands.php(28): Illuminate\\Console\\Command->runCommand('db:seed', Array, Object(Illuminate\\Console\\OutputStyle))
#41 D:\\1LuuDuLieuSV\\2001240399_TrinhHuuKienQuoc\\phplab\\buoi7\\Buoi7\\vendor\\laravel\\framework\\src\\Illuminate\\Database\\Console\\Migrations\\FreshCommand.php(90): Illuminate\\Console\\Command->call('db:seed', Array)
#42 D:\\1LuuDuLieuSV\\2001240399_TrinhHuuKienQuoc\\phplab\\buoi7\\Buoi7\\vendor\\laravel\\framework\\src\\Illuminate\\Database\\Console\\Migrations\\FreshCommand.php(65): Illuminate\\Database\\Console\\Migrations\\FreshCommand->runSeeder(NULL)
#43 D:\\1LuuDuLieuSV\\2001240399_TrinhHuuKienQuoc\\phplab\\buoi7\\Buoi7\\vendor\\laravel\\framework\\src\\Illuminate\\Container\\BoundMethod.php(36): Illuminate\\Database\\Console\\Migrations\\FreshCommand->handle()
#44 D:\\1LuuDuLieuSV\\2001240399_TrinhHuuKienQuoc\\phplab\\buoi7\\Buoi7\\vendor\\laravel\\framework\\src\\Illuminate\\Container\\Util.php(40): Illuminate\\Container\\BoundMethod::Illuminate\\Container\\{closure}()
#45 D:\\1LuuDuLieuSV\\2001240399_TrinhHuuKienQuoc\\phplab\\buoi7\\Buoi7\\vendor\\laravel\\framework\\src\\Illuminate\\Container\\BoundMethod.php(93): Illuminate\\Container\\Util::unwrapIfClosure(Object(Closure))
#46 D:\\1LuuDuLieuSV\\2001240399_TrinhHuuKienQuoc\\phplab\\buoi7\\Buoi7\\vendor\\laravel\\framework\\src\\Illuminate\\Container\\BoundMethod.php(37): Illuminate\\Container\\BoundMethod::callBoundMethod(Object(Illuminate\\Foundation\\Application), Array, Object(Closure))
#47 D:\\1LuuDuLieuSV\\2001240399_TrinhHuuKienQuoc\\phplab\\buoi7\\Buoi7\\vendor\\laravel\\framework\\src\\Illuminate\\Container\\Container.php(653): Illuminate\\Container\\BoundMethod::call(Object(Illuminate\\Foundation\\Application), Array, Array, NULL)
#48 D:\\1LuuDuLieuSV\\2001240399_TrinhHuuKienQuoc\\phplab\\buoi7\\Buoi7\\vendor\\laravel\\framework\\src\\Illuminate\\Console\\Command.php(136): Illuminate\\Container\\Container->call(Array)
#49 D:\\1LuuDuLieuSV\\2001240399_TrinhHuuKienQuoc\\phplab\\buoi7\\Buoi7\\vendor\\symfony\\console\\Command\\Command.php(298): Illuminate\\Console\\Command->execute(Object(Symfony\\Component\\Console\\Input\\ArgvInput), Object(Illuminate\\Console\\OutputStyle))
#50 D:\\1LuuDuLieuSV\\2001240399_TrinhHuuKienQuoc\\phplab\\buoi7\\Buoi7\\vendor\\laravel\\framework\\src\\Illuminate\\Console\\Command.php(121): Symfony\\Component\\Console\\Command\\Command->run(Object(Symfony\\Component\\Console\\Input\\ArgvInput), Object(Illuminate\\Console\\OutputStyle))
#51 D:\\1LuuDuLieuSV\\2001240399_TrinhHuuKienQuoc\\phplab\\buoi7\\Buoi7\\vendor\\symfony\\console\\Application.php(1040): Illuminate\\Console\\Command->run(Object(Symfony\\Component\\Console\\Input\\ArgvInput), Object(Symfony\\Component\\Console\\Output\\ConsoleOutput))
#52 D:\\1LuuDuLieuSV\\2001240399_TrinhHuuKienQuoc\\phplab\\buoi7\\Buoi7\\vendor\\symfony\\console\\Application.php(301): Symfony\\Component\\Console\\Application->doRunCommand(Object(Illuminate\\Database\\Console\\Migrations\\FreshCommand), Object(Symfony\\Component\\Console\\Input\\ArgvInput), Object(Symfony\\Component\\Console\\Output\\ConsoleOutput))
#53 D:\\1LuuDuLieuSV\\2001240399_TrinhHuuKienQuoc\\phplab\\buoi7\\Buoi7\\vendor\\symfony\\console\\Application.php(171): Symfony\\Component\\Console\\Application->doRun(Object(Symfony\\Component\\Console\\Input\\ArgvInput), Object(Symfony\\Component\\Console\\Output\\ConsoleOutput))
#54 D:\\1LuuDuLieuSV\\2001240399_TrinhHuuKienQuoc\\phplab\\buoi7\\Buoi7\\vendor\\laravel\\framework\\src\\Illuminate\\Console\\Application.php(94): Symfony\\Component\\Console\\Application->run(Object(Symfony\\Component\\Console\\Input\\ArgvInput), Object(Symfony\\Component\\Console\\Output\\ConsoleOutput))
#55 D:\\1LuuDuLieuSV\\2001240399_TrinhHuuKienQuoc\\phplab\\buoi7\\Buoi7\\vendor\\laravel\\framework\\src\\Illuminate\\Foundation\\Console\\Kernel.php(129): Illuminate\\Console\\Application->run(Object(Symfony\\Component\\Console\\Input\\ArgvInput), Object(Symfony\\Component\\Console\\Output\\ConsoleOutput))
#56 D:\\1LuuDuLieuSV\\2001240399_TrinhHuuKienQuoc\\phplab\\buoi7\\Buoi7\\artisan(37): Illuminate\\Foundation\\Console\\Kernel->handle(Object(Symfony\\Component\\Console\\Input\\ArgvInput), Object(Symfony\\Component\\Console\\Output\\ConsoleOutput))
#57 {main}

[previous exception] [object] (PDOException(code: 42S22): SQLSTATE[42S22]: Column not found: 1054 Unknown column 'title' in 'field list' at D:\\1LuuDuLieuSV\\2001240399_TrinhHuuKienQuoc\\phplab\\buoi7\\Buoi7\\vendor\\laravel\\framework\\src\\Illuminate\\Database\\Connection.php:495)
[stacktrace]
#0 D:\\1LuuDuLieuSV\\2001240399_TrinhHuuKienQuoc\\phplab\\buoi7\\Buoi7\\vendor\\laravel\\framework\\src\\Illuminate\\Database\\Connection.php(495): PDO->prepare('insert into `co...')
#1 D:\\1LuuDuLieuSV\\2001240399_TrinhHuuKienQuoc\\phplab\\buoi7\\Buoi7\\vendor\\laravel\\framework\\src\\Illuminate\\Database\\Connection.php(705): Illuminate\\Database\\Connection->Illuminate\\Database\\{closure}('insert into `co...', Array)
#2 D:\\1LuuDuLieuSV\\2001240399_TrinhHuuKienQuoc\\phplab\\buoi7\\Buoi7\\vendor\\laravel\\framework\\src\\Illuminate\\Database\\Connection.php(672): Illuminate\\Database\\Connection->runQueryCallback('insert into `co...', Array, Object(Closure))
#3 D:\\1LuuDuLieuSV\\2001240399_TrinhHuuKienQuoc\\phplab\\buoi7\\Buoi7\\vendor\\laravel\\framework\\src\\Illuminate\\Database\\Connection.php(502): Illuminate\\Database\\Connection->run('insert into `co...', Array, Object(Closure))
#4 D:\\1LuuDuLieuSV\\2001240399_TrinhHuuKienQuoc\\phplab\\buoi7\\Buoi7\\vendor\\laravel\\framework\\src\\Illuminate\\Database\\Connection.php(454): Illuminate\\Database\\Connection->statement('insert into `co...', Array)
#5 D:\\1LuuDuLieuSV\\2001240399_TrinhHuuKienQuoc\\phplab\\buoi7\\Buoi7\\vendor\\laravel\\framework\\src\\Illuminate\\Database\\Query\\Processors\\Processor.php(32): Illuminate\\Database\\Connection->insert('insert into `co...', Array)
#6 D:\\1LuuDuLieuSV\\2001240399_TrinhHuuKienQuoc\\phplab\\buoi7\\Buoi7\\vendor\\laravel\\framework\\src\\Illuminate\\Database\\Query\\Builder.php(3028): Illuminate\\Database\\Query\\Processors\\Processor->processInsertGetId(Object(Illuminate\\Database\\Query\\Builder), 'insert into `co...', Array, 'id')
#7 D:\\1LuuDuLieuSV\\2001240399_TrinhHuuKienQuoc\\phplab\\buoi7\\Buoi7\\vendor\\laravel\\framework\\src\\Illuminate\\Database\\Eloquent\\Builder.php(1657): Illuminate\\Database\\Query\\Builder->insertGetId(Array, 'id')
#8 D:\\1LuuDuLieuSV\\2001240399_TrinhHuuKienQuoc\\phplab\\buoi7\\Buoi7\\vendor\\laravel\\framework\\src\\Illuminate\\Database\\Eloquent\\Model.php(1188): Illuminate\\Database\\Eloquent\\Builder->__call('insertGetId', Array)
#9 D:\\1LuuDuLieuSV\\2001240399_TrinhHuuKienQuoc\\phplab\\buoi7\\Buoi7\\vendor\\laravel\\framework\\src\\Illuminate\\Database\\Eloquent\\Model.php(1153): Illuminate\\Database\\Eloquent\\Model->insertAndSetId(Object(Illuminate\\Database\\Eloquent\\Builder), Array)
#10 D:\\1LuuDuLieuSV\\2001240399_TrinhHuuKienQuoc\\phplab\\buoi7\\Buoi7\\vendor\\laravel\\framework\\src\\Illuminate\\Database\\Eloquent\\Model.php(994): Illuminate\\Database\\Eloquent\\Model->performInsert(Object(Illuminate\\Database\\Eloquent\\Builder))
#11 D:\\1LuuDuLieuSV\\2001240399_TrinhHuuKienQuoc\\phplab\\buoi7\\Buoi7\\vendor\\laravel\\framework\\src\\Illuminate\\Database\\Eloquent\\Factories\\Factory.php(314): Illuminate\\Database\\Eloquent\\Model->save()
#12 D:\\1LuuDuLieuSV\\2001240399_TrinhHuuKienQuoc\\phplab\\buoi7\\Buoi7\\vendor\\laravel\\framework\\src\\Illuminate\\Collections\\Traits\\EnumeratesValues.php(245): Illuminate\\Database\\Eloquent\\Factories\\Factory->Illuminate\\Database\\Eloquent\\Factories\\{closure}(Object(App\\Models\\Course), 0)
#13 D:\\1LuuDuLieuSV\\2001240399_TrinhHuuKienQuoc\\phplab\\buoi7\\Buoi7\\vendor\\laravel\\framework\\src\\Illuminate\\Database\\Eloquent\\Factories\\Factory.php(317): Illuminate\\Support\\Collection->each(Object(Closure))
#14 D:\\1LuuDuLieuSV\\2001240399_TrinhHuuKienQuoc\\phplab\\buoi7\\Buoi7\\vendor\\laravel\\framework\\src\\Illuminate\\Database\\Eloquent\\Factories\\Factory.php(265): Illuminate\\Database\\Eloquent\\Factories\\Factory->store(Object(Illuminate\\Database\\Eloquent\\Collection))
#15 D:\\1LuuDuLieuSV\\2001240399_TrinhHuuKienQuoc\\phplab\\buoi7\\Buoi7\\database\\seeders\\StudentCourseSeeder.php(18): Illuminate\\Database\\Eloquent\\Factories\\Factory->create()
#16 D:\\1LuuDuLieuSV\\2001240399_TrinhHuuKienQuoc\\phplab\\buoi7\\Buoi7\\vendor\\laravel\\framework\\src\\Illuminate\\Container\\BoundMethod.php(36): Database\\Seeders\\StudentCourseSeeder->run()
#17 D:\\1LuuDuLieuSV\\2001240399_TrinhHuuKienQuoc\\phplab\\buoi7\\Buoi7\\vendor\\laravel\\framework\\src\\Illuminate\\Container\\Util.php(40): Illuminate\\Container\\BoundMethod::Illuminate\\Container\\{closure}()
#18 D:\\1LuuDuLieuSV\\2001240399_TrinhHuuKienQuoc\\phplab\\buoi7\\Buoi7\\vendor\\laravel\\framework\\src\\Illuminate\\Container\\BoundMethod.php(93): Illuminate\\Container\\Util::unwrapIfClosure(Object(Closure))
#19 D:\\1LuuDuLieuSV\\2001240399_TrinhHuuKienQuoc\\phplab\\buoi7\\Buoi7\\vendor\\laravel\\framework\\src\\Illuminate\\Container\\BoundMethod.php(37): Illuminate\\Container\\BoundMethod::callBoundMethod(Object(Illuminate\\Foundation\\Application), Array, Object(Closure))
#20 D:\\1LuuDuLieuSV\\2001240399_TrinhHuuKienQuoc\\phplab\\buoi7\\Buoi7\\vendor\\laravel\\framework\\src\\Illuminate\\Container\\Container.php(653): Illuminate\\Container\\BoundMethod::call(Object(Illuminate\\Foundation\\Application), Array, Array, NULL)
#21 D:\\1LuuDuLieuSV\\2001240399_TrinhHuuKienQuoc\\phplab\\buoi7\\Buoi7\\vendor\\laravel\\framework\\src\\Illuminate\\Database\\Seeder.php(149): Illuminate\\Container\\Container->call(Array, Array)
#22 D:\\1LuuDuLieuSV\\2001240399_TrinhHuuKienQuoc\\phplab\\buoi7\\Buoi7\\vendor\\laravel\\framework\\src\\Illuminate\\Database\\Seeder.php(49): Illuminate\\Database\\Seeder->__invoke(Array)
#23 D:\\1LuuDuLieuSV\\2001240399_TrinhHuuKienQuoc\\phplab\\buoi7\\Buoi7\\database\\seeders\\DatabaseSeeder.php(18): Illuminate\\Database\\Seeder->call('Database\\\\Seeder...')
#24 D:\\1LuuDuLieuSV\\2001240399_TrinhHuuKienQuoc\\phplab\\buoi7\\Buoi7\\vendor\\laravel\\framework\\src\\Illuminate\\Container\\BoundMethod.php(36): Database\\Seeders\\DatabaseSeeder->run()
#25 D:\\1LuuDuLieuSV\\2001240399_TrinhHuuKienQuoc\\phplab\\buoi7\\Buoi7\\vendor\\laravel\\framework\\src\\Illuminate\\Container\\Util.php(40): Illuminate\\Container\\BoundMethod::Illuminate\\Container\\{closure}()
#26 D:\\1LuuDuLieuSV\\2001240399_TrinhHuuKienQuoc\\phplab\\buoi7\\Buoi7\\vendor\\laravel\\framework\\src\\Illuminate\\Container\\BoundMethod.php(93): Illuminate\\Container\\Util::unwrapIfClosure(Object(Closure))
#27 D:\\1LuuDuLieuSV\\2001240399_TrinhHuuKienQuoc\\phplab\\buoi7\\Buoi7\\vendor\\laravel\\framework\\src\\Illuminate\\Container\\BoundMethod.php(37): Illuminate\\Container\\BoundMethod::callBoundMethod(Object(Illuminate\\Foundation\\Application), Array, Object(Closure))
#28 D:\\1LuuDuLieuSV\\2001240399_TrinhHuuKienQuoc\\phplab\\buoi7\\Buoi7\\vendor\\laravel\\framework\\src\\Illuminate\\Container\\Container.php(653): Illuminate\\Container\\BoundMethod::call(Object(Illuminate\\Foundation\\Application), Array, Array, NULL)
#29 D:\\1LuuDuLieuSV\\2001240399_TrinhHuuKienQuoc\\phplab\\buoi7\\Buoi7\\vendor\\laravel\\framework\\src\\Illuminate\\Database\\Seeder.php(149): Illuminate\\Container\\Container->call(Array, Array)
#30 D:\\1LuuDuLieuSV\\2001240399_TrinhHuuKienQuoc\\phplab\\buoi7\\Buoi7\\vendor\\laravel\\framework\\src\\Illuminate\\Database\\Console\\Seeds\\SeedCommand.php(66): Illuminate\\Database\\Seeder->__invoke()
#31 D:\\1LuuDuLieuSV\\2001240399_TrinhHuuKienQuoc\\phplab\\buoi7\\Buoi7\\vendor\\laravel\\framework\\src\\Illuminate\\Database\\Eloquent\\Concerns\\GuardsAttributes.php(157): Illuminate\\Database\\Console\\Seeds\\SeedCommand->Illuminate\\Database\\Console\\Seeds\\{closure}()
#32 D:\\1LuuDuLieuSV\\2001240399_TrinhHuuKienQuoc\\phplab\\buoi7\\Buoi7\\vendor\\laravel\\framework\\src\\Illuminate\\Database\\Console\\Seeds\\SeedCommand.php(67): Illuminate\\Database\\Eloquent\\Model::unguarded(Object(Closure))
#33 D:\\1LuuDuLieuSV\\2001240399_TrinhHuuKienQuoc\\phplab\\buoi7\\Buoi7\\vendor\\laravel\\framework\\src\\Illuminate\\Container\\BoundMethod.php(36): Illuminate\\Database\\Console\\Seeds\\SeedCommand->handle()
#34 D:\\1LuuDuLieuSV\\2001240399_TrinhHuuKienQuoc\\phplab\\buoi7\\Buoi7\\vendor\\laravel\\framework\\src\\Illuminate\\Container\\Util.php(40): Illuminate\\Container\\BoundMethod::Illuminate\\Container\\{closure}()
#35 D:\\1LuuDuLieuSV\\2001240399_TrinhHuuKienQuoc\\phplab\\buoi7\\Buoi7\\vendor\\laravel\\framework\\src\\Illuminate\\Container\\BoundMethod.php(93): Illuminate\\Container\\Util::unwrapIfClosure(Object(Closure))
#36 D:\\1LuuDuLieuSV\\2001240399_TrinhHuuKienQuoc\\phplab\\buoi7\\Buoi7\\vendor\\laravel\\framework\\src\\Illuminate\\Container\\BoundMethod.php(37): Illuminate\\Container\\BoundMethod::callBoundMethod(Object(Illuminate\\Foundation\\Application), Array, Object(Closure))
#37 D:\\1LuuDuLieuSV\\2001240399_TrinhHuuKienQuoc\\phplab\\buoi7\\Buoi7\\vendor\\laravel\\framework\\src\\Illuminate\\Container\\Container.php(653): Illuminate\\Container\\BoundMethod::call(Object(Illuminate\\Foundation\\Application), Array, Array, NULL)
#38 D:\\1LuuDuLieuSV\\2001240399_TrinhHuuKienQuoc\\phplab\\buoi7\\Buoi7\\vendor\\laravel\\framework\\src\\Illuminate\\Console\\Command.php(136): Illuminate\\Container\\Container->call(Array)
#39 D:\\1LuuDuLieuSV\\2001240399_TrinhHuuKienQuoc\\phplab\\buoi7\\Buoi7\\vendor\\symfony\\console\\Command\\Command.php(298): Illuminate\\Console\\Command->execute(Object(Symfony\\Component\\Console\\Input\\ArrayInput), Object(Illuminate\\Console\\OutputStyle))
#40 D:\\1LuuDuLieuSV\\2001240399_TrinhHuuKienQuoc\\phplab\\buoi7\\Buoi7\\vendor\\laravel\\framework\\src\\Illuminate\\Console\\Command.php(121): Symfony\\Component\\Console\\Command\\Command->run(Object(Symfony\\Component\\Console\\Input\\ArrayInput), Object(Illuminate\\Console\\OutputStyle))
#41 D:\\1LuuDuLieuSV\\2001240399_TrinhHuuKienQuoc\\phplab\\buoi7\\Buoi7\\vendor\\laravel\\framework\\src\\Illuminate\\Console\\Concerns\\CallsCommands.php(68): Illuminate\\Console\\Command->run(Object(Symfony\\Component\\Console\\Input\\ArrayInput), Object(Illuminate\\Console\\OutputStyle))
#42 D:\\1LuuDuLieuSV\\2001240399_TrinhHuuKienQuoc\\phplab\\buoi7\\Buoi7\\vendor\\laravel\\framework\\src\\Illuminate\\Console\\Concerns\\CallsCommands.php(28): Illuminate\\Console\\Command->runCommand('db:seed', Array, Object(Illuminate\\Console\\OutputStyle))
#43 D:\\1LuuDuLieuSV\\2001240399_TrinhHuuKienQuoc\\phplab\\buoi7\\Buoi7\\vendor\\laravel\\framework\\src\\Illuminate\\Database\\Console\\Migrations\\FreshCommand.php(90): Illuminate\\Console\\Command->call('db:seed', Array)
#44 D:\\1LuuDuLieuSV\\2001240399_TrinhHuuKienQuoc\\phplab\\buoi7\\Buoi7\\vendor\\laravel\\framework\\src\\Illuminate\\Database\\Console\\Migrations\\FreshCommand.php(65): Illuminate\\Database\\Console\\Migrations\\FreshCommand->runSeeder(NULL)
#45 D:\\1LuuDuLieuSV\\2001240399_TrinhHuuKienQuoc\\phplab\\buoi7\\Buoi7\\vendor\\laravel\\framework\\src\\Illuminate\\Container\\BoundMethod.php(36): Illuminate\\Database\\Console\\Migrations\\FreshCommand->handle()
#46 D:\\1LuuDuLieuSV\\2001240399_TrinhHuuKienQuoc\\phplab\\buoi7\\Buoi7\\vendor\\laravel\\framework\\src\\Illuminate\\Container\\Util.php(40): Illuminate\\Container\\BoundMethod::Illuminate\\Container\\{closure}()
#47 D:\\1LuuDuLieuSV\\2001240399_TrinhHuuKienQuoc\\phplab\\buoi7\\Buoi7\\vendor\\laravel\\framework\\src\\Illuminate\\Container\\BoundMethod.php(93): Illuminate\\Container\\Util::unwrapIfClosure(Object(Closure))
#48 D:\\1LuuDuLieuSV\\2001240399_TrinhHuuKienQuoc\\phplab\\buoi7\\Buoi7\\vendor\\laravel\\framework\\src\\Illuminate\\Container\\BoundMethod.php(37): Illuminate\\Container\\BoundMethod::callBoundMethod(Object(Illuminate\\Foundation\\Application), Array, Object(Closure))
#49 D:\\1LuuDuLieuSV\\2001240399_TrinhHuuKienQuoc\\phplab\\buoi7\\Buoi7\\vendor\\laravel\\framework\\src\\Illuminate\\Container\\Container.php(653): Illuminate\\Container\\BoundMethod::call(Object(Illuminate\\Foundation\\Application), Array, Array, NULL)
#50 D:\\1LuuDuLieuSV\\2001240399_TrinhHuuKienQuoc\\phplab\\buoi7\\Buoi7\\vendor\\laravel\\framework\\src\\Illuminate\\Console\\Command.php(136): Illuminate\\Container\\Container->call(Array)
#51 D:\\1LuuDuLieuSV\\2001240399_TrinhHuuKienQuoc\\phplab\\buoi7\\Buoi7\\vendor\\symfony\\console\\Command\\Command.php(298): Illuminate\\Console\\Command->execute(Object(Symfony\\Component\\Console\\Input\\ArgvInput), Object(Illuminate\\Console\\OutputStyle))
#52 D:\\1LuuDuLieuSV\\2001240399_TrinhHuuKienQuoc\\phplab\\buoi7\\Buoi7\\vendor\\laravel\\framework\\src\\Illuminate\\Console\\Command.php(121): Symfony\\Component\\Console\\Command\\Command->run(Object(Symfony\\Component\\Console\\Input\\ArgvInput), Object(Illuminate\\Console\\OutputStyle))
#53 D:\\1LuuDuLieuSV\\2001240399_TrinhHuuKienQuoc\\phplab\\buoi7\\Buoi7\\vendor\\symfony\\console\\Application.php(1040): Illuminate\\Console\\Command->run(Object(Symfony\\Component\\Console\\Input\\ArgvInput), Object(Symfony\\Component\\Console\\Output\\ConsoleOutput))
#54 D:\\1LuuDuLieuSV\\2001240399_TrinhHuuKienQuoc\\phplab\\buoi7\\Buoi7\\vendor\\symfony\\console\\Application.php(301): Symfony\\Component\\Console\\Application->doRunCommand(Object(Illuminate\\Database\\Console\\Migrations\\FreshCommand), Object(Symfony\\Component\\Console\\Input\\ArgvInput), Object(Symfony\\Component\\Console\\Output\\ConsoleOutput))
#55 D:\\1LuuDuLieuSV\\2001240399_TrinhHuuKienQuoc\\phplab\\buoi7\\Buoi7\\vendor\\symfony\\console\\Application.php(171): Symfony\\Component\\Console\\Application->doRun(Object(Symfony\\Component\\Console\\Input\\ArgvInput), Object(Symfony\\Component\\Console\\Output\\ConsoleOutput))
#56 D:\\1LuuDuLieuSV\\2001240399_TrinhHuuKienQuoc\\phplab\\buoi7\\Buoi7\\vendor\\laravel\\framework\\src\\Illuminate\\Console\\Application.php(94): Symfony\\Component\\Console\\Application->run(Object(Symfony\\Component\\Console\\Input\\ArgvInput), Object(Symfony\\Component\\Console\\Output\\ConsoleOutput))
#57 D:\\1LuuDuLieuSV\\2001240399_TrinhHuuKienQuoc\\phplab\\buoi7\\Buoi7\\vendor\\laravel\\framework\\src\\Illuminate\\Foundation\\Console\\Kernel.php(129): Illuminate\\Console\\Application->run(Object(Symfony\\Component\\Console\\Input\\ArgvInput), Object(Symfony\\Component\\Console\\Output\\ConsoleOutput))
#58 D:\\1LuuDuLieuSV\\2001240399_TrinhHuuKienQuoc\\phplab\\buoi7\\Buoi7\\artisan(37): Illuminate\\Foundation\\Console\\Kernel->handle(Object(Symfony\\Component\\Console\\Input\\ArgvInput), Object(Symfony\\Component\\Console\\Output\\ConsoleOutput))
#59 {main}
"} 
[2026-09-28 08:11:23] local.ERROR: SQLSTATE[42S22]: Column not found: 1054 Unknown column 'title' in 'field list' (SQL: insert into `courses` (`title`, `description`, `updated_at`, `created_at`) values (cum rem et, Consequatur aut asperiores reiciendis., 2026-09-28 08:11:23, 2026-09-28 08:11:23)) {"exception":"[object] (Illuminate\\Database\\QueryException(code: 42S22): SQLSTATE[42S22]: Column not found: 1054 Unknown column 'title' in 'field list' (SQL: insert into `courses` (`title`, `description`, `updated_at`, `created_at`) values (cum rem et, Consequatur aut asperiores reiciendis., 2026-09-28 08:11:23, 2026-09-28 08:11:23)) at D:\\1LuuDuLieuSV\\2001240399_TrinhHuuKienQuoc\\phplab\\buoi7\\Buoi7\\vendor\\laravel\\framework\\src\\Illuminate\\Database\\Connection.php:712)
[stacktrace]
#0 D:\\1LuuDuLieuSV\\2001240399_TrinhHuuKienQuoc\\phplab\\buoi7\\Buoi7\\vendor\\laravel\\framework\\src\\Illuminate\\Database\\Connection.php(672): Illuminate\\Database\\Connection->runQueryCallback('insert into `co...', Array, Object(Closure))
#1 D:\\1LuuDuLieuSV\\2001240399_TrinhHuuKienQuoc\\phplab\\buoi7\\Buoi7\\vendor\\laravel\\framework\\src\\Illuminate\\Database\\Connection.php(502): Illuminate\\Database\\Connection->run('insert into `co...', Array, Object(Closure))
#2 D:\\1LuuDuLieuSV\\2001240399_TrinhHuuKienQuoc\\phplab\\buoi7\\Buoi7\\vendor\\laravel\\framework\\src\\Illuminate\\Database\\Connection.php(454): Illuminate\\Database\\Connection->statement('insert into `co...', Array)
#3 D:\\1LuuDuLieuSV\\2001240399_TrinhHuuKienQuoc\\phplab\\buoi7\\Buoi7\\vendor\\laravel\\framework\\src\\Illuminate\\Database\\Query\\Processors\\Processor.php(32): Illuminate\\Database\\Connection->insert('insert into `co...', Array)
#4 D:\\1LuuDuLieuSV\\2001240399_TrinhHuuKienQuoc\\phplab\\buoi7\\Buoi7\\vendor\\laravel\\framework\\src\\Illuminate\\Database\\Query\\Builder.php(3028): Illuminate\\Database\\Query\\Processors\\Processor->processInsertGetId(Object(Illuminate\\Database\\Query\\Builder), 'insert into `co...', Array, 'id')
#5 D:\\1LuuDuLieuSV\\2001240399_TrinhHuuKienQuoc\\phplab\\buoi7\\Buoi7\\vendor\\laravel\\framework\\src\\Illuminate\\Database\\Eloquent\\Builder.php(1657): Illuminate\\Database\\Query\\Builder->insertGetId(Array, 'id')
#6 D:\\1LuuDuLieuSV\\2001240399_TrinhHuuKienQuoc\\phplab\\buoi7\\Buoi7\\vendor\\laravel\\framework\\src\\Illuminate\\Database\\Eloquent\\Model.php(1188): Illuminate\\Database\\Eloquent\\Builder->__call('insertGetId', Array)
#7 D:\\1LuuDuLieuSV\\2001240399_TrinhHuuKienQuoc\\phplab\\buoi7\\Buoi7\\vendor\\laravel\\framework\\src\\Illuminate\\Database\\Eloquent\\Model.php(1153): Illuminate\\Database\\Eloquent\\Model->insertAndSetId(Object(Illuminate\\Database\\Eloquent\\Builder), Array)
#8 D:\\1LuuDuLieuSV\\2001240399_TrinhHuuKienQuoc\\phplab\\buoi7\\Buoi7\\vendor\\laravel\\framework\\src\\Illuminate\\Database\\Eloquent\\Model.php(994): Illuminate\\Database\\Eloquent\\Model->performInsert(Object(Illuminate\\Database\\Eloquent\\Builder))
#9 D:\\1LuuDuLieuSV\\2001240399_TrinhHuuKienQuoc\\phplab\\buoi7\\Buoi7\\vendor\\laravel\\framework\\src\\Illuminate\\Database\\Eloquent\\Factories\\Factory.php(314): Illuminate\\Database\\Eloquent\\Model->save()
#10 D:\\1LuuDuLieuSV\\2001240399_TrinhHuuKienQuoc\\phplab\\buoi7\\Buoi7\\vendor\\laravel\\framework\\src\\Illuminate\\Collections\\Traits\\EnumeratesValues.php(245): Illuminate\\Database\\Eloquent\\Factories\\Factory->Illuminate\\Database\\Eloquent\\Factories\\{closure}(Object(App\\Models\\Course), 0)
#11 D:\\1LuuDuLieuSV\\2001240399_TrinhHuuKienQuoc\\phplab\\buoi7\\Buoi7\\vendor\\laravel\\framework\\src\\Illuminate\\Database\\Eloquent\\Factories\\Factory.php(317): Illuminate\\Support\\Collection->each(Object(Closure))
#12 D:\\1LuuDuLieuSV\\2001240399_TrinhHuuKienQuoc\\phplab\\buoi7\\Buoi7\\vendor\\laravel\\framework\\src\\Illuminate\\Database\\Eloquent\\Factories\\Factory.php(265): Illuminate\\Database\\Eloquent\\Factories\\Factory->store(Object(Illuminate\\Database\\Eloquent\\Collection))
#13 D:\\1LuuDuLieuSV\\2001240399_TrinhHuuKienQuoc\\phplab\\buoi7\\Buoi7\\database\\seeders\\StudentCourseSeeder.php(18): Illuminate\\Database\\Eloquent\\Factories\\Factory->create()
#14 D:\\1LuuDuLieuSV\\2001240399_TrinhHuuKienQuoc\\phplab\\buoi7\\Buoi7\\vendor\\laravel\\framework\\src\\Illuminate\\Container\\BoundMethod.php(36): Database\\Seeders\\StudentCourseSeeder->run()
#15 D:\\1LuuDuLieuSV\\2001240399_TrinhHuuKienQuoc\\phplab\\buoi7\\Buoi7\\vendor\\laravel\\framework\\src\\Illuminate\\Container\\Util.php(40): Illuminate\\Container\\BoundMethod::Illuminate\\Container\\{closure}()
#16 D:\\1LuuDuLieuSV\\2001240399_TrinhHuuKienQuoc\\phplab\\buoi7\\Buoi7\\vendor\\laravel\\framework\\src\\Illuminate\\Container\\BoundMethod.php(93): Illuminate\\Container\\Util::unwrapIfClosure(Object(Closure))
#17 D:\\1LuuDuLieuSV\\2001240399_TrinhHuuKienQuoc\\phplab\\buoi7\\Buoi7\\vendor\\laravel\\framework\\src\\Illuminate\\Container\\BoundMethod.php(37): Illuminate\\Container\\BoundMethod::callBoundMethod(Object(Illuminate\\Foundation\\Application), Array, Object(Closure))
#18 D:\\1LuuDuLieuSV\\2001240399_TrinhHuuKienQuoc\\phplab\\buoi7\\Buoi7\\vendor\\laravel\\framework\\src\\Illuminate\\Container\\Container.php(653): Illuminate\\Container\\BoundMethod::call(Object(Illuminate\\Foundation\\Application), Array, Array, NULL)
#19 D:\\1LuuDuLieuSV\\2001240399_TrinhHuuKienQuoc\\phplab\\buoi7\\Buoi7\\vendor\\laravel\\framework\\src\\Illuminate\\Database\\Seeder.php(149): Illuminate\\Container\\Container->call(Array, Array)
#20 D:\\1LuuDuLieuSV\\2001240399_TrinhHuuKienQuoc\\phplab\\buoi7\\Buoi7\\vendor\\laravel\\framework\\src\\Illuminate\\Database\\Seeder.php(49): Illuminate\\Database\\Seeder->__invoke(Array)
#21 D:\\1LuuDuLieuSV\\2001240399_TrinhHuuKienQuoc\\phplab\\buoi7\\Buoi7\\database\\seeders\\DatabaseSeeder.php(18): Illuminate\\Database\\Seeder->call('Database\\\\Seeder...')
#22 D:\\1LuuDuLieuSV\\2001240399_TrinhHuuKienQuoc\\phplab\\buoi7\\Buoi7\\vendor\\laravel\\framework\\src\\Illuminate\\Container\\BoundMethod.php(36): Database\\Seeders\\DatabaseSeeder->run()
#23 D:\\1LuuDuLieuSV\\2001240399_TrinhHuuKienQuoc\\phplab\\buoi7\\Buoi7\\vendor\\laravel\\framework\\src\\Illuminate\\Container\\Util.php(40): Illuminate\\Container\\BoundMethod::Illuminate\\Container\\{closure}()
#24 D:\\1LuuDuLieuSV\\2001240399_TrinhHuuKienQuoc\\phplab\\buoi7\\Buoi7\\vendor\\laravel\\framework\\src\\Illuminate\\Container\\BoundMethod.php(93): Illuminate\\Container\\Util::unwrapIfClosure(Object(Closure))
#25 D:\\1LuuDuLieuSV\\2001240399_TrinhHuuKienQuoc\\phplab\\buoi7\\Buoi7\\vendor\\laravel\\framework\\src\\Illuminate\\Container\\BoundMethod.php(37): Illuminate\\Container\\BoundMethod::callBoundMethod(Object(Illuminate\\Foundation\\Application), Array, Object(Closure))
#26 D:\\1LuuDuLieuSV\\2001240399_TrinhHuuKienQuoc\\phplab\\buoi7\\Buoi7\\vendor\\laravel\\framework\\src\\Illuminate\\Container\\Container.php(653): Illuminate\\Container\\BoundMethod::call(Object(Illuminate\\Foundation\\Application), Array, Array, NULL)
#27 D:\\1LuuDuLieuSV\\2001240399_TrinhHuuKienQuoc\\phplab\\buoi7\\Buoi7\\vendor\\laravel\\framework\\src\\Illuminate\\Database\\Seeder.php(149): Illuminate\\Container\\Container->call(Array, Array)
#28 D:\\1LuuDuLieuSV\\2001240399_TrinhHuuKienQuoc\\phplab\\buoi7\\Buoi7\\vendor\\laravel\\framework\\src\\Illuminate\\Database\\Console\\Seeds\\SeedCommand.php(66): Illuminate\\Database\\Seeder->__invoke()
#29 D:\\1LuuDuLieuSV\\2001240399_TrinhHuuKienQuoc\\phplab\\buoi7\\Buoi7\\vendor\\laravel\\framework\\src\\Illuminate\\Database\\Eloquent\\Concerns\\GuardsAttributes.php(157): Illuminate\\Database\\Console\\Seeds\\SeedCommand->Illuminate\\Database\\Console\\Seeds\\{closure}()
#30 D:\\1LuuDuLieuSV\\2001240399_TrinhHuuKienQuoc\\phplab\\buoi7\\Buoi7\\vendor\\laravel\\framework\\src\\Illuminate\\Database\\Console\\Seeds\\SeedCommand.php(67): Illuminate\\Database\\Eloquent\\Model::unguarded(Object(Closure))
#31 D:\\1LuuDuLieuSV\\2001240399_TrinhHuuKienQuoc\\phplab\\buoi7\\Buoi7\\vendor\\laravel\\framework\\src\\Illuminate\\Container\\BoundMethod.php(36): Illuminate\\Database\\Console\\Seeds\\SeedCommand->handle()
#32 D:\\1LuuDuLieuSV\\2001240399_TrinhHuuKienQuoc\\phplab\\buoi7\\Buoi7\\vendor\\laravel\\framework\\src\\Illuminate\\Container\\Util.php(40): Illuminate\\Container\\BoundMethod::Illuminate\\Container\\{closure}()
#33 D:\\1LuuDuLieuSV\\2001240399_TrinhHuuKienQuoc\\phplab\\buoi7\\Buoi7\\vendor\\laravel\\framework\\src\\Illuminate\\Container\\BoundMethod.php(93): Illuminate\\Container\\Util::unwrapIfClosure(Object(Closure))
#34 D:\\1LuuDuLieuSV\\2001240399_TrinhHuuKienQuoc\\phplab\\buoi7\\Buoi7\\vendor\\laravel\\framework\\src\\Illuminate\\Container\\BoundMethod.php(37): Illuminate\\Container\\BoundMethod::callBoundMethod(Object(Illuminate\\Foundation\\Application), Array, Object(Closure))
#35 D:\\1LuuDuLieuSV\\2001240399_TrinhHuuKienQuoc\\phplab\\buoi7\\Buoi7\\vendor\\laravel\\framework\\src\\Illuminate\\Container\\Container.php(653): Illuminate\\Container\\BoundMethod::call(Object(Illuminate\\Foundation\\Application), Array, Array, NULL)
#36 D:\\1LuuDuLieuSV\\2001240399_TrinhHuuKienQuoc\\phplab\\buoi7\\Buoi7\\vendor\\laravel\\framework\\src\\Illuminate\\Console\\Command.php(136): Illuminate\\Container\\Container->call(Array)
#37 D:\\1LuuDuLieuSV\\2001240399_TrinhHuuKienQuoc\\phplab\\buoi7\\Buoi7\\vendor\\symfony\\console\\Command\\Command.php(298): Illuminate\\Console\\Command->execute(Object(Symfony\\Component\\Console\\Input\\ArrayInput), Object(Illuminate\\Console\\OutputStyle))
#38 D:\\1LuuDuLieuSV\\2001240399_TrinhHuuKienQuoc\\phplab\\buoi7\\Buoi7\\vendor\\laravel\\framework\\src\\Illuminate\\Console\\Command.php(121): Symfony\\Component\\Console\\Command\\Command->run(Object(Symfony\\Component\\Console\\Input\\ArrayInput), Object(Illuminate\\Console\\OutputStyle))
#39 D:\\1LuuDuLieuSV\\2001240399_TrinhHuuKienQuoc\\phplab\\buoi7\\Buoi7\\vendor\\laravel\\framework\\src\\Illuminate\\Console\\Concerns\\CallsCommands.php(68): Illuminate\\Console\\Command->run(Object(Symfony\\Component\\Console\\Input\\ArrayInput), Object(Illuminate\\Console\\OutputStyle))
#40 D:\\1LuuDuLieuSV\\2001240399_TrinhHuuKienQuoc\\phplab\\buoi7\\Buoi7\\vendor\\laravel\\framework\\src\\Illuminate\\Console\\Concerns\\CallsCommands.php(28): Illuminate\\Console\\Command->runCommand('db:seed', Array, Object(Illuminate\\Console\\OutputStyle))
#41 D:\\1LuuDuLieuSV\\2001240399_TrinhHuuKienQuoc\\phplab\\buoi7\\Buoi7\\vendor\\laravel\\framework\\src\\Illuminate\\Database\\Console\\Migrations\\FreshCommand.php(90): Illuminate\\Console\\Command->call('db:seed', Array)
#42 D:\\1LuuDuLieuSV\\2001240399_TrinhHuuKienQuoc\\phplab\\buoi7\\Buoi7\\vendor\\laravel\\framework\\src\\Illuminate\\Database\\Console\\Migrations\\FreshCommand.php(65): Illuminate\\Database\\Console\\Migrations\\FreshCommand->runSeeder(NULL)
#43 D:\\1LuuDuLieuSV\\2001240399_TrinhHuuKienQuoc\\phplab\\buoi7\\Buoi7\\vendor\\laravel\\framework\\src\\Illuminate\\Container\\BoundMethod.php(36): Illuminate\\Database\\Console\\Migrations\\FreshCommand->handle()
#44 D:\\1LuuDuLieuSV\\2001240399_TrinhHuuKienQuoc\\phplab\\buoi7\\Buoi7\\vendor\\laravel\\framework\\src\\Illuminate\\Container\\Util.php(40): Illuminate\\Container\\BoundMethod::Illuminate\\Container\\{closure}()
#45 D:\\1LuuDuLieuSV\\2001240399_TrinhHuuKienQuoc\\phplab\\buoi7\\Buoi7\\vendor\\laravel\\framework\\src\\Illuminate\\Container\\BoundMethod.php(93): Illuminate\\Container\\Util::unwrapIfClosure(Object(Closure))
#46 D:\\1LuuDuLieuSV\\2001240399_TrinhHuuKienQuoc\\phplab\\buoi7\\Buoi7\\vendor\\laravel\\framework\\src\\Illuminate\\Container\\BoundMethod.php(37): Illuminate\\Container\\BoundMethod::callBoundMethod(Object(Illuminate\\Foundation\\Application), Array, Object(Closure))
#47 D:\\1LuuDuLieuSV\\2001240399_TrinhHuuKienQuoc\\phplab\\buoi7\\Buoi7\\vendor\\laravel\\framework\\src\\Illuminate\\Container\\Container.php(653): Illuminate\\Container\\BoundMethod::call(Object(Illuminate\\Foundation\\Application), Array, Array, NULL)
#48 D:\\1LuuDuLieuSV\\2001240399_TrinhHuuKienQuoc\\phplab\\buoi7\\Buoi7\\vendor\\laravel\\framework\\src\\Illuminate\\Console\\Command.php(136): Illuminate\\Container\\Container->call(Array)
#49 D:\\1LuuDuLieuSV\\2001240399_TrinhHuuKienQuoc\\phplab\\buoi7\\Buoi7\\vendor\\symfony\\console\\Command\\Command.php(298): Illuminate\\Console\\Command->execute(Object(Symfony\\Component\\Console\\Input\\ArgvInput), Object(Illuminate\\Console\\OutputStyle))
#50 D:\\1LuuDuLieuSV\\2001240399_TrinhHuuKienQuoc\\phplab\\buoi7\\Buoi7\\vendor\\laravel\\framework\\src\\Illuminate\\Console\\Command.php(121): Symfony\\Component\\Console\\Command\\Command->run(Object(Symfony\\Component\\Console\\Input\\ArgvInput), Object(Illuminate\\Console\\OutputStyle))
#51 D:\\1LuuDuLieuSV\\2001240399_TrinhHuuKienQuoc\\phplab\\buoi7\\Buoi7\\vendor\\symfony\\console\\Application.php(1040): Illuminate\\Console\\Command->run(Object(Symfony\\Component\\Console\\Input\\ArgvInput), Object(Symfony\\Component\\Console\\Output\\ConsoleOutput))
#52 D:\\1LuuDuLieuSV\\2001240399_TrinhHuuKienQuoc\\phplab\\buoi7\\Buoi7\\vendor\\symfony\\console\\Application.php(301): Symfony\\Component\\Console\\Application->doRunCommand(Object(Illuminate\\Database\\Console\\Migrations\\FreshCommand), Object(Symfony\\Component\\Console\\Input\\ArgvInput), Object(Symfony\\Component\\Console\\Output\\ConsoleOutput))
#53 D:\\1LuuDuLieuSV\\2001240399_TrinhHuuKienQuoc\\phplab\\buoi7\\Buoi7\\vendor\\symfony\\console\\Application.php(171): Symfony\\Component\\Console\\Application->doRun(Object(Symfony\\Component\\Console\\Input\\ArgvInput), Object(Symfony\\Component\\Console\\Output\\ConsoleOutput))
#54 D:\\1LuuDuLieuSV\\2001240399_TrinhHuuKienQuoc\\phplab\\buoi7\\Buoi7\\vendor\\laravel\\framework\\src\\Illuminate\\Console\\Application.php(94): Symfony\\Component\\Console\\Application->run(Object(Symfony\\Component\\Console\\Input\\ArgvInput), Object(Symfony\\Component\\Console\\Output\\ConsoleOutput))
#55 D:\\1LuuDuLieuSV\\2001240399_TrinhHuuKienQuoc\\phplab\\buoi7\\Buoi7\\vendor\\laravel\\framework\\src\\Illuminate\\Foundation\\Console\\Kernel.php(129): Illuminate\\Console\\Application->run(Object(Symfony\\Component\\Console\\Input\\ArgvInput), Object(Symfony\\Component\\Console\\Output\\ConsoleOutput))
#56 D:\\1LuuDuLieuSV\\2001240399_TrinhHuuKienQuoc\\phplab\\buoi7\\Buoi7\\artisan(37): Illuminate\\Foundation\\Console\\Kernel->handle(Object(Symfony\\Component\\Console\\Input\\ArgvInput), Object(Symfony\\Component\\Console\\Output\\ConsoleOutput))
#57 {main}

[previous exception] [object] (PDOException(code: 42S22): SQLSTATE[42S22]: Column not found: 1054 Unknown column 'title' in 'field list' at D:\\1LuuDuLieuSV\\2001240399_TrinhHuuKienQuoc\\phplab\\buoi7\\Buoi7\\vendor\\laravel\\framework\\src\\Illuminate\\Database\\Connection.php:495)
[stacktrace]
#0 D:\\1LuuDuLieuSV\\2001240399_TrinhHuuKienQuoc\\phplab\\buoi7\\Buoi7\\vendor\\laravel\\framework\\src\\Illuminate\\Database\\Connection.php(495): PDO->prepare('insert into `co...')
#1 D:\\1LuuDuLieuSV\\2001240399_TrinhHuuKienQuoc\\phplab\\buoi7\\Buoi7\\vendor\\laravel\\framework\\src\\Illuminate\\Database\\Connection.php(705): Illuminate\\Database\\Connection->Illuminate\\Database\\{closure}('insert into `co...', Array)
#2 D:\\1LuuDuLieuSV\\2001240399_TrinhHuuKienQuoc\\phplab\\buoi7\\Buoi7\\vendor\\laravel\\framework\\src\\Illuminate\\Database\\Connection.php(672): Illuminate\\Database\\Connection->runQueryCallback('insert into `co...', Array, Object(Closure))
#3 D:\\1LuuDuLieuSV\\2001240399_TrinhHuuKienQuoc\\phplab\\buoi7\\Buoi7\\vendor\\laravel\\framework\\src\\Illuminate\\Database\\Connection.php(502): Illuminate\\Database\\Connection->run('insert into `co...', Array, Object(Closure))
#4 D:\\1LuuDuLieuSV\\2001240399_TrinhHuuKienQuoc\\phplab\\buoi7\\Buoi7\\vendor\\laravel\\framework\\src\\Illuminate\\Database\\Connection.php(454): Illuminate\\Database\\Connection->statement('insert into `co...', Array)
#5 D:\\1LuuDuLieuSV\\2001240399_TrinhHuuKienQuoc\\phplab\\buoi7\\Buoi7\\vendor\\laravel\\framework\\src\\Illuminate\\Database\\Query\\Processors\\Processor.php(32): Illuminate\\Database\\Connection->insert('insert into `co...', Array)
#6 D:\\1LuuDuLieuSV\\2001240399_TrinhHuuKienQuoc\\phplab\\buoi7\\Buoi7\\vendor\\laravel\\framework\\src\\Illuminate\\Database\\Query\\Builder.php(3028): Illuminate\\Database\\Query\\Processors\\Processor->processInsertGetId(Object(Illuminate\\Database\\Query\\Builder), 'insert into `co...', Array, 'id')
#7 D:\\1LuuDuLieuSV\\2001240399_TrinhHuuKienQuoc\\phplab\\buoi7\\Buoi7\\vendor\\laravel\\framework\\src\\Illuminate\\Database\\Eloquent\\Builder.php(1657): Illuminate\\Database\\Query\\Builder->insertGetId(Array, 'id')
#8 D:\\1LuuDuLieuSV\\2001240399_TrinhHuuKienQuoc\\phplab\\buoi7\\Buoi7\\vendor\\laravel\\framework\\src\\Illuminate\\Database\\Eloquent\\Model.php(1188): Illuminate\\Database\\Eloquent\\Builder->__call('insertGetId', Array)
#9 D:\\1LuuDuLieuSV\\2001240399_TrinhHuuKienQuoc\\phplab\\buoi7\\Buoi7\\vendor\\laravel\\framework\\src\\Illuminate\\Database\\Eloquent\\Model.php(1153): Illuminate\\Database\\Eloquent\\Model->insertAndSetId(Object(Illuminate\\Database\\Eloquent\\Builder), Array)
#10 D:\\1LuuDuLieuSV\\2001240399_TrinhHuuKienQuoc\\phplab\\buoi7\\Buoi7\\vendor\\laravel\\framework\\src\\Illuminate\\Database\\Eloquent\\Model.php(994): Illuminate\\Database\\Eloquent\\Model->performInsert(Object(Illuminate\\Database\\Eloquent\\Builder))
#11 D:\\1LuuDuLieuSV\\2001240399_TrinhHuuKienQuoc\\phplab\\buoi7\\Buoi7\\vendor\\laravel\\framework\\src\\Illuminate\\Database\\Eloquent\\Factories\\Factory.php(314): Illuminate\\Database\\Eloquent\\Model->save()
#12 D:\\1LuuDuLieuSV\\2001240399_TrinhHuuKienQuoc\\phplab\\buoi7\\Buoi7\\vendor\\laravel\\framework\\src\\Illuminate\\Collections\\Traits\\EnumeratesValues.php(245): Illuminate\\Database\\Eloquent\\Factories\\Factory->Illuminate\\Database\\Eloquent\\Factories\\{closure}(Object(App\\Models\\Course), 0)
#13 D:\\1LuuDuLieuSV\\2001240399_TrinhHuuKienQuoc\\phplab\\buoi7\\Buoi7\\vendor\\laravel\\framework\\src\\Illuminate\\Database\\Eloquent\\Factories\\Factory.php(317): Illuminate\\Support\\Collection->each(Object(Closure))
#14 D:\\1LuuDuLieuSV\\2001240399_TrinhHuuKienQuoc\\phplab\\buoi7\\Buoi7\\vendor\\laravel\\framework\\src\\Illuminate\\Database\\Eloquent\\Factories\\Factory.php(265): Illuminate\\Database\\Eloquent\\Factories\\Factory->store(Object(Illuminate\\Database\\Eloquent\\Collection))
#15 D:\\1LuuDuLieuSV\\2001240399_TrinhHuuKienQuoc\\phplab\\buoi7\\Buoi7\\database\\seeders\\StudentCourseSeeder.php(18): Illuminate\\Database\\Eloquent\\Factories\\Factory->create()
#16 D:\\1LuuDuLieuSV\\2001240399_TrinhHuuKienQuoc\\phplab\\buoi7\\Buoi7\\vendor\\laravel\\framework\\src\\Illuminate\\Container\\BoundMethod.php(36): Database\\Seeders\\StudentCourseSeeder->run()
#17 D:\\1LuuDuLieuSV\\2001240399_TrinhHuuKienQuoc\\phplab\\buoi7\\Buoi7\\vendor\\laravel\\framework\\src\\Illuminate\\Container\\Util.php(40): Illuminate\\Container\\BoundMethod::Illuminate\\Container\\{closure}()
#18 D:\\1LuuDuLieuSV\\2001240399_TrinhHuuKienQuoc\\phplab\\buoi7\\Buoi7\\vendor\\laravel\\framework\\src\\Illuminate\\Container\\BoundMethod.php(93): Illuminate\\Container\\Util::unwrapIfClosure(Object(Closure))
#19 D:\\1LuuDuLieuSV\\2001240399_TrinhHuuKienQuoc\\phplab\\buoi7\\Buoi7\\vendor\\laravel\\framework\\src\\Illuminate\\Container\\BoundMethod.php(37): Illuminate\\Container\\BoundMethod::callBoundMethod(Object(Illuminate\\Foundation\\Application), Array, Object(Closure))
#20 D:\\1LuuDuLieuSV\\2001240399_TrinhHuuKienQuoc\\phplab\\buoi7\\Buoi7\\vendor\\laravel\\framework\\src\\Illuminate\\Container\\Container.php(653): Illuminate\\Container\\BoundMethod::call(Object(Illuminate\\Foundation\\Application), Array, Array, NULL)
#21 D:\\1LuuDuLieuSV\\2001240399_TrinhHuuKienQuoc\\phplab\\buoi7\\Buoi7\\vendor\\laravel\\framework\\src\\Illuminate\\Database\\Seeder.php(149): Illuminate\\Container\\Container->call(Array, Array)
#22 D:\\1LuuDuLieuSV\\2001240399_TrinhHuuKienQuoc\\phplab\\buoi7\\Buoi7\\vendor\\laravel\\framework\\src\\Illuminate\\Database\\Seeder.php(49): Illuminate\\Database\\Seeder->__invoke(Array)
#23 D:\\1LuuDuLieuSV\\2001240399_TrinhHuuKienQuoc\\phplab\\buoi7\\Buoi7\\database\\seeders\\DatabaseSeeder.php(18): Illuminate\\Database\\Seeder->call('Database\\\\Seeder...')
#24 D:\\1LuuDuLieuSV\\2001240399_TrinhHuuKienQuoc\\phplab\\buoi7\\Buoi7\\vendor\\laravel\\framework\\src\\Illuminate\\Container\\BoundMethod.php(36): Database\\Seeders\\DatabaseSeeder->run()
#25 D:\\1LuuDuLieuSV\\2001240399_TrinhHuuKienQuoc\\phplab\\buoi7\\Buoi7\\vendor\\laravel\\framework\\src\\Illuminate\\Container\\Util.php(40): Illuminate\\Container\\BoundMethod::Illuminate\\Container\\{closure}()
#26 D:\\1LuuDuLieuSV\\2001240399_TrinhHuuKienQuoc\\phplab\\buoi7\\Buoi7\\vendor\\laravel\\framework\\src\\Illuminate\\Container\\BoundMethod.php(93): Illuminate\\Container\\Util::unwrapIfClosure(Object(Closure))
#27 D:\\1LuuDuLieuSV\\2001240399_TrinhHuuKienQuoc\\phplab\\buoi7\\Buoi7\\vendor\\laravel\\framework\\src\\Illuminate\\Container\\BoundMethod.php(37): Illuminate\\Container\\BoundMethod::callBoundMethod(Object(Illuminate\\Foundation\\Application), Array, Object(Closure))
#28 D:\\1LuuDuLieuSV\\2001240399_TrinhHuuKienQuoc\\phplab\\buoi7\\Buoi7\\vendor\\laravel\\framework\\src\\Illuminate\\Container\\Container.php(653): Illuminate\\Container\\BoundMethod::call(Object(Illuminate\\Foundation\\Application), Array, Array, NULL)
#29 D:\\1LuuDuLieuSV\\2001240399_TrinhHuuKienQuoc\\phplab\\buoi7\\Buoi7\\vendor\\laravel\\framework\\src\\Illuminate\\Database\\Seeder.php(149): Illuminate\\Container\\Container->call(Array, Array)
#30 D:\\1LuuDuLieuSV\\2001240399_TrinhHuuKienQuoc\\phplab\\buoi7\\Buoi7\\vendor\\laravel\\framework\\src\\Illuminate\\Database\\Console\\Seeds\\SeedCommand.php(66): Illuminate\\Database\\Seeder->__invoke()
#31 D:\\1LuuDuLieuSV\\2001240399_TrinhHuuKienQuoc\\phplab\\buoi7\\Buoi7\\vendor\\laravel\\framework\\src\\Illuminate\\Database\\Eloquent\\Concerns\\GuardsAttributes.php(157): Illuminate\\Database\\Console\\Seeds\\SeedCommand->Illuminate\\Database\\Console\\Seeds\\{closure}()
#32 D:\\1LuuDuLieuSV\\2001240399_TrinhHuuKienQuoc\\phplab\\buoi7\\Buoi7\\vendor\\laravel\\framework\\src\\Illuminate\\Database\\Console\\Seeds\\SeedCommand.php(67): Illuminate\\Database\\Eloquent\\Model::unguarded(Object(Closure))
#33 D:\\1LuuDuLieuSV\\2001240399_TrinhHuuKienQuoc\\phplab\\buoi7\\Buoi7\\vendor\\laravel\\framework\\src\\Illuminate\\Container\\BoundMethod.php(36): Illuminate\\Database\\Console\\Seeds\\SeedCommand->handle()
#34 D:\\1LuuDuLieuSV\\2001240399_TrinhHuuKienQuoc\\phplab\\buoi7\\Buoi7\\vendor\\laravel\\framework\\src\\Illuminate\\Container\\Util.php(40): Illuminate\\Container\\BoundMethod::Illuminate\\Container\\{closure}()
#35 D:\\1LuuDuLieuSV\\2001240399_TrinhHuuKienQuoc\\phplab\\buoi7\\Buoi7\\vendor\\laravel\\framework\\src\\Illuminate\\Container\\BoundMethod.php(93): Illuminate\\Container\\Util::unwrapIfClosure(Object(Closure))
#36 D:\\1LuuDuLieuSV\\2001240399_TrinhHuuKienQuoc\\phplab\\buoi7\\Buoi7\\vendor\\laravel\\framework\\src\\Illuminate\\Container\\BoundMethod.php(37): Illuminate\\Container\\BoundMethod::callBoundMethod(Object(Illuminate\\Foundation\\Application), Array, Object(Closure))
#37 D:\\1LuuDuLieuSV\\2001240399_TrinhHuuKienQuoc\\phplab\\buoi7\\Buoi7\\vendor\\laravel\\framework\\src\\Illuminate\\Container\\Container.php(653): Illuminate\\Container\\BoundMethod::call(Object(Illuminate\\Foundation\\Application), Array, Array, NULL)
#38 D:\\1LuuDuLieuSV\\2001240399_TrinhHuuKienQuoc\\phplab\\buoi7\\Buoi7\\vendor\\laravel\\framework\\src\\Illuminate\\Console\\Command.php(136): Illuminate\\Container\\Container->call(Array)
#39 D:\\1LuuDuLieuSV\\2001240399_TrinhHuuKienQuoc\\phplab\\buoi7\\Buoi7\\vendor\\symfony\\console\\Command\\Command.php(298): Illuminate\\Console\\Command->execute(Object(Symfony\\Component\\Console\\Input\\ArrayInput), Object(Illuminate\\Console\\OutputStyle))
#40 D:\\1LuuDuLieuSV\\2001240399_TrinhHuuKienQuoc\\phplab\\buoi7\\Buoi7\\vendor\\laravel\\framework\\src\\Illuminate\\Console\\Command.php(121): Symfony\\Component\\Console\\Command\\Command->run(Object(Symfony\\Component\\Console\\Input\\ArrayInput), Object(Illuminate\\Console\\OutputStyle))
#41 D:\\1LuuDuLieuSV\\2001240399_TrinhHuuKienQuoc\\phplab\\buoi7\\Buoi7\\vendor\\laravel\\framework\\src\\Illuminate\\Console\\Concerns\\CallsCommands.php(68): Illuminate\\Console\\Command->run(Object(Symfony\\Component\\Console\\Input\\ArrayInput), Object(Illuminate\\Console\\OutputStyle))
#42 D:\\1LuuDuLieuSV\\2001240399_TrinhHuuKienQuoc\\phplab\\buoi7\\Buoi7\\vendor\\laravel\\framework\\src\\Illuminate\\Console\\Concerns\\CallsCommands.php(28): Illuminate\\Console\\Command->runCommand('db:seed', Array, Object(Illuminate\\Console\\OutputStyle))
#43 D:\\1LuuDuLieuSV\\2001240399_TrinhHuuKienQuoc\\phplab\\buoi7\\Buoi7\\vendor\\laravel\\framework\\src\\Illuminate\\Database\\Console\\Migrations\\FreshCommand.php(90): Illuminate\\Console\\Command->call('db:seed', Array)
#44 D:\\1LuuDuLieuSV\\2001240399_TrinhHuuKienQuoc\\phplab\\buoi7\\Buoi7\\vendor\\laravel\\framework\\src\\Illuminate\\Database\\Console\\Migrations\\FreshCommand.php(65): Illuminate\\Database\\Console\\Migrations\\FreshCommand->runSeeder(NULL)
#45 D:\\1LuuDuLieuSV\\2001240399_TrinhHuuKienQuoc\\phplab\\buoi7\\Buoi7\\vendor\\laravel\\framework\\src\\Illuminate\\Container\\BoundMethod.php(36): Illuminate\\Database\\Console\\Migrations\\FreshCommand->handle()
#46 D:\\1LuuDuLieuSV\\2001240399_TrinhHuuKienQuoc\\phplab\\buoi7\\Buoi7\\vendor\\laravel\\framework\\src\\Illuminate\\Container\\Util.php(40): Illuminate\\Container\\BoundMethod::Illuminate\\Container\\{closure}()
#47 D:\\1LuuDuLieuSV\\2001240399_TrinhHuuKienQuoc\\phplab\\buoi7\\Buoi7\\vendor\\laravel\\framework\\src\\Illuminate\\Container\\BoundMethod.php(93): Illuminate\\Container\\Util::unwrapIfClosure(Object(Closure))
#48 D:\\1LuuDuLieuSV\\2001240399_TrinhHuuKienQuoc\\phplab\\buoi7\\Buoi7\\vendor\\laravel\\framework\\src\\Illuminate\\Container\\BoundMethod.php(37): Illuminate\\Container\\BoundMethod::callBoundMethod(Object(Illuminate\\Foundation\\Application), Array, Object(Closure))
#49 D:\\1LuuDuLieuSV\\2001240399_TrinhHuuKienQuoc\\phplab\\buoi7\\Buoi7\\vendor\\laravel\\framework\\src\\Illuminate\\Container\\Container.php(653): Illuminate\\Container\\BoundMethod::call(Object(Illuminate\\Foundation\\Application), Array, Array, NULL)
#50 D:\\1LuuDuLieuSV\\2001240399_TrinhHuuKienQuoc\\phplab\\buoi7\\Buoi7\\vendor\\laravel\\framework\\src\\Illuminate\\Console\\Command.php(136): Illuminate\\Container\\Container->call(Array)
#51 D:\\1LuuDuLieuSV\\2001240399_TrinhHuuKienQuoc\\phplab\\buoi7\\Buoi7\\vendor\\symfony\\console\\Command\\Command.php(298): Illuminate\\Console\\Command->execute(Object(Symfony\\Component\\Console\\Input\\ArgvInput), Object(Illuminate\\Console\\OutputStyle))
#52 D:\\1LuuDuLieuSV\\2001240399_TrinhHuuKienQuoc\\phplab\\buoi7\\Buoi7\\vendor\\laravel\\framework\\src\\Illuminate\\Console\\Command.php(121): Symfony\\Component\\Console\\Command\\Command->run(Object(Symfony\\Component\\Console\\Input\\ArgvInput), Object(Illuminate\\Console\\OutputStyle))
#53 D:\\1LuuDuLieuSV\\2001240399_TrinhHuuKienQuoc\\phplab\\buoi7\\Buoi7\\vendor\\symfony\\console\\Application.php(1040): Illuminate\\Console\\Command->run(Object(Symfony\\Component\\Console\\Input\\ArgvInput), Object(Symfony\\Component\\Console\\Output\\ConsoleOutput))
#54 D:\\1LuuDuLieuSV\\2001240399_TrinhHuuKienQuoc\\phplab\\buoi7\\Buoi7\\vendor\\symfony\\console\\Application.php(301): Symfony\\Component\\Console\\Application->doRunCommand(Object(Illuminate\\Database\\Console\\Migrations\\FreshCommand), Object(Symfony\\Component\\Console\\Input\\ArgvInput), Object(Symfony\\Component\\Console\\Output\\ConsoleOutput))
#55 D:\\1LuuDuLieuSV\\2001240399_TrinhHuuKienQuoc\\phplab\\buoi7\\Buoi7\\vendor\\symfony\\console\\Application.php(171): Symfony\\Component\\Console\\Application->doRun(Object(Symfony\\Component\\Console\\Input\\ArgvInput), Object(Symfony\\Component\\Console\\Output\\ConsoleOutput))
#56 D:\\1LuuDuLieuSV\\2001240399_TrinhHuuKienQuoc\\phplab\\buoi7\\Buoi7\\vendor\\laravel\\framework\\src\\Illuminate\\Console\\Application.php(94): Symfony\\Component\\Console\\Application->run(Object(Symfony\\Component\\Console\\Input\\ArgvInput), Object(Symfony\\Component\\Console\\Output\\ConsoleOutput))
#57 D:\\1LuuDuLieuSV\\2001240399_TrinhHuuKienQuoc\\phplab\\buoi7\\Buoi7\\vendor\\laravel\\framework\\src\\Illuminate\\Foundation\\Console\\Kernel.php(129): Illuminate\\Console\\Application->run(Object(Symfony\\Component\\Console\\Input\\ArgvInput), Object(Symfony\\Component\\Console\\Output\\ConsoleOutput))
#58 D:\\1LuuDuLieuSV\\2001240399_TrinhHuuKienQuoc\\phplab\\buoi7\\Buoi7\\artisan(37): Illuminate\\Foundation\\Console\\Kernel->handle(Object(Symfony\\Component\\Console\\Input\\ArgvInput), Object(Symfony\\Component\\Console\\Output\\ConsoleOutput))
#59 {main}
"} 
[2026-09-28 08:50:34] local.ERROR: SQLSTATE[HY000]: General error: 1364 Field 'address' doesn't have a default value (SQL: insert into `profiles` (`user_id`, `updated_at`, `created_at`) values (1, 2026-09-28 08:50:34, 2026-09-28 08:50:34)) {"exception":"[object] (Illuminate\\Database\\QueryException(code: HY000): SQLSTATE[HY000]: General error: 1364 Field 'address' doesn't have a default value (SQL: insert into `profiles` (`user_id`, `updated_at`, `created_at`) values (1, 2026-09-28 08:50:34, 2026-09-28 08:50:34)) at D:\\1LuuDuLieuSV\\2001240399_TrinhHuuKienQuoc\\phplab\\buoi7\\Buoi7\\vendor\\laravel\\framework\\src\\Illuminate\\Database\\Connection.php:712)
[stacktrace]
#0 D:\\1LuuDuLieuSV\\2001240399_TrinhHuuKienQuoc\\phplab\\buoi7\\Buoi7\\vendor\\laravel\\framework\\src\\Illuminate\\Database\\Connection.php(672): Illuminate\\Database\\Connection->runQueryCallback('insert into `pr...', Array, Object(Closure))
#1 D:\\1LuuDuLieuSV\\2001240399_TrinhHuuKienQuoc\\phplab\\buoi7\\Buoi7\\vendor\\laravel\\framework\\src\\Illuminate\\Database\\Connection.php(502): Illuminate\\Database\\Connection->run('insert into `pr...', Array, Object(Closure))
#2 D:\\1LuuDuLieuSV\\2001240399_TrinhHuuKienQuoc\\phplab\\buoi7\\Buoi7\\vendor\\laravel\\framework\\src\\Illuminate\\Database\\Connection.php(454): Illuminate\\Database\\Connection->statement('insert into `pr...', Array)
#3 D:\\1LuuDuLieuSV\\2001240399_TrinhHuuKienQuoc\\phplab\\buoi7\\Buoi7\\vendor\\laravel\\framework\\src\\Illuminate\\Database\\Query\\Processors\\Processor.php(32): Illuminate\\Database\\Connection->insert('insert into `pr...', Array)
#4 D:\\1LuuDuLieuSV\\2001240399_TrinhHuuKienQuoc\\phplab\\buoi7\\Buoi7\\vendor\\laravel\\framework\\src\\Illuminate\\Database\\Query\\Builder.php(3028): Illuminate\\Database\\Query\\Processors\\Processor->processInsertGetId(Object(Illuminate\\Database\\Query\\Builder), 'insert into `pr...', Array, 'id')
#5 D:\\1LuuDuLieuSV\\2001240399_TrinhHuuKienQuoc\\phplab\\buoi7\\Buoi7\\vendor\\laravel\\framework\\src\\Illuminate\\Database\\Eloquent\\Builder.php(1657): Illuminate\\Database\\Query\\Builder->insertGetId(Array, 'id')
#6 D:\\1LuuDuLieuSV\\2001240399_TrinhHuuKienQuoc\\phplab\\buoi7\\Buoi7\\vendor\\laravel\\framework\\src\\Illuminate\\Database\\Eloquent\\Model.php(1188): Illuminate\\Database\\Eloquent\\Builder->__call('insertGetId', Array)
#7 D:\\1LuuDuLieuSV\\2001240399_TrinhHuuKienQuoc\\phplab\\buoi7\\Buoi7\\vendor\\laravel\\framework\\src\\Illuminate\\Database\\Eloquent\\Model.php(1153): Illuminate\\Database\\Eloquent\\Model->insertAndSetId(Object(Illuminate\\Database\\Eloquent\\Builder), Array)
#8 D:\\1LuuDuLieuSV\\2001240399_TrinhHuuKienQuoc\\phplab\\buoi7\\Buoi7\\vendor\\laravel\\framework\\src\\Illuminate\\Database\\Eloquent\\Model.php(994): Illuminate\\Database\\Eloquent\\Model->performInsert(Object(Illuminate\\Database\\Eloquent\\Builder))
#9 D:\\1LuuDuLieuSV\\2001240399_TrinhHuuKienQuoc\\phplab\\buoi7\\Buoi7\\vendor\\laravel\\framework\\src\\Illuminate\\Database\\Eloquent\\Factories\\Factory.php(314): Illuminate\\Database\\Eloquent\\Model->save()
#10 D:\\1LuuDuLieuSV\\2001240399_TrinhHuuKienQuoc\\phplab\\buoi7\\Buoi7\\vendor\\laravel\\framework\\src\\Illuminate\\Collections\\Traits\\EnumeratesValues.php(245): Illuminate\\Database\\Eloquent\\Factories\\Factory->Illuminate\\Database\\Eloquent\\Factories\\{closure}(Object(App\\Models\\Profiles), 0)
#11 D:\\1LuuDuLieuSV\\2001240399_TrinhHuuKienQuoc\\phplab\\buoi7\\Buoi7\\vendor\\laravel\\framework\\src\\Illuminate\\Database\\Eloquent\\Factories\\Factory.php(317): Illuminate\\Support\\Collection->each(Object(Closure))
#12 D:\\1LuuDuLieuSV\\2001240399_TrinhHuuKienQuoc\\phplab\\buoi7\\Buoi7\\vendor\\laravel\\framework\\src\\Illuminate\\Database\\Eloquent\\Factories\\Factory.php(265): Illuminate\\Database\\Eloquent\\Factories\\Factory->store(Object(Illuminate\\Database\\Eloquent\\Collection))
#13 D:\\1LuuDuLieuSV\\2001240399_TrinhHuuKienQuoc\\phplab\\buoi7\\Buoi7\\vendor\\laravel\\framework\\src\\Illuminate\\Database\\Eloquent\\Factories\\Relationship.php(57): Illuminate\\Database\\Eloquent\\Factories\\Factory->create(Array, Object(App\\Models\\User))
#14 D:\\1LuuDuLieuSV\\2001240399_TrinhHuuKienQuoc\\phplab\\buoi7\\Buoi7\\vendor\\laravel\\framework\\src\\Illuminate\\Database\\Eloquent\\Factories\\Factory.php(330): Illuminate\\Database\\Eloquent\\Factories\\Relationship->createFor(Object(App\\Models\\User))
#15 D:\\1LuuDuLieuSV\\2001240399_TrinhHuuKienQuoc\\phplab\\buoi7\\Buoi7\\vendor\\laravel\\framework\\src\\Illuminate\\Collections\\Traits\\EnumeratesValues.php(245): Illuminate\\Database\\Eloquent\\Factories\\Factory->Illuminate\\Database\\Eloquent\\Factories\\{closure}(Object(Illuminate\\Database\\Eloquent\\Factories\\Relationship), 0)
#16 D:\\1LuuDuLieuSV\\2001240399_TrinhHuuKienQuoc\\phplab\\buoi7\\Buoi7\\vendor\\laravel\\framework\\src\\Illuminate\\Database\\Eloquent\\Factories\\Factory.php(331): Illuminate\\Support\\Collection->each(Object(Closure))
#17 D:\\1LuuDuLieuSV\\2001240399_TrinhHuuKienQuoc\\phplab\\buoi7\\Buoi7\\vendor\\laravel\\framework\\src\\Illuminate\\Database\\Eloquent\\Concerns\\GuardsAttributes.php(151): Illuminate\\Database\\Eloquent\\Factories\\Factory->Illuminate\\Database\\Eloquent\\Factories\\{closure}()
#18 D:\\1LuuDuLieuSV\\2001240399_TrinhHuuKienQuoc\\phplab\\buoi7\\Buoi7\\vendor\\laravel\\framework\\src\\Illuminate\\Database\\Eloquent\\Factories\\Factory.php(332): Illuminate\\Database\\Eloquent\\Model::unguarded(Object(Closure))
#19 D:\\1LuuDuLieuSV\\2001240399_TrinhHuuKienQuoc\\phplab\\buoi7\\Buoi7\\vendor\\laravel\\framework\\src\\Illuminate\\Database\\Eloquent\\Factories\\Factory.php(316): Illuminate\\Database\\Eloquent\\Factories\\Factory->createChildren(Object(App\\Models\\User))
#20 D:\\1LuuDuLieuSV\\2001240399_TrinhHuuKienQuoc\\phplab\\buoi7\\Buoi7\\vendor\\laravel\\framework\\src\\Illuminate\\Collections\\Traits\\EnumeratesValues.php(245): Illuminate\\Database\\Eloquent\\Factories\\Factory->Illuminate\\Database\\Eloquent\\Factories\\{closure}(Object(App\\Models\\User), 0)
#21 D:\\1LuuDuLieuSV\\2001240399_TrinhHuuKienQuoc\\phplab\\buoi7\\Buoi7\\vendor\\laravel\\framework\\src\\Illuminate\\Database\\Eloquent\\Factories\\Factory.php(317): Illuminate\\Support\\Collection->each(Object(Closure))
#22 D:\\1LuuDuLieuSV\\2001240399_TrinhHuuKienQuoc\\phplab\\buoi7\\Buoi7\\vendor\\laravel\\framework\\src\\Illuminate\\Database\\Eloquent\\Factories\\Factory.php(261): Illuminate\\Database\\Eloquent\\Factories\\Factory->store(Object(Illuminate\\Support\\Collection))
#23 D:\\1LuuDuLieuSV\\2001240399_TrinhHuuKienQuoc\\phplab\\buoi7\\Buoi7\\vendor\\laravel\\framework\\src\\Illuminate\\Database\\Eloquent\\Factories\\Factory.php(255): Illuminate\\Database\\Eloquent\\Factories\\Factory->create(Array, NULL)
#24 D:\\1LuuDuLieuSV\\2001240399_TrinhHuuKienQuoc\\phplab\\buoi7\\Buoi7\\database\\seeders\\DatabaseSeeder.php(27): Illuminate\\Database\\Eloquent\\Factories\\Factory->create(Array)
#25 D:\\1LuuDuLieuSV\\2001240399_TrinhHuuKienQuoc\\phplab\\buoi7\\Buoi7\\vendor\\laravel\\framework\\src\\Illuminate\\Container\\BoundMethod.php(36): Database\\Seeders\\DatabaseSeeder->run()
#26 D:\\1LuuDuLieuSV\\2001240399_TrinhHuuKienQuoc\\phplab\\buoi7\\Buoi7\\vendor\\laravel\\framework\\src\\Illuminate\\Container\\Util.php(40): Illuminate\\Container\\BoundMethod::Illuminate\\Container\\{closure}()
#27 D:\\1LuuDuLieuSV\\2001240399_TrinhHuuKienQuoc\\phplab\\buoi7\\Buoi7\\vendor\\laravel\\framework\\src\\Illuminate\\Container\\BoundMethod.php(93): Illuminate\\Container\\Util::unwrapIfClosure(Object(Closure))
#28 D:\\1LuuDuLieuSV\\2001240399_TrinhHuuKienQuoc\\phplab\\buoi7\\Buoi7\\vendor\\laravel\\framework\\src\\Illuminate\\Container\\BoundMethod.php(37): Illuminate\\Container\\BoundMethod::callBoundMethod(Object(Illuminate\\Foundation\\Application), Array, Object(Closure))
#29 D:\\1LuuDuLieuSV\\2001240399_TrinhHuuKienQuoc\\phplab\\buoi7\\Buoi7\\vendor\\laravel\\framework\\src\\Illuminate\\Container\\Container.php(653): Illuminate\\Container\\BoundMethod::call(Object(Illuminate\\Foundation\\Application), Array, Array, NULL)
#30 D:\\1LuuDuLieuSV\\2001240399_TrinhHuuKienQuoc\\phplab\\buoi7\\Buoi7\\vendor\\laravel\\framework\\src\\Illuminate\\Database\\Seeder.php(149): Illuminate\\Container\\Container->call(Array, Array)
#31 D:\\1LuuDuLieuSV\\2001240399_TrinhHuuKienQuoc\\phplab\\buoi7\\Buoi7\\vendor\\laravel\\framework\\src\\Illuminate\\Database\\Console\\Seeds\\SeedCommand.php(66): Illuminate\\Database\\Seeder->__invoke()
#32 D:\\1LuuDuLieuSV\\2001240399_TrinhHuuKienQuoc\\phplab\\buoi7\\Buoi7\\vendor\\laravel\\framework\\src\\Illuminate\\Database\\Eloquent\\Concerns\\GuardsAttributes.php(157): Illuminate\\Database\\Console\\Seeds\\SeedCommand->Illuminate\\Database\\Console\\Seeds\\{closure}()
#33 D:\\1LuuDuLieuSV\\2001240399_TrinhHuuKienQuoc\\phplab\\buoi7\\Buoi7\\vendor\\laravel\\framework\\src\\Illuminate\\Database\\Console\\Seeds\\SeedCommand.php(67): Illuminate\\Database\\Eloquent\\Model::unguarded(Object(Closure))
#34 D:\\1LuuDuLieuSV\\2001240399_TrinhHuuKienQuoc\\phplab\\buoi7\\Buoi7\\vendor\\laravel\\framework\\src\\Illuminate\\Container\\BoundMethod.php(36): Illuminate\\Database\\Console\\Seeds\\SeedCommand->handle()
#35 D:\\1LuuDuLieuSV\\2001240399_TrinhHuuKienQuoc\\phplab\\buoi7\\Buoi7\\vendor\\laravel\\framework\\src\\Illuminate\\Container\\Util.php(40): Illuminate\\Container\\BoundMethod::Illuminate\\Container\\{closure}()
#36 D:\\1LuuDuLieuSV\\2001240399_TrinhHuuKienQuoc\\phplab\\buoi7\\Buoi7\\vendor\\laravel\\framework\\src\\Illuminate\\Container\\BoundMethod.php(93): Illuminate\\Container\\Util::unwrapIfClosure(Object(Closure))
#37 D:\\1LuuDuLieuSV\\2001240399_TrinhHuuKienQuoc\\phplab\\buoi7\\Buoi7\\vendor\\laravel\\framework\\src\\Illuminate\\Container\\BoundMethod.php(37): Illuminate\\Container\\BoundMethod::callBoundMethod(Object(Illuminate\\Foundation\\Application), Array, Object(Closure))
#38 D:\\1LuuDuLieuSV\\2001240399_TrinhHuuKienQuoc\\phplab\\buoi7\\Buoi7\\vendor\\laravel\\framework\\src\\Illuminate\\Container\\Container.php(653): Illuminate\\Container\\BoundMethod::call(Object(Illuminate\\Foundation\\Application), Array, Array, NULL)
#39 D:\\1LuuDuLieuSV\\2001240399_TrinhHuuKienQuoc\\phplab\\buoi7\\Buoi7\\vendor\\laravel\\framework\\src\\Illuminate\\Console\\Command.php(136): Illuminate\\Container\\Container->call(Array)
#40 D:\\1LuuDuLieuSV\\2001240399_TrinhHuuKienQuoc\\phplab\\buoi7\\Buoi7\\vendor\\symfony\\console\\Command\\Command.php(298): Illuminate\\Console\\Command->execute(Object(Symfony\\Component\\Console\\Input\\ArrayInput), Object(Illuminate\\Console\\OutputStyle))
#41 D:\\1LuuDuLieuSV\\2001240399_TrinhHuuKienQuoc\\phplab\\buoi7\\Buoi7\\vendor\\laravel\\framework\\src\\Illuminate\\Console\\Command.php(121): Symfony\\Component\\Console\\Command\\Command->run(Object(Symfony\\Component\\Console\\Input\\ArrayInput), Object(Illuminate\\Console\\OutputStyle))
#42 D:\\1LuuDuLieuSV\\2001240399_TrinhHuuKienQuoc\\phplab\\buoi7\\Buoi7\\vendor\\laravel\\framework\\src\\Illuminate\\Console\\Concerns\\CallsCommands.php(68): Illuminate\\Console\\Command->run(Object(Symfony\\Component\\Console\\Input\\ArrayInput), Object(Illuminate\\Console\\OutputStyle))
#43 D:\\1LuuDuLieuSV\\2001240399_TrinhHuuKienQuoc\\phplab\\buoi7\\Buoi7\\vendor\\laravel\\framework\\src\\Illuminate\\Console\\Concerns\\CallsCommands.php(28): Illuminate\\Console\\Command->runCommand('db:seed', Array, Object(Illuminate\\Console\\OutputStyle))
#44 D:\\1LuuDuLieuSV\\2001240399_TrinhHuuKienQuoc\\phplab\\buoi7\\Buoi7\\vendor\\laravel\\framework\\src\\Illuminate\\Database\\Console\\Migrations\\FreshCommand.php(90): Illuminate\\Console\\Command->call('db:seed', Array)
#45 D:\\1LuuDuLieuSV\\2001240399_TrinhHuuKienQuoc\\phplab\\buoi7\\Buoi7\\vendor\\laravel\\framework\\src\\Illuminate\\Database\\Console\\Migrations\\FreshCommand.php(65): Illuminate\\Database\\Console\\Migrations\\FreshCommand->runSeeder(NULL)
#46 D:\\1LuuDuLieuSV\\2001240399_TrinhHuuKienQuoc\\phplab\\buoi7\\Buoi7\\vendor\\laravel\\framework\\src\\Illuminate\\Container\\BoundMethod.php(36): Illuminate\\Database\\Console\\Migrations\\FreshCommand->handle()
#47 D:\\1LuuDuLieuSV\\2001240399_TrinhHuuKienQuoc\\phplab\\buoi7\\Buoi7\\vendor\\laravel\\framework\\src\\Illuminate\\Container\\Util.php(40): Illuminate\\Container\\BoundMethod::Illuminate\\Container\\{closure}()
#48 D:\\1LuuDuLieuSV\\2001240399_TrinhHuuKienQuoc\\phplab\\buoi7\\Buoi7\\vendor\\laravel\\framework\\src\\Illuminate\\Container\\BoundMethod.php(93): Illuminate\\Container\\Util::unwrapIfClosure(Object(Closure))
#49 D:\\1LuuDuLieuSV\\2001240399_TrinhHuuKienQuoc\\phplab\\buoi7\\Buoi7\\vendor\\laravel\\framework\\src\\Illuminate\\Container\\BoundMethod.php(37): Illuminate\\Container\\BoundMethod::callBoundMethod(Object(Illuminate\\Foundation\\Application), Array, Object(Closure))
#50 D:\\1LuuDuLieuSV\\2001240399_TrinhHuuKienQuoc\\phplab\\buoi7\\Buoi7\\vendor\\laravel\\framework\\src\\Illuminate\\Container\\Container.php(653): Illuminate\\Container\\BoundMethod::call(Object(Illuminate\\Foundation\\Application), Array, Array, NULL)
#51 D:\\1LuuDuLieuSV\\2001240399_TrinhHuuKienQuoc\\phplab\\buoi7\\Buoi7\\vendor\\laravel\\framework\\src\\Illuminate\\Console\\Command.php(136): Illuminate\\Container\\Container->call(Array)
#52 D:\\1LuuDuLieuSV\\2001240399_TrinhHuuKienQuoc\\phplab\\buoi7\\Buoi7\\vendor\\symfony\\console\\Command\\Command.php(298): Illuminate\\Console\\Command->execute(Object(Symfony\\Component\\Console\\Input\\ArgvInput), Object(Illuminate\\Console\\OutputStyle))
#53 D:\\1LuuDuLieuSV\\2001240399_TrinhHuuKienQuoc\\phplab\\buoi7\\Buoi7\\vendor\\laravel\\framework\\src\\Illuminate\\Console\\Command.php(121): Symfony\\Component\\Console\\Command\\Command->run(Object(Symfony\\Component\\Console\\Input\\ArgvInput), Object(Illuminate\\Console\\OutputStyle))
#54 D:\\1LuuDuLieuSV\\2001240399_TrinhHuuKienQuoc\\phplab\\buoi7\\Buoi7\\vendor\\symfony\\console\\Application.php(1040): Illuminate\\Console\\Command->run(Object(Symfony\\Component\\Console\\Input\\ArgvInput), Object(Symfony\\Component\\Console\\Output\\ConsoleOutput))
#55 D:\\1LuuDuLieuSV\\2001240399_TrinhHuuKienQuoc\\phplab\\buoi7\\Buoi7\\vendor\\symfony\\console\\Application.php(301): Symfony\\Component\\Console\\Application->doRunCommand(Object(Illuminate\\Database\\Console\\Migrations\\FreshCommand), Object(Symfony\\Component\\Console\\Input\\ArgvInput), Object(Symfony\\Component\\Console\\Output\\ConsoleOutput))
#56 D:\\1LuuDuLieuSV\\2001240399_TrinhHuuKienQuoc\\phplab\\buoi7\\Buoi7\\vendor\\symfony\\console\\Application.php(171): Symfony\\Component\\Console\\Application->doRun(Object(Symfony\\Component\\Console\\Input\\ArgvInput), Object(Symfony\\Component\\Console\\Output\\ConsoleOutput))
#57 D:\\1LuuDuLieuSV\\2001240399_TrinhHuuKienQuoc\\phplab\\buoi7\\Buoi7\\vendor\\laravel\\framework\\src\\Illuminate\\Console\\Application.php(94): Symfony\\Component\\Console\\Application->run(Object(Symfony\\Component\\Console\\Input\\ArgvInput), Object(Symfony\\Component\\Console\\Output\\ConsoleOutput))
#58 D:\\1LuuDuLieuSV\\2001240399_TrinhHuuKienQuoc\\phplab\\buoi7\\Buoi7\\vendor\\laravel\\framework\\src\\Illuminate\\Foundation\\Console\\Kernel.php(129): Illuminate\\Console\\Application->run(Object(Symfony\\Component\\Console\\Input\\ArgvInput), Object(Symfony\\Component\\Console\\Output\\ConsoleOutput))
#59 D:\\1LuuDuLieuSV\\2001240399_TrinhHuuKienQuoc\\phplab\\buoi7\\Buoi7\\artisan(37): Illuminate\\Foundation\\Console\\Kernel->handle(Object(Symfony\\Component\\Console\\Input\\ArgvInput), Object(Symfony\\Component\\Console\\Output\\ConsoleOutput))
#60 {main}

[previous exception] [object] (PDOException(code: HY000): SQLSTATE[HY000]: General error: 1364 Field 'address' doesn't have a default value at D:\\1LuuDuLieuSV\\2001240399_TrinhHuuKienQuoc\\phplab\\buoi7\\Buoi7\\vendor\\laravel\\framework\\src\\Illuminate\\Database\\Connection.php:501)
[stacktrace]
#0 D:\\1LuuDuLieuSV\\2001240399_TrinhHuuKienQuoc\\phplab\\buoi7\\Buoi7\\vendor\\laravel\\framework\\src\\Illuminate\\Database\\Connection.php(501): PDOStatement->execute()
#1 D:\\1LuuDuLieuSV\\2001240399_TrinhHuuKienQuoc\\phplab\\buoi7\\Buoi7\\vendor\\laravel\\framework\\src\\Illuminate\\Database\\Connection.php(705): Illuminate\\Database\\Connection->Illuminate\\Database\\{closure}('insert into `pr...', Array)
#2 D:\\1LuuDuLieuSV\\2001240399_TrinhHuuKienQuoc\\phplab\\buoi7\\Buoi7\\vendor\\laravel\\framework\\src\\Illuminate\\Database\\Connection.php(672): Illuminate\\Database\\Connection->runQueryCallback('insert into `pr...', Array, Object(Closure))
#3 D:\\1LuuDuLieuSV\\2001240399_TrinhHuuKienQuoc\\phplab\\buoi7\\Buoi7\\vendor\\laravel\\framework\\src\\Illuminate\\Database\\Connection.php(502): Illuminate\\Database\\Connection->run('insert into `pr...', Array, Object(Closure))
#4 D:\\1LuuDuLieuSV\\2001240399_TrinhHuuKienQuoc\\phplab\\buoi7\\Buoi7\\vendor\\laravel\\framework\\src\\Illuminate\\Database\\Connection.php(454): Illuminate\\Database\\Connection->statement('insert into `pr...', Array)
#5 D:\\1LuuDuLieuSV\\2001240399_TrinhHuuKienQuoc\\phplab\\buoi7\\Buoi7\\vendor\\laravel\\framework\\src\\Illuminate\\Database\\Query\\Processors\\Processor.php(32): Illuminate\\Database\\Connection->insert('insert into `pr...', Array)
#6 D:\\1LuuDuLieuSV\\2001240399_TrinhHuuKienQuoc\\phplab\\buoi7\\Buoi7\\vendor\\laravel\\framework\\src\\Illuminate\\Database\\Query\\Builder.php(3028): Illuminate\\Database\\Query\\Processors\\Processor->processInsertGetId(Object(Illuminate\\Database\\Query\\Builder), 'insert into `pr...', Array, 'id')
#7 D:\\1LuuDuLieuSV\\2001240399_TrinhHuuKienQuoc\\phplab\\buoi7\\Buoi7\\vendor\\laravel\\framework\\src\\Illuminate\\Database\\Eloquent\\Builder.php(1657): Illuminate\\Database\\Query\\Builder->insertGetId(Array, 'id')
#8 D:\\1LuuDuLieuSV\\2001240399_TrinhHuuKienQuoc\\phplab\\buoi7\\Buoi7\\vendor\\laravel\\framework\\src\\Illuminate\\Database\\Eloquent\\Model.php(1188): Illuminate\\Database\\Eloquent\\Builder->__call('insertGetId', Array)
#9 D:\\1LuuDuLieuSV\\2001240399_TrinhHuuKienQuoc\\phplab\\buoi7\\Buoi7\\vendor\\laravel\\framework\\src\\Illuminate\\Database\\Eloquent\\Model.php(1153): Illuminate\\Database\\Eloquent\\Model->insertAndSetId(Object(Illuminate\\Database\\Eloquent\\Builder), Array)
#10 D:\\1LuuDuLieuSV\\2001240399_TrinhHuuKienQuoc\\phplab\\buoi7\\Buoi7\\vendor\\laravel\\framework\\src\\Illuminate\\Database\\Eloquent\\Model.php(994): Illuminate\\Database\\Eloquent\\Model->performInsert(Object(Illuminate\\Database\\Eloquent\\Builder))
#11 D:\\1LuuDuLieuSV\\2001240399_TrinhHuuKienQuoc\\phplab\\buoi7\\Buoi7\\vendor\\laravel\\framework\\src\\Illuminate\\Database\\Eloquent\\Factories\\Factory.php(314): Illuminate\\Database\\Eloquent\\Model->save()
#12 D:\\1LuuDuLieuSV\\2001240399_TrinhHuuKienQuoc\\phplab\\buoi7\\Buoi7\\vendor\\laravel\\framework\\src\\Illuminate\\Collections\\Traits\\EnumeratesValues.php(245): Illuminate\\Database\\Eloquent\\Factories\\Factory->Illuminate\\Database\\Eloquent\\Factories\\{closure}(Object(App\\Models\\Profiles), 0)
#13 D:\\1LuuDuLieuSV\\2001240399_TrinhHuuKienQuoc\\phplab\\buoi7\\Buoi7\\vendor\\laravel\\framework\\src\\Illuminate\\Database\\Eloquent\\Factories\\Factory.php(317): Illuminate\\Support\\Collection->each(Object(Closure))
#14 D:\\1LuuDuLieuSV\\2001240399_TrinhHuuKienQuoc\\phplab\\buoi7\\Buoi7\\vendor\\laravel\\framework\\src\\Illuminate\\Database\\Eloquent\\Factories\\Factory.php(265): Illuminate\\Database\\Eloquent\\Factories\\Factory->store(Object(Illuminate\\Database\\Eloquent\\Collection))
#15 D:\\1LuuDuLieuSV\\2001240399_TrinhHuuKienQuoc\\phplab\\buoi7\\Buoi7\\vendor\\laravel\\framework\\src\\Illuminate\\Database\\Eloquent\\Factories\\Relationship.php(57): Illuminate\\Database\\Eloquent\\Factories\\Factory->create(Array, Object(App\\Models\\User))
#16 D:\\1LuuDuLieuSV\\2001240399_TrinhHuuKienQuoc\\phplab\\buoi7\\Buoi7\\vendor\\laravel\\framework\\src\\Illuminate\\Database\\Eloquent\\Factories\\Factory.php(330): Illuminate\\Database\\Eloquent\\Factories\\Relationship->createFor(Object(App\\Models\\User))
#17 D:\\1LuuDuLieuSV\\2001240399_TrinhHuuKienQuoc\\phplab\\buoi7\\Buoi7\\vendor\\laravel\\framework\\src\\Illuminate\\Collections\\Traits\\EnumeratesValues.php(245): Illuminate\\Database\\Eloquent\\Factories\\Factory->Illuminate\\Database\\Eloquent\\Factories\\{closure}(Object(Illuminate\\Database\\Eloquent\\Factories\\Relationship), 0)
#18 D:\\1LuuDuLieuSV\\2001240399_TrinhHuuKienQuoc\\phplab\\buoi7\\Buoi7\\vendor\\laravel\\framework\\src\\Illuminate\\Database\\Eloquent\\Factories\\Factory.php(331): Illuminate\\Support\\Collection->each(Object(Closure))
#19 D:\\1LuuDuLieuSV\\2001240399_TrinhHuuKienQuoc\\phplab\\buoi7\\Buoi7\\vendor\\laravel\\framework\\src\\Illuminate\\Database\\Eloquent\\Concerns\\GuardsAttributes.php(151): Illuminate\\Database\\Eloquent\\Factories\\Factory->Illuminate\\Database\\Eloquent\\Factories\\{closure}()
#20 D:\\1LuuDuLieuSV\\2001240399_TrinhHuuKienQuoc\\phplab\\buoi7\\Buoi7\\vendor\\laravel\\framework\\src\\Illuminate\\Database\\Eloquent\\Factories\\Factory.php(332): Illuminate\\Database\\Eloquent\\Model::unguarded(Object(Closure))
#21 D:\\1LuuDuLieuSV\\2001240399_TrinhHuuKienQuoc\\phplab\\buoi7\\Buoi7\\vendor\\laravel\\framework\\src\\Illuminate\\Database\\Eloquent\\Factories\\Factory.php(316): Illuminate\\Database\\Eloquent\\Factories\\Factory->createChildren(Object(App\\Models\\User))
#22 D:\\1LuuDuLieuSV\\2001240399_TrinhHuuKienQuoc\\phplab\\buoi7\\Buoi7\\vendor\\laravel\\framework\\src\\Illuminate\\Collections\\Traits\\EnumeratesValues.php(245): Illuminate\\Database\\Eloquent\\Factories\\Factory->Illuminate\\Database\\Eloquent\\Factories\\{closure}(Object(App\\Models\\User), 0)
#23 D:\\1LuuDuLieuSV\\2001240399_TrinhHuuKienQuoc\\phplab\\buoi7\\Buoi7\\vendor\\laravel\\framework\\src\\Illuminate\\Database\\Eloquent\\Factories\\Factory.php(317): Illuminate\\Support\\Collection->each(Object(Closure))
#24 D:\\1LuuDuLieuSV\\2001240399_TrinhHuuKienQuoc\\phplab\\buoi7\\Buoi7\\vendor\\laravel\\framework\\src\\Illuminate\\Database\\Eloquent\\Factories\\Factory.php(261): Illuminate\\Database\\Eloquent\\Factories\\Factory->store(Object(Illuminate\\Support\\Collection))
#25 D:\\1LuuDuLieuSV\\2001240399_TrinhHuuKienQuoc\\phplab\\buoi7\\Buoi7\\vendor\\laravel\\framework\\src\\Illuminate\\Database\\Eloquent\\Factories\\Factory.php(255): Illuminate\\Database\\Eloquent\\Factories\\Factory->create(Array, NULL)
#26 D:\\1LuuDuLieuSV\\2001240399_TrinhHuuKienQuoc\\phplab\\buoi7\\Buoi7\\database\\seeders\\DatabaseSeeder.php(27): Illuminate\\Database\\Eloquent\\Factories\\Factory->create(Array)
#27 D:\\1LuuDuLieuSV\\2001240399_TrinhHuuKienQuoc\\phplab\\buoi7\\Buoi7\\vendor\\laravel\\framework\\src\\Illuminate\\Container\\BoundMethod.php(36): Database\\Seeders\\DatabaseSeeder->run()
#28 D:\\1LuuDuLieuSV\\2001240399_TrinhHuuKienQuoc\\phplab\\buoi7\\Buoi7\\vendor\\laravel\\framework\\src\\Illuminate\\Container\\Util.php(40): Illuminate\\Container\\BoundMethod::Illuminate\\Container\\{closure}()
#29 D:\\1LuuDuLieuSV\\2001240399_TrinhHuuKienQuoc\\phplab\\buoi7\\Buoi7\\vendor\\laravel\\framework\\src\\Illuminate\\Container\\BoundMethod.php(93): Illuminate\\Container\\Util::unwrapIfClosure(Object(Closure))
#30 D:\\1LuuDuLieuSV\\2001240399_TrinhHuuKienQuoc\\phplab\\buoi7\\Buoi7\\vendor\\laravel\\framework\\src\\Illuminate\\Container\\BoundMethod.php(37): Illuminate\\Container\\BoundMethod::callBoundMethod(Object(Illuminate\\Foundation\\Application), Array, Object(Closure))
#31 D:\\1LuuDuLieuSV\\2001240399_TrinhHuuKienQuoc\\phplab\\buoi7\\Buoi7\\vendor\\laravel\\framework\\src\\Illuminate\\Container\\Container.php(653): Illuminate\\Container\\BoundMethod::call(Object(Illuminate\\Foundation\\Application), Array, Array, NULL)
#32 D:\\1LuuDuLieuSV\\2001240399_TrinhHuuKienQuoc\\phplab\\buoi7\\Buoi7\\vendor\\laravel\\framework\\src\\Illuminate\\Database\\Seeder.php(149): Illuminate\\Container\\Container->call(Array, Array)
#33 D:\\1LuuDuLieuSV\\2001240399_TrinhHuuKienQuoc\\phplab\\buoi7\\Buoi7\\vendor\\laravel\\framework\\src\\Illuminate\\Database\\Console\\Seeds\\SeedCommand.php(66): Illuminate\\Database\\Seeder->__invoke()
#34 D:\\1LuuDuLieuSV\\2001240399_TrinhHuuKienQuoc\\phplab\\buoi7\\Buoi7\\vendor\\laravel\\framework\\src\\Illuminate\\Database\\Eloquent\\Concerns\\GuardsAttributes.php(157): Illuminate\\Database\\Console\\Seeds\\SeedCommand->Illuminate\\Database\\Console\\Seeds\\{closure}()
#35 D:\\1LuuDuLieuSV\\2001240399_TrinhHuuKienQuoc\\phplab\\buoi7\\Buoi7\\vendor\\laravel\\framework\\src\\Illuminate\\Database\\Console\\Seeds\\SeedCommand.php(67): Illuminate\\Database\\Eloquent\\Model::unguarded(Object(Closure))
#36 D:\\1LuuDuLieuSV\\2001240399_TrinhHuuKienQuoc\\phplab\\buoi7\\Buoi7\\vendor\\laravel\\framework\\src\\Illuminate\\Container\\BoundMethod.php(36): Illuminate\\Database\\Console\\Seeds\\SeedCommand->handle()
#37 D:\\1LuuDuLieuSV\\2001240399_TrinhHuuKienQuoc\\phplab\\buoi7\\Buoi7\\vendor\\laravel\\framework\\src\\Illuminate\\Container\\Util.php(40): Illuminate\\Container\\BoundMethod::Illuminate\\Container\\{closure}()
#38 D:\\1LuuDuLieuSV\\2001240399_TrinhHuuKienQuoc\\phplab\\buoi7\\Buoi7\\vendor\\laravel\\framework\\src\\Illuminate\\Container\\BoundMethod.php(93): Illuminate\\Container\\Util::unwrapIfClosure(Object(Closure))
#39 D:\\1LuuDuLieuSV\\2001240399_TrinhHuuKienQuoc\\phplab\\buoi7\\Buoi7\\vendor\\laravel\\framework\\src\\Illuminate\\Container\\BoundMethod.php(37): Illuminate\\Container\\BoundMethod::callBoundMethod(Object(Illuminate\\Foundation\\Application), Array, Object(Closure))
#40 D:\\1LuuDuLieuSV\\2001240399_TrinhHuuKienQuoc\\phplab\\buoi7\\Buoi7\\vendor\\laravel\\framework\\src\\Illuminate\\Container\\Container.php(653): Illuminate\\Container\\BoundMethod::call(Object(Illuminate\\Foundation\\Application), Array, Array, NULL)
#41 D:\\1LuuDuLieuSV\\2001240399_TrinhHuuKienQuoc\\phplab\\buoi7\\Buoi7\\vendor\\laravel\\framework\\src\\Illuminate\\Console\\Command.php(136): Illuminate\\Container\\Container->call(Array)
#42 D:\\1LuuDuLieuSV\\2001240399_TrinhHuuKienQuoc\\phplab\\buoi7\\Buoi7\\vendor\\symfony\\console\\Command\\Command.php(298): Illuminate\\Console\\Command->execute(Object(Symfony\\Component\\Console\\Input\\ArrayInput), Object(Illuminate\\Console\\OutputStyle))
#43 D:\\1LuuDuLieuSV\\2001240399_TrinhHuuKienQuoc\\phplab\\buoi7\\Buoi7\\vendor\\laravel\\framework\\src\\Illuminate\\Console\\Command.php(121): Symfony\\Component\\Console\\Command\\Command->run(Object(Symfony\\Component\\Console\\Input\\ArrayInput), Object(Illuminate\\Console\\OutputStyle))
#44 D:\\1LuuDuLieuSV\\2001240399_TrinhHuuKienQuoc\\phplab\\buoi7\\Buoi7\\vendor\\laravel\\framework\\src\\Illuminate\\Console\\Concerns\\CallsCommands.php(68): Illuminate\\Console\\Command->run(Object(Symfony\\Component\\Console\\Input\\ArrayInput), Object(Illuminate\\Console\\OutputStyle))
#45 D:\\1LuuDuLieuSV\\2001240399_TrinhHuuKienQuoc\\phplab\\buoi7\\Buoi7\\vendor\\laravel\\framework\\src\\Illuminate\\Console\\Concerns\\CallsCommands.php(28): Illuminate\\Console\\Command->runCommand('db:seed', Array, Object(Illuminate\\Console\\OutputStyle))
#46 D:\\1LuuDuLieuSV\\2001240399_TrinhHuuKienQuoc\\phplab\\buoi7\\Buoi7\\vendor\\laravel\\framework\\src\\Illuminate\\Database\\Console\\Migrations\\FreshCommand.php(90): Illuminate\\Console\\Command->call('db:seed', Array)
#47 D:\\1LuuDuLieuSV\\2001240399_TrinhHuuKienQuoc\\phplab\\buoi7\\Buoi7\\vendor\\laravel\\framework\\src\\Illuminate\\Database\\Console\\Migrations\\FreshCommand.php(65): Illuminate\\Database\\Console\\Migrations\\FreshCommand->runSeeder(NULL)
#48 D:\\1LuuDuLieuSV\\2001240399_TrinhHuuKienQuoc\\phplab\\buoi7\\Buoi7\\vendor\\laravel\\framework\\src\\Illuminate\\Container\\BoundMethod.php(36): Illuminate\\Database\\Console\\Migrations\\FreshCommand->handle()
#49 D:\\1LuuDuLieuSV\\2001240399_TrinhHuuKienQuoc\\phplab\\buoi7\\Buoi7\\vendor\\laravel\\framework\\src\\Illuminate\\Container\\Util.php(40): Illuminate\\Container\\BoundMethod::Illuminate\\Container\\{closure}()
#50 D:\\1LuuDuLieuSV\\2001240399_TrinhHuuKienQuoc\\phplab\\buoi7\\Buoi7\\vendor\\laravel\\framework\\src\\Illuminate\\Container\\BoundMethod.php(93): Illuminate\\Container\\Util::unwrapIfClosure(Object(Closure))
#51 D:\\1LuuDuLieuSV\\2001240399_TrinhHuuKienQuoc\\phplab\\buoi7\\Buoi7\\vendor\\laravel\\framework\\src\\Illuminate\\Container\\BoundMethod.php(37): Illuminate\\Container\\BoundMethod::callBoundMethod(Object(Illuminate\\Foundation\\Application), Array, Object(Closure))
#52 D:\\1LuuDuLieuSV\\2001240399_TrinhHuuKienQuoc\\phplab\\buoi7\\Buoi7\\vendor\\laravel\\framework\\src\\Illuminate\\Container\\Container.php(653): Illuminate\\Container\\BoundMethod::call(Object(Illuminate\\Foundation\\Application), Array, Array, NULL)
#53 D:\\1LuuDuLieuSV\\2001240399_TrinhHuuKienQuoc\\phplab\\buoi7\\Buoi7\\vendor\\laravel\\framework\\src\\Illuminate\\Console\\Command.php(136): Illuminate\\Container\\Container->call(Array)
#54 D:\\1LuuDuLieuSV\\2001240399_TrinhHuuKienQuoc\\phplab\\buoi7\\Buoi7\\vendor\\symfony\\console\\Command\\Command.php(298): Illuminate\\Console\\Command->execute(Object(Symfony\\Component\\Console\\Input\\ArgvInput), Object(Illuminate\\Console\\OutputStyle))
#55 D:\\1LuuDuLieuSV\\2001240399_TrinhHuuKienQuoc\\phplab\\buoi7\\Buoi7\\vendor\\laravel\\framework\\src\\Illuminate\\Console\\Command.php(121): Symfony\\Component\\Console\\Command\\Command->run(Object(Symfony\\Component\\Console\\Input\\ArgvInput), Object(Illuminate\\Console\\OutputStyle))
#56 D:\\1LuuDuLieuSV\\2001240399_TrinhHuuKienQuoc\\phplab\\buoi7\\Buoi7\\vendor\\symfony\\console\\Application.php(1040): Illuminate\\Console\\Command->run(Object(Symfony\\Component\\Console\\Input\\ArgvInput), Object(Symfony\\Component\\Console\\Output\\ConsoleOutput))
#57 D:\\1LuuDuLieuSV\\2001240399_TrinhHuuKienQuoc\\phplab\\buoi7\\Buoi7\\vendor\\symfony\\console\\Application.php(301): Symfony\\Component\\Console\\Application->doRunCommand(Object(Illuminate\\Database\\Console\\Migrations\\FreshCommand), Object(Symfony\\Component\\Console\\Input\\ArgvInput), Object(Symfony\\Component\\Console\\Output\\ConsoleOutput))
#58 D:\\1LuuDuLieuSV\\2001240399_TrinhHuuKienQuoc\\phplab\\buoi7\\Buoi7\\vendor\\symfony\\console\\Application.php(171): Symfony\\Component\\Console\\Application->doRun(Object(Symfony\\Component\\Console\\Input\\ArgvInput), Object(Symfony\\Component\\Console\\Output\\ConsoleOutput))
#59 D:\\1LuuDuLieuSV\\2001240399_TrinhHuuKienQuoc\\phplab\\buoi7\\Buoi7\\vendor\\laravel\\framework\\src\\Illuminate\\Console\\Application.php(94): Symfony\\Component\\Console\\Application->run(Object(Symfony\\Component\\Console\\Input\\ArgvInput), Object(Symfony\\Component\\Console\\Output\\ConsoleOutput))
#60 D:\\1LuuDuLieuSV\\2001240399_TrinhHuuKienQuoc\\phplab\\buoi7\\Buoi7\\vendor\\laravel\\framework\\src\\Illuminate\\Foundation\\Console\\Kernel.php(129): Illuminate\\Console\\Application->run(Object(Symfony\\Component\\Console\\Input\\ArgvInput), Object(Symfony\\Component\\Console\\Output\\ConsoleOutput))
#61 D:\\1LuuDuLieuSV\\2001240399_TrinhHuuKienQuoc\\phplab\\buoi7\\Buoi7\\artisan(37): Illuminate\\Foundation\\Console\\Kernel->handle(Object(Symfony\\Component\\Console\\Input\\ArgvInput), Object(Symfony\\Component\\Console\\Output\\ConsoleOutput))
#62 {main}
"} 
[2026-09-28 09:04:54] local.ERROR: Call to undefined relationship [category] on model [App\Models\Profiles]. {"exception":"[object] (Illuminate\\Database\\Eloquent\\RelationNotFoundException(code: 0): Call to undefined relationship [category] on model [App\\Models\\Profiles]. at D:\\1LuuDuLieuSV\\2001240399_TrinhHuuKienQuoc\\phplab\\buoi7\\Buoi7\\vendor\\laravel\\framework\\src\\Illuminate\\Database\\Eloquent\\RelationNotFoundException.php:35)
[stacktrace]
#0 D:\\1LuuDuLieuSV\\2001240399_TrinhHuuKienQuoc\\phplab\\buoi7\\Buoi7\\vendor\\laravel\\framework\\src\\Illuminate\\Database\\Eloquent\\Builder.php(692): Illuminate\\Database\\Eloquent\\RelationNotFoundException::make(Object(App\\Models\\Profiles), 'category')
#1 D:\\1LuuDuLieuSV\\2001240399_TrinhHuuKienQuoc\\phplab\\buoi7\\Buoi7\\vendor\\laravel\\framework\\src\\Illuminate\\Database\\Eloquent\\Relations\\Relation.php(106): Illuminate\\Database\\Eloquent\\Builder->Illuminate\\Database\\Eloquent\\{closure}()
#2 D:\\1LuuDuLieuSV\\2001240399_TrinhHuuKienQuoc\\phplab\\buoi7\\Buoi7\\vendor\\laravel\\framework\\src\\Illuminate\\Database\\Eloquent\\Builder.php(694): Illuminate\\Database\\Eloquent\\Relations\\Relation::noConstraints(Object(Closure))
#3 D:\\1LuuDuLieuSV\\2001240399_TrinhHuuKienQuoc\\phplab\\buoi7\\Buoi7\\vendor\\laravel\\framework\\src\\Illuminate\\Database\\Eloquent\\Builder.php(662): Illuminate\\Database\\Eloquent\\Builder->getRelation('category')
#4 D:\\1LuuDuLieuSV\\2001240399_TrinhHuuKienQuoc\\phplab\\buoi7\\Buoi7\\vendor\\laravel\\framework\\src\\Illuminate\\Database\\Eloquent\\Builder.php(642): Illuminate\\Database\\Eloquent\\Builder->eagerLoadRelation(Array, 'category', Object(Closure))
#5 D:\\1LuuDuLieuSV\\2001240399_TrinhHuuKienQuoc\\phplab\\buoi7\\Buoi7\\vendor\\laravel\\framework\\src\\Illuminate\\Database\\Eloquent\\Builder.php(610): Illuminate\\Database\\Eloquent\\Builder->eagerLoadRelations(Array)
#6 D:\\1LuuDuLieuSV\\2001240399_TrinhHuuKienQuoc\\phplab\\buoi7\\Buoi7\\app\\Http\\Controllers\\ProfilesController.php(12): Illuminate\\Database\\Eloquent\\Builder->get()
#7 D:\\1LuuDuLieuSV\\2001240399_TrinhHuuKienQuoc\\phplab\\buoi7\\Buoi7\\vendor\\laravel\\framework\\src\\Illuminate\\Routing\\Controller.php(54): App\\Http\\Controllers\\ProfilesController->index()
#8 D:\\1LuuDuLieuSV\\2001240399_TrinhHuuKienQuoc\\phplab\\buoi7\\Buoi7\\vendor\\laravel\\framework\\src\\Illuminate\\Routing\\ControllerDispatcher.php(45): Illuminate\\Routing\\Controller->callAction('index', Array)
#9 D:\\1LuuDuLieuSV\\2001240399_TrinhHuuKienQuoc\\phplab\\buoi7\\Buoi7\\vendor\\laravel\\framework\\src\\Illuminate\\Routing\\Route.php(262): Illuminate\\Routing\\ControllerDispatcher->dispatch(Object(Illuminate\\Routing\\Route), Object(App\\Http\\Controllers\\ProfilesController), 'index')
#10 D:\\1LuuDuLieuSV\\2001240399_TrinhHuuKienQuoc\\phplab\\buoi7\\Buoi7\\vendor\\laravel\\framework\\src\\Illuminate\\Routing\\Route.php(205): Illuminate\\Routing\\Route->runController()
#11 D:\\1LuuDuLieuSV\\2001240399_TrinhHuuKienQuoc\\phplab\\buoi7\\Buoi7\\vendor\\laravel\\framework\\src\\Illuminate\\Routing\\Router.php(721): Illuminate\\Routing\\Route->run()
#12 D:\\1LuuDuLieuSV\\2001240399_TrinhHuuKienQuoc\\phplab\\buoi7\\Buoi7\\vendor\\laravel\\framework\\src\\Illuminate\\Pipeline\\Pipeline.php(128): Illuminate\\Routing\\Router->Illuminate\\Routing\\{closure}(Object(Illuminate\\Http\\Request))
#13 D:\\1LuuDuLieuSV\\2001240399_TrinhHuuKienQuoc\\phplab\\buoi7\\Buoi7\\vendor\\laravel\\framework\\src\\Illuminate\\Routing\\Middleware\\SubstituteBindings.php(50): Illuminate\\Pipeline\\Pipeline->Illuminate\\Pipeline\\{closure}(Object(Illuminate\\Http\\Request))
#14 D:\\1LuuDuLieuSV\\2001240399_TrinhHuuKienQuoc\\phplab\\buoi7\\Buoi7\\vendor\\laravel\\framework\\src\\Illuminate\\Pipeline\\Pipeline.php(167): Illuminate\\Routing\\Middleware\\SubstituteBindings->handle(Object(Illuminate\\Http\\Request), Object(Closure))
#15 D:\\1LuuDuLieuSV\\2001240399_TrinhHuuKienQuoc\\phplab\\buoi7\\Buoi7\\vendor\\laravel\\framework\\src\\Illuminate\\Foundation\\Http\\Middleware\\VerifyCsrfToken.php(78): Illuminate\\Pipeline\\Pipeline->Illuminate\\Pipeline\\{closure}(Object(Illuminate\\Http\\Request))
#16 D:\\1LuuDuLieuSV\\2001240399_TrinhHuuKienQuoc\\phplab\\buoi7\\Buoi7\\vendor\\laravel\\framework\\src\\Illuminate\\Pipeline\\Pipeline.php(167): Illuminate\\Foundation\\Http\\Middleware\\VerifyCsrfToken->handle(Object(Illuminate\\Http\\Request), Object(Closure))
#17 D:\\1LuuDuLieuSV\\2001240399_TrinhHuuKienQuoc\\phplab\\buoi7\\Buoi7\\vendor\\laravel\\framework\\src\\Illuminate\\View\\Middleware\\ShareErrorsFromSession.php(49): Illuminate\\Pipeline\\Pipeline->Illuminate\\Pipeline\\{closure}(Object(Illuminate\\Http\\Request))
#18 D:\\1LuuDuLieuSV\\2001240399_TrinhHuuKienQuoc\\phplab\\buoi7\\Buoi7\\vendor\\laravel\\framework\\src\\Illuminate\\Pipeline\\Pipeline.php(167): Illuminate\\View\\Middleware\\ShareErrorsFromSession->handle(Object(Illuminate\\Http\\Request), Object(Closure))
#19 D:\\1LuuDuLieuSV\\2001240399_TrinhHuuKienQuoc\\phplab\\buoi7\\Buoi7\\vendor\\laravel\\framework\\src\\Illuminate\\Session\\Middleware\\StartSession.php(121): Illuminate\\Pipeline\\Pipeline->Illuminate\\Pipeline\\{closure}(Object(Illuminate\\Http\\Request))
#20 D:\\1LuuDuLieuSV\\2001240399_TrinhHuuKienQuoc\\phplab\\buoi7\\Buoi7\\vendor\\laravel\\framework\\src\\Illuminate\\Session\\Middleware\\StartSession.php(64): Illuminate\\Session\\Middleware\\StartSession->handleStatefulRequest(Object(Illuminate\\Http\\Request), Object(Illuminate\\Session\\Store), Object(Closure))
#21 D:\\1LuuDuLieuSV\\2001240399_TrinhHuuKienQuoc\\phplab\\buoi7\\Buoi7\\vendor\\laravel\\framework\\src\\Illuminate\\Pipeline\\Pipeline.php(167): Illuminate\\Session\\Middleware\\StartSession->handle(Object(Illuminate\\Http\\Request), Object(Closure))
#22 D:\\1LuuDuLieuSV\\2001240399_TrinhHuuKienQuoc\\phplab\\buoi7\\Buoi7\\vendor\\laravel\\framework\\src\\Illuminate\\Cookie\\Middleware\\AddQueuedCookiesToResponse.php(37): Illuminate\\Pipeline\\Pipeline->Illuminate\\Pipeline\\{closure}(Object(Illuminate\\Http\\Request))
#23 D:\\1LuuDuLieuSV\\2001240399_TrinhHuuKienQuoc\\phplab\\buoi7\\Buoi7\\vendor\\laravel\\framework\\src\\Illuminate\\Pipeline\\Pipeline.php(167): Illuminate\\Cookie\\Middleware\\AddQueuedCookiesToResponse->handle(Object(Illuminate\\Http\\Request), Object(Closure))
#24 D:\\1LuuDuLieuSV\\2001240399_TrinhHuuKienQuoc\\phplab\\buoi7\\Buoi7\\vendor\\laravel\\framework\\src\\Illuminate\\Cookie\\Middleware\\EncryptCookies.php(67): Illuminate\\Pipeline\\Pipeline->Illuminate\\Pipeline\\{closure}(Object(Illuminate\\Http\\Request))
#25 D:\\1LuuDuLieuSV\\2001240399_TrinhHuuKienQuoc\\phplab\\buoi7\\Buoi7\\vendor\\laravel\\framework\\src\\Illuminate\\Pipeline\\Pipeline.php(167): Illuminate\\Cookie\\Middleware\\EncryptCookies->handle(Object(Illuminate\\Http\\Request), Object(Closure))
#26 D:\\1LuuDuLieuSV\\2001240399_TrinhHuuKienQuoc\\phplab\\buoi7\\Buoi7\\vendor\\laravel\\framework\\src\\Illuminate\\Pipeline\\Pipeline.php(103): Illuminate\\Pipeline\\Pipeline->Illuminate\\Pipeline\\{closure}(Object(Illuminate\\Http\\Request))
#27 D:\\1LuuDuLieuSV\\2001240399_TrinhHuuKienQuoc\\phplab\\buoi7\\Buoi7\\vendor\\laravel\\framework\\src\\Illuminate\\Routing\\Router.php(723): Illuminate\\Pipeline\\Pipeline->then(Object(Closure))
#28 D:\\1LuuDuLieuSV\\2001240399_TrinhHuuKienQuoc\\phplab\\buoi7\\Buoi7\\vendor\\laravel\\framework\\src\\Illuminate\\Routing\\Router.php(698): Illuminate\\Routing\\Router->runRouteWithinStack(Object(Illuminate\\Routing\\Route), Object(Illuminate\\Http\\Request))
#29 D:\\1LuuDuLieuSV\\2001240399_TrinhHuuKienQuoc\\phplab\\buoi7\\Buoi7\\vendor\\laravel\\framework\\src\\Illuminate\\Routing\\Router.php(662): Illuminate\\Routing\\Router->runRoute(Object(Illuminate\\Http\\Request), Object(Illuminate\\Routing\\Route))
#30 D:\\1LuuDuLieuSV\\2001240399_TrinhHuuKienQuoc\\phplab\\buoi7\\Buoi7\\vendor\\laravel\\framework\\src\\Illuminate\\Routing\\Router.php(651): Illuminate\\Routing\\Router->dispatchToRoute(Object(Illuminate\\Http\\Request))
#31 D:\\1LuuDuLieuSV\\2001240399_TrinhHuuKienQuoc\\phplab\\buoi7\\Buoi7\\vendor\\laravel\\framework\\src\\Illuminate\\Foundation\\Http\\Kernel.php(167): Illuminate\\Routing\\Router->dispatch(Object(Illuminate\\Http\\Request))
#32 D:\\1LuuDuLieuSV\\2001240399_TrinhHuuKienQuoc\\phplab\\buoi7\\Buoi7\\vendor\\laravel\\framework\\src\\Illuminate\\Pipeline\\Pipeline.php(128): Illuminate\\Foundation\\Http\\Kernel->Illuminate\\Foundation\\Http\\{closure}(Object(Illuminate\\Http\\Request))
#33 D:\\1LuuDuLieuSV\\2001240399_TrinhHuuKienQuoc\\phplab\\buoi7\\Buoi7\\vendor\\laravel\\framework\\src\\Illuminate\\Foundation\\Http\\Middleware\\TransformsRequest.php(21): Illuminate\\Pipeline\\Pipeline->Illuminate\\Pipeline\\{closure}(Object(Illuminate\\Http\\Request))
#34 D:\\1LuuDuLieuSV\\2001240399_TrinhHuuKienQuoc\\phplab\\buoi7\\Buoi7\\vendor\\laravel\\framework\\src\\Illuminate\\Foundation\\Http\\Middleware\\ConvertEmptyStringsToNull.php(31): Illuminate\\Foundation\\Http\\Middleware\\TransformsRequest->handle(Object(Illuminate\\Http\\Request), Object(Closure))
#35 D:\\1LuuDuLieuSV\\2001240399_TrinhHuuKienQuoc\\phplab\\buoi7\\Buoi7\\vendor\\laravel\\framework\\src\\Illuminate\\Pipeline\\Pipeline.php(167): Illuminate\\Foundation\\Http\\Middleware\\ConvertEmptyStringsToNull->handle(Object(Illuminate\\Http\\Request), Object(Closure))
#36 D:\\1LuuDuLieuSV\\2001240399_TrinhHuuKienQuoc\\phplab\\buoi7\\Buoi7\\vendor\\laravel\\framework\\src\\Illuminate\\Foundation\\Http\\Middleware\\TransformsRequest.php(21): Illuminate\\Pipeline\\Pipeline->Illuminate\\Pipeline\\{closure}(Object(Illuminate\\Http\\Request))
#37 D:\\1LuuDuLieuSV\\2001240399_TrinhHuuKienQuoc\\phplab\\buoi7\\Buoi7\\vendor\\laravel\\framework\\src\\Illuminate\\Foundation\\Http\\Middleware\\TrimStrings.php(40): Illuminate\\Foundation\\Http\\Middleware\\TransformsRequest->handle(Object(Illuminate\\Http\\Request), Object(Closure))
#38 D:\\1LuuDuLieuSV\\2001240399_TrinhHuuKienQuoc\\phplab\\buoi7\\Buoi7\\vendor\\laravel\\framework\\src\\Illuminate\\Pipeline\\Pipeline.php(167): Illuminate\\Foundation\\Http\\Middleware\\TrimStrings->handle(Object(Illuminate\\Http\\Request), Object(Closure))
#39 D:\\1LuuDuLieuSV\\2001240399_TrinhHuuKienQuoc\\phplab\\buoi7\\Buoi7\\vendor\\laravel\\framework\\src\\Illuminate\\Foundation\\Http\\Middleware\\ValidatePostSize.php(27): Illuminate\\Pipeline\\Pipeline->Illuminate\\Pipeline\\{closure}(Object(Illuminate\\Http\\Request))
#40 D:\\1LuuDuLieuSV\\2001240399_TrinhHuuKienQuoc\\phplab\\buoi7\\Buoi7\\vendor\\laravel\\framework\\src\\Illuminate\\Pipeline\\Pipeline.php(167): Illuminate\\Foundation\\Http\\Middleware\\ValidatePostSize->handle(Object(Illuminate\\Http\\Request), Object(Closure))
#41 D:\\1LuuDuLieuSV\\2001240399_TrinhHuuKienQuoc\\phplab\\buoi7\\Buoi7\\vendor\\laravel\\framework\\src\\Illuminate\\Foundation\\Http\\Middleware\\PreventRequestsDuringMaintenance.php(86): Illuminate\\Pipeline\\Pipeline->Illuminate\\Pipeline\\{closure}(Object(Illuminate\\Http\\Request))
#42 D:\\1LuuDuLieuSV\\2001240399_TrinhHuuKienQuoc\\phplab\\buoi7\\Buoi7\\vendor\\laravel\\framework\\src\\Illuminate\\Pipeline\\Pipeline.php(167): Illuminate\\Foundation\\Http\\Middleware\\PreventRequestsDuringMaintenance->handle(Object(Illuminate\\Http\\Request), Object(Closure))
#43 D:\\1LuuDuLieuSV\\2001240399_TrinhHuuKienQuoc\\phplab\\buoi7\\Buoi7\\vendor\\fruitcake\\laravel-cors\\src\\HandleCors.php(38): Illuminate\\Pipeline\\Pipeline->Illuminate\\Pipeline\\{closure}(Object(Illuminate\\Http\\Request))
#44 D:\\1LuuDuLieuSV\\2001240399_TrinhHuuKienQuoc\\phplab\\buoi7\\Buoi7\\vendor\\laravel\\framework\\src\\Illuminate\\Pipeline\\Pipeline.php(167): Fruitcake\\Cors\\HandleCors->handle(Object(Illuminate\\Http\\Request), Object(Closure))
#45 D:\\1LuuDuLieuSV\\2001240399_TrinhHuuKienQuoc\\phplab\\buoi7\\Buoi7\\vendor\\laravel\\framework\\src\\Illuminate\\Http\\Middleware\\TrustProxies.php(39): Illuminate\\Pipeline\\Pipeline->Illuminate\\Pipeline\\{closure}(Object(Illuminate\\Http\\Request))
#46 D:\\1LuuDuLieuSV\\2001240399_TrinhHuuKienQuoc\\phplab\\buoi7\\Buoi7\\vendor\\laravel\\framework\\src\\Illuminate\\Pipeline\\Pipeline.php(167): Illuminate\\Http\\Middleware\\TrustProxies->handle(Object(Illuminate\\Http\\Request), Object(Closure))
#47 D:\\1LuuDuLieuSV\\2001240399_TrinhHuuKienQuoc\\phplab\\buoi7\\Buoi7\\vendor\\laravel\\framework\\src\\Illuminate\\Pipeline\\Pipeline.php(103): Illuminate\\Pipeline\\Pipeline->Illuminate\\Pipeline\\{closure}(Object(Illuminate\\Http\\Request))
#48 D:\\1LuuDuLieuSV\\2001240399_TrinhHuuKienQuoc\\phplab\\buoi7\\Buoi7\\vendor\\laravel\\framework\\src\\Illuminate\\Foundation\\Http\\Kernel.php(142): Illuminate\\Pipeline\\Pipeline->then(Object(Closure))
#49 D:\\1LuuDuLieuSV\\2001240399_TrinhHuuKienQuoc\\phplab\\buoi7\\Buoi7\\vendor\\laravel\\framework\\src\\Illuminate\\Foundation\\Http\\Kernel.php(111): Illuminate\\Foundation\\Http\\Kernel->sendRequestThroughRouter(Object(Illuminate\\Http\\Request))
#50 D:\\1LuuDuLieuSV\\2001240399_TrinhHuuKienQuoc\\phplab\\buoi7\\Buoi7\\public\\index.php(52): Illuminate\\Foundation\\Http\\Kernel->handle(Object(Illuminate\\Http\\Request))
#51 D:\\1LuuDuLieuSV\\2001240399_TrinhHuuKienQuoc\\phplab\\buoi7\\Buoi7\\server.php(21): require_once('D:\\\\1LuuDuLieuSV...')
#52 {main}
"} 
[2026-09-28 09:06:10] local.ERROR: Call to undefined relationship [category] on model [App\Models\Profiles]. {"exception":"[object] (Illuminate\\Database\\Eloquent\\RelationNotFoundException(code: 0): Call to undefined relationship [category] on model [App\\Models\\Profiles]. at D:\\1LuuDuLieuSV\\2001240399_TrinhHuuKienQuoc\\phplab\\buoi7\\Buoi7\\vendor\\laravel\\framework\\src\\Illuminate\\Database\\Eloquent\\RelationNotFoundException.php:35)
[stacktrace]
#0 D:\\1LuuDuLieuSV\\2001240399_TrinhHuuKienQuoc\\phplab\\buoi7\\Buoi7\\vendor\\laravel\\framework\\src\\Illuminate\\Database\\Eloquent\\Builder.php(692): Illuminate\\Database\\Eloquent\\RelationNotFoundException::make(Object(App\\Models\\Profiles), 'category')
#1 D:\\1LuuDuLieuSV\\2001240399_TrinhHuuKienQuoc\\phplab\\buoi7\\Buoi7\\vendor\\laravel\\framework\\src\\Illuminate\\Database\\Eloquent\\Relations\\Relation.php(106): Illuminate\\Database\\Eloquent\\Builder->Illuminate\\Database\\Eloquent\\{closure}()
#2 D:\\1LuuDuLieuSV\\2001240399_TrinhHuuKienQuoc\\phplab\\buoi7\\Buoi7\\vendor\\laravel\\framework\\src\\Illuminate\\Database\\Eloquent\\Builder.php(694): Illuminate\\Database\\Eloquent\\Relations\\Relation::noConstraints(Object(Closure))
#3 D:\\1LuuDuLieuSV\\2001240399_TrinhHuuKienQuoc\\phplab\\buoi7\\Buoi7\\vendor\\laravel\\framework\\src\\Illuminate\\Database\\Eloquent\\Builder.php(662): Illuminate\\Database\\Eloquent\\Builder->getRelation('category')
#4 D:\\1LuuDuLieuSV\\2001240399_TrinhHuuKienQuoc\\phplab\\buoi7\\Buoi7\\vendor\\laravel\\framework\\src\\Illuminate\\Database\\Eloquent\\Builder.php(642): Illuminate\\Database\\Eloquent\\Builder->eagerLoadRelation(Array, 'category', Object(Closure))
#5 D:\\1LuuDuLieuSV\\2001240399_TrinhHuuKienQuoc\\phplab\\buoi7\\Buoi7\\vendor\\laravel\\framework\\src\\Illuminate\\Database\\Eloquent\\Builder.php(610): Illuminate\\Database\\Eloquent\\Builder->eagerLoadRelations(Array)
#6 D:\\1LuuDuLieuSV\\2001240399_TrinhHuuKienQuoc\\phplab\\buoi7\\Buoi7\\app\\Http\\Controllers\\ProfilesController.php(12): Illuminate\\Database\\Eloquent\\Builder->get()
#7 D:\\1LuuDuLieuSV\\2001240399_TrinhHuuKienQuoc\\phplab\\buoi7\\Buoi7\\vendor\\laravel\\framework\\src\\Illuminate\\Routing\\Controller.php(54): App\\Http\\Controllers\\ProfilesController->index()
#8 D:\\1LuuDuLieuSV\\2001240399_TrinhHuuKienQuoc\\phplab\\buoi7\\Buoi7\\vendor\\laravel\\framework\\src\\Illuminate\\Routing\\ControllerDispatcher.php(45): Illuminate\\Routing\\Controller->callAction('index', Array)
#9 D:\\1LuuDuLieuSV\\2001240399_TrinhHuuKienQuoc\\phplab\\buoi7\\Buoi7\\vendor\\laravel\\framework\\src\\Illuminate\\Routing\\Route.php(262): Illuminate\\Routing\\ControllerDispatcher->dispatch(Object(Illuminate\\Routing\\Route), Object(App\\Http\\Controllers\\ProfilesController), 'index')
#10 D:\\1LuuDuLieuSV\\2001240399_TrinhHuuKienQuoc\\phplab\\buoi7\\Buoi7\\vendor\\laravel\\framework\\src\\Illuminate\\Routing\\Route.php(205): Illuminate\\Routing\\Route->runController()
#11 D:\\1LuuDuLieuSV\\2001240399_TrinhHuuKienQuoc\\phplab\\buoi7\\Buoi7\\vendor\\laravel\\framework\\src\\Illuminate\\Routing\\Router.php(721): Illuminate\\Routing\\Route->run()
#12 D:\\1LuuDuLieuSV\\2001240399_TrinhHuuKienQuoc\\phplab\\buoi7\\Buoi7\\vendor\\laravel\\framework\\src\\Illuminate\\Pipeline\\Pipeline.php(128): Illuminate\\Routing\\Router->Illuminate\\Routing\\{closure}(Object(Illuminate\\Http\\Request))
#13 D:\\1LuuDuLieuSV\\2001240399_TrinhHuuKienQuoc\\phplab\\buoi7\\Buoi7\\vendor\\laravel\\framework\\src\\Illuminate\\Routing\\Middleware\\SubstituteBindings.php(50): Illuminate\\Pipeline\\Pipeline->Illuminate\\Pipeline\\{closure}(Object(Illuminate\\Http\\Request))
#14 D:\\1LuuDuLieuSV\\2001240399_TrinhHuuKienQuoc\\phplab\\buoi7\\Buoi7\\vendor\\laravel\\framework\\src\\Illuminate\\Pipeline\\Pipeline.php(167): Illuminate\\Routing\\Middleware\\SubstituteBindings->handle(Object(Illuminate\\Http\\Request), Object(Closure))
#15 D:\\1LuuDuLieuSV\\2001240399_TrinhHuuKienQuoc\\phplab\\buoi7\\Buoi7\\vendor\\laravel\\framework\\src\\Illuminate\\Foundation\\Http\\Middleware\\VerifyCsrfToken.php(78): Illuminate\\Pipeline\\Pipeline->Illuminate\\Pipeline\\{closure}(Object(Illuminate\\Http\\Request))
#16 D:\\1LuuDuLieuSV\\2001240399_TrinhHuuKienQuoc\\phplab\\buoi7\\Buoi7\\vendor\\laravel\\framework\\src\\Illuminate\\Pipeline\\Pipeline.php(167): Illuminate\\Foundation\\Http\\Middleware\\VerifyCsrfToken->handle(Object(Illuminate\\Http\\Request), Object(Closure))
#17 D:\\1LuuDuLieuSV\\2001240399_TrinhHuuKienQuoc\\phplab\\buoi7\\Buoi7\\vendor\\laravel\\framework\\src\\Illuminate\\View\\Middleware\\ShareErrorsFromSession.php(49): Illuminate\\Pipeline\\Pipeline->Illuminate\\Pipeline\\{closure}(Object(Illuminate\\Http\\Request))
#18 D:\\1LuuDuLieuSV\\2001240399_TrinhHuuKienQuoc\\phplab\\buoi7\\Buoi7\\vendor\\laravel\\framework\\src\\Illuminate\\Pipeline\\Pipeline.php(167): Illuminate\\View\\Middleware\\ShareErrorsFromSession->handle(Object(Illuminate\\Http\\Request), Object(Closure))
#19 D:\\1LuuDuLieuSV\\2001240399_TrinhHuuKienQuoc\\phplab\\buoi7\\Buoi7\\vendor\\laravel\\framework\\src\\Illuminate\\Session\\Middleware\\StartSession.php(121): Illuminate\\Pipeline\\Pipeline->Illuminate\\Pipeline\\{closure}(Object(Illuminate\\Http\\Request))
#20 D:\\1LuuDuLieuSV\\2001240399_TrinhHuuKienQuoc\\phplab\\buoi7\\Buoi7\\vendor\\laravel\\framework\\src\\Illuminate\\Session\\Middleware\\StartSession.php(64): Illuminate\\Session\\Middleware\\StartSession->handleStatefulRequest(Object(Illuminate\\Http\\Request), Object(Illuminate\\Session\\Store), Object(Closure))
#21 D:\\1LuuDuLieuSV\\2001240399_TrinhHuuKienQuoc\\phplab\\buoi7\\Buoi7\\vendor\\laravel\\framework\\src\\Illuminate\\Pipeline\\Pipeline.php(167): Illuminate\\Session\\Middleware\\StartSession->handle(Object(Illuminate\\Http\\Request), Object(Closure))
#22 D:\\1LuuDuLieuSV\\2001240399_TrinhHuuKienQuoc\\phplab\\buoi7\\Buoi7\\vendor\\laravel\\framework\\src\\Illuminate\\Cookie\\Middleware\\AddQueuedCookiesToResponse.php(37): Illuminate\\Pipeline\\Pipeline->Illuminate\\Pipeline\\{closure}(Object(Illuminate\\Http\\Request))
#23 D:\\1LuuDuLieuSV\\2001240399_TrinhHuuKienQuoc\\phplab\\buoi7\\Buoi7\\vendor\\laravel\\framework\\src\\Illuminate\\Pipeline\\Pipeline.php(167): Illuminate\\Cookie\\Middleware\\AddQueuedCookiesToResponse->handle(Object(Illuminate\\Http\\Request), Object(Closure))
#24 D:\\1LuuDuLieuSV\\2001240399_TrinhHuuKienQuoc\\phplab\\buoi7\\Buoi7\\vendor\\laravel\\framework\\src\\Illuminate\\Cookie\\Middleware\\EncryptCookies.php(67): Illuminate\\Pipeline\\Pipeline->Illuminate\\Pipeline\\{closure}(Object(Illuminate\\Http\\Request))
#25 D:\\1LuuDuLieuSV\\2001240399_TrinhHuuKienQuoc\\phplab\\buoi7\\Buoi7\\vendor\\laravel\\framework\\src\\Illuminate\\Pipeline\\Pipeline.php(167): Illuminate\\Cookie\\Middleware\\EncryptCookies->handle(Object(Illuminate\\Http\\Request), Object(Closure))
#26 D:\\1LuuDuLieuSV\\2001240399_TrinhHuuKienQuoc\\phplab\\buoi7\\Buoi7\\vendor\\laravel\\framework\\src\\Illuminate\\Pipeline\\Pipeline.php(103): Illuminate\\Pipeline\\Pipeline->Illuminate\\Pipeline\\{closure}(Object(Illuminate\\Http\\Request))
#27 D:\\1LuuDuLieuSV\\2001240399_TrinhHuuKienQuoc\\phplab\\buoi7\\Buoi7\\vendor\\laravel\\framework\\src\\Illuminate\\Routing\\Router.php(723): Illuminate\\Pipeline\\Pipeline->then(Object(Closure))
#28 D:\\1LuuDuLieuSV\\2001240399_TrinhHuuKienQuoc\\phplab\\buoi7\\Buoi7\\vendor\\laravel\\framework\\src\\Illuminate\\Routing\\Router.php(698): Illuminate\\Routing\\Router->runRouteWithinStack(Object(Illuminate\\Routing\\Route), Object(Illuminate\\Http\\Request))
#29 D:\\1LuuDuLieuSV\\2001240399_TrinhHuuKienQuoc\\phplab\\buoi7\\Buoi7\\vendor\\laravel\\framework\\src\\Illuminate\\Routing\\Router.php(662): Illuminate\\Routing\\Router->runRoute(Object(Illuminate\\Http\\Request), Object(Illuminate\\Routing\\Route))
#30 D:\\1LuuDuLieuSV\\2001240399_TrinhHuuKienQuoc\\phplab\\buoi7\\Buoi7\\vendor\\laravel\\framework\\src\\Illuminate\\Routing\\Router.php(651): Illuminate\\Routing\\Router->dispatchToRoute(Object(Illuminate\\Http\\Request))
#31 D:\\1LuuDuLieuSV\\2001240399_TrinhHuuKienQuoc\\phplab\\buoi7\\Buoi7\\vendor\\laravel\\framework\\src\\Illuminate\\Foundation\\Http\\Kernel.php(167): Illuminate\\Routing\\Router->dispatch(Object(Illuminate\\Http\\Request))
#32 D:\\1LuuDuLieuSV\\2001240399_TrinhHuuKienQuoc\\phplab\\buoi7\\Buoi7\\vendor\\laravel\\framework\\src\\Illuminate\\Pipeline\\Pipeline.php(128): Illuminate\\Foundation\\Http\\Kernel->Illuminate\\Foundation\\Http\\{closure}(Object(Illuminate\\Http\\Request))
#33 D:\\1LuuDuLieuSV\\2001240399_TrinhHuuKienQuoc\\phplab\\buoi7\\Buoi7\\vendor\\laravel\\framework\\src\\Illuminate\\Foundation\\Http\\Middleware\\TransformsRequest.php(21): Illuminate\\Pipeline\\Pipeline->Illuminate\\Pipeline\\{closure}(Object(Illuminate\\Http\\Request))
#34 D:\\1LuuDuLieuSV\\2001240399_TrinhHuuKienQuoc\\phplab\\buoi7\\Buoi7\\vendor\\laravel\\framework\\src\\Illuminate\\Foundation\\Http\\Middleware\\ConvertEmptyStringsToNull.php(31): Illuminate\\Foundation\\Http\\Middleware\\TransformsRequest->handle(Object(Illuminate\\Http\\Request), Object(Closure))
#35 D:\\1LuuDuLieuSV\\2001240399_TrinhHuuKienQuoc\\phplab\\buoi7\\Buoi7\\vendor\\laravel\\framework\\src\\Illuminate\\Pipeline\\Pipeline.php(167): Illuminate\\Foundation\\Http\\Middleware\\ConvertEmptyStringsToNull->handle(Object(Illuminate\\Http\\Request), Object(Closure))
#36 D:\\1LuuDuLieuSV\\2001240399_TrinhHuuKienQuoc\\phplab\\buoi7\\Buoi7\\vendor\\laravel\\framework\\src\\Illuminate\\Foundation\\Http\\Middleware\\TransformsRequest.php(21): Illuminate\\Pipeline\\Pipeline->Illuminate\\Pipeline\\{closure}(Object(Illuminate\\Http\\Request))
#37 D:\\1LuuDuLieuSV\\2001240399_TrinhHuuKienQuoc\\phplab\\buoi7\\Buoi7\\vendor\\laravel\\framework\\src\\Illuminate\\Foundation\\Http\\Middleware\\TrimStrings.php(40): Illuminate\\Foundation\\Http\\Middleware\\TransformsRequest->handle(Object(Illuminate\\Http\\Request), Object(Closure))
#38 D:\\1LuuDuLieuSV\\2001240399_TrinhHuuKienQuoc\\phplab\\buoi7\\Buoi7\\vendor\\laravel\\framework\\src\\Illuminate\\Pipeline\\Pipeline.php(167): Illuminate\\Foundation\\Http\\Middleware\\TrimStrings->handle(Object(Illuminate\\Http\\Request), Object(Closure))
#39 D:\\1LuuDuLieuSV\\2001240399_TrinhHuuKienQuoc\\phplab\\buoi7\\Buoi7\\vendor\\laravel\\framework\\src\\Illuminate\\Foundation\\Http\\Middleware\\ValidatePostSize.php(27): Illuminate\\Pipeline\\Pipeline->Illuminate\\Pipeline\\{closure}(Object(Illuminate\\Http\\Request))
#40 D:\\1LuuDuLieuSV\\2001240399_TrinhHuuKienQuoc\\phplab\\buoi7\\Buoi7\\vendor\\laravel\\framework\\src\\Illuminate\\Pipeline\\Pipeline.php(167): Illuminate\\Foundation\\Http\\Middleware\\ValidatePostSize->handle(Object(Illuminate\\Http\\Request), Object(Closure))
#41 D:\\1LuuDuLieuSV\\2001240399_TrinhHuuKienQuoc\\phplab\\buoi7\\Buoi7\\vendor\\laravel\\framework\\src\\Illuminate\\Foundation\\Http\\Middleware\\PreventRequestsDuringMaintenance.php(86): Illuminate\\Pipeline\\Pipeline->Illuminate\\Pipeline\\{closure}(Object(Illuminate\\Http\\Request))
#42 D:\\1LuuDuLieuSV\\2001240399_TrinhHuuKienQuoc\\phplab\\buoi7\\Buoi7\\vendor\\laravel\\framework\\src\\Illuminate\\Pipeline\\Pipeline.php(167): Illuminate\\Foundation\\Http\\Middleware\\PreventRequestsDuringMaintenance->handle(Object(Illuminate\\Http\\Request), Object(Closure))
#43 D:\\1LuuDuLieuSV\\2001240399_TrinhHuuKienQuoc\\phplab\\buoi7\\Buoi7\\vendor\\fruitcake\\laravel-cors\\src\\HandleCors.php(38): Illuminate\\Pipeline\\Pipeline->Illuminate\\Pipeline\\{closure}(Object(Illuminate\\Http\\Request))
#44 D:\\1LuuDuLieuSV\\2001240399_TrinhHuuKienQuoc\\phplab\\buoi7\\Buoi7\\vendor\\laravel\\framework\\src\\Illuminate\\Pipeline\\Pipeline.php(167): Fruitcake\\Cors\\HandleCors->handle(Object(Illuminate\\Http\\Request), Object(Closure))
#45 D:\\1LuuDuLieuSV\\2001240399_TrinhHuuKienQuoc\\phplab\\buoi7\\Buoi7\\vendor\\laravel\\framework\\src\\Illuminate\\Http\\Middleware\\TrustProxies.php(39): Illuminate\\Pipeline\\Pipeline->Illuminate\\Pipeline\\{closure}(Object(Illuminate\\Http\\Request))
#46 D:\\1LuuDuLieuSV\\2001240399_TrinhHuuKienQuoc\\phplab\\buoi7\\Buoi7\\vendor\\laravel\\framework\\src\\Illuminate\\Pipeline\\Pipeline.php(167): Illuminate\\Http\\Middleware\\TrustProxies->handle(Object(Illuminate\\Http\\Request), Object(Closure))
#47 D:\\1LuuDuLieuSV\\2001240399_TrinhHuuKienQuoc\\phplab\\buoi7\\Buoi7\\vendor\\laravel\\framework\\src\\Illuminate\\Pipeline\\Pipeline.php(103): Illuminate\\Pipeline\\Pipeline->Illuminate\\Pipeline\\{closure}(Object(Illuminate\\Http\\Request))
#48 D:\\1LuuDuLieuSV\\2001240399_TrinhHuuKienQuoc\\phplab\\buoi7\\Buoi7\\vendor\\laravel\\framework\\src\\Illuminate\\Foundation\\Http\\Kernel.php(142): Illuminate\\Pipeline\\Pipeline->then(Object(Closure))
#49 D:\\1LuuDuLieuSV\\2001240399_TrinhHuuKienQuoc\\phplab\\buoi7\\Buoi7\\vendor\\laravel\\framework\\src\\Illuminate\\Foundation\\Http\\Kernel.php(111): Illuminate\\Foundation\\Http\\Kernel->sendRequestThroughRouter(Object(Illuminate\\Http\\Request))
#50 D:\\1LuuDuLieuSV\\2001240399_TrinhHuuKienQuoc\\phplab\\buoi7\\Buoi7\\public\\index.php(52): Illuminate\\Foundation\\Http\\Kernel->handle(Object(Illuminate\\Http\\Request))
#51 D:\\1LuuDuLieuSV\\2001240399_TrinhHuuKienQuoc\\phplab\\buoi7\\Buoi7\\server.php(21): require_once('D:\\\\1LuuDuLieuSV...')
#52 {main}
"} 
[2026-09-28 09:08:46] local.ERROR: Call to undefined relationship [category] on model [App\Models\Profiles]. {"exception":"[object] (Illuminate\\Database\\Eloquent\\RelationNotFoundException(code: 0): Call to undefined relationship [category] on model [App\\Models\\Profiles]. at D:\\1LuuDuLieuSV\\2001240399_TrinhHuuKienQuoc\\phplab\\buoi7\\Buoi7\\vendor\\laravel\\framework\\src\\Illuminate\\Database\\Eloquent\\RelationNotFoundException.php:35)
[stacktrace]
#0 D:\\1LuuDuLieuSV\\2001240399_TrinhHuuKienQuoc\\phplab\\buoi7\\Buoi7\\vendor\\laravel\\framework\\src\\Illuminate\\Database\\Eloquent\\Builder.php(692): Illuminate\\Database\\Eloquent\\RelationNotFoundException::make(Object(App\\Models\\Profiles), 'category')
#1 D:\\1LuuDuLieuSV\\2001240399_TrinhHuuKienQuoc\\phplab\\buoi7\\Buoi7\\vendor\\laravel\\framework\\src\\Illuminate\\Database\\Eloquent\\Relations\\Relation.php(106): Illuminate\\Database\\Eloquent\\Builder->Illuminate\\Database\\Eloquent\\{closure}()
#2 D:\\1LuuDuLieuSV\\2001240399_TrinhHuuKienQuoc\\phplab\\buoi7\\Buoi7\\vendor\\laravel\\framework\\src\\Illuminate\\Database\\Eloquent\\Builder.php(694): Illuminate\\Database\\Eloquent\\Relations\\Relation::noConstraints(Object(Closure))
#3 D:\\1LuuDuLieuSV\\2001240399_TrinhHuuKienQuoc\\phplab\\buoi7\\Buoi7\\vendor\\laravel\\framework\\src\\Illuminate\\Database\\Eloquent\\Builder.php(662): Illuminate\\Database\\Eloquent\\Builder->getRelation('category')
#4 D:\\1LuuDuLieuSV\\2001240399_TrinhHuuKienQuoc\\phplab\\buoi7\\Buoi7\\vendor\\laravel\\framework\\src\\Illuminate\\Database\\Eloquent\\Builder.php(642): Illuminate\\Database\\Eloquent\\Builder->eagerLoadRelation(Array, 'category', Object(Closure))
#5 D:\\1LuuDuLieuSV\\2001240399_TrinhHuuKienQuoc\\phplab\\buoi7\\Buoi7\\vendor\\laravel\\framework\\src\\Illuminate\\Database\\Eloquent\\Builder.php(610): Illuminate\\Database\\Eloquent\\Builder->eagerLoadRelations(Array)
#6 D:\\1LuuDuLieuSV\\2001240399_TrinhHuuKienQuoc\\phplab\\buoi7\\Buoi7\\app\\Http\\Controllers\\ProfilesController.php(12): Illuminate\\Database\\Eloquent\\Builder->get()
#7 D:\\1LuuDuLieuSV\\2001240399_TrinhHuuKienQuoc\\phplab\\buoi7\\Buoi7\\vendor\\laravel\\framework\\src\\Illuminate\\Routing\\Controller.php(54): App\\Http\\Controllers\\ProfilesController->index()
#8 D:\\1LuuDuLieuSV\\2001240399_TrinhHuuKienQuoc\\phplab\\buoi7\\Buoi7\\vendor\\laravel\\framework\\src\\Illuminate\\Routing\\ControllerDispatcher.php(45): Illuminate\\Routing\\Controller->callAction('index', Array)
#9 D:\\1LuuDuLieuSV\\2001240399_TrinhHuuKienQuoc\\phplab\\buoi7\\Buoi7\\vendor\\laravel\\framework\\src\\Illuminate\\Routing\\Route.php(262): Illuminate\\Routing\\ControllerDispatcher->dispatch(Object(Illuminate\\Routing\\Route), Object(App\\Http\\Controllers\\ProfilesController), 'index')
#10 D:\\1LuuDuLieuSV\\2001240399_TrinhHuuKienQuoc\\phplab\\buoi7\\Buoi7\\vendor\\laravel\\framework\\src\\Illuminate\\Routing\\Route.php(205): Illuminate\\Routing\\Route->runController()
#11 D:\\1LuuDuLieuSV\\2001240399_TrinhHuuKienQuoc\\phplab\\buoi7\\Buoi7\\vendor\\laravel\\framework\\src\\Illuminate\\Routing\\Router.php(721): Illuminate\\Routing\\Route->run()
#12 D:\\1LuuDuLieuSV\\2001240399_TrinhHuuKienQuoc\\phplab\\buoi7\\Buoi7\\vendor\\laravel\\framework\\src\\Illuminate\\Pipeline\\Pipeline.php(128): Illuminate\\Routing\\Router->Illuminate\\Routing\\{closure}(Object(Illuminate\\Http\\Request))
#13 D:\\1LuuDuLieuSV\\2001240399_TrinhHuuKienQuoc\\phplab\\buoi7\\Buoi7\\vendor\\laravel\\framework\\src\\Illuminate\\Routing\\Middleware\\SubstituteBindings.php(50): Illuminate\\Pipeline\\Pipeline->Illuminate\\Pipeline\\{closure}(Object(Illuminate\\Http\\Request))
#14 D:\\1LuuDuLieuSV\\2001240399_TrinhHuuKienQuoc\\phplab\\buoi7\\Buoi7\\vendor\\laravel\\framework\\src\\Illuminate\\Pipeline\\Pipeline.php(167): Illuminate\\Routing\\Middleware\\SubstituteBindings->handle(Object(Illuminate\\Http\\Request), Object(Closure))
#15 D:\\1LuuDuLieuSV\\2001240399_TrinhHuuKienQuoc\\phplab\\buoi7\\Buoi7\\vendor\\laravel\\framework\\src\\Illuminate\\Foundation\\Http\\Middleware\\VerifyCsrfToken.php(78): Illuminate\\Pipeline\\Pipeline->Illuminate\\Pipeline\\{closure}(Object(Illuminate\\Http\\Request))
#16 D:\\1LuuDuLieuSV\\2001240399_TrinhHuuKienQuoc\\phplab\\buoi7\\Buoi7\\vendor\\laravel\\framework\\src\\Illuminate\\Pipeline\\Pipeline.php(167): Illuminate\\Foundation\\Http\\Middleware\\VerifyCsrfToken->handle(Object(Illuminate\\Http\\Request), Object(Closure))
#17 D:\\1LuuDuLieuSV\\2001240399_TrinhHuuKienQuoc\\phplab\\buoi7\\Buoi7\\vendor\\laravel\\framework\\src\\Illuminate\\View\\Middleware\\ShareErrorsFromSession.php(49): Illuminate\\Pipeline\\Pipeline->Illuminate\\Pipeline\\{closure}(Object(Illuminate\\Http\\Request))
#18 D:\\1LuuDuLieuSV\\2001240399_TrinhHuuKienQuoc\\phplab\\buoi7\\Buoi7\\vendor\\laravel\\framework\\src\\Illuminate\\Pipeline\\Pipeline.php(167): Illuminate\\View\\Middleware\\ShareErrorsFromSession->handle(Object(Illuminate\\Http\\Request), Object(Closure))
#19 D:\\1LuuDuLieuSV\\2001240399_TrinhHuuKienQuoc\\phplab\\buoi7\\Buoi7\\vendor\\laravel\\framework\\src\\Illuminate\\Session\\Middleware\\StartSession.php(121): Illuminate\\Pipeline\\Pipeline->Illuminate\\Pipeline\\{closure}(Object(Illuminate\\Http\\Request))
#20 D:\\1LuuDuLieuSV\\2001240399_TrinhHuuKienQuoc\\phplab\\buoi7\\Buoi7\\vendor\\laravel\\framework\\src\\Illuminate\\Session\\Middleware\\StartSession.php(64): Illuminate\\Session\\Middleware\\StartSession->handleStatefulRequest(Object(Illuminate\\Http\\Request), Object(Illuminate\\Session\\Store), Object(Closure))
#21 D:\\1LuuDuLieuSV\\2001240399_TrinhHuuKienQuoc\\phplab\\buoi7\\Buoi7\\vendor\\laravel\\framework\\src\\Illuminate\\Pipeline\\Pipeline.php(167): Illuminate\\Session\\Middleware\\StartSession->handle(Object(Illuminate\\Http\\Request), Object(Closure))
#22 D:\\1LuuDuLieuSV\\2001240399_TrinhHuuKienQuoc\\phplab\\buoi7\\Buoi7\\vendor\\laravel\\framework\\src\\Illuminate\\Cookie\\Middleware\\AddQueuedCookiesToResponse.php(37): Illuminate\\Pipeline\\Pipeline->Illuminate\\Pipeline\\{closure}(Object(Illuminate\\Http\\Request))
#23 D:\\1LuuDuLieuSV\\2001240399_TrinhHuuKienQuoc\\phplab\\buoi7\\Buoi7\\vendor\\laravel\\framework\\src\\Illuminate\\Pipeline\\Pipeline.php(167): Illuminate\\Cookie\\Middleware\\AddQueuedCookiesToResponse->handle(Object(Illuminate\\Http\\Request), Object(Closure))
#24 D:\\1LuuDuLieuSV\\2001240399_TrinhHuuKienQuoc\\phplab\\buoi7\\Buoi7\\vendor\\laravel\\framework\\src\\Illuminate\\Cookie\\Middleware\\EncryptCookies.php(67): Illuminate\\Pipeline\\Pipeline->Illuminate\\Pipeline\\{closure}(Object(Illuminate\\Http\\Request))
#25 D:\\1LuuDuLieuSV\\2001240399_TrinhHuuKienQuoc\\phplab\\buoi7\\Buoi7\\vendor\\laravel\\framework\\src\\Illuminate\\Pipeline\\Pipeline.php(167): Illuminate\\Cookie\\Middleware\\EncryptCookies->handle(Object(Illuminate\\Http\\Request), Object(Closure))
#26 D:\\1LuuDuLieuSV\\2001240399_TrinhHuuKienQuoc\\phplab\\buoi7\\Buoi7\\vendor\\laravel\\framework\\src\\Illuminate\\Pipeline\\Pipeline.php(103): Illuminate\\Pipeline\\Pipeline->Illuminate\\Pipeline\\{closure}(Object(Illuminate\\Http\\Request))
#27 D:\\1LuuDuLieuSV\\2001240399_TrinhHuuKienQuoc\\phplab\\buoi7\\Buoi7\\vendor\\laravel\\framework\\src\\Illuminate\\Routing\\Router.php(723): Illuminate\\Pipeline\\Pipeline->then(Object(Closure))
#28 D:\\1LuuDuLieuSV\\2001240399_TrinhHuuKienQuoc\\phplab\\buoi7\\Buoi7\\vendor\\laravel\\framework\\src\\Illuminate\\Routing\\Router.php(698): Illuminate\\Routing\\Router->runRouteWithinStack(Object(Illuminate\\Routing\\Route), Object(Illuminate\\Http\\Request))
#29 D:\\1LuuDuLieuSV\\2001240399_TrinhHuuKienQuoc\\phplab\\buoi7\\Buoi7\\vendor\\laravel\\framework\\src\\Illuminate\\Routing\\Router.php(662): Illuminate\\Routing\\Router->runRoute(Object(Illuminate\\Http\\Request), Object(Illuminate\\Routing\\Route))
#30 D:\\1LuuDuLieuSV\\2001240399_TrinhHuuKienQuoc\\phplab\\buoi7\\Buoi7\\vendor\\laravel\\framework\\src\\Illuminate\\Routing\\Router.php(651): Illuminate\\Routing\\Router->dispatchToRoute(Object(Illuminate\\Http\\Request))
#31 D:\\1LuuDuLieuSV\\2001240399_TrinhHuuKienQuoc\\phplab\\buoi7\\Buoi7\\vendor\\laravel\\framework\\src\\Illuminate\\Foundation\\Http\\Kernel.php(167): Illuminate\\Routing\\Router->dispatch(Object(Illuminate\\Http\\Request))
#32 D:\\1LuuDuLieuSV\\2001240399_TrinhHuuKienQuoc\\phplab\\buoi7\\Buoi7\\vendor\\laravel\\framework\\src\\Illuminate\\Pipeline\\Pipeline.php(128): Illuminate\\Foundation\\Http\\Kernel->Illuminate\\Foundation\\Http\\{closure}(Object(Illuminate\\Http\\Request))
#33 D:\\1LuuDuLieuSV\\2001240399_TrinhHuuKienQuoc\\phplab\\buoi7\\Buoi7\\vendor\\laravel\\framework\\src\\Illuminate\\Foundation\\Http\\Middleware\\TransformsRequest.php(21): Illuminate\\Pipeline\\Pipeline->Illuminate\\Pipeline\\{closure}(Object(Illuminate\\Http\\Request))
#34 D:\\1LuuDuLieuSV\\2001240399_TrinhHuuKienQuoc\\phplab\\buoi7\\Buoi7\\vendor\\laravel\\framework\\src\\Illuminate\\Foundation\\Http\\Middleware\\ConvertEmptyStringsToNull.php(31): Illuminate\\Foundation\\Http\\Middleware\\TransformsRequest->handle(Object(Illuminate\\Http\\Request), Object(Closure))
#35 D:\\1LuuDuLieuSV\\2001240399_TrinhHuuKienQuoc\\phplab\\buoi7\\Buoi7\\vendor\\laravel\\framework\\src\\Illuminate\\Pipeline\\Pipeline.php(167): Illuminate\\Foundation\\Http\\Middleware\\ConvertEmptyStringsToNull->handle(Object(Illuminate\\Http\\Request), Object(Closure))
#36 D:\\1LuuDuLieuSV\\2001240399_TrinhHuuKienQuoc\\phplab\\buoi7\\Buoi7\\vendor\\laravel\\framework\\src\\Illuminate\\Foundation\\Http\\Middleware\\TransformsRequest.php(21): Illuminate\\Pipeline\\Pipeline->Illuminate\\Pipeline\\{closure}(Object(Illuminate\\Http\\Request))
#37 D:\\1LuuDuLieuSV\\2001240399_TrinhHuuKienQuoc\\phplab\\buoi7\\Buoi7\\vendor\\laravel\\framework\\src\\Illuminate\\Foundation\\Http\\Middleware\\TrimStrings.php(40): Illuminate\\Foundation\\Http\\Middleware\\TransformsRequest->handle(Object(Illuminate\\Http\\Request), Object(Closure))
#38 D:\\1LuuDuLieuSV\\2001240399_TrinhHuuKienQuoc\\phplab\\buoi7\\Buoi7\\vendor\\laravel\\framework\\src\\Illuminate\\Pipeline\\Pipeline.php(167): Illuminate\\Foundation\\Http\\Middleware\\TrimStrings->handle(Object(Illuminate\\Http\\Request), Object(Closure))
#39 D:\\1LuuDuLieuSV\\2001240399_TrinhHuuKienQuoc\\phplab\\buoi7\\Buoi7\\vendor\\laravel\\framework\\src\\Illuminate\\Foundation\\Http\\Middleware\\ValidatePostSize.php(27): Illuminate\\Pipeline\\Pipeline->Illuminate\\Pipeline\\{closure}(Object(Illuminate\\Http\\Request))
#40 D:\\1LuuDuLieuSV\\2001240399_TrinhHuuKienQuoc\\phplab\\buoi7\\Buoi7\\vendor\\laravel\\framework\\src\\Illuminate\\Pipeline\\Pipeline.php(167): Illuminate\\Foundation\\Http\\Middleware\\ValidatePostSize->handle(Object(Illuminate\\Http\\Request), Object(Closure))
#41 D:\\1LuuDuLieuSV\\2001240399_TrinhHuuKienQuoc\\phplab\\buoi7\\Buoi7\\vendor\\laravel\\framework\\src\\Illuminate\\Foundation\\Http\\Middleware\\PreventRequestsDuringMaintenance.php(86): Illuminate\\Pipeline\\Pipeline->Illuminate\\Pipeline\\{closure}(Object(Illuminate\\Http\\Request))
#42 D:\\1LuuDuLieuSV\\2001240399_TrinhHuuKienQuoc\\phplab\\buoi7\\Buoi7\\vendor\\laravel\\framework\\src\\Illuminate\\Pipeline\\Pipeline.php(167): Illuminate\\Foundation\\Http\\Middleware\\PreventRequestsDuringMaintenance->handle(Object(Illuminate\\Http\\Request), Object(Closure))
#43 D:\\1LuuDuLieuSV\\2001240399_TrinhHuuKienQuoc\\phplab\\buoi7\\Buoi7\\vendor\\fruitcake\\laravel-cors\\src\\HandleCors.php(38): Illuminate\\Pipeline\\Pipeline->Illuminate\\Pipeline\\{closure}(Object(Illuminate\\Http\\Request))
#44 D:\\1LuuDuLieuSV\\2001240399_TrinhHuuKienQuoc\\phplab\\buoi7\\Buoi7\\vendor\\laravel\\framework\\src\\Illuminate\\Pipeline\\Pipeline.php(167): Fruitcake\\Cors\\HandleCors->handle(Object(Illuminate\\Http\\Request), Object(Closure))
#45 D:\\1LuuDuLieuSV\\2001240399_TrinhHuuKienQuoc\\phplab\\buoi7\\Buoi7\\vendor\\laravel\\framework\\src\\Illuminate\\Http\\Middleware\\TrustProxies.php(39): Illuminate\\Pipeline\\Pipeline->Illuminate\\Pipeline\\{closure}(Object(Illuminate\\Http\\Request))
#46 D:\\1LuuDuLieuSV\\2001240399_TrinhHuuKienQuoc\\phplab\\buoi7\\Buoi7\\vendor\\laravel\\framework\\src\\Illuminate\\Pipeline\\Pipeline.php(167): Illuminate\\Http\\Middleware\\TrustProxies->handle(Object(Illuminate\\Http\\Request), Object(Closure))
#47 D:\\1LuuDuLieuSV\\2001240399_TrinhHuuKienQuoc\\phplab\\buoi7\\Buoi7\\vendor\\laravel\\framework\\src\\Illuminate\\Pipeline\\Pipeline.php(103): Illuminate\\Pipeline\\Pipeline->Illuminate\\Pipeline\\{closure}(Object(Illuminate\\Http\\Request))
#48 D:\\1LuuDuLieuSV\\2001240399_TrinhHuuKienQuoc\\phplab\\buoi7\\Buoi7\\vendor\\laravel\\framework\\src\\Illuminate\\Foundation\\Http\\Kernel.php(142): Illuminate\\Pipeline\\Pipeline->then(Object(Closure))
#49 D:\\1LuuDuLieuSV\\2001240399_TrinhHuuKienQuoc\\phplab\\buoi7\\Buoi7\\vendor\\laravel\\framework\\src\\Illuminate\\Foundation\\Http\\Kernel.php(111): Illuminate\\Foundation\\Http\\Kernel->sendRequestThroughRouter(Object(Illuminate\\Http\\Request))
#50 D:\\1LuuDuLieuSV\\2001240399_TrinhHuuKienQuoc\\phplab\\buoi7\\Buoi7\\public\\index.php(52): Illuminate\\Foundation\\Http\\Kernel->handle(Object(Illuminate\\Http\\Request))
#51 D:\\1LuuDuLieuSV\\2001240399_TrinhHuuKienQuoc\\phplab\\buoi7\\Buoi7\\server.php(21): require_once('D:\\\\1LuuDuLieuSV...')
#52 {main}
"} 
